[LOG 11:29:53.712] ******* Log Initiated for Kerbal Space Program - 1.12.5.3190 (WindowsPlayer x64) fr-fr *******
Kerbal Space Program - 1.12.5.3190 (WindowsPlayer x64) fr-fr


OS: Windows 10  (10.0.0) 64bit
CPU: Intel(R) Core(TM) i7-4790K CPU @ 4.00GHz (8)
RAM: 32687
GPU: NVIDIA GeForce GTX 1060 6GB (6029MB)
SM: 50 (Direct3D 11.0 [level 11.1])
RT Formats: ARGB32, Depth, ARGBHalf, Shadowmap, RGB565, ARGB4444, ARGB1555, Default, ARGB2101010, DefaultHDR, ARGB64, ARGBFloat, RGFloat, RGHalf, RFloat, RHalf, R8, ARGBInt, RGInt, RInt, BGRA32, RGB111110Float, RG32, RGBAUShort, RG16, BGRA10101010_XR, BGR101010_XR, R16


Log started: Mon, Sep 14, 2026 11:29:53


[LOG 11:29:53.731] ActionCanvas MASK: 3458764513820540928
[LOG 11:29:53.732] AppCanvas MASK: 3458764513820540928
[LOG 11:29:53.734] MainCanvas MASK: 3458764513820540928
[LOG 11:29:54.963] Load(Assembly): /ModuleManager.4.2.3
[LOG 11:29:54.963] AssemblyLoader: Loading assembly at D:\KSP-Dev\GameData\ModuleManager.4.2.3.dll
[LOG 11:29:54.987] AssemblyLoader: KSPAssembly 'ModuleManager' V2.5.0
[LOG 11:29:54.987] Load(Assembly): 000_Harmony/0Harmony
[LOG 11:29:54.987] AssemblyLoader: Loading assembly at D:\KSP-Dev\GameData\000_Harmony\0Harmony.dll
[LOG 11:29:54.989] Load(Assembly): 000_Harmony/HarmonyInstallChecker
[LOG 11:29:54.990] AssemblyLoader: Loading assembly at D:\KSP-Dev\GameData\000_Harmony\HarmonyInstallChecker.dll
[LOG 11:29:54.990] AssemblyLoader: KSPAssembly 'HarmonyKSP' V1.0.0
[LOG 11:29:54.990] Load(Assembly): KSPCommunityFixes/Plugins/0_MultipleModuleInPartAPI
[LOG 11:29:54.991] AssemblyLoader: Loading assembly at D:\KSP-Dev\GameData\KSPCommunityFixes\Plugins\0_MultipleModuleInPartAPI.dll
[LOG 11:29:54.991] AssemblyLoader: KSPAssembly 'MultipleModulePartAPI' V1.0.0
[LOG 11:29:54.991] Load(Assembly): KSPCommunityFixes/Plugins/KSPCommunityFixes
[LOG 11:29:54.991] AssemblyLoader: Loading assembly at D:\KSP-Dev\GameData\KSPCommunityFixes\Plugins\KSPCommunityFixes.dll
[LOG 11:29:55.001] AssemblyLoader: KSPAssembly 'KSPCommunityFixes' V1.41.1
[LOG 11:29:55.001] AssemblyLoader: KSPAssemblyDependency 'HarmonyKSP' V1.0.0
[LOG 11:29:55.002] AssemblyLoader: KSPAssemblyDependency 'ModuleManager' V1.0.0
[LOG 11:29:55.002] AssemblyLoader: KSPAssemblyDependency 'MultipleModulePartAPI' V1.0.0
[LOG 11:29:55.002] Load(Assembly): PQSBenchMod/PQSBenchMod
[LOG 11:29:55.002] AssemblyLoader: Loading assembly at D:\KSP-Dev\GameData\PQSBenchMod\PQSBenchMod.dll
[LOG 11:29:55.003] Load(Assembly): StockQuadCacheMod/StockQuadCacheMod
[LOG 11:29:55.003] AssemblyLoader: Loading assembly at D:\KSP-Dev\GameData\StockQuadCacheMod\StockQuadCacheMod.dll
[LOG 11:29:55.005] AssemblyLoader: Loading assemblies
[LOG 11:29:55.099] VesselModules: Found VesselModule of type AxisGroupsModule with order 999
[LOG 11:29:55.142] VesselModules: Found VesselModule of type CometVessel with order 999
[LOG 11:29:55.144] VesselModules: Found VesselModule of type SuspensionLoadBalancer with order 999
[LOG 11:29:55.146] VesselModules: Found VesselModule of type FlightIntegrator with order 0
[LOG 11:29:55.148] VesselModules: Found VesselModule of type CommNetVessel with order 999
[LOG 11:29:55.153] VesselModules: Found 5 VesselModule types
[LOG 11:29:55.160] 
************************************************************************

Environment Info
Win32NT 7FFFFFFFFFFFFFFF  Args: KSP_x64.exe 

Mod DLLs found:
Stock assembly: Assembly-CSharp v0.0.0.0
ModuleManager v4.2.3.0
0Harmony v2.2.1.0
HarmonyInstallChecker v2.2.1.0
0_MultipleModuleInPartAPI v1.0.0.0 / v1.0.0+7969fdc50bf4e350193abe5ba2e89533b12ca02f
KSPCommunityFixes v1.41.0.0 / v1.41.1+7969fdc50bf4e350193abe5ba2e89533b12ca02f / v1.41.1.0
PQSBenchMod v0.1.0.0 / v0.1.0+597c733dc9db39116734bf208dca3e0ddd62d8dd
StockQuadCacheMod v0.1.0.0 / v0.1.0+aa01661d4ef5967e0d7046813ac61b5ad46f81dd

Folders and files in GameData:
000_Harmony
KSPCommunityFixes
PQSBenchMod
Stock folder: Squad

Stock folder: SquadExpansion

StockQuadCacheMod
ModuleManager.4.2.3.dll
ModuleManager.ConfigCache
ModuleManager.ConfigSHA
ModuleManager.Physics
ModuleManager.TechTree

************************************************************************

[LOG 11:29:55.179] [AddonLoader]: Instantiating addon 'ModuleManager' from assembly 'ModuleManager'
[LOG 11:29:55.191] [ModuleManager] Adding post patch to the loading screen 4
[LOG 11:29:55.194] [ModuleManager] Patching started on a new thread, all output will be directed to D:\KSP-Dev\Logs\ModuleManager\ModuleManager.log
[LOG 11:29:55.197] [AddonLoader]: Instantiating addon 'HarmonyInstallChecker' from assembly 'HarmonyKSP'
[LOG 11:29:55.198] [AddonLoader]: Instantiating addon 'KSPCommunityFixes' from assembly 'KSPCommunityFixes'
[LOG 11:29:55.199] [AddonLoader]: Instantiating addon 'NoIVA' from assembly 'KSPCommunityFixes'
[LOG 11:29:55.200] [AddonLoader]: Instantiating addon 'ConfigNodePerf' from assembly 'KSPCommunityFixes'
[LOG 11:29:55.433] [AddonLoader]: Instantiating addon 'KSPCFFastLoader' from assembly 'KSPCommunityFixes'
[LOG 11:29:55.435] [KSPCF] Injecting FastLoader...
[LOG 11:29:55.459] [KSPCommunityFixes] Patch GameDatabasePerf applied.
[LOG 11:29:55.556] [AddonLoader]: Instantiating addon 'ReflectionTypeLoadExceptionHandler' from assembly 'KSPCommunityFixes'
[LOG 11:29:55.559] [AddonLoader]: Instantiating addon 'PQSBenchMod' from assembly 'PQSBenchMod'
[LOG 11:29:55.559] [AddonLoader]: Instantiating addon 'StockQuadCacheMod' from assembly 'StockQuadCacheMod'
[LOG 11:29:56.653] [KSPCF] Taking over stock loader. An exception will follow, this is intended.
[EXC 11:29:56.657] Exception: Terminating stock loader coroutine, this is intended and not an error
	KSPCommunityFixes.Performance.KSPCFFastLoader.GameDatabase_SetupMainLoaders_Prefix () (at <62bb7f5420994f409a34377c091e8538>:0)
	(wrapper dynamic-method) GameDatabase.GameDatabase.SetupMainLoaders_Patch1(GameDatabase)
	GameDatabase+<LoadObjects>d__90.MoveNext () (at <4b449f2841f84227adfaad3149c8fdba>:0)
	UnityEngine.SetupCoroutine.InvokeMoveNext (System.Collections.IEnumerator enumerator, System.IntPtr returnValueAddress) (at <12e76cd50cc64cf19e759e981cb725af>:0)
	UnityEngine.DebugLogHandler:LogException(Exception, Object)
	ModuleManager.UnityLogHandle.InterceptLogHandler:LogException(Exception, Object)
	UnityEngine.MonoBehaviour:StartCoroutine(IEnumerator)
	<CreateDatabase>d__71:MoveNext()
	UnityEngine.MonoBehaviour:StartCoroutine(IEnumerator)
	GameDatabase:StartLoad()
	<LoadSystems>d__11:MoveNext()
	UnityEngine.MonoBehaviour:StartCoroutine(IEnumerator)
	LoadingScreen:Start()
[LOG 11:29:56.747] [PQSBench] Measuring, benchMode Counters. Alt+F8 dumps what has been recorded, Alt+F7 throws it away.
[LOG 11:29:56.775] [StockQuadCache] Version 0.1.0.0 installed, log level Info
[LOG 11:29:56.904] Preloading Asset Bundle Definitions
[LOG 11:29:57.282] Load Audio: Squad/Alarms/Sounds/Chirps
[LOG 11:29:57.310] Load Audio: Squad/Alarms/Sounds/Classic
[LOG 11:29:57.310] Load Audio: Squad/Alarms/Sounds/ClockTower
[LOG 11:29:57.310] Load Audio: Squad/Alarms/Sounds/ComputerGlass1
[LOG 11:29:57.310] Load Audio: Squad/Alarms/Sounds/ComputerGlass2
[LOG 11:29:57.311] Load Audio: Squad/Alarms/Sounds/ComputerShort
[LOG 11:29:57.311] Load Audio: Squad/Alarms/Sounds/ComputerTriad
[LOG 11:29:57.311] Load Audio: Squad/Alarms/Sounds/DoorBell
[LOG 11:29:57.311] Load Audio: Squad/Alarms/Sounds/Glass
[LOG 11:29:57.311] Load Audio: Squad/Alarms/Sounds/Klaxon
[LOG 11:29:57.311] Load Audio: Squad/Alarms/Sounds/Mobile
[LOG 11:29:57.311] Load Audio: Squad/Alarms/Sounds/Morning
[LOG 11:29:57.312] Load Audio: Squad/Alarms/Sounds/OldClock
[LOG 11:29:57.312] Load Audio: Squad/Alarms/Sounds/OldHorn
[LOG 11:29:57.312] Load Audio: Squad/Alarms/Sounds/Ripple
[LOG 11:29:57.312] Load Audio: Squad/Sounds/editorLoop01
[LOG 11:29:57.312] Load Audio: Squad/Sounds/elev_loop
[LOG 11:29:57.312] Load Audio: Squad/Sounds/elev_start
[LOG 11:29:57.312] Load Audio: Squad/Sounds/elev_stop
[LOG 11:29:57.313] Load Audio: Squad/Sounds/fireworks_explosion_2
[LOG 11:29:57.313] Load Audio: Squad/Sounds/fireworks_explosion_3
[LOG 11:29:57.313] Load Audio: Squad/Sounds/fireworks_explosion_4
[LOG 11:29:57.313] Load Audio: Squad/Sounds/fireworks_launch_boom
[LOG 11:29:57.313] Load Audio: Squad/Sounds/fireworks_only_crackle_crackle_1
[LOG 11:29:57.313] Load Audio: Squad/Sounds/fireworks_only_crackle_dragon_1
[LOG 11:29:57.805] Load Audio: Squad/Sounds/fireworks_only_crackle_palm_1
[LOG 11:29:57.806] Load Audio: Squad/Sounds/fireworks_whistle
[LOG 11:29:57.806] Load Audio: Squad/Sounds/ksp1_banana_V2_01
[LOG 11:29:57.806] Load Audio: Squad/Sounds/ksp1_banana_V2_04
[LOG 11:29:57.806] Load Audio: Squad/Sounds/ksp1_banana_V2_05
[LOG 11:29:57.807] Load Audio: Squad/Sounds/ksp1_golf_swing_normal
[LOG 11:29:57.807] Load Audio: Squad/Sounds/ksp1_ground_anchor_v2_1
[LOG 11:29:57.807] Load Audio: Squad/Sounds/ksp1_strunts_disconnect_v3_pitched2
[LOG 11:29:57.808] Load Audio: Squad/Sounds/repairKit_repair1
[LOG 11:29:57.808] Load Audio: Squad/Sounds/repairKit_repair2
[LOG 11:29:57.808] Load Audio: Squad/Sounds/sound_ambience_nature
[LOG 11:29:57.809] Load Audio: Squad/Sounds/sound_click_flick
[LOG 11:29:57.813] Load Audio: Squad/Sounds/sound_click_latch
[LOG 11:29:57.813] Load Audio: Squad/Sounds/sound_click_sharp
[LOG 11:29:57.813] Load Audio: Squad/Sounds/sound_click_tick
[LOG 11:29:57.813] Load Audio: Squad/Sounds/sound_click_tock
[LOG 11:29:57.813] Load Audio: Squad/Sounds/sound_decoupler_fire
[LOG 11:29:57.813] Load Audio: Squad/Sounds/sound_delete_bin
[LOG 11:29:57.814] Load Audio: Squad/Sounds/sound_explosion_debris1
[LOG 11:29:57.814] Load Audio: Squad/Sounds/sound_explosion_debris2
[LOG 11:29:57.814] Load Audio: Squad/Sounds/sound_explosion_large
[LOG 11:29:57.814] Load Audio: Squad/Sounds/sound_rocket_mini
[LOG 11:29:57.814] Load Audio: Squad/Sounds/sound_rocket_spurts
[LOG 11:29:57.814] Load Audio: Squad/Sounds/sound_servomotor
[LOG 11:29:57.815] Load Audio: Squad/Sounds/sound_tab_extend
[LOG 11:29:57.823] Load Audio: Squad/Sounds/sound_tab_retreat
[LOG 11:29:57.823] Load Audio: SquadExpansion/Serenity/Sounds/robo_arm_large_end
[LOG 11:29:57.824] Load Audio: SquadExpansion/Serenity/Sounds/robo_arm_large_motor_00
[LOG 11:29:57.824] Load Audio: SquadExpansion/Serenity/Sounds/robo_arm_large_scan
[LOG 11:29:57.824] Load Audio: SquadExpansion/Serenity/Sounds/robo_arm_large_start
[LOG 11:29:57.824] Load Audio: SquadExpansion/Serenity/Sounds/robo_arm_medium_end
[LOG 11:29:57.824] Load Audio: SquadExpansion/Serenity/Sounds/robo_arm_medium_motor_00
[LOG 11:29:57.825] Load Audio: SquadExpansion/Serenity/Sounds/robo_arm_medium_scan
[LOG 11:29:57.825] Load Audio: SquadExpansion/Serenity/Sounds/robo_arm_medium_start
[LOG 11:29:57.825] Load Audio: SquadExpansion/Serenity/Sounds/robo_arm_small_end
[LOG 11:29:57.825] Load Audio: SquadExpansion/Serenity/Sounds/robo_arm_small_motor_00
[LOG 11:29:57.825] Load Audio: SquadExpansion/Serenity/Sounds/robo_arm_small_scan
[LOG 11:29:57.825] Load Audio: SquadExpansion/Serenity/Sounds/robo_arm_small_start
[LOG 11:29:57.826] Load Audio: SquadExpansion/Serenity/Sounds/sfx_cryoVolcano_burst
[LOG 11:29:57.826] Load Audio: SquadExpansion/Serenity/Sounds/sfx_cryoVolcano_idle
[LOG 11:29:57.826] Load Audio: SquadExpansion/Serenity/Sounds/sfx_deployable_booster_antena_end
[LOG 11:29:57.826] Load Audio: SquadExpansion/Serenity/Sounds/sfx_deployable_booster_antena_start
[LOG 11:29:57.826] Load Audio: SquadExpansion/Serenity/Sounds/sfx_deployable_central_station_end
[LOG 11:29:57.827] Load Audio: SquadExpansion/Serenity/Sounds/sfx_deployable_central_station_loop
[LOG 11:29:57.827] Load Audio: SquadExpansion/Serenity/Sounds/sfx_deployable_central_station_start
[LOG 11:29:57.827] Load Audio: SquadExpansion/Serenity/Sounds/sfx_deployable_detector_end
[LOG 11:29:57.827] Load Audio: SquadExpansion/Serenity/Sounds/sfx_deployable_detector_start
[LOG 11:29:57.827] Load Audio: SquadExpansion/Serenity/Sounds/sfx_deployable_GoObEd_end
[LOG 11:29:57.828] Load Audio: SquadExpansion/Serenity/Sounds/sfx_deployable_GoObEd_loop
[LOG 11:29:57.828] Load Audio: SquadExpansion/Serenity/Sounds/sfx_deployable_GoObEd_start
[LOG 11:29:57.872] Load Audio: SquadExpansion/Serenity/Sounds/sfx_deployable_rtg_end
[LOG 11:29:57.872] Load Audio: SquadExpansion/Serenity/Sounds/sfx_deployable_rtg_start
[LOG 11:29:57.872] Load Audio: SquadExpansion/Serenity/Sounds/sfx_deployable_seismometer_end
[LOG 11:29:57.872] Load Audio: SquadExpansion/Serenity/Sounds/sfx_deployable_seismometer_start
[LOG 11:29:57.873] Load Audio: SquadExpansion/Serenity/Sounds/sfx_deployable_solar_panel_end
[LOG 11:29:57.873] Load Audio: SquadExpansion/Serenity/Sounds/sfx_deployable_solar_panel_start
[LOG 11:29:57.873] Load Audio: SquadExpansion/Serenity/Sounds/sfx_deployable_weather_station_end
[LOG 11:29:57.873] Load Audio: SquadExpansion/Serenity/Sounds/sfx_deployable_weather_station_loop
[LOG 11:29:57.874] Load Audio: SquadExpansion/Serenity/Sounds/sfx_deployable_weather_station_start
[LOG 11:29:57.874] Load Audio: SquadExpansion/Serenity/Sounds/sfx_geyser_burst
[LOG 11:29:57.874] Load Audio: SquadExpansion/Serenity/Sounds/sfx_geyser_idle
[LOG 11:29:57.897] Load DDS texture: KSPCommunityFixes/MMPatches/StockTweaks/Icons/Clamp-O-Tron
[LOG 11:29:57.904] Load TRUECOLOR texture: KSPCommunityFixes/MMPatches/StockTweaks/Icons/Clamp-O-Tron_scaled
[LOG 11:29:57.905] Load DDS texture: KSPCommunityFixes/MMPatches/StockTweaks/Icons/FreeFallParachutes
[LOG 11:29:57.905] Load TRUECOLOR texture: KSPCommunityFixes/MMPatches/StockTweaks/Icons/FreeFallParachutes_scaled
[LOG 11:29:57.905] Load DDS texture: KSPCommunityFixes/MMPatches/StockTweaks/Icons/LightYearTireCompany
[LOG 11:29:57.905] Load TRUECOLOR texture: KSPCommunityFixes/MMPatches/StockTweaks/Icons/LightYearTireCompany_scaled
[LOG 11:29:57.906] Load DDS texture: KSPCommunityFixes/MMPatches/StockTweaks/Icons/StratusCorporation
[LOG 11:29:57.906] Load TRUECOLOR texture: KSPCommunityFixes/MMPatches/StockTweaks/Icons/StratusCorporation_scaled
[LOG 11:29:57.906] Load DDS texture: Squad/Agencies/C7AerospaceDivision
[LOG 11:29:57.906] Load TRUECOLOR texture: Squad/Agencies/C7AerospaceDivision_scaled
[LOG 11:29:57.907] Load DDS texture: Squad/Agencies/DinkelsteinKermansConstructionEmporium
[LOG 11:29:57.907] Load TRUECOLOR texture: Squad/Agencies/DinkelsteinKermansConstructionEmporium_scaled
[LOG 11:29:57.907] Load DDS texture: Squad/Agencies/ExperimentalEngineering
[LOG 11:29:57.907] Load TRUECOLOR texture: Squad/Agencies/ExperimentalEngineering_scaled
[LOG 11:29:57.907] Load DDS texture: Squad/Agencies/FlooydResearchLab
[LOG 11:29:57.908] Load TRUECOLOR texture: Squad/Agencies/FlooydResearchLab_scaled
[LOG 11:29:57.908] Load DDS texture: Squad/Agencies/GoliathNationalProducts
[LOG 11:29:57.908] Load TRUECOLOR texture: Squad/Agencies/GoliathNationalProducts_scaled
[LOG 11:29:57.908] Load DDS texture: Squad/Agencies/IntegratedIntegrals
[LOG 11:29:57.909] Load TRUECOLOR texture: Squad/Agencies/IntegratedIntegrals_scaled
[LOG 11:29:57.909] Load DDS texture: Squad/Agencies/IonicSymphonicProtonicElectronics
[LOG 11:29:57.909] Load TRUECOLOR texture: Squad/Agencies/IonicSymphonicProtonicElectronics_scaled
[LOG 11:29:57.909] Load DDS texture: Squad/Agencies/JebsJunkyard
[LOG 11:29:57.909] Load TRUECOLOR texture: Squad/Agencies/JebsJunkyard_scaled
[LOG 11:29:57.910] Load DDS texture: Squad/Agencies/KerbalMotion
[LOG 11:29:57.910] Load TRUECOLOR texture: Squad/Agencies/KerbalMotion_scaled
[LOG 11:29:57.910] Load DDS texture: Squad/Agencies/KerbinWorldFirstRecordKeepingSociety
[LOG 11:29:57.910] Load TRUECOLOR texture: Squad/Agencies/KerbinWorldFirstRecordKeepingSociety_scaled
[LOG 11:29:57.910] Load DDS texture: Squad/Agencies/Kerbodyne
[LOG 11:29:57.910] Load TRUECOLOR texture: Squad/Agencies/Kerbodyne_scaled
[LOG 11:29:57.911] Load DDS texture: Squad/Agencies/Kerlington
[LOG 11:29:57.911] Load TRUECOLOR texture: Squad/Agencies/Kerlington_scaled
[LOG 11:29:57.911] Load DDS texture: Squad/Agencies/MaxoConstructionToys
[LOG 11:29:57.911] Load TRUECOLOR texture: Squad/Agencies/MaxoConstructionToys_scaled
[LOG 11:29:57.911] Load DDS texture: Squad/Agencies/MovingPartsExpertsGroup
[LOG 11:29:57.912] Load TRUECOLOR texture: Squad/Agencies/MovingPartsExpertsGroup_scaled
[LOG 11:29:57.912] Load DDS texture: Squad/Agencies/OMBDemolition
[LOG 11:29:57.912] Load TRUECOLOR texture: Squad/Agencies/OMBDemolition_scaled
[LOG 11:29:57.913] Load DDS texture: Squad/Agencies/PeriapsisCo
[LOG 11:29:57.913] Load TRUECOLOR texture: Squad/Agencies/PeriapsisCo_scaled
[LOG 11:29:57.913] Load DDS texture: Squad/Agencies/Probodobodyne
[LOG 11:29:57.913] Load TRUECOLOR texture: Squad/Agencies/Probodobodyne_scaled
[LOG 11:29:57.913] Load DDS texture: Squad/Agencies/R&D
[LOG 11:29:57.913] Load TRUECOLOR texture: Squad/Agencies/R&D_scaled
[LOG 11:29:57.914] Load DDS texture: Squad/Agencies/ReactionSystemsLtd
[LOG 11:29:57.914] Load TRUECOLOR texture: Squad/Agencies/ReactionSystemsLtd_scaled
[LOG 11:29:57.914] Load DDS texture: Squad/Agencies/Rockomax
[LOG 11:29:57.914] Load TRUECOLOR texture: Squad/Agencies/Rockomax_scaled
[LOG 11:29:57.914] Load DDS texture: Squad/Agencies/Rokea
[LOG 11:29:57.915] Load TRUECOLOR texture: Squad/Agencies/Rokea_scaled
[LOG 11:29:57.915] Load DDS texture: Squad/Agencies/SeansCannery
[LOG 11:29:57.915] Load TRUECOLOR texture: Squad/Agencies/SeansCannery_scaled
[LOG 11:29:57.915] Load DDS texture: Squad/Agencies/SteadlerEngineeringCorps
[LOG 11:29:57.915] Load TRUECOLOR texture: Squad/Agencies/SteadlerEngineeringCorps_scaled
[LOG 11:29:57.915] Load DDS texture: Squad/Agencies/StrutCo
[LOG 11:29:57.916] Load TRUECOLOR texture: Squad/Agencies/StrutCo_scaled
[LOG 11:29:57.916] Load DDS texture: Squad/Agencies/Vac-Co
[LOG 11:29:57.916] Load TRUECOLOR texture: Squad/Agencies/Vac-Co_scaled
[LOG 11:29:57.916] Load DDS texture: Squad/Agencies/WinterOwl
[LOG 11:29:57.917] Load TRUECOLOR texture: Squad/Agencies/WinterOwl_scaled
[LOG 11:29:57.917] Load DDS texture: Squad/Agencies/ZaltonicElectronics
[LOG 11:29:57.917] Load TRUECOLOR texture: Squad/Agencies/ZaltonicElectronics_scaled
[LOG 11:29:57.917] Load Cached PNG Texture: Squad/Alarms/Icons/ap
[LOG 11:29:57.918] Load Cached PNG Texture: Squad/Alarms/Icons/default
[LOG 11:29:57.918] Load Cached PNG Texture: Squad/Alarms/Icons/maneuver
[LOG 11:29:57.918] Load Cached PNG Texture: Squad/Alarms/Icons/pe
[LOG 11:29:57.918] Load Cached PNG Texture: Squad/Alarms/Icons/raw
[LOG 11:29:57.918] Load Cached PNG Texture: Squad/Alarms/Icons/soi
[LOG 11:29:57.918] Load Cached PNG Texture: Squad/Alarms/Icons/xfer
[LOG 11:29:57.918] Load DDS texture: Squad/Contracts/Icons/balloon
[LOG 11:29:57.918] Load DDS texture: Squad/Contracts/Icons/custom
[LOG 11:29:57.918] Load DDS texture: Squad/Contracts/Icons/default
[LOG 11:29:57.918] Load DDS texture: Squad/Contracts/Icons/dish
[LOG 11:29:57.918] Load DDS texture: Squad/Contracts/Icons/eva
[LOG 11:29:57.918] Load DDS texture: Squad/Contracts/Icons/gravity
[LOG 11:29:57.919] Load Cached PNG Texture: Squad/Contracts/Icons/ksc
[LOG 11:29:57.919] Load DDS texture: Squad/Contracts/Icons/launchsite
[LOG 11:29:57.919] Load DDS texture: Squad/Contracts/Icons/marker
[LOG 11:29:57.919] Load DDS texture: Squad/Contracts/Icons/pressure
[LOG 11:29:57.919] Load DDS texture: Squad/Contracts/Icons/report
[LOG 11:29:57.919] Load DDS texture: Squad/Contracts/Icons/runway
[LOG 11:29:57.919] Load DDS texture: Squad/Contracts/Icons/sample
[LOG 11:29:57.919] Load DDS texture: Squad/Contracts/Icons/seismic
[LOG 11:29:57.919] Load DDS texture: Squad/Contracts/Icons/thermometer
[LOG 11:29:57.919] Load DDS texture: Squad/Contracts/Icons/vessel
[LOG 11:29:57.919] Load Cached PNG Texture: Squad/Flags/09
[LOG 11:29:57.919] Load Cached PNG Texture: Squad/Flags/blorbs
[LOG 11:29:57.920] Load Cached PNG Texture: Squad/Flags/bullseye
[LOG 11:29:57.920] Load Cached PNG Texture: Squad/Flags/capsule
[LOG 11:29:57.921] Load Cached PNG Texture: Squad/Flags/circles
[LOG 11:29:57.921] Load Cached PNG Texture: Squad/Flags/default
[LOG 11:29:57.921] Load Cached PNG Texture: Squad/Flags/hexagon
[LOG 11:29:57.922] Load Cached PNG Texture: Squad/Flags/hexagonCircles
[LOG 11:29:57.924] Load Cached PNG Texture: Squad/Flags/kerbal1
[LOG 11:29:57.933] Load Cached PNG Texture: Squad/Flags/kerbal2
[LOG 11:29:57.933] Load Cached PNG Texture: Squad/Flags/kerbin
[LOG 11:29:57.933] Load Cached PNG Texture: Squad/Flags/kerbinmunflag
[LOG 11:29:57.933] Load Cached PNG Texture: Squad/Flags/line
[LOG 11:29:57.933] Load Cached PNG Texture: Squad/Flags/minimalistic
[LOG 11:29:57.933] Load Cached PNG Texture: Squad/Flags/orbit
[LOG 11:29:57.933] Load Cached PNG Texture: Squad/Flags/orbs
[LOG 11:29:57.934] Load Cached PNG Texture: Squad/Flags/retro
[LOG 11:29:57.934] Load Cached PNG Texture: Squad/Flags/rings
[LOG 11:29:57.936] Load Cached PNG Texture: Squad/Flags/rocketScience
[LOG 11:29:57.936] Load Cached PNG Texture: Squad/Flags/satellite
[LOG 11:29:57.937] Load Cached PNG Texture: Squad/Flags/Sentinel_Flag
[LOG 11:29:57.938] Load Cached PNG Texture: Squad/Flags/spheres
[LOG 11:29:57.938] Load Cached PNG Texture: Squad/Flags/squadLogo
[LOG 11:29:57.939] Load Cached PNG Texture: Squad/Flags/squadLogo2
[LOG 11:29:57.939] Load Cached PNG Texture: Squad/Flags/stripes
[LOG 11:29:57.940] Load Cached PNG Texture: Squad/Flags/trees
[LOG 11:29:57.940] Load Cached PNG Texture: Squad/Flags/trippy
[LOG 11:29:57.940] Load Cached PNG Texture: Squad/FlagsAgency/esa_dark_blue
[LOG 11:29:57.941] Load Cached PNG Texture: Squad/FlagsAgency/NASA
[LOG 11:29:57.941] Load Cached PNG Texture: Squad/FlagsAgency/uk_space_agency
[LOG 11:29:57.942] Load Cached PNG Texture: Squad/FlagsOrganization/B612_Foundation_flag
[LOG 11:29:57.942] Load Cached PNG Texture: Squad/FlagsOrganization/electron
[LOG 11:29:57.942] Load Cached PNG Texture: Squad/FlagsOrganization/ESA_Arianespace
[LOG 11:29:57.943] Load Cached PNG Texture: Squad/FlagsOrganization/rocketlab
[LOG 11:29:57.943] Load DDS texture: Squad/FX/DiamondBlue
[LOG 11:29:57.943] Load DDS texture: Squad/FX/FlameBlueOrange
[LOG 11:29:57.944] Load DDS texture: Squad/FX/FlamePurple
[LOG 11:29:57.944] Load DDS texture: Squad/FX/FlameRed
[LOG 11:29:57.944] Load DDS texture: Squad/FX/FlameRedOrange
[LOG 11:29:57.944] Load DDS texture: Squad/FX/Monoprop
[LOG 11:29:57.950] Load DDS texture: Squad/FX/plasma2
[LOG 11:29:57.950] Load DDS texture: Squad/FX/rocketplume2
[LOG 11:29:57.950] Load DDS texture: Squad/FX/shockDiamond2
[LOG 11:29:57.950] Load DDS texture: Squad/FX/smokepuff1
[LOG 11:29:57.952] Load DDS texture: Squad/Interiors/Administration/AdminBuilding_Lvl1
[LOG 11:29:57.967] Load DDS texture: Squad/Interiors/Administration/AdminBuilding_Lvl2
[LOG 11:29:57.972] Load DDS texture: Squad/Interiors/Administration/AdminBuilding_Lvl3
[LOG 11:29:57.978] Load DDS texture: Squad/MenuProps/MunOrBust
[LOG 11:29:57.980] Load Cached PNG Texture: Squad/Missions/Banners/Fail/default
[LOG 11:29:57.981] Load PNG texture: Squad/Missions/Banners/Menu/default
[WRN 11:29:57.986] Texture isn't eligible for DXT compression, width and height must be multiples of 4
[LOG 11:29:57.986] Load Cached PNG Texture: Squad/Missions/Banners/Success/default
[LOG 11:29:57.987] Load PNG texture: Squad/Missions/ESA-BepiColombo/Banners/Fail/ESA_MB_Fail_01
[WRN 11:29:57.991] Texture isn't eligible for DXT compression, width and height must be multiples of 4
[LOG 11:29:57.991] Load PNG texture: Squad/Missions/ESA-BepiColombo/Banners/Menu/ESA_MB_Select_01
[WRN 11:29:57.995] Texture isn't eligible for DXT compression, width and height must be multiples of 4
[LOG 11:29:58.000] Load PNG texture: Squad/Missions/ESA-BepiColombo/Banners/Success/ESA_MB_Success_01
[WRN 11:29:58.004] Texture isn't eligible for DXT compression, width and height must be multiples of 4
[LOG 11:29:58.004] Load PNG texture: Squad/Missions/ESA-BepiColombo-Short/Banners/Fail/ESA_MB_Fail_01
[WRN 11:29:58.012] Texture isn't eligible for DXT compression, width and height must be multiples of 4
[LOG 11:29:58.012] Load PNG texture: Squad/Missions/ESA-BepiColombo-Short/Banners/Menu/ESA_MB_Select_01
[WRN 11:29:58.016] Texture isn't eligible for DXT compression, width and height must be multiples of 4
[LOG 11:29:58.016] Load PNG texture: Squad/Missions/ESA-BepiColombo-Short/Banners/Success/ESA_MB_Success_01
[WRN 11:29:58.021] Texture isn't eligible for DXT compression, width and height must be multiples of 4
[LOG 11:29:58.022] Load PNG texture: Squad/Missions/ESA-Rosetta/Banners/Fail/ESA_MB_Fail_02
[WRN 11:29:58.028] Texture isn't eligible for DXT compression, width and height must be multiples of 4
[LOG 11:29:58.028] Load PNG texture: Squad/Missions/ESA-Rosetta/Banners/Menu/ESA_MB_Select_02
[WRN 11:29:58.032] Texture isn't eligible for DXT compression, width and height must be multiples of 4
[LOG 11:29:58.033] Load PNG texture: Squad/Missions/ESA-Rosetta/Banners/Success/ESA_MB_Success_02
[WRN 11:29:58.041] Texture isn't eligible for DXT compression, width and height must be multiples of 4
[LOG 11:29:58.041] Load Cached PNG Texture: Squad/PartList/SimpleIcons/ablator
[LOG 11:29:58.041] Load Cached PNG Texture: Squad/PartList/SimpleIcons/active_radiator
[LOG 11:29:58.041] Load Cached PNG Texture: Squad/PartList/SimpleIcons/asteroid_drill
[LOG 11:29:58.041] Load Cached PNG Texture: Squad/PartList/SimpleIcons/cargo_part
[LOG 11:29:58.042] Load Cached PNG Texture: Squad/PartList/SimpleIcons/comet_drill
[LOG 11:29:58.042] Load Cached PNG Texture: Squad/PartList/SimpleIcons/core_heat
[LOG 11:29:58.042] Load Cached PNG Texture: Squad/PartList/SimpleIcons/cs_main
[LOG 11:29:58.042] Load Cached PNG Texture: Squad/PartList/SimpleIcons/cs_mk2
[LOG 11:29:58.042] Load Cached PNG Texture: Squad/PartList/SimpleIcons/cs_mk3
[LOG 11:29:58.042] Load Cached PNG Texture: Squad/PartList/SimpleIcons/cs_size0
[LOG 11:29:58.042] Load Cached PNG Texture: Squad/PartList/SimpleIcons/cs_size1
[LOG 11:29:58.042] Load Cached PNG Texture: Squad/PartList/SimpleIcons/cs_size1p5
[LOG 11:29:58.042] Load Cached PNG Texture: Squad/PartList/SimpleIcons/cs_size2
[LOG 11:29:58.042] Load Cached PNG Texture: Squad/PartList/SimpleIcons/cs_size3
[LOG 11:29:58.042] Load Cached PNG Texture: Squad/PartList/SimpleIcons/cs_size4
[LOG 11:29:58.042] Load Cached PNG Texture: Squad/PartList/SimpleIcons/cs_surface
[LOG 11:29:58.043] Load Cached PNG Texture: Squad/PartList/SimpleIcons/custom_built_fairing
[LOG 11:29:58.043] Load Cached PNG Texture: Squad/PartList/SimpleIcons/deployable_antenna
[LOG 11:29:58.043] Load Cached PNG Texture: Squad/PartList/SimpleIcons/deployable_comms_part
[LOG 11:29:58.043] Load Cached PNG Texture: Squad/PartList/SimpleIcons/deployable_ground_part
[LOG 11:29:58.043] Load Cached PNG Texture: Squad/PartList/SimpleIcons/deployable_part
[LOG 11:29:58.043] Load Cached PNG Texture: Squad/PartList/SimpleIcons/deployable_radiator
[LOG 11:29:58.043] Load Cached PNG Texture: Squad/PartList/SimpleIcons/deployed_science_control_unit
[LOG 11:29:58.043] Load Cached PNG Texture: Squad/PartList/SimpleIcons/deployed_science_experiment
[LOG 11:29:58.043] Load Cached PNG Texture: Squad/PartList/SimpleIcons/deployed_science_part
[LOG 11:29:58.043] Load Cached PNG Texture: Squad/PartList/SimpleIcons/enviro_sensor
[LOG 11:29:58.043] Load Cached PNG Texture: Squad/PartList/SimpleIcons/experience_management
[LOG 11:29:58.044] Load Cached PNG Texture: Squad/PartList/SimpleIcons/fuels_monopropellant
[LOG 11:29:58.044] Load Cached PNG Texture: Squad/PartList/SimpleIcons/fuels_ore
[LOG 11:29:58.044] Load Cached PNG Texture: Squad/PartList/SimpleIcons/fuels_oxidizer
[LOG 11:29:58.044] Load Cached PNG Texture: Squad/PartList/SimpleIcons/fuels_solidfuel
[LOG 11:29:58.044] Load Cached PNG Texture: Squad/PartList/SimpleIcons/fuels_xenongas
[LOG 11:29:58.044] Load Cached PNG Texture: Squad/PartList/SimpleIcons/inventory_part
[LOG 11:29:58.044] Load Cached PNG Texture: Squad/PartList/SimpleIcons/kerbnet_access
[LOG 11:29:58.044] Load Cached PNG Texture: Squad/PartList/SimpleIcons/number1
[LOG 11:29:58.044] Load Cached PNG Texture: Squad/PartList/SimpleIcons/number2
[LOG 11:29:58.044] Load Cached PNG Texture: Squad/PartList/SimpleIcons/number3
[LOG 11:29:58.044] Load Cached PNG Texture: Squad/PartList/SimpleIcons/number4
[LOG 11:29:58.044] Load Cached PNG Texture: Squad/PartList/SimpleIcons/number5
[LOG 11:29:58.045] Load Cached PNG Texture: Squad/PartList/SimpleIcons/number6
[LOG 11:29:58.045] Load Cached PNG Texture: Squad/PartList/SimpleIcons/number7
[LOG 11:29:58.045] Load Cached PNG Texture: Squad/PartList/SimpleIcons/number8
[LOG 11:29:58.045] Load Cached PNG Texture: Squad/PartList/SimpleIcons/number9
[LOG 11:29:58.045] Load Cached PNG Texture: Squad/PartList/SimpleIcons/probe_control_unit
[LOG 11:29:58.045] Load Cached PNG Texture: Squad/PartList/SimpleIcons/R&D_node_icon_advaerodynamics
[LOG 11:29:58.045] Load Cached PNG Texture: Squad/PartList/SimpleIcons/R&D_node_icon_advancedmotors
[LOG 11:29:58.045] Load Cached PNG Texture: Squad/PartList/SimpleIcons/R&D_node_icon_advconstruction
[LOG 11:29:58.045] Load Cached PNG Texture: Squad/PartList/SimpleIcons/R&D_node_icon_advelectrics
[LOG 11:29:58.045] Load Cached PNG Texture: Squad/PartList/SimpleIcons/R&D_node_icon_advexploration
[LOG 11:29:58.045] Load Cached PNG Texture: Squad/PartList/SimpleIcons/R&D_node_icon_advflightcontrol
[LOG 11:29:58.045] Load Cached PNG Texture: Squad/PartList/SimpleIcons/R&D_node_icon_advlanding
[LOG 11:29:58.045] Load Cached PNG Texture: Squad/PartList/SimpleIcons/R&D_node_icon_advmetalworks
[LOG 11:29:58.046] Load Cached PNG Texture: Squad/PartList/SimpleIcons/R&D_node_icon_advrocketry
[LOG 11:29:58.046] Load Cached PNG Texture: Squad/PartList/SimpleIcons/R&D_node_icon_advsciencetech
[LOG 11:29:58.046] Load Cached PNG Texture: Squad/PartList/SimpleIcons/R&D_node_icon_advunmanned
[LOG 11:29:58.046] Load Cached PNG Texture: Squad/PartList/SimpleIcons/R&D_node_icon_aerodynamicsystems
[LOG 11:29:58.046] Load Cached PNG Texture: Squad/PartList/SimpleIcons/R&D_node_icon_aerospacetech
[LOG 11:29:58.046] Load Cached PNG Texture: Squad/PartList/SimpleIcons/R&D_node_icon_automation
[LOG 11:29:58.046] Load Cached PNG Texture: Squad/PartList/SimpleIcons/R&D_node_icon_basicprobes
[LOG 11:29:58.046] Load Cached PNG Texture: Squad/PartList/SimpleIcons/R&D_node_icon_basicrocketry
[LOG 11:29:58.046] Load Cached PNG Texture: Squad/PartList/SimpleIcons/R&D_node_icon_composites
[LOG 11:29:58.046] Load Cached PNG Texture: Squad/PartList/SimpleIcons/R&D_node_icon_electrics
[LOG 11:29:58.046] Load Cached PNG Texture: Squad/PartList/SimpleIcons/R&D_node_icon_electronics
[LOG 11:29:58.046] Load Cached PNG Texture: Squad/PartList/SimpleIcons/R&D_node_icon_evatech
[LOG 11:29:58.046] Load Cached PNG Texture: Squad/PartList/SimpleIcons/R&D_node_icon_experimentalaerodynamics
[LOG 11:29:58.047] Load Cached PNG Texture: Squad/PartList/SimpleIcons/R&D_node_icon_experimentalelectrics
[LOG 11:29:58.047] Load Cached PNG Texture: Squad/PartList/SimpleIcons/R&D_node_icon_experimentalmotors
[LOG 11:29:58.047] Load Cached PNG Texture: Squad/PartList/SimpleIcons/R&D_node_icon_experimentalrocketry
[LOG 11:29:58.047] Load Cached PNG Texture: Squad/PartList/SimpleIcons/R&D_node_icon_experimentalscience
[LOG 11:29:58.047] Load Cached PNG Texture: Squad/PartList/SimpleIcons/R&D_node_icon_fieldscience
[LOG 11:29:58.047] Load Cached PNG Texture: Squad/PartList/SimpleIcons/R&D_node_icon_flightcontrol
[LOG 11:29:58.047] Load Cached PNG Texture: Squad/PartList/SimpleIcons/R&D_node_icon_fuelsystems
[LOG 11:29:58.047] Load Cached PNG Texture: Squad/PartList/SimpleIcons/R&D_node_icon_generalconstruction
[LOG 11:29:58.047] Load Cached PNG Texture: Squad/PartList/SimpleIcons/R&D_node_icon_generalrocketry
[LOG 11:29:58.047] Load Cached PNG Texture: Squad/PartList/SimpleIcons/R&D_node_icon_generic
[LOG 11:29:58.047] Load Cached PNG Texture: Squad/PartList/SimpleIcons/R&D_node_icon_heavierrocketry
[LOG 11:29:58.047] Load Cached PNG Texture: Squad/PartList/SimpleIcons/R&D_node_icon_heavyaerodynamics
[LOG 11:29:58.048] Load Cached PNG Texture: Squad/PartList/SimpleIcons/R&D_node_icon_heavyrocketry
[LOG 11:29:58.048] Load Cached PNG Texture: Squad/PartList/SimpleIcons/R&D_node_icon_highaltitudeflight
[LOG 11:29:58.048] Load Cached PNG Texture: Squad/PartList/SimpleIcons/R&D_node_icon_highaltitudepropulsion
[LOG 11:29:58.048] Load Cached PNG Texture: Squad/PartList/SimpleIcons/R&D_node_icon_hypersonicflight
[LOG 11:29:58.048] Load Cached PNG Texture: Squad/PartList/SimpleIcons/R&D_node_icon_ionpropulsion
[LOG 11:29:58.048] Load Cached PNG Texture: Squad/PartList/SimpleIcons/R&D_node_icon_landing
[LOG 11:29:58.048] Load Cached PNG Texture: Squad/PartList/SimpleIcons/R&D_node_icon_largecontrol
[LOG 11:29:58.048] Load Cached PNG Texture: Squad/PartList/SimpleIcons/R&D_node_icon_largeelectrics
[LOG 11:29:58.048] Load Cached PNG Texture: Squad/PartList/SimpleIcons/R&D_node_icon_largeprobes
[LOG 11:29:58.048] Load Cached PNG Texture: Squad/PartList/SimpleIcons/R&D_node_icon_metamaterials
[LOG 11:29:58.048] Load Cached PNG Texture: Squad/PartList/SimpleIcons/R&D_node_icon_nanolathing
[LOG 11:29:58.048] Load Cached PNG Texture: Squad/PartList/SimpleIcons/R&D_node_icon_nuclearpropulsion
[LOG 11:29:58.049] Load Cached PNG Texture: Squad/PartList/SimpleIcons/R&D_node_icon_precisionengineering
[LOG 11:29:58.049] Load Cached PNG Texture: Squad/PartList/SimpleIcons/R&D_node_icon_robotics
[LOG 11:29:58.049] Load Cached PNG Texture: Squad/PartList/SimpleIcons/R&D_node_icon_sciencetech
[LOG 11:29:58.049] Load Cached PNG Texture: Squad/PartList/SimpleIcons/R&D_node_icon_specializedconstruction
[LOG 11:29:58.049] Load Cached PNG Texture: Squad/PartList/SimpleIcons/R&D_node_icon_specializedcontrol
[LOG 11:29:58.049] Load Cached PNG Texture: Squad/PartList/SimpleIcons/R&D_node_icon_specializedelectrics
[LOG 11:29:58.049] Load Cached PNG Texture: Squad/PartList/SimpleIcons/R&D_node_icon_stability
[LOG 11:29:58.049] Load Cached PNG Texture: Squad/PartList/SimpleIcons/R&D_node_icon_start
[LOG 11:29:58.049] Load Cached PNG Texture: Squad/PartList/SimpleIcons/R&D_node_icon_supersonicflight
[LOG 11:29:58.049] Load Cached PNG Texture: Squad/PartList/SimpleIcons/R&D_node_icon_survivability
[LOG 11:29:58.049] Load Cached PNG Texture: Squad/PartList/SimpleIcons/R&D_node_icon_unmannedtech
[LOG 11:29:58.049] Load Cached PNG Texture: Squad/PartList/SimpleIcons/R&D_node_icon_veryheavyrocketry
[LOG 11:29:58.049] Load Cached PNG Texture: Squad/PartList/SimpleIcons/rcsfx
[LOG 11:29:58.049] Load Cached PNG Texture: Squad/PartList/SimpleIcons/RDicon_aerospaceTech2
[LOG 11:29:58.049] Load Cached PNG Texture: Squad/PartList/SimpleIcons/RDicon_commandmodules
[LOG 11:29:58.049] Load Cached PNG Texture: Squad/PartList/SimpleIcons/RDicon_fuelSystems-advanced
[LOG 11:29:58.049] Load Cached PNG Texture: Squad/PartList/SimpleIcons/RDicon_fuelSystems-highPerformance
[LOG 11:29:58.050] Load Cached PNG Texture: Squad/PartList/SimpleIcons/RDicon_largeVolumeContainment
[LOG 11:29:58.050] Load Cached PNG Texture: Squad/PartList/SimpleIcons/RDicon_miniaturization
[LOG 11:29:58.050] Load Cached PNG Texture: Squad/PartList/SimpleIcons/RDicon_propulsion-precision
[LOG 11:29:58.050] Load Cached PNG Texture: Squad/PartList/SimpleIcons/RDicon_propulsionSystems
[LOG 11:29:58.050] Load Cached PNG Texture: Squad/PartList/SimpleIcons/RDicon_telescope
[LOG 11:29:58.050] Load Cached PNG Texture: Squad/PartList/SimpleIcons/robotic_controller
[LOG 11:29:58.050] Load Cached PNG Texture: Squad/PartList/SimpleIcons/robotic_rotation_servo
[LOG 11:29:58.050] Load Cached PNG Texture: Squad/PartList/SimpleIcons/robotic_servo_hinge
[LOG 11:29:58.050] Load Cached PNG Texture: Squad/PartList/SimpleIcons/robotic_servo_piston
[LOG 11:29:58.050] Load Cached PNG Texture: Squad/PartList/SimpleIcons/robotic_servo_rotor
[LOG 11:29:58.050] Load Cached PNG Texture: Squad/PartList/SimpleIcons/scanner_arm
[LOG 11:29:58.050] Load Cached PNG Texture: Squad/PartList/SimpleIcons/variant
[LOG 11:29:58.050] Load Cached PNG Texture: Squad/Parts/@thumbs/adapterSmallMiniShort_icon0
[LOG 11:29:58.050] Load Cached PNG Texture: Squad/Parts/@thumbs/adapterSmallMiniShort_icon1
[LOG 11:29:58.050] Load Cached PNG Texture: Squad/Parts/@thumbs/adapterSmallMiniTall_icon0
[LOG 11:29:58.050] Load Cached PNG Texture: Squad/Parts/@thumbs/adapterSmallMiniTall_icon1
[LOG 11:29:58.050] Load Cached PNG Texture: Squad/Parts/@thumbs/AdvancedCanard_icon
[LOG 11:29:58.051] Load Cached PNG Texture: Squad/Parts/@thumbs/advSasModule_icon
[LOG 11:29:58.051] Load Cached PNG Texture: Squad/Parts/@thumbs/airbrake1_icon
[LOG 11:29:58.051] Load Cached PNG Texture: Squad/Parts/@thumbs/airScoop_icon
[LOG 11:29:58.051] Load Cached PNG Texture: Squad/Parts/@thumbs/avionicsNoseCone_icon
[LOG 11:29:58.051] Load Cached PNG Texture: Squad/Parts/@thumbs/basicFin_icon
[LOG 11:29:58.051] Load Cached PNG Texture: Squad/Parts/@thumbs/batteryBankMini_icon
[LOG 11:29:58.051] Load Cached PNG Texture: Squad/Parts/@thumbs/batteryBank_icon
[LOG 11:29:58.051] Load Cached PNG Texture: Squad/Parts/@thumbs/batteryPack_icon
[LOG 11:29:58.051] Load Cached PNG Texture: Squad/Parts/@thumbs/cargoContainer_icon
[LOG 11:29:58.051] Load Cached PNG Texture: Squad/Parts/@thumbs/CargoStorageUnit_icon
[LOG 11:29:58.051] Load Cached PNG Texture: Squad/Parts/@thumbs/CircularIntake_icon
[LOG 11:29:58.051] Load Cached PNG Texture: Squad/Parts/@thumbs/commDish_icon
[LOG 11:29:58.051] Load Cached PNG Texture: Squad/Parts/@thumbs/Decoupler.0_icon0
[LOG 11:29:58.052] Load Cached PNG Texture: Squad/Parts/@thumbs/Decoupler.0_icon1
[LOG 11:29:58.052] Load Cached PNG Texture: Squad/Parts/@thumbs/Decoupler.1_icon0
[LOG 11:29:58.052] Load Cached PNG Texture: Squad/Parts/@thumbs/Decoupler.1_icon1
[LOG 11:29:58.052] Load Cached PNG Texture: Squad/Parts/@thumbs/dockingPort1_icon
[LOG 11:29:58.052] Load Cached PNG Texture: Squad/Parts/@thumbs/dockingPort2_icon
[LOG 11:29:58.052] Load Cached PNG Texture: Squad/Parts/@thumbs/dockingPort3_icon
[LOG 11:29:58.052] Load Cached PNG Texture: Squad/Parts/@thumbs/domeLight1_icon0
[LOG 11:29:58.052] Load Cached PNG Texture: Squad/Parts/@thumbs/domeLight1_icon1
[LOG 11:29:58.052] Load Cached PNG Texture: Squad/Parts/@thumbs/elevon2_icon
[LOG 11:29:58.053] Load Cached PNG Texture: Squad/Parts/@thumbs/elevon3_icon
[LOG 11:29:58.053] Load Cached PNG Texture: Squad/Parts/@thumbs/elevon5_icon
[LOG 11:29:58.053] Load Cached PNG Texture: Squad/Parts/@thumbs/evaChute_icon
[LOG 11:29:58.053] Load Cached PNG Texture: Squad/Parts/@thumbs/evaCylinder_icon
[LOG 11:29:58.053] Load Cached PNG Texture: Squad/Parts/@thumbs/evaJetpack_icon
[LOG 11:29:58.053] Load Cached PNG Texture: Squad/Parts/@thumbs/evaRepairKit_icon
[LOG 11:29:58.053] Load Cached PNG Texture: Squad/Parts/@thumbs/evaScienceKit_icon
[LOG 11:29:58.053] Load Cached PNG Texture: Squad/Parts/@thumbs/externalTankCapsule_icon0
[LOG 11:29:58.053] Load Cached PNG Texture: Squad/Parts/@thumbs/externalTankCapsule_icon1
[LOG 11:29:58.053] Load Cached PNG Texture: Squad/Parts/@thumbs/externalTankRound_icon0
[LOG 11:29:58.053] Load Cached PNG Texture: Squad/Parts/@thumbs/externalTankRound_icon1
[LOG 11:29:58.053] Load Cached PNG Texture: Squad/Parts/@thumbs/externalTankToroid_icon0
[LOG 11:29:58.053] Load Cached PNG Texture: Squad/Parts/@thumbs/externalTankToroid_icon1
[LOG 11:29:58.054] Load Cached PNG Texture: Squad/Parts/@thumbs/fireworksLauncherBig_icon
[LOG 11:29:58.054] Load Cached PNG Texture: Squad/Parts/@thumbs/fireworksLauncherSmall_icon
[LOG 11:29:58.054] Load Cached PNG Texture: Squad/Parts/@thumbs/foldingRadMed_icon
[LOG 11:29:58.054] Load Cached PNG Texture: Squad/Parts/@thumbs/foldingRadSmall_icon
[LOG 11:29:58.054] Load Cached PNG Texture: Squad/Parts/@thumbs/FuelCellArray_icon
[LOG 11:29:58.054] Load Cached PNG Texture: Squad/Parts/@thumbs/FuelCell_icon
[LOG 11:29:58.054] Load Cached PNG Texture: Squad/Parts/@thumbs/fuelTankSmallFlat_icon0
[LOG 11:29:58.054] Load Cached PNG Texture: Squad/Parts/@thumbs/fuelTankSmallFlat_icon1
[LOG 11:29:58.054] Load Cached PNG Texture: Squad/Parts/@thumbs/fuelTankSmallFlat_icon2
[LOG 11:29:58.054] Load Cached PNG Texture: Squad/Parts/@thumbs/fuelTankSmallFlat_icon3
[LOG 11:29:58.054] Load Cached PNG Texture: Squad/Parts/@thumbs/fuelTankSmall_icon0
[LOG 11:29:58.054] Load Cached PNG Texture: Squad/Parts/@thumbs/fuelTankSmall_icon1
[LOG 11:29:58.054] Load Cached PNG Texture: Squad/Parts/@thumbs/fuelTankSmall_icon2
[LOG 11:29:58.054] Load Cached PNG Texture: Squad/Parts/@thumbs/fuelTankSmall_icon3
[LOG 11:29:58.055] Load Cached PNG Texture: Squad/Parts/@thumbs/GearFixed_icon
[LOG 11:29:58.055] Load Cached PNG Texture: Squad/Parts/@thumbs/GearFree_icon
[LOG 11:29:58.055] Load Cached PNG Texture: Squad/Parts/@thumbs/GearSmall_icon
[LOG 11:29:58.055] Load Cached PNG Texture: Squad/Parts/@thumbs/GooExperiment_icon
[LOG 11:29:58.055] Load Cached PNG Texture: Squad/Parts/@thumbs/groundAnchor_icon
[LOG 11:29:58.055] Load Cached PNG Texture: Squad/Parts/@thumbs/groundLight1_icon
[LOG 11:29:58.055] Load Cached PNG Texture: Squad/Parts/@thumbs/groundLight2_icon
[LOG 11:29:58.055] Load Cached PNG Texture: Squad/Parts/@thumbs/HeatShield0_icon
[LOG 11:29:58.055] Load Cached PNG Texture: Squad/Parts/@thumbs/HeatShield1_icon
[LOG 11:29:58.055] Load Cached PNG Texture: Squad/Parts/@thumbs/HECS2.ProbeCore_icon
[LOG 11:29:58.055] Load Cached PNG Texture: Squad/Parts/@thumbs/HighGainAntenna5.v2_icon
[LOG 11:29:58.055] Load Cached PNG Texture: Squad/Parts/@thumbs/HighGainAntenna5_icon
[LOG 11:29:58.055] Load Cached PNG Texture: Squad/Parts/@thumbs/HighGainAntenna_icon
[LOG 11:29:58.055] Load Cached PNG Texture: Squad/Parts/@thumbs/IntakeRadialLong_icon
[LOG 11:29:58.055] Load Cached PNG Texture: Squad/Parts/@thumbs/ionEngine_icon
[LOG 11:29:58.056] Load Cached PNG Texture: Squad/Parts/@thumbs/ksp.r.largeBatteryPack_icon
[LOG 11:29:58.056] Load Cached PNG Texture: Squad/Parts/@thumbs/ladder1_icon
[LOG 11:29:58.056] Load Cached PNG Texture: Squad/Parts/@thumbs/landingLeg1-2_icon
[LOG 11:29:58.056] Load Cached PNG Texture: Squad/Parts/@thumbs/landingLeg1_icon
[LOG 11:29:58.056] Load Cached PNG Texture: Squad/Parts/@thumbs/LgRadialSolarPanel_icon
[LOG 11:29:58.056] Load Cached PNG Texture: Squad/Parts/@thumbs/linearRcs_icon
[LOG 11:29:58.056] Load Cached PNG Texture: Squad/Parts/@thumbs/liquidEngine3.v2_icon0
[LOG 11:29:58.056] Load Cached PNG Texture: Squad/Parts/@thumbs/liquidEngine3.v2_icon1
[LOG 11:29:58.056] Load Cached PNG Texture: Squad/Parts/@thumbs/liquidEngine3.v2_icon2
[LOG 11:29:58.056] Load Cached PNG Texture: Squad/Parts/@thumbs/liquidEngineMini.v2_icon0
[LOG 11:29:58.056] Load Cached PNG Texture: Squad/Parts/@thumbs/liquidEngineMini.v2_icon1
[LOG 11:29:58.056] Load Cached PNG Texture: Squad/Parts/@thumbs/liquidEngineMini.v2_icon2
[LOG 11:29:58.056] Load Cached PNG Texture: Squad/Parts/@thumbs/longAntenna_icon
[LOG 11:29:58.056] Load Cached PNG Texture: Squad/Parts/@thumbs/Magnetometer_icon
[LOG 11:29:58.056] Load Cached PNG Texture: Squad/Parts/@thumbs/mediumDishAntenna_icon
[LOG 11:29:58.057] Load Cached PNG Texture: Squad/Parts/@thumbs/microEngine.v2_icon0
[LOG 11:29:58.057] Load Cached PNG Texture: Squad/Parts/@thumbs/microEngine.v2_icon1
[LOG 11:29:58.057] Load Cached PNG Texture: Squad/Parts/@thumbs/MiniDrill_icon
[LOG 11:29:58.057] Load Cached PNG Texture: Squad/Parts/@thumbs/miniFuelTank_icon
[LOG 11:29:58.057] Load Cached PNG Texture: Squad/Parts/@thumbs/miniFuselage_icon
[LOG 11:29:58.057] Load Cached PNG Texture: Squad/Parts/@thumbs/miniIntake_icon
[LOG 11:29:58.057] Load Cached PNG Texture: Squad/Parts/@thumbs/miniJetEngine_icon
[LOG 11:29:58.057] Load Cached PNG Texture: Squad/Parts/@thumbs/miniLandingLeg_icon
[LOG 11:29:58.057] Load Cached PNG Texture: Squad/Parts/@thumbs/Mite_icon
[LOG 11:29:58.057] Load Cached PNG Texture: Squad/Parts/@thumbs/mk1pod.v2_icon0
[LOG 11:29:58.057] Load Cached PNG Texture: Squad/Parts/@thumbs/mk2DroneCore_icon
[LOG 11:29:58.057] Load Cached PNG Texture: Squad/Parts/@thumbs/MpoProbe_icon
[LOG 11:29:58.057] Load Cached PNG Texture: Squad/Parts/@thumbs/navLight1_icon0
[LOG 11:29:58.058] Load Cached PNG Texture: Squad/Parts/@thumbs/navLight1_icon1
[LOG 11:29:58.058] Load Cached PNG Texture: Squad/Parts/@thumbs/noseCone_icon0
[LOG 11:29:58.058] Load Cached PNG Texture: Squad/Parts/@thumbs/noseCone_icon1
[LOG 11:29:58.058] Load Cached PNG Texture: Squad/Parts/@thumbs/noseCone_icon2
[LOG 11:29:58.058] Load Cached PNG Texture: Squad/Parts/@thumbs/omsEngine_icon
[LOG 11:29:58.058] Load Cached PNG Texture: Squad/Parts/@thumbs/OrbitalScanner_icon
[LOG 11:29:58.058] Load Cached PNG Texture: Squad/Parts/@thumbs/parachuteDrogue_icon
[LOG 11:29:58.058] Load Cached PNG Texture: Squad/Parts/@thumbs/parachuteLarge_icon
[LOG 11:29:58.058] Load Cached PNG Texture: Squad/Parts/@thumbs/parachuteRadial_icon
[LOG 11:29:58.058] Load Cached PNG Texture: Squad/Parts/@thumbs/parachuteSingle_icon
[LOG 11:29:58.058] Load Cached PNG Texture: Squad/Parts/@thumbs/probeCoreCube_icon
[LOG 11:29:58.058] Load Cached PNG Texture: Squad/Parts/@thumbs/probeCoreHex.v2_icon
[LOG 11:29:58.058] Load Cached PNG Texture: Squad/Parts/@thumbs/probeCoreOcto.v2_icon
[LOG 11:29:58.059] Load Cached PNG Texture: Squad/Parts/@thumbs/probeCoreOcto2.v2_icon
[LOG 11:29:58.059] Load Cached PNG Texture: Squad/Parts/@thumbs/probeCoreSphere.v2_icon
[LOG 11:29:58.059] Load Cached PNG Texture: Squad/Parts/@thumbs/probeStackLarge_icon
[LOG 11:29:58.059] Load Cached PNG Texture: Squad/Parts/@thumbs/probeStackSmall_icon
[LOG 11:29:58.059] Load Cached PNG Texture: Squad/Parts/@thumbs/R8winglet_icon
[LOG 11:29:58.059] Load Cached PNG Texture: Squad/Parts/@thumbs/radialDecoupler1-2_icon
[LOG 11:29:58.059] Load Cached PNG Texture: Squad/Parts/@thumbs/radialDecoupler2_icon
[LOG 11:29:58.059] Load Cached PNG Texture: Squad/Parts/@thumbs/radialDecoupler_icon
[LOG 11:29:58.059] Load Cached PNG Texture: Squad/Parts/@thumbs/radialDrogue_icon
[LOG 11:29:58.059] Load Cached PNG Texture: Squad/Parts/@thumbs/radialEngineMini.v2_icon0
[LOG 11:29:58.059] Load Cached PNG Texture: Squad/Parts/@thumbs/radialEngineMini.v2_icon1
[LOG 11:29:58.060] Load Cached PNG Texture: Squad/Parts/@thumbs/radialLiquidEngine1-2_icon
[LOG 11:29:58.060] Load Cached PNG Texture: Squad/Parts/@thumbs/RadialOreTank_icon
[LOG 11:29:58.060] Load Cached PNG Texture: Squad/Parts/@thumbs/radialRCSTank_icon
[LOG 11:29:58.060] Load Cached PNG Texture: Squad/Parts/@thumbs/radPanelEdge_icon
[LOG 11:29:58.060] Load Cached PNG Texture: Squad/Parts/@thumbs/radPanelLg_icon
[LOG 11:29:58.060] Load Cached PNG Texture: Squad/Parts/@thumbs/radPanelSm_icon
[LOG 11:29:58.060] Load Cached PNG Texture: Squad/Parts/@thumbs/RCSblock.01.small_icon0
[LOG 11:29:58.060] Load Cached PNG Texture: Squad/Parts/@thumbs/RCSblock.01.small_icon1
[LOG 11:29:58.060] Load Cached PNG Texture: Squad/Parts/@thumbs/RCSblock.01.small_icon2
[LOG 11:29:58.060] Load Cached PNG Texture: Squad/Parts/@thumbs/RCSblock.01.small_icon3
[LOG 11:29:58.060] Load Cached PNG Texture: Squad/Parts/@thumbs/RCSblock.01.small_icon4
[LOG 11:29:58.060] Load Cached PNG Texture: Squad/Parts/@thumbs/RCSBlock.v2_icon
[LOG 11:29:58.061] Load Cached PNG Texture: Squad/Parts/@thumbs/RCSBlock.v2_icon0
[LOG 11:29:58.061] Load Cached PNG Texture: Squad/Parts/@thumbs/RCSBlock.v2_icon1
[LOG 11:29:58.061] Load Cached PNG Texture: Squad/Parts/@thumbs/RCSBlock.v2_icon2
[LOG 11:29:58.061] Load Cached PNG Texture: Squad/Parts/@thumbs/RCSBlock.v2_icon3
[LOG 11:29:58.061] Load Cached PNG Texture: Squad/Parts/@thumbs/RCSBlock.v2_icon4
[LOG 11:29:58.064] Load Cached PNG Texture: Squad/Parts/@thumbs/RCSFuelTank_icon
[LOG 11:29:58.064] Load Cached PNG Texture: Squad/Parts/@thumbs/RCSLinearSmall_icon
[LOG 11:29:58.064] Load Cached PNG Texture: Squad/Parts/@thumbs/rcsTankMini_icon
[LOG 11:29:58.064] Load Cached PNG Texture: Squad/Parts/@thumbs/RelayAntenna5_icon
[LOG 11:29:58.065] Load Cached PNG Texture: Squad/Parts/@thumbs/ReleaseValve_icon
[LOG 11:29:58.065] Load Cached PNG Texture: Squad/Parts/@thumbs/roverBody.v2_icon0
[LOG 11:29:58.065] Load Cached PNG Texture: Squad/Parts/@thumbs/roverBody.v2_icon1
[LOG 11:29:58.065] Load Cached PNG Texture: Squad/Parts/@thumbs/roverBody.v2_icon2
[LOG 11:29:58.065] Load Cached PNG Texture: Squad/Parts/@thumbs/roverWheel1_icon
[LOG 11:29:58.065] Load Cached PNG Texture: Squad/Parts/@thumbs/roverWheel2_icon
[LOG 11:29:58.065] Load Cached PNG Texture: Squad/Parts/@thumbs/rtg_icon
[LOG 11:29:58.065] Load Cached PNG Texture: Squad/Parts/@thumbs/sasModule_icon
[LOG 11:29:58.065] Load Cached PNG Texture: Squad/Parts/@thumbs/science.module_icon
[LOG 11:29:58.065] Load Cached PNG Texture: Squad/Parts/@thumbs/ScienceBox_icon
[LOG 11:29:58.065] Load Cached PNG Texture: Squad/Parts/@thumbs/seatExternalCmd_icon
[LOG 11:29:58.070] Load Cached PNG Texture: Squad/Parts/@thumbs/sensorAccelerometer_icon
[LOG 11:29:58.070] Load Cached PNG Texture: Squad/Parts/@thumbs/sensorAtmosphere_icon
[LOG 11:29:58.070] Load Cached PNG Texture: Squad/Parts/@thumbs/sensorBarometer_icon
[LOG 11:29:58.071] Load Cached PNG Texture: Squad/Parts/@thumbs/sensorGravimeter_icon
[LOG 11:29:58.071] Load Cached PNG Texture: Squad/Parts/@thumbs/sensorThermometer_icon
[LOG 11:29:58.071] Load Cached PNG Texture: Squad/Parts/@thumbs/Separator.0_icon0
[LOG 11:29:58.071] Load Cached PNG Texture: Squad/Parts/@thumbs/Separator.0_icon1
[LOG 11:29:58.071] Load Cached PNG Texture: Squad/Parts/@thumbs/Separator.1_icon0
[LOG 11:29:58.071] Load Cached PNG Texture: Squad/Parts/@thumbs/Separator.1_icon1
[LOG 11:29:58.071] Load Cached PNG Texture: Squad/Parts/@thumbs/sepMotor1_icon
[LOG 11:29:58.071] Load Cached PNG Texture: Squad/Parts/@thumbs/ServiceBay.125.v2_icon
[LOG 11:29:58.071] Load Cached PNG Texture: Squad/Parts/@thumbs/shockConeIntake_icon
[LOG 11:29:58.071] Load Cached PNG Texture: Squad/Parts/@thumbs/Shrimp_icon
[LOG 11:29:58.071] Load Cached PNG Texture: Squad/Parts/@thumbs/smallCargoContainer_icon
[LOG 11:29:58.072] Load Cached PNG Texture: Squad/Parts/@thumbs/smallClaw_icon0
[LOG 11:29:58.072] Load Cached PNG Texture: Squad/Parts/@thumbs/smallClaw_icon1
[LOG 11:29:58.072] Load Cached PNG Texture: Squad/Parts/@thumbs/smallCtrlSrf_icon
[LOG 11:29:58.072] Load Cached PNG Texture: Squad/Parts/@thumbs/SmallGearBay_icon
[LOG 11:29:58.072] Load Cached PNG Texture: Squad/Parts/@thumbs/smallHardpoint_icon
[LOG 11:29:58.072] Load Cached PNG Texture: Squad/Parts/@thumbs/smallRadialEngine.v2_icon0
[LOG 11:29:58.072] Load Cached PNG Texture: Squad/Parts/@thumbs/smallRadialEngine.v2_icon1
[LOG 11:29:58.072] Load Cached PNG Texture: Squad/Parts/@thumbs/solarPanelOX10C_icon
[LOG 11:29:58.072] Load Cached PNG Texture: Squad/Parts/@thumbs/solarPanelOX10L_icon
[LOG 11:29:58.072] Load Cached PNG Texture: Squad/Parts/@thumbs/solarPanels1_icon
[LOG 11:29:58.072] Load Cached PNG Texture: Squad/Parts/@thumbs/solarPanels2_icon
[LOG 11:29:58.072] Load Cached PNG Texture: Squad/Parts/@thumbs/solarPanels3_icon
[LOG 11:29:58.073] Load Cached PNG Texture: Squad/Parts/@thumbs/solarPanels4_icon
[LOG 11:29:58.073] Load Cached PNG Texture: Squad/Parts/@thumbs/solarPanels5_icon
[LOG 11:29:58.073] Load Cached PNG Texture: Squad/Parts/@thumbs/solarPanelSP10C_icon
[LOG 11:29:58.073] Load Cached PNG Texture: Squad/Parts/@thumbs/solarPanelSP10L_icon
[LOG 11:29:58.073] Load Cached PNG Texture: Squad/Parts/@thumbs/spotLight1_icon
[LOG 11:29:58.073] Load Cached PNG Texture: Squad/Parts/@thumbs/spotLight2_icon
[LOG 11:29:58.073] Load Cached PNG Texture: Squad/Parts/@thumbs/spotLight3_icon0
[LOG 11:29:58.073] Load Cached PNG Texture: Squad/Parts/@thumbs/spotLight3_icon1
[LOG 11:29:58.073] Load Cached PNG Texture: Squad/Parts/@thumbs/stackPoint1_icon
[LOG 11:29:58.073] Load Cached PNG Texture: Squad/Parts/@thumbs/StandardCtrlSrf_icon
[LOG 11:29:58.073] Load Cached PNG Texture: Squad/Parts/@thumbs/standardNoseCone_icon
[LOG 11:29:58.073] Load Cached PNG Texture: Squad/Parts/@thumbs/stripLight1_icon0
[LOG 11:29:58.073] Load Cached PNG Texture: Squad/Parts/@thumbs/stripLight1_icon1
[LOG 11:29:58.073] Load Cached PNG Texture: Squad/Parts/@thumbs/structuralIBeam1_icon
[LOG 11:29:58.074] Load Cached PNG Texture: Squad/Parts/@thumbs/structuralIBeam3_icon
[LOG 11:29:58.074] Load Cached PNG Texture: Squad/Parts/@thumbs/structuralMiniNode_icon
[LOG 11:29:58.074] Load Cached PNG Texture: Squad/Parts/@thumbs/structuralPanel1_icon
[LOG 11:29:58.074] Load Cached PNG Texture: Squad/Parts/@thumbs/structuralPanel2_icon
[LOG 11:29:58.074] Load Cached PNG Texture: Squad/Parts/@thumbs/structuralWing4_icon
[LOG 11:29:58.074] Load Cached PNG Texture: Squad/Parts/@thumbs/strutCube_icon
[LOG 11:29:58.074] Load Cached PNG Texture: Squad/Parts/@thumbs/strutOcto_icon
[LOG 11:29:58.074] Load Cached PNG Texture: Squad/Parts/@thumbs/SurfaceScanner_icon
[LOG 11:29:58.074] Load Cached PNG Texture: Squad/Parts/@thumbs/SurfAntenna_icon
[LOG 11:29:58.074] Load Cached PNG Texture: Squad/Parts/@thumbs/telescopicLadderBay_icon
[LOG 11:29:58.074] Load Cached PNG Texture: Squad/Parts/@thumbs/telescopicLadder_icon
[LOG 11:29:58.074] Load Cached PNG Texture: Squad/Parts/@thumbs/toroidalAerospike_icon
[LOG 11:29:58.074] Load Cached PNG Texture: Squad/Parts/@thumbs/trussAdapter_icon
[LOG 11:29:58.074] Load Cached PNG Texture: Squad/Parts/@thumbs/trussPiece1x_icon
[LOG 11:29:58.074] Load Cached PNG Texture: Squad/Parts/@thumbs/trussPiece3x_icon
[LOG 11:29:58.075] Load Cached PNG Texture: Squad/Parts/@thumbs/vernierEngine_icon
[LOG 11:29:58.075] Load Cached PNG Texture: Squad/Parts/@thumbs/wheelMed_icon
[LOG 11:29:58.075] Load Cached PNG Texture: Squad/Parts/@thumbs/wingConnector4_icon
[LOG 11:29:58.075] Load Cached PNG Texture: Squad/Parts/@thumbs/wingConnector5_icon
[LOG 11:29:58.075] Load Cached PNG Texture: Squad/Parts/@thumbs/winglet3_icon
[LOG 11:29:58.075] Load Cached PNG Texture: Squad/Parts/@thumbs/winglet_icon
[LOG 11:29:58.075] Load Cached PNG Texture: Squad/Parts/@thumbs/wingShuttleElevon1_icon
[LOG 11:29:58.076] Load Cached PNG Texture: Squad/Parts/@thumbs/xenonTankLarge_icon
[LOG 11:29:58.076] Load Cached PNG Texture: Squad/Parts/@thumbs/xenonTankRadial_icon
[LOG 11:29:58.076] Load Cached PNG Texture: Squad/Parts/@thumbs/xenonTank_icon
[LOG 11:29:58.076] Load DDS texture: Squad/Parts/Aero/aerodynamicNoseCone/Rockomax_Adapters_diffuse
[LOG 11:29:58.076] Load DDS texture: Squad/Parts/Aero/aerodynamicNoseCone/Rockomax_Adapters_normal
[LOG 11:29:58.077] Load DDS texture: Squad/Parts/Aero/airbrake/airbrake
[LOG 11:29:58.077] Load DDS texture: Squad/Parts/Aero/airIntakeRadialXM-G50/RadialIntake
[LOG 11:29:58.079] Load DDS texture: Squad/Parts/Aero/airlinerWings/AirlinerWings
[LOG 11:29:58.084] Load DDS texture: Squad/Parts/Aero/airplaneFins/AirplaneFins
[LOG 11:29:58.090] Load DDS texture: Squad/Parts/Aero/basicFin/BasicFin
[LOG 11:29:58.091] Load DDS texture: Squad/Parts/Aero/circularIntake/CircluarIntakes
[LOG 11:29:58.091] Load DDS texture: Squad/Parts/Aero/circularIntake/CircluarIntakes_Heat
[LOG 11:29:58.091] Load DDS texture: Squad/Parts/Aero/cones/Assets/Cones
[LOG 11:29:58.092] Load DDS texture: Squad/Parts/Aero/cones/Assets/ConesDiffuse
[LOG 11:29:58.093] Load DDS texture: Squad/Parts/Aero/cones/Assets/ConesDiffuse_Orange
[LOG 11:29:58.095] Load DDS texture: Squad/Parts/Aero/cones/Assets/ConesDiffuse_White
[LOG 11:29:58.097] Load DDS texture: Squad/Parts/Aero/cones/Assets/ConesHeat
[LOG 11:29:58.100] Load DDS texture: Squad/Parts/Aero/cones/Assets/ConesHeat_Orange
[LOG 11:29:58.106] Load DDS texture: Squad/Parts/Aero/cones/Assets/ConesHeat_White
[LOG 11:29:58.107] Load DDS texture: Squad/Parts/Aero/cones/Assets/Cones_Heat
[LOG 11:29:58.110] Load Cached PNG Texture: Squad/Parts/Aero/cones/Assets/rocketNoseCones_O
[LOG 11:29:58.115] Load Cached PNG Texture: Squad/Parts/Aero/cones/Assets/rocketNoseCones_O_Normal
[LOG 11:29:58.118] Load DDS texture: Squad/Parts/Aero/cones/Assets/rocketNoseCones_W
[LOG 11:29:58.126] Load DDS texture: Squad/Parts/Aero/cones/Assets/Rockomax_Adapters_diffuse
[LOG 11:29:58.127] Load DDS texture: Squad/Parts/Aero/cones/Assets/Rockomax_Adapters_normal
[LOG 11:29:58.145] Load DDS texture: Squad/Parts/Aero/fairings/AutoTruss
[LOG 11:29:58.146] Load DDS texture: Squad/Parts/Aero/fairings/FairingBase
[LOG 11:29:58.146] Load DDS texture: Squad/Parts/Aero/fairings/FairingBaseNormals
[LOG 11:29:58.147] Load DDS texture: Squad/Parts/Aero/fairings/FairingBaseNormals_bw
[LOG 11:29:58.147] Load DDS texture: Squad/Parts/Aero/fairings/FairingBaseNormals_goldSilver
[LOG 11:29:58.147] Load DDS texture: Squad/Parts/Aero/fairings/FairingBaseNormals_orange
[LOG 11:29:58.148] Load Cached PNG Texture: Squad/Parts/Aero/fairings/FairingBase_black
[LOG 11:29:58.156] Load DDS texture: Squad/Parts/Aero/fairings/FairingBase_bw
[LOG 11:29:58.156] Load DDS texture: Squad/Parts/Aero/fairings/FairingBase_goldDiffuse
[LOG 11:29:58.156] Load DDS texture: Squad/Parts/Aero/fairings/FairingBase_goldSpecular
[LOG 11:29:58.156] Load DDS texture: Squad/Parts/Aero/fairings/FairingBase_orange
[LOG 11:29:58.156] Load DDS texture: Squad/Parts/Aero/fairings/FairingBase_silverDiffuse
[LOG 11:29:58.157] Load DDS texture: Squad/Parts/Aero/fairings/FairingBase_silverSpecular
[LOG 11:29:58.157] Load DDS texture: Squad/Parts/Aero/fairings/fairingsCap
[LOG 11:29:58.157] Load DDS texture: Squad/Parts/Aero/fairings/FairingsMat_silverSpecular
[LOG 11:29:58.159] Load DDS texture: Squad/Parts/Aero/fairings/fairings_diff
[LOG 11:29:58.161] Load DDS texture: Squad/Parts/Aero/fairings/fairings_diff_grey
[LOG 11:29:58.162] Load DDS texture: Squad/Parts/Aero/fairings/fairings_diff_orange
[LOG 11:29:58.163] Load DDS texture: Squad/Parts/Aero/fairings/fairings_grey_normals
[LOG 11:29:58.164] Load DDS texture: Squad/Parts/Aero/fairings/fairings_normals
[LOG 11:29:58.165] Load DDS texture: Squad/Parts/Aero/fairings/fairings_normals_silver
[LOG 11:29:58.168] Load DDS texture: Squad/Parts/Aero/fairings/fairings_orange_normals
[LOG 11:29:58.169] Load DDS texture: Squad/Parts/Aero/fairings/fairings_silverDiffuse
[LOG 11:29:58.169] Load DDS texture: Squad/Parts/Aero/HeatShield/Fairing
[LOG 11:29:58.169] Load DDS texture: Squad/Parts/Aero/HeatShield/heatshield
[LOG 11:29:58.170] Load DDS texture: Squad/Parts/Aero/InflatableHeatShield/HeatShield
[LOG 11:29:58.174] Load DDS texture: Squad/Parts/Aero/InflatableHeatShield/HeatShieldFairing
[LOG 11:29:58.174] Load DDS texture: Squad/Parts/Aero/InflatableHeatShield/HeatShield_NRM
[LOG 11:29:58.175] Load DDS texture: Squad/Parts/Aero/intakeRadialLong/Radial_long
[LOG 11:29:58.175] Load DDS texture: Squad/Parts/Aero/miniIntake/SmallIntake
[LOG 11:29:58.175] Load DDS texture: Squad/Parts/Aero/ramAirIntake/RampIntake
[LOG 11:29:58.176] Load DDS texture: Squad/Parts/Aero/ramAirIntake/RampIntake_Heat
[LOG 11:29:58.176] Load DDS texture: Squad/Parts/Aero/shuttleWings/ShuttleWings
[LOG 11:29:58.184] Load DDS texture: Squad/Parts/Aero/wingletAV-R8/model000
[LOG 11:29:58.185] Load DDS texture: Squad/Parts/Aero/wingletAV-R8/model001
[LOG 11:29:58.186] Load DDS texture: Squad/Parts/Aero/wingletAV-T1/model000
[LOG 11:29:58.186] Load DDS texture: Squad/Parts/Aero/wingletAV-T1/model001
[LOG 11:29:58.186] Load DDS texture: Squad/Parts/Aero/wingletDeltaDeluxe/model000
[LOG 11:29:58.186] Load DDS texture: Squad/Parts/Aero/wings/Wings
[LOG 11:29:58.187] Load DDS texture: Squad/Parts/Cargo/CargoContainers/cargoContainer_diff
[LOG 11:29:58.187] Load DDS texture: Squad/Parts/Cargo/CargoContainers/smallCargoContainer_diffuse
[LOG 11:29:58.188] Load DDS texture: Squad/Parts/Cargo/CargoContainers/smallCargoContainer_nrm
[LOG 11:29:58.188] Load DDS texture: Squad/Parts/Cargo/CargoContainers/smallCargoContainer_specular
[LOG 11:29:58.188] Load DDS texture: Squad/Parts/Cargo/Cylinder/EVAcylinder_diffuse
[LOG 11:29:58.188] Load DDS texture: Squad/Parts/Cargo/Cylinder/EVAcylinder_nrm
[LOG 11:29:58.189] Load DDS texture: Squad/Parts/Cargo/GroundAnchor/groundAnchor_diffuse
[LOG 11:29:58.189] Load DDS texture: Squad/Parts/Cargo/GroundAnchor/groundAnchor_nrm
[LOG 11:29:58.189] Load DDS texture: Squad/Parts/Cargo/Jetpack/EVAjetpack
[LOG 11:29:58.191] Load DDS texture: Squad/Parts/Cargo/Jetpack/EVAjetpackEmmisive
[LOG 11:29:58.191] Load DDS texture: Squad/Parts/Cargo/Jetpack/EVAjetpackNRM
[LOG 11:29:58.196] Load DDS texture: Squad/Parts/Cargo/Parachute/backpack_Diff
[LOG 11:29:58.205] Load DDS texture: Squad/Parts/Cargo/Parachute/backpack_NM
[LOG 11:29:58.211] Load DDS texture: Squad/Parts/Cargo/RepairKit/RepairKit_Diffuse
[LOG 11:29:58.212] Load DDS texture: Squad/Parts/Cargo/RepairKit/RepairKit_Normal
[LOG 11:29:58.213] Load DDS texture: Squad/Parts/Cargo/ScienceKit/ExperimentKit_Material_Diffuse
[LOG 11:29:58.214] Load DDS texture: Squad/Parts/Cargo/ScienceKit/ExperimentKit_Material_Emissive
[LOG 11:29:58.215] Load DDS texture: Squad/Parts/Cargo/ScienceKit/ExperimentKit_Material_Normal
[LOG 11:29:58.216] Load DDS texture: Squad/Parts/Cargo/StorageUnits/Assets/Cargo_Material_Diffuse
[LOG 11:29:58.222] Load DDS texture: Squad/Parts/Cargo/StorageUnits/Assets/Cargo_Material_Normal
[LOG 11:29:58.233] Load DDS texture: Squad/Parts/Command/advancedSasModuleLarge/model000
[LOG 11:29:58.235] Load DDS texture: Squad/Parts/Command/advancedSasModuleLarge/model001
[LOG 11:29:58.236] Load DDS texture: Squad/Parts/Command/cupola/cupola_Emissive
[LOG 11:29:58.236] Load DDS texture: Squad/Parts/Command/cupola/ksp_l_cupola_diff
[LOG 11:29:58.237] Load DDS texture: Squad/Parts/Command/cupola/ksp_l_cupola_normal
[LOG 11:29:58.238] Load DDS texture: Squad/Parts/Command/cupola/window
[LOG 11:29:58.239] Load DDS texture: Squad/Parts/Command/externalCommandSeat/model000
[LOG 11:29:58.240] Load DDS texture: Squad/Parts/Command/hitchhikerStorageContainer/cabin
[LOG 11:29:58.242] Load DDS texture: Squad/Parts/Command/hitchhikerStorageContainer/cabin_Illum
[LOG 11:29:58.242] Load DDS texture: Squad/Parts/Command/hitchhikerStorageContainer/cabin_n
[LOG 11:29:58.243] Load DDS texture: Squad/Parts/Command/hitchhikerStorageContainer/window
[LOG 11:29:58.243] Load DDS texture: Squad/Parts/Command/inlineAdvancedStabilizer/model000
[LOG 11:29:58.243] Load DDS texture: Squad/Parts/Command/inlineAdvancedStabilizer/model001
[LOG 11:29:58.244] Load DDS texture: Squad/Parts/Command/inlineReactionWheel/model000
[LOG 11:29:58.244] Load DDS texture: Squad/Parts/Command/inlineReactionWheel/model001
[LOG 11:29:58.244] Load DDS texture: Squad/Parts/Command/inlineReactionWheel/model002
[LOG 11:29:58.244] Load DDS texture: Squad/Parts/Command/Mk1-2Pod/mk 1-2 external shell Variant-Hatch
[LOG 11:29:58.245] Load DDS texture: Squad/Parts/Command/Mk1-3Pod/M1-3 Pod
[LOG 11:29:58.246] Load DDS texture: Squad/Parts/Command/Mk1-3Pod/M1-3 Pod_GLOW
[LOG 11:29:58.246] Load DDS texture: Squad/Parts/Command/mk1Cockpits/GLOW
[LOG 11:29:58.248] Load DDS texture: Squad/Parts/Command/mk1Cockpits/Mk1Cockpit
[LOG 11:29:58.250] Load DDS texture: Squad/Parts/Command/mk1LanderCan/ksp_s_landerCan_diff
[LOG 11:29:58.251] Load DDS texture: Squad/Parts/Command/mk1LanderCan/ksp_s_landerCan_normal
[LOG 11:29:58.251] Load DDS texture: Squad/Parts/Command/mk1LanderCan/ksp_s_landerCan_psd_illum
[LOG 11:29:58.252] Load DDS texture: Squad/Parts/Command/mk1pod/outer shell
[LOG 11:29:58.252] Load DDS texture: Squad/Parts/Command/mk1pod_v2/Mk1_v2
[LOG 11:29:58.253] Load DDS texture: Squad/Parts/Command/mk1pod_v2/Mk1_v2_GLOW
[LOG 11:29:58.258] Load DDS texture: Squad/Parts/Command/mk1pod_v2/Mk1_v2_GW
[LOG 11:29:58.259] Load DDS texture: Squad/Parts/Command/mk1pod_v2/Mk1_v2_N
[LOG 11:29:58.260] Load DDS texture: Squad/Parts/Command/mk1pod_v2/Mk1_v2_W
[LOG 11:29:58.261] Load DDS texture: Squad/Parts/Command/mk1pod_v2/Mk1_v2_W_N
[LOG 11:29:58.262] Load DDS texture: Squad/Parts/Command/mk2CockpitInline/Cockpit_inline_A
[LOG 11:29:58.263] Load DDS texture: Squad/Parts/Command/mk2CockpitInline/Cockpit_inline_Emissive
[LOG 11:29:58.263] Load DDS texture: Squad/Parts/Command/mk2CockpitInline/Cockpit_inline_normal
[LOG 11:29:58.264] Load DDS texture: Squad/Parts/Command/mk2CockpitStandard/Cockpit
[LOG 11:29:58.268] Load DDS texture: Squad/Parts/Command/mk2CockpitStandard/Cockpit_Lum
[LOG 11:29:58.269] Load DDS texture: Squad/Parts/Command/mk2CockpitStandard/Cockpit_NRM
[LOG 11:29:58.282] Load DDS texture: Squad/Parts/Command/mk2DroneCore/mk2Dronecore
[LOG 11:29:58.283] Load DDS texture: Squad/Parts/Command/mk2LanderCan/Illum
[LOG 11:29:58.283] Load DDS texture: Squad/Parts/Command/mk2LanderCan/ladder
[LOG 11:29:58.283] Load DDS texture: Squad/Parts/Command/mk2LanderCan/outershell
[LOG 11:29:58.284] Load DDS texture: Squad/Parts/Command/mk2LanderCan/outershell_n
[LOG 11:29:58.284] Load DDS texture: Squad/Parts/Command/mk2LanderCan/window
[LOG 11:29:58.284] Load DDS texture: Squad/Parts/Command/mk2LanderCan_v2/Mk2Can
[LOG 11:29:58.297] Load DDS texture: Squad/Parts/Command/mk2LanderCan_v2/Mk2Can_glow
[LOG 11:29:58.316] Load DDS texture: Squad/Parts/Command/mk3CockpitShuttle/Mk3CockpitShuttle
[LOG 11:29:58.317] Load DDS texture: Squad/Parts/Command/mk3CockpitShuttle/Mk3CockpitShuttle_LUM
[LOG 11:29:58.317] Load DDS texture: Squad/Parts/Command/MpoProbe/MpoProbe_diffuse
[LOG 11:29:58.319] Load DDS texture: Squad/Parts/Command/MpoProbe/MpoProbe_nrm
[LOG 11:29:58.326] Load DDS texture: Squad/Parts/Command/MpoProbe/MpoProbe_specular
[LOG 11:29:58.328] Load DDS texture: Squad/Parts/Command/MtmStage/mtmStage_diffuse
[LOG 11:29:58.329] Load DDS texture: Squad/Parts/Command/MtmStage/mtmStage_nrm
[LOG 11:29:58.331] Load DDS texture: Squad/Parts/Command/MtmStage/mtmStage_specular
[LOG 11:29:58.333] Load DDS texture: Squad/Parts/Command/probeCoreCube/QBE_New_diffuse
[LOG 11:29:58.334] Load Cached PNG Texture: Squad/Parts/Command/probeCoreCube/QBE_New_NRM
[LOG 11:29:58.335] Load DDS texture: Squad/Parts/Command/probeCoreCube/QBE_New_specular
[LOG 11:29:58.336] Load DDS texture: Squad/Parts/Command/probeCoreHex/ksp_m_hexProbe_diff
[LOG 11:29:58.338] Load DDS texture: Squad/Parts/Command/probeCoreHex/ksp_m_hexProbe_normal
[LOG 11:29:58.338] Load DDS texture: Squad/Parts/Command/probeCoreHex_v2/hecsDiffuse
[LOG 11:29:58.339] Load DDS texture: Squad/Parts/Command/probeCoreHex_v2/hecsNormal
[LOG 11:29:58.339] Load DDS texture: Squad/Parts/Command/probeCoreOcto2_v2/octoDiffuse
[LOG 11:29:58.339] Load DDS texture: Squad/Parts/Command/probeCoreOcto2_v2/octoNormal
[LOG 11:29:58.339] Load DDS texture: Squad/Parts/Command/probeCoreOcto2_v2/octoSpecular
[LOG 11:29:58.339] Load DDS texture: Squad/Parts/Command/probeCoreOcto_v2/octoDiffuse
[LOG 11:29:58.340] Load DDS texture: Squad/Parts/Command/probeCoreOcto_v2/octoNormal
[LOG 11:29:58.340] Load DDS texture: Squad/Parts/Command/probeCoreOcto_v2/octoSpecular
[LOG 11:29:58.340] Load DDS texture: Squad/Parts/Command/probeRoverBody/model000
[LOG 11:29:58.341] Load DDS texture: Squad/Parts/Command/probeRoverBody/model001
[LOG 11:29:58.341] Load DDS texture: Squad/Parts/Command/probeRoverBody_v2/probeRoverBody_v2_gold_diffuse
[LOG 11:29:58.342] Load Cached PNG Texture: Squad/Parts/Command/probeRoverBody_v2/probeRoverBody_v2_gold_NRM
[LOG 11:29:58.343] Load DDS texture: Squad/Parts/Command/probeRoverBody_v2/probeRoverBody_v2_gold_specular
[LOG 11:29:58.344] Load DDS texture: Squad/Parts/Command/probeRoverBody_v2/probeRoverBody_v2_silver_diffuse
[LOG 11:29:58.346] Load Cached PNG Texture: Squad/Parts/Command/probeRoverBody_v2/probeRoverBody_v2_silver_NRM
[LOG 11:29:58.347] Load DDS texture: Squad/Parts/Command/probeRoverBody_v2/probeRoverBody_v2_silver_specular
[LOG 11:29:58.351] Load DDS texture: Squad/Parts/Command/probeRoverBody_v2/QBE_New_diffuse
[LOG 11:29:58.353] Load DDS texture: Squad/Parts/Command/probeRoverBody_v2/QBE_New_NRM
[LOG 11:29:58.353] Load DDS texture: Squad/Parts/Command/probeRoverBody_v2/QBE_New_specular
[LOG 11:29:58.357] Load DDS texture: Squad/Parts/Command/probeStackLarge/model000
[LOG 11:29:58.357] Load DDS texture: Squad/Parts/Command/probeStackLarge/model001
[LOG 11:29:58.358] Load DDS texture: Squad/Parts/Command/probeStackSmall/model000
[LOG 11:29:58.359] Load DDS texture: Squad/Parts/Command/probeStackSmall/model001
[LOG 11:29:58.360] Load DDS texture: Squad/Parts/Command/probeStackSphere_v2/probeStackSphere_diffuse
[LOG 11:29:58.361] Load DDS texture: Squad/Parts/Command/probeStackSphere_v2/probeStackSphere_normal
[LOG 11:29:58.362] Load DDS texture: Squad/Parts/Command/probeStackSphere_v2/probeStackSphere_specular
[LOG 11:29:58.363] Load Cached PNG Texture: Squad/Parts/CompoundParts/@thumbs/fuelLine_icon0
[LOG 11:29:58.366] Load Cached PNG Texture: Squad/Parts/CompoundParts/@thumbs/fuelLine_icon1
[LOG 11:29:58.366] Load Cached PNG Texture: Squad/Parts/CompoundParts/@thumbs/strutConnector_icon0
[LOG 11:29:58.367] Load Cached PNG Texture: Squad/Parts/CompoundParts/@thumbs/strutConnector_icon1
[LOG 11:29:58.367] Load DDS texture: Squad/Parts/CompoundParts/FuelLine/FTX-2 External Fuel Duct
[LOG 11:29:58.367] Load DDS texture: Squad/Parts/CompoundParts/FuelLine/FTX-2 External Fuel Duct_ESA
[LOG 11:29:58.367] Load DDS texture: Squad/Parts/CompoundParts/strutConnector/EAS-4 Strut Connector
[LOG 11:29:58.367] Load DDS texture: Squad/Parts/CompoundParts/strutConnector/EAS-4 Strut Connector_white
[LOG 11:29:58.367] Load DDS texture: Squad/Parts/Coupling/Assets/Decouplers
[LOG 11:29:58.369] Load DDS texture: Squad/Parts/Coupling/Assets/Decouplers_N
[LOG 11:29:58.371] Load DDS texture: Squad/Parts/Coupling/Assets/Decouplers_whiteYellow
[LOG 11:29:58.374] Load DDS texture: Squad/Parts/Coupling/Assets/Decouplers_whiteYellow_N
[LOG 11:29:58.377] Load DDS texture: Squad/Parts/Electrical/10CSolarPanels/assets/circularSolarPanel_diffuse
[LOG 11:29:58.378] Load DDS texture: Squad/Parts/Electrical/10CSolarPanels/assets/circularSolarPanel_nrm
[LOG 11:29:58.380] Load DDS texture: Squad/Parts/Electrical/10LSolarPanels/assets/retractableSolarPanel_diffuse
[LOG 11:29:58.384] Load DDS texture: Squad/Parts/Electrical/10LSolarPanels/assets/retractableSolarPanel_nrm
[LOG 11:29:58.385] Load DDS texture: Squad/Parts/Electrical/1x6ShroudSolarPanels/model000
[LOG 11:29:58.386] Load DDS texture: Squad/Parts/Electrical/1x6ShroudSolarPanels/model001
[LOG 11:29:58.386] Load DDS texture: Squad/Parts/Electrical/1x6ShroudSolarPanels/model002
[LOG 11:29:58.386] Load DDS texture: Squad/Parts/Electrical/1x6SolarPanels/model000
[LOG 11:29:58.386] Load DDS texture: Squad/Parts/Electrical/1x6SolarPanels/model001
[LOG 11:29:58.386] Load DDS texture: Squad/Parts/Electrical/1x6SolarPanels/model002
[LOG 11:29:58.386] Load DDS texture: Squad/Parts/Electrical/3x2ShroudSolarPanels/model000
[LOG 11:29:58.386] Load DDS texture: Squad/Parts/Electrical/3x2ShroudSolarPanels/model001
[LOG 11:29:58.387] Load DDS texture: Squad/Parts/Electrical/3x2ShroudSolarPanels/model002
[LOG 11:29:58.387] Load DDS texture: Squad/Parts/Electrical/3x2SolarPanels/model000
[LOG 11:29:58.387] Load DDS texture: Squad/Parts/Electrical/3x2SolarPanels/model001
[LOG 11:29:58.387] Load DDS texture: Squad/Parts/Electrical/3x2SolarPanels/model002
[LOG 11:29:58.387] Load DDS texture: Squad/Parts/Electrical/gigantorXlSolarArray/panel
[LOG 11:29:58.387] Load DDS texture: Squad/Parts/Electrical/radialFlatSolarPanel/model000
[LOG 11:29:58.387] Load DDS texture: Squad/Parts/Electrical/RTG/model000
[LOG 11:29:58.388] Load DDS texture: Squad/Parts/Electrical/z-100Battery/model000
[LOG 11:29:58.388] Load DDS texture: Squad/Parts/Electrical/z-1kBattery/model000
[LOG 11:29:58.388] Load DDS texture: Squad/Parts/Electrical/z-1kBattery/model001
[LOG 11:29:58.388] Load DDS texture: Squad/Parts/Electrical/z-200Battery/ksp_m_batteryPack_diff
[LOG 11:29:58.388] Load DDS texture: Squad/Parts/Electrical/z-400Battery/model000
[LOG 11:29:58.388] Load DDS texture: Squad/Parts/Electrical/z-4kBattery/ksp_l_batteryPack_diff
[LOG 11:29:58.388] Load DDS texture: Squad/Parts/Electrical/z-4kBattery/ksp_l_batteryPack_normal
[LOG 11:29:58.389] Load DDS texture: Squad/Parts/Engine/ionEngine/model000
[LOG 11:29:58.389] Load DDS texture: Squad/Parts/Engine/jetEngines/Jet Engines
[LOG 11:29:58.389] Load DDS texture: Squad/Parts/Engine/jetEngines/Jet_Heat
[LOG 11:29:58.390] Load DDS texture: Squad/Parts/Engine/liquidEngine24-77/engine
[LOG 11:29:58.390] Load DDS texture: Squad/Parts/Engine/liquidEngine24-77_v2/Twitch
[LOG 11:29:58.392] Load DDS texture: Squad/Parts/Engine/liquidEngine24-77_v2/Twitch_G
[LOG 11:29:58.392] Load DDS texture: Squad/Parts/Engine/liquidEngine24-77_v2/Twitch_GLOW
[LOG 11:29:58.392] Load DDS texture: Squad/Parts/Engine/liquidEngine48-7S/ksp_m_liquidEngine_diff
[LOG 11:29:58.392] Load DDS texture: Squad/Parts/Engine/liquidEngine48-7S_v2/Spark
[LOG 11:29:58.393] Load DDS texture: Squad/Parts/Engine/liquidEngine48-7S_v2/Spark_Glow
[LOG 11:29:58.393] Load DDS texture: Squad/Parts/Engine/liquidEngineAerospike/Aerospike
[LOG 11:29:58.393] Load DDS texture: Squad/Parts/Engine/liquidEngineAerospike/Aerospike_Heat
[LOG 11:29:58.393] Load DDS texture: Squad/Parts/Engine/liquidEngineLV-1_v2/Assets/Ant_and_Spider_diffuse
[LOG 11:29:58.393] Load DDS texture: Squad/Parts/Engine/liquidEngineLV-1_v2/Assets/Ant_and_Spider_emissive
[LOG 11:29:58.393] Load DDS texture: Squad/Parts/Engine/liquidEngineLV-1_v2/Assets/Ant_and_Spider_normal
[LOG 11:29:58.394] Load DDS texture: Squad/Parts/Engine/liquidEngineLV-1_v2/Assets/Ant_and_Spider_specular
[LOG 11:29:58.394] Load DDS texture: Squad/Parts/Engine/liquidEngineLV-909_v2/Terrier
[LOG 11:29:58.396] Load DDS texture: Squad/Parts/Engine/liquidEngineLV-909_v2/TerrierFairing
[LOG 11:29:58.396] Load DDS texture: Squad/Parts/Engine/liquidEngineLV-909_v2/Terrier_glow
[LOG 11:29:58.402] Load DDS texture: Squad/Parts/Engine/liquidEngineLV-N/model000
[LOG 11:29:58.403] Load DDS texture: Squad/Parts/Engine/liquidEngineLV-N/model001
[LOG 11:29:58.403] Load DDS texture: Squad/Parts/Engine/liquidEngineLV-N/model002
[LOG 11:29:58.403] Load DDS texture: Squad/Parts/Engine/liquidEngineLV-N/model003
[LOG 11:29:58.403] Load DDS texture: Squad/Parts/Engine/liquidEngineLV-T30/model000
[LOG 11:29:58.403] Load DDS texture: Squad/Parts/Engine/liquidEngineLV-T30/model001
[LOG 11:29:58.406] Load DDS texture: Squad/Parts/Engine/liquidEngineLV-T30/model002
[LOG 11:29:58.406] Load DDS texture: Squad/Parts/Engine/liquidEngineLV-T30_v2/Engine_Emissive
[LOG 11:29:58.412] Load DDS texture: Squad/Parts/Engine/liquidEngineLV-T30_v2/Engine_Normal
[LOG 11:29:58.420] Load DDS texture: Squad/Parts/Engine/liquidEngineLV-T30_v2/Fairing
[LOG 11:29:58.420] Load DDS texture: Squad/Parts/Engine/liquidEngineLV-T30_v2/Reliant_v2-shroud_Diffuse
[LOG 11:29:58.427] Load DDS texture: Squad/Parts/Engine/liquidEngineLV-T30_v2/Reliant_v2_Diffuse
[LOG 11:29:58.433] Load DDS texture: Squad/Parts/Engine/liquidEngineLV-T45/model000
[LOG 11:29:58.433] Load DDS texture: Squad/Parts/Engine/liquidEngineLV-T45/model001
[LOG 11:29:58.434] Load DDS texture: Squad/Parts/Engine/liquidEngineLV-T45/model002
[LOG 11:29:58.434] Load DDS texture: Squad/Parts/Engine/liquidEngineLV-T45/model003
[LOG 11:29:58.434] Load DDS texture: Squad/Parts/Engine/liquidEngineLV-T45_v2/Engine_Emissive
[LOG 11:29:58.439] Load DDS texture: Squad/Parts/Engine/liquidEngineLV-T45_v2/Fairing
[LOG 11:29:58.440] Load DDS texture: Squad/Parts/Engine/liquidEngineLV-T45_v2/Swivel_v2_Diffuse
[LOG 11:29:58.447] Load DDS texture: Squad/Parts/Engine/liquidEngineLV-T45_v2/Swivel_v2_Normal
[LOG 11:29:58.457] Load DDS texture: Squad/Parts/Engine/liquidEngineMainsail_v2/mainsail_diffuse
[LOG 11:29:58.463] Load DDS texture: Squad/Parts/Engine/liquidEngineMainsail_v2/mainsail_emissive
[LOG 11:29:58.464] Load DDS texture: Squad/Parts/Engine/liquidEngineMainsail_v2/mainsail_nrm
[LOG 11:29:58.470] Load DDS texture: Squad/Parts/Engine/liquidEngineMainsail_v2/mainsail_specular
[LOG 11:29:58.492] Load DDS texture: Squad/Parts/Engine/liquidEngineMainsail_v2/Shroud
[LOG 11:29:58.493] Load DDS texture: Squad/Parts/Engine/liquidEngineMk55/Thud
[LOG 11:29:58.493] Load DDS texture: Squad/Parts/Engine/liquidEngineMk55/Thud_Heat
[LOG 11:29:58.493] Load DDS texture: Squad/Parts/Engine/liquidEnginePoodle_v2/poodle
[LOG 11:29:58.494] Load DDS texture: Squad/Parts/Engine/liquidEnginePoodle_v2/PoodleShroud
[LOG 11:29:58.495] Load DDS texture: Squad/Parts/Engine/liquidEnginePoodle_v2/poodle_Glow
[LOG 11:29:58.497] Load DDS texture: Squad/Parts/Engine/liquidEnginePoodle_v2/Poodle_SingleBell_Poodle_Diffuse
[LOG 11:29:58.498] Load DDS texture: Squad/Parts/Engine/liquidEnginePoodle_v2/Poodle_SingleBell_Poodle_Emissive
[LOG 11:29:58.499] Load DDS texture: Squad/Parts/Engine/liquidEnginePoodle_v2/Poodle_SingleBell_Poodle_Normal
[LOG 11:29:58.505] Load DDS texture: Squad/Parts/Engine/liquidEngineSkipper_v2/Shroud
[LOG 11:29:58.505] Load DDS texture: Squad/Parts/Engine/liquidEngineSkipper_v2/skipper_v2_diffuse
[LOG 11:29:58.511] Load DDS texture: Squad/Parts/Engine/liquidEngineSkipper_v2/skipper_v2_emissive
[LOG 11:29:58.518] Load DDS texture: Squad/Parts/Engine/liquidEngineSkipper_v2/skipper_v2_normal
[LOG 11:29:58.531] Load DDS texture: Squad/Parts/Engine/liquidEngineSSME/SSME
[LOG 11:29:58.531] Load DDS texture: Squad/Parts/Engine/liquidEngineSSME/SSME_GLOW
[LOG 11:29:58.532] Load DDS texture: Squad/Parts/Engine/liquidEngineSSME/SSME_NRM
[LOG 11:29:58.532] Load DDS texture: Squad/Parts/Engine/MassiveSRB/solid_booster_cm
[LOG 11:29:58.532] Load DDS texture: Squad/Parts/Engine/MassiveSRB/solid_booster_cm_esa
[LOG 11:29:58.535] Load DDS texture: Squad/Parts/Engine/MassiveSRB/solid_booster_em
[LOG 11:29:58.536] Load DDS texture: Squad/Parts/Engine/MassiveSRB/solid_booster_nm
[LOG 11:29:58.536] Load DDS texture: Squad/Parts/Engine/miniJet/SmallJet
[LOG 11:29:58.536] Load DDS texture: Squad/Parts/Engine/OMSEngine/Puff_diffuse
[LOG 11:29:58.537] Load DDS texture: Squad/Parts/Engine/OMSEngine/Puff_emissive
[LOG 11:29:58.537] Load DDS texture: Squad/Parts/Engine/OMSEngine/Puff_normal
[LOG 11:29:58.537] Load DDS texture: Squad/Parts/Engine/OMSEngine/Puff_specular
[LOG 11:29:58.537] Load DDS texture: Squad/Parts/Engine/rapierEngine/rapierDiffuse
[LOG 11:29:58.537] Load DDS texture: Squad/Parts/Engine/rapierEngine/rapieremit
[LOG 11:29:58.561] Load DDS texture: Squad/Parts/Engine/Size1_SRBs/SRB_O
[LOG 11:29:58.562] Load DDS texture: Squad/Parts/Engine/Size1_SRBs/SRB_W
[LOG 11:29:58.562] Load DDS texture: Squad/Parts/Engine/Size1_SRBs/SRB_Y
[LOG 11:29:58.562] Load DDS texture: Squad/Parts/Engine/Size2LFB/Size2LFBEmissive
[LOG 11:29:58.562] Load DDS texture: Squad/Parts/Engine/Size2LFB/twin_nozzle_booster_cm
[LOG 11:29:58.564] Load DDS texture: Squad/Parts/Engine/Size2LFB/twin_nozzle_booster_nm
[LOG 11:29:58.565] Load DDS texture: Squad/Parts/Engine/Size2LFB_v2/Size2LFBEmissive
[LOG 11:29:58.565] Load DDS texture: Squad/Parts/Engine/Size2LFB_v2/twin_nozzle_booster_cm
[LOG 11:29:58.566] Load DDS texture: Squad/Parts/Engine/Size2LFB_v2/twin_nozzle_booster_nm
[LOG 11:29:58.568] Load DDS texture: Squad/Parts/Engine/Size3AdvancedEngine/decoupler_and_adaptor_cm
[LOG 11:29:58.569] Load DDS texture: Squad/Parts/Engine/Size3AdvancedEngine/Size3AdvancedEngineDiffuse
[LOG 11:29:58.571] Load DDS texture: Squad/Parts/Engine/Size3AdvancedEngine/Size3AdvancedEngineEmissive
[LOG 11:29:58.571] Load DDS texture: Squad/Parts/Engine/Size3AdvancedEngine/Size3AdvancedEngineNormal
[LOG 11:29:58.572] Load DDS texture: Squad/Parts/Engine/Size3EngineCluster/ClusterEngineEmit
[LOG 11:29:58.572] Load DDS texture: Squad/Parts/Engine/Size3EngineCluster/four_nozzle_engine_cm
[LOG 11:29:58.573] Load DDS texture: Squad/Parts/Engine/Size3EngineCluster/four_nozzle_engine_nm
[LOG 11:29:58.574] Load DDS texture: Squad/Parts/Engine/solidBoosterBACC/model000
[LOG 11:29:58.577] Load DDS texture: Squad/Parts/Engine/solidBoosterBACC/model001
[LOG 11:29:58.585] Load DDS texture: Squad/Parts/Engine/solidBoosterBACC/model002
[LOG 11:29:58.586] Load DDS texture: Squad/Parts/Engine/solidBoosterRT-5/RT5
[LOG 11:29:58.587] Load DDS texture: Squad/Parts/Engine/solidBoosterS2-17/solidBoosterS2-17_diffuse
[LOG 11:29:58.602] Load DDS texture: Squad/Parts/Engine/solidBoosterS2-17/solidBoosterS2-17_emissive
[LOG 11:29:58.619] Load DDS texture: Squad/Parts/Engine/solidBoosterS2-17/solidBoosterS2-17_normal
[LOG 11:29:58.640] Load DDS texture: Squad/Parts/Engine/solidBoosterS2-33/solidBoosterS2-33_diffuse
[LOG 11:29:58.677] Load DDS texture: Squad/Parts/Engine/solidBoosterS2-33/solidBoosterS2-33_emissive
[LOG 11:29:58.730] Load DDS texture: Squad/Parts/Engine/solidBoosterS2-33/solidBoosterS2-33_normal
[LOG 11:29:58.788] Load DDS texture: Squad/Parts/Engine/solidBoosterSep/model000
[LOG 11:29:58.788] Load DDS texture: Squad/Parts/Engine/solidBoosterSep/motor
[LOG 11:29:58.788] Load DDS texture: Squad/Parts/Engine/SolidBoostersF/Assets/SolidBoosterF3S0_diffuse
[LOG 11:29:58.788] Load DDS texture: Squad/Parts/Engine/SolidBoostersF/Assets/SolidBoosterF3S0_emissive
[LOG 11:29:58.788] Load DDS texture: Squad/Parts/Engine/SolidBoostersF/Assets/SolidBoosterF3S0_normal
[LOG 11:29:58.789] Load DDS texture: Squad/Parts/FuelTank/adapterTanks/Mk3Adapters
[LOG 11:29:58.792] Load DDS texture: Squad/Parts/FuelTank/drainTankFTE-1/fuelValve_diffuse
[LOG 11:29:58.792] Load DDS texture: Squad/Parts/FuelTank/drainTankFTE-1/fuelValve_nrm
[LOG 11:29:58.792] Load DDS texture: Squad/Parts/FuelTank/FoilTanks/RadialTanks
[LOG 11:29:58.804] Load DDS texture: Squad/Parts/FuelTank/FoilTanks/RadialTanksGold_specular
[LOG 11:29:58.805] Load DDS texture: Squad/Parts/FuelTank/FoilTanks/RadialTanksSilver_specular
[LOG 11:29:58.807] Load DDS texture: Squad/Parts/FuelTank/FoilTanks/RadialTanks_N
[LOG 11:29:58.807] Load DDS texture: Squad/Parts/FuelTank/FoilTanks/RadialTanks_silver
[LOG 11:29:58.809] Load DDS texture: Squad/Parts/FuelTank/fuelTankOscarB/model000
[LOG 11:29:58.809] Load DDS texture: Squad/Parts/FuelTank/fuelTankOscarB/model001
[LOG 11:29:58.809] Load DDS texture: Squad/Parts/FuelTank/fuelTankOscarB/tank
[LOG 11:29:58.810] Load DDS texture: Squad/Parts/FuelTank/fuelTankOscarB/tank_n
[LOG 11:29:58.812] Load DDS texture: Squad/Parts/FuelTank/miniFuselage/Fuselage
[LOG 11:29:58.812] Load DDS texture: Squad/Parts/FuelTank/mk2Adapters/mk2adapters1m
[LOG 11:29:58.812] Load DDS texture: Squad/Parts/FuelTank/mk2FuselageLong/mk2Fuselage
[LOG 11:29:58.813] Load DDS texture: Squad/Parts/FuelTank/mk2FuselageShort/mk2FuselageShort
[LOG 11:29:58.815] Load DDS texture: Squad/Parts/FuelTank/mk3Fuselage/Mk3Fuselage
[LOG 11:29:58.816] Load DDS texture: Squad/Parts/FuelTank/mk3Fuselage/Mk3Fuselage_LUM
[LOG 11:29:58.817] Load DDS texture: Squad/Parts/FuelTank/RCSFuelTankR1/RCSFuelTankR1_01
[LOG 11:29:58.817] Load DDS texture: Squad/Parts/FuelTank/RCSFuelTankR1/RCSFuelTankR1_02
[LOG 11:29:58.817] Load DDS texture: Squad/Parts/FuelTank/RCSFuelTankR1/RCSFuelTankR1_N
[LOG 11:29:58.818] Load DDS texture: Squad/Parts/FuelTank/RCSFuelTankR10/ksp_m_rcsTank_diff
[LOG 11:29:58.818] Load DDS texture: Squad/Parts/FuelTank/RCSFuelTankR10/ksp_m_rcsTank_normal
[LOG 11:29:58.818] Load DDS texture: Squad/Parts/FuelTank/RCSFuelTankR25/FL-R25 RCS Fuel Tank_D
[LOG 11:29:58.820] Load DDS texture: Squad/Parts/FuelTank/RCSFuelTankR25/FL-R25 RCS Fuel Tank_N
[LOG 11:29:58.820] Load DDS texture: Squad/Parts/FuelTank/RCSTankRadial/model000
[LOG 11:29:58.820] Load DDS texture: Squad/Parts/FuelTank/RCStankRadialLong/ksp_r_rcsCylTank_diff
[LOG 11:29:58.820] Load DDS texture: Squad/Parts/FuelTank/RockomaxTanks/Assets/rockomax_16 [AlbedoM] BW
[LOG 11:29:58.827] Load DDS texture: Squad/Parts/FuelTank/RockomaxTanks/Assets/rockomax_16 [AlbedoM] ESA
[LOG 11:29:58.836] Load DDS texture: Squad/Parts/FuelTank/RockomaxTanks/Assets/rockomax_16 [AlbedoM] O
[LOG 11:29:58.844] Load DDS texture: Squad/Parts/FuelTank/RockomaxTanks/Assets/rockomax_16 [Normal] BW
[LOG 11:29:58.850] Load DDS texture: Squad/Parts/FuelTank/RockomaxTanks/Assets/rockomax_16 [Normal]ESA
[LOG 11:29:58.857] Load DDS texture: Squad/Parts/FuelTank/RockomaxTanks/Assets/rockomax_16 [Normal]O
[LOG 11:29:58.863] Load DDS texture: Squad/Parts/FuelTank/RockomaxTanks/Assets/rockomax_32 [AlbedoM] ESA
[LOG 11:29:58.865] Load DDS texture: Squad/Parts/FuelTank/RockomaxTanks/Assets/rockomax_32 [Normal]ESA
[LOG 11:29:58.866] Load DDS texture: Squad/Parts/FuelTank/Size1_Tanks/125Tanks_BW
[LOG 11:29:58.869] Load DDS texture: Squad/Parts/FuelTank/Size1_Tanks/125Tanks_D
[LOG 11:29:58.871] Load DDS texture: Squad/Parts/FuelTank/Size1_Tanks/125Tanks_N
[LOG 11:29:58.873] Load DDS texture: Squad/Parts/FuelTank/Size1_Tanks/125Tanks_O
[LOG 11:29:58.876] Load DDS texture: Squad/Parts/FuelTank/Size1_Tanks/125Tanks_W
[LOG 11:29:58.879] Load DDS texture: Squad/Parts/FuelTank/Size3Tanks/fueltTanks_cm
[LOG 11:29:58.880] Load Cached PNG Texture: Squad/Parts/FuelTank/Size3Tanks/Size3Tanks
[LOG 11:29:58.880] Load Cached PNG Texture: Squad/Parts/FuelTank/Size3Tanks/Size3Tanks_Norm
[LOG 11:29:58.881] Load Cached PNG Texture: Squad/Parts/FuelTank/Size3Tanks/Size3Tanks_Orange
[LOG 11:29:58.883] Load Cached PNG Texture: Squad/Parts/FuelTank/Size3Tanks/Size3Tanks_Orange_Norm
[LOG 11:29:58.883] Load DDS texture: Squad/Parts/FuelTank/xenonTank/model000
[LOG 11:29:58.883] Load DDS texture: Squad/Parts/FuelTank/xenonTank/model001
[LOG 11:29:58.883] Load DDS texture: Squad/Parts/FuelTank/xenonTankLarge/tank
[LOG 11:29:58.883] Load DDS texture: Squad/Parts/FuelTank/xenonTankRadial/ksp_r_xenonTank_diff
[LOG 11:29:58.883] Load DDS texture: Squad/Parts/Misc/AsteroidDay/CamSat
[LOG 11:29:58.884] Load DDS texture: Squad/Parts/Misc/AsteroidDay/CamSat_glow
[LOG 11:29:58.886] Load DDS texture: Squad/Parts/Misc/AsteroidDay/CamSat_N_NRM
[LOG 11:29:58.889] Load DDS texture: Squad/Parts/Misc/AsteroidDay/default
[LOG 11:29:58.889] Load DDS texture: Squad/Parts/Misc/AsteroidDay/hecsDiffuse
[LOG 11:29:58.889] Load DDS texture: Squad/Parts/Misc/AsteroidDay/hecsNormal
[LOG 11:29:58.889] Load DDS texture: Squad/Parts/Misc/AsteroidDay/hecsSpecular
[LOG 11:29:58.889] Load DDS texture: Squad/Parts/Misc/AsteroidDay/JumboHexProbe
[LOG 11:29:58.889] Load DDS texture: Squad/Parts/Misc/AsteroidDay/JumboHexProbe_NORM_NRM
[LOG 11:29:58.889] Load DDS texture: Squad/Parts/Resources/FuelCell/FCLamp
[LOG 11:29:58.889] Load DDS texture: Squad/Parts/Resources/FuelCell/FuelCellRack
[LOG 11:29:58.889] Load DDS texture: Squad/Parts/Resources/FuelCell/fuellcell
[LOG 11:29:58.890] Load DDS texture: Squad/Parts/Resources/ISRU/Processor_Large
[LOG 11:29:58.890] Load DDS texture: Squad/Parts/Resources/LargeTank/ksp_l_resourceContainer_diff
[LOG 11:29:58.890] Load DDS texture: Squad/Parts/Resources/LargeTank/ksp_l_resourceContainer_norm
[LOG 11:29:58.892] Load DDS texture: Squad/Parts/Resources/MiniDrill/DustParticle
[LOG 11:29:58.892] Load DDS texture: Squad/Parts/Resources/MiniDrill/ksp_r_rockProbe_diff
[LOG 11:29:58.893] Load DDS texture: Squad/Parts/Resources/MiniDrill/RockParticle
[LOG 11:29:58.893] Load DDS texture: Squad/Parts/Resources/MiniISRU/ksp_s_processorSmall_diff
[LOG 11:29:58.893] Load DDS texture: Squad/Parts/Resources/OrbitalScanner/detector
[LOG 11:29:58.893] Load DDS texture: Squad/Parts/Resources/RadialDrill/DustParticle
[LOG 11:29:58.893] Load DDS texture: Squad/Parts/Resources/RadialDrill/RockParticle
[LOG 11:29:58.893] Load DDS texture: Squad/Parts/Resources/RadialDrill/TriBitDrill
[LOG 11:29:58.894] Load DDS texture: Squad/Parts/Resources/RadialTank/ksp_r_resourceContainer_psd_2
[LOG 11:29:58.894] Load DDS texture: Squad/Parts/Resources/SmallTank/ksp_s_resourceContainer_diff
[LOG 11:29:58.894] Load DDS texture: Squad/Parts/Resources/SmallTank/ksp_s_resourceContainer_normal
[LOG 11:29:58.895] Load DDS texture: Squad/Parts/Resources/SurfaceScanner/ksp_r_samplerAir_diff
[LOG 11:29:58.896] Load DDS texture: Squad/Parts/Resources/SurveyScanner/dish
[LOG 11:29:58.898] Load DDS texture: Squad/Parts/Resources/SurveyScanner/dish_n
[LOG 11:29:58.898] Load DDS texture: Squad/Parts/Science/AtmosphereSensor/ksp_r_hydroscoop_diff
[LOG 11:29:58.899] Load DDS texture: Squad/Parts/Science/GooExperiment/GooExperiment
[LOG 11:29:58.899] Load DDS texture: Squad/Parts/Science/LargeCrewedLab/Large_Crewed_Lab
[LOG 11:29:58.900] Load DDS texture: Squad/Parts/Science/LargeCrewedLab/Large_Crewed_Lab_glow
[LOG 11:29:58.906] Load DDS texture: Squad/Parts/Science/LargeCrewedLab/window
[LOG 11:29:58.907] Load DDS texture: Squad/Parts/Science/Magnetometer/Magnetometer_diffuse
[LOG 11:29:58.907] Load DDS texture: Squad/Parts/Science/Magnetometer/Magnetometer_nrm
[LOG 11:29:58.908] Load DDS texture: Squad/Parts/Science/MaterialBay/science_module_small
[LOG 11:29:58.908] Load DDS texture: Squad/Parts/Science/MaterialBay/science_module_small_emit
[LOG 11:29:58.908] Load DDS texture: Squad/Parts/Science/MaterialBay/science_module_small_nrm
[LOG 11:29:58.908] Load DDS texture: Squad/Parts/Science/MaterialBay/wires
[LOG 11:29:58.909] Load DDS texture: Squad/Parts/Science/ScienceBox/Container
[LOG 11:29:58.909] Load DDS texture: Squad/Parts/Science/sensorAccelerometer/model000
[LOG 11:29:58.909] Load DDS texture: Squad/Parts/Science/sensorBarometer/model000
[LOG 11:29:58.909] Load DDS texture: Squad/Parts/Science/sensorGravimeter/model000
[LOG 11:29:58.909] Load DDS texture: Squad/Parts/Science/sensorThermometer/model000
[LOG 11:29:58.909] Load DDS texture: Squad/Parts/Structural/FLAdapters/Assets/FLA-Adapters_diffuse
[LOG 11:29:58.911] Load DDS texture: Squad/Parts/Structural/FLAdapters/Assets/FLA-Adapters_diffuse_O
[LOG 11:29:58.913] Load DDS texture: Squad/Parts/Structural/FLAdapters/Assets/FLA-Adapters_normal
[LOG 11:29:58.914] Load DDS texture: Squad/Parts/Structural/FLAdapters/Assets/FLA-Adapters_normal_O
[LOG 11:29:58.916] Load DDS texture: Squad/Parts/Structural/mk1Parts/Mk1Structural
[LOG 11:29:58.916] Load DDS texture: Squad/Parts/Structural/mk1Parts/Mk1StructuralHeat
[LOG 11:29:58.917] Load Cached PNG Texture: Squad/Parts/Structural/mk1Parts/@thumbs/MK1Fuselage_icon
[LOG 11:29:58.918] Load DDS texture: Squad/Parts/Structural/Size3To2Adapter_v2/Size2to3_BW_Diffuse
[LOG 11:29:58.924] Load DDS texture: Squad/Parts/Structural/Size3To2Adapter_v2/Size2to3_DUMMY_NRM
[LOG 11:29:58.925] Load DDS texture: Squad/Parts/Structural/Size3To2Adapter_v2/Size2to3_O_Diffuse
[LOG 11:29:58.931] Load DDS texture: Squad/Parts/Structural/Size3To2Adapter_v2/Size2to3_W_Diffuse
[LOG 11:29:58.937] Load DDS texture: Squad/Parts/Structural/Size3To2Adapter_v2/Size2to3_W_NRM
[LOG 11:29:58.945] Load DDS texture: Squad/Parts/Structural/stackAdapters/Assets/stackAdapters_diffuse
[LOG 11:29:58.946] Load DDS texture: Squad/Parts/Structural/stackAdapters/Assets/stackAdapters_diffuse_Dark
[LOG 11:29:58.946] Load DDS texture: Squad/Parts/Structural/stackAdapters/Assets/stackAdapters_diffuse_Orange
[LOG 11:29:58.948] Load DDS texture: Squad/Parts/Structural/stackAdapters/Assets/stackAdapters_normal
[LOG 11:29:58.949] Load DDS texture: Squad/Parts/Structural/stackAdapters/Assets/stackAdapters_normal_Orange
[LOG 11:29:58.951] Load DDS texture: Squad/Parts/Structural/stationHub/model000
[LOG 11:29:58.951] Load DDS texture: Squad/Parts/Structural/stationHub/model001
[LOG 11:29:58.951] Load DDS texture: Squad/Parts/Structural/structuralIBeam200/model000
[LOG 11:29:58.951] Load DDS texture: Squad/Parts/Structural/structuralIBeam200Pocket/model000
[LOG 11:29:58.951] Load DDS texture: Squad/Parts/Structural/structuralIBeam650/model000
[LOG 11:29:58.952] Load DDS texture: Squad/Parts/Structural/structuralMicronode/model000
[LOG 11:29:58.952] Load DDS texture: Squad/Parts/Structural/structuralPanel1x1/model000
[LOG 11:29:58.952] Load DDS texture: Squad/Parts/Structural/structuralPanel1x1/model001
[LOG 11:29:58.952] Load DDS texture: Squad/Parts/Structural/structuralPanel2x2/model000
[LOG 11:29:58.952] Load DDS texture: Squad/Parts/Structural/structuralPanel2x2/model001
[LOG 11:29:58.952] Load DDS texture: Squad/Parts/Structural/structuralPylons/Pylons
[LOG 11:29:58.952] Load DDS texture: Squad/Parts/Structural/strutCubicOcto/cubestrut
[LOG 11:29:58.952] Load DDS texture: Squad/Parts/Structural/strutOcto/model000
[LOG 11:29:58.953] Load DDS texture: Squad/Parts/Structural/trussGirderAdapter/model000
[LOG 11:29:58.953] Load DDS texture: Squad/Parts/Structural/trussGirderAdapter/model001
[LOG 11:29:58.953] Load DDS texture: Squad/Parts/Structural/trussGirderL/model000
[LOG 11:29:58.953] Load DDS texture: Squad/Parts/Structural/trussGirderXL/model000
[LOG 11:29:58.953] Load DDS texture: Squad/Parts/Thermal/FoldingRadiators/radiator
[LOG 11:29:58.953] Load DDS texture: Squad/Parts/Thermal/FoldingRadiators/radiator_N_NRM
[LOG 11:29:58.955] Load DDS texture: Squad/Parts/Thermal/RadiatorPanels/radPanel
[LOG 11:29:58.956] Load DDS texture: Squad/Parts/Thermal/RadiatorPanels/radPanel_N_NRM
[LOG 11:29:58.958] Load DDS texture: Squad/Parts/Utility/commDish88-88/comm_dish_array
[LOG 11:29:58.958] Load DDS texture: Squad/Parts/Utility/commDish88-88/comm_dish_v2_diff
[LOG 11:29:58.958] Load DDS texture: Squad/Parts/Utility/commDish88-88/model000
[LOG 11:29:58.958] Load DDS texture: Squad/Parts/Utility/commsAntennaDTS-M1/mediumDishAntenna
[LOG 11:29:58.960] Load DDS texture: Squad/Parts/Utility/commsAntennaDTS-M1/mediumDishAntenna_Emit
[LOG 11:29:58.960] Load DDS texture: Squad/Parts/Utility/commsDish16/model000
[LOG 11:29:58.960] Load DDS texture: Squad/Parts/Utility/decouplerRadialHDM/model000
[LOG 11:29:58.960] Load DDS texture: Squad/Parts/Utility/decouplerRadialTT-38K/model000
[LOG 11:29:58.960] Load DDS texture: Squad/Parts/Utility/decouplerRadialTT-38K/model001
[LOG 11:29:58.960] Load DDS texture: Squad/Parts/Utility/decouplerRadialTT-70/model000
[LOG 11:29:58.960] Load DDS texture: Squad/Parts/Utility/DirectAntennas/MiniAntenna
[LOG 11:29:58.960] Load DDS texture: Squad/Parts/Utility/dockingPort/Arrow Pointer
[LOG 11:29:58.960] Load DDS texture: Squad/Parts/Utility/dockingPort/DockingPorts_Clampotron_Diffuse
[LOG 11:29:58.966] Load DDS texture: Squad/Parts/Utility/dockingPort/DockingPorts_Clampotron_Emissive
[LOG 11:29:58.969] Load DDS texture: Squad/Parts/Utility/dockingPort/DockingPorts_Clampotron_Normal
[LOG 11:29:58.979] Load DDS texture: Squad/Parts/Utility/dockingPortInline/Arrow Pointer
[LOG 11:29:58.979] Load DDS texture: Squad/Parts/Utility/dockingPortInline/ClampotronLinear_ClampotronLinear_Diffuse
[LOG 11:29:58.984] Load DDS texture: Squad/Parts/Utility/dockingPortInline/ClampotronLinear_ClampotronLinear_Emissive
[LOG 11:29:58.985] Load DDS texture: Squad/Parts/Utility/dockingPortInline/ClampotronLinear_ClampotronLinear_Normal
[LOG 11:29:58.998] Load DDS texture: Squad/Parts/Utility/dockingPortInline/DockingPorts_Clampotron_Diffuse
[LOG 11:29:59.003] Load DDS texture: Squad/Parts/Utility/dockingPortInline/DockingPorts_Clampotron_Emissive
[LOG 11:29:59.005] Load DDS texture: Squad/Parts/Utility/dockingPortInline/DockingPorts_Clampotron_Normal
[LOG 11:29:59.012] Load DDS texture: Squad/Parts/Utility/dockingPortJr/Arrow Pointer
[LOG 11:29:59.012] Load DDS texture: Squad/Parts/Utility/dockingPortJr/DockingPorts_ClampotronJR_Diffuse
[LOG 11:29:59.014] Load DDS texture: Squad/Parts/Utility/dockingPortJr/DockingPorts_ClampotronJR_Normal
[LOG 11:29:59.015] Load DDS texture: Squad/Parts/Utility/dockingPortJr/model000
[LOG 11:29:59.015] Load DDS texture: Squad/Parts/Utility/dockingPortShielded/Arrow Pointer
[LOG 11:29:59.016] Load DDS texture: Squad/Parts/Utility/dockingPortShielded/Clamp-O-Tron Shielded Docking Port_ClampotronShielded_Diffuse
[LOG 11:29:59.021] Load DDS texture: Squad/Parts/Utility/dockingPortShielded/Clamp-O-Tron Shielded Docking Port_ClampotronShielded_Normal
[LOG 11:29:59.027] Load DDS texture: Squad/Parts/Utility/dockingPortShielded/DockingPorts_Clampotron_Diffuse
[LOG 11:29:59.034] Load DDS texture: Squad/Parts/Utility/dockingPortShielded/DockingPorts_Clampotron_Emissive
[LOG 11:29:59.035] Load DDS texture: Squad/Parts/Utility/dockingPortShielded/DockingPorts_Clampotron_Normal
[LOG 11:29:59.041] Load DDS texture: Squad/Parts/Utility/dockingPortSr/Arrow Pointer
[LOG 11:29:59.042] Load DDS texture: Squad/Parts/Utility/dockingPortSr/ClampotronSr_ClampotronSr_Diffuse
[LOG 11:29:59.052] Load DDS texture: Squad/Parts/Utility/dockingPortSr/ClampotronSr_ClampotronSr_Diffuse_gray
[LOG 11:29:59.057] Load DDS texture: Squad/Parts/Utility/dockingPortSr/ClampotronSr_ClampotronSr_Emissive
[LOG 11:29:59.059] Load DDS texture: Squad/Parts/Utility/dockingPortSr/ClampotronSr_ClampotronSr_Normal
[LOG 11:29:59.065] Load Cached PNG Texture: Squad/Parts/Utility/Fireworks/Assets/fireworks_launcher_big 1
[LOG 11:29:59.071] Load Cached PNG Texture: Squad/Parts/Utility/Fireworks/Assets/fireworks_launcher_big
[LOG 11:29:59.076] Load Cached PNG Texture: Squad/Parts/Utility/flags/backgroundTextures/dark_background
[LOG 11:29:59.079] Load Cached PNG Texture: Squad/Parts/Utility/flags/backgroundTextures/orange_background
[LOG 11:29:59.079] Load Cached PNG Texture: Squad/Parts/Utility/flags/backgroundTextures/white_background
[LOG 11:29:59.079] Load DDS texture: Squad/Parts/Utility/GrapplingDevice/grabberDiffuse
[LOG 11:29:59.080] Load DDS texture: Squad/Parts/Utility/GrapplingDevice/grabberDiffuse_dark
[LOG 11:29:59.081] Load DDS texture: Squad/Parts/Utility/GrapplingDevice/grabberNRM
[LOG 11:29:59.082] Load DDS texture: Squad/Parts/Utility/GrapplingDevice/window
[LOG 11:29:59.086] Load DDS texture: Squad/Parts/Utility/ladderRadial/model000
[LOG 11:29:59.086] Load DDS texture: Squad/Parts/Utility/ladderTelescopic/model000
[LOG 11:29:59.086] Load DDS texture: Squad/Parts/Utility/ladderTelescopic/model001
[LOG 11:29:59.087] Load DDS texture: Squad/Parts/Utility/ladderTelescopic/model002
[LOG 11:29:59.088] Load DDS texture: Squad/Parts/Utility/ladderTelescopicBay/model000
[LOG 11:29:59.089] Load DDS texture: Squad/Parts/Utility/ladderTelescopicBay/model001
[LOG 11:29:59.090] Load DDS texture: Squad/Parts/Utility/landingLegLT-1/ksp_r_landingStrut_diff
[LOG 11:29:59.091] Load DDS texture: Squad/Parts/Utility/landingLegLT-2/landingLeg
[LOG 11:29:59.091] Load DDS texture: Squad/Parts/Utility/landingLegLT-5/leg
[LOG 11:29:59.091] Load DDS texture: Squad/Parts/Utility/landingLegLT-5/model000
[LOG 11:29:59.091] Load DDS texture: Squad/Parts/Utility/launchClamp1/model000
[LOG 11:29:59.091] Load DDS texture: Squad/Parts/Utility/launchClamp1/model001
[LOG 11:29:59.092] Load DDS texture: Squad/Parts/Utility/launchEscapeSystem/LES_Diffuse
[LOG 11:29:59.092] Load DDS texture: Squad/Parts/Utility/Lights/Assets/Lights_Attacheable_Lights_Diffuse
[LOG 11:29:59.093] Load DDS texture: Squad/Parts/Utility/Lights/Assets/Lights_Attacheable_Lights_Diffuse_white
[LOG 11:29:59.093] Load DDS texture: Squad/Parts/Utility/Lights/Assets/Lights_Attacheable_Lights_Emissive
[LOG 11:29:59.093] Load DDS texture: Squad/Parts/Utility/Lights/Assets/Lights_Attacheable_Lights_Normal
[LOG 11:29:59.093] Load DDS texture: Squad/Parts/Utility/Lights/Assets/Lights_Rectangle_Light_Diffuse
[LOG 11:29:59.099] Load DDS texture: Squad/Parts/Utility/Lights/Assets/Lights_Rectangle_Light_Diffuse_white
[LOG 11:29:59.106] Load DDS texture: Squad/Parts/Utility/Lights/Assets/Lights_Rectangle_Light_Emissive
[LOG 11:29:59.115] Load DDS texture: Squad/Parts/Utility/Lights/Assets/Lights_Rectangle_Light_Normal
[LOG 11:29:59.126] Load DDS texture: Squad/Parts/Utility/Lights/Assets/Lights_Worklights_Diffuse
[LOG 11:29:59.127] Load DDS texture: Squad/Parts/Utility/Lights/Assets/Lights_Worklights_Emissive
[LOG 11:29:59.128] Load DDS texture: Squad/Parts/Utility/Lights/Assets/Lights_Worklights_Normal
[LOG 11:29:59.130] Load DDS texture: Squad/Parts/Utility/Lights/Assets/Spotlight_Attacheable_Lights_Diffuse
[LOG 11:29:59.130] Load DDS texture: Squad/Parts/Utility/Lights/Assets/Spotlight_Attacheable_Lights_Diffuse_white
[LOG 11:29:59.130] Load DDS texture: Squad/Parts/Utility/Lights/Assets/Spotlight_Attacheable_Lights_Emissive
[LOG 11:29:59.130] Load DDS texture: Squad/Parts/Utility/Lights/Assets/Spotlight_Attacheable_Lights_Normal
[LOG 11:29:59.130] Load DDS texture: Squad/Parts/Utility/linearVernorRCS/Assets/linear_vernor_diffuse
[LOG 11:29:59.131] Load DDS texture: Squad/Parts/Utility/linearVernorRCS/Assets/linear_vernor_emissive
[LOG 11:29:59.131] Load DDS texture: Squad/Parts/Utility/linearVernorRCS/Assets/linear_vernor_normalDummy
[LOG 11:29:59.131] Load DDS texture: Squad/Parts/Utility/linearVernorRCS/Assets/linear_vernor_specular
[LOG 11:29:59.131] Load DDS texture: Squad/Parts/Utility/mk2CargoBay/mk2CargoBay
[LOG 11:29:59.132] Load DDS texture: Squad/Parts/Utility/mk2CrewCabin/mk2CrewCabin
[LOG 11:29:59.133] Load DDS texture: Squad/Parts/Utility/mk2CrewCabin/mk2CrewCabin_LUM
[LOG 11:29:59.133] Load DDS texture: Squad/Parts/Utility/mk2DockingPort/Arrow Pointer
[LOG 11:29:59.133] Load DDS texture: Squad/Parts/Utility/mk2DockingPort/Mk2Clampotron_Caps_Diffuse
[LOG 11:29:59.133] Load DDS texture: Squad/Parts/Utility/mk2DockingPort/Mk2Clampotron_Caps_Emmisive
[LOG 11:29:59.133] Load DDS texture: Squad/Parts/Utility/mk2DockingPort/Mk2Clampotron_Caps_Normal
[LOG 11:29:59.133] Load DDS texture: Squad/Parts/Utility/mk2DockingPort/Mk2Clampotron_Mk2Clampotron_Diffuse
[LOG 11:29:59.139] Load DDS texture: Squad/Parts/Utility/mk2DockingPort/Mk2Clampotron_Mk2Clampotron_Emissive
[LOG 11:29:59.140] Load DDS texture: Squad/Parts/Utility/mk2DockingPort/Mk2Clampotron_Mk2Clampotron_Normal
[LOG 11:29:59.147] Load DDS texture: Squad/Parts/Utility/mk2DockingPort/mk2DockingPort
[LOG 11:29:59.148] Load DDS texture: Squad/Parts/Utility/mk3CargoBay/Mk3CargoBay
[LOG 11:29:59.151] Load DDS texture: Squad/Parts/Utility/parachuteMk1/model000
[LOG 11:29:59.151] Load DDS texture: Squad/Parts/Utility/parachuteMk1/model001
[LOG 11:29:59.151] Load DDS texture: Squad/Parts/Utility/parachuteMk12-R/model000
[LOG 11:29:59.152] Load DDS texture: Squad/Parts/Utility/parachuteMk12-R/model001
[LOG 11:29:59.152] Load DDS texture: Squad/Parts/Utility/parachuteMk16-XL/model000
[LOG 11:29:59.152] Load DDS texture: Squad/Parts/Utility/parachuteMk16-XL/model001
[LOG 11:29:59.152] Load DDS texture: Squad/Parts/Utility/parachuteMk2-R/model000
[LOG 11:29:59.152] Load DDS texture: Squad/Parts/Utility/parachuteMk2-R/model001
[LOG 11:29:59.152] Load DDS texture: Squad/Parts/Utility/parachuteMk25/model000
[LOG 11:29:59.152] Load DDS texture: Squad/Parts/Utility/parachuteMk25/model001
[LOG 11:29:59.153] Load DDS texture: Squad/Parts/Utility/radialAttachmentPoint/model000
[LOG 11:29:59.153] Load DDS texture: Squad/Parts/Utility/radialAttachmentPoint/model001
[LOG 11:29:59.153] Load DDS texture: Squad/Parts/Utility/rcsBlockRV-105_v2/rcsBlock_diffuse
[LOG 11:29:59.153] Load DDS texture: Squad/Parts/Utility/rcsBlockRV-105_v2/rcsThrusterBlock_normal
[LOG 11:29:59.153] Load DDS texture: Squad/Parts/Utility/rcsBlockRV-105_v2/rcsThruster_emissive
[LOG 11:29:59.153] Load DDS texture: Squad/Parts/Utility/rcsBlockRV-105_v2/rcsThruster_specular
[LOG 11:29:59.153] Load DDS texture: Squad/Parts/Utility/rcsBlockRV-105_v2/RCS_Block_Diffuse
[LOG 11:29:59.154] Load DDS texture: Squad/Parts/Utility/rcsBlockRV-105_v2/RCS_Block_Emissive
[LOG 11:29:59.154] Load DDS texture: Squad/Parts/Utility/rcsBlockRV-105_v2/RCS_Block_Normal
[LOG 11:29:59.154] Load DDS texture: Squad/Parts/Utility/rcsBlockRV-105_v2/RCS_Block_Specular
[LOG 11:29:59.154] Load DDS texture: Squad/Parts/Utility/rcsSmallLinear/Assets/RCS_Linear_Base_Diffuse
[LOG 11:29:59.154] Load DDS texture: Squad/Parts/Utility/rcsSmallLinear/Assets/RCS_Linear_Diffuse
[LOG 11:29:59.154] Load DDS texture: Squad/Parts/Utility/rcsSmallLinear/Assets/RCS_Linear_Emissive
[LOG 11:29:59.154] Load DDS texture: Squad/Parts/Utility/rcsSmallLinear/Assets/RCS_Linear_Normal
[LOG 11:29:59.155] Load DDS texture: Squad/Parts/Utility/rcsSmallLinear/Assets/RCS_Linear_Specular
[LOG 11:29:59.155] Load DDS texture: Squad/Parts/Utility/RelayAntennas/DishAntenna
[LOG 11:29:59.155] Load DDS texture: Squad/Parts/Utility/RelayAntennas/MiniAntenna
[LOG 11:29:59.155] Load DDS texture: Squad/Parts/Utility/rockomaxAdapters/Assets/Rockomax_Adapters_diffuse
[LOG 11:29:59.160] Load DDS texture: Squad/Parts/Utility/rockomaxAdapters/Assets/Rockomax_Adapters_diffuse_O
[LOG 11:29:59.163] Load DDS texture: Squad/Parts/Utility/rockomaxAdapters/Assets/Rockomax_Adapters_diffuse_W
[LOG 11:29:59.164] Load DDS texture: Squad/Parts/Utility/rockomaxAdapters/Assets/Rockomax_Adapters_normal
[LOG 11:29:59.165] Load DDS texture: Squad/Parts/Utility/rockomaxAdapters/Assets/Rockomax_Adapters_normal_O
[LOG 11:29:59.170] Load DDS texture: Squad/Parts/Utility/ServiceBay/ServiceBay
[LOG 11:29:59.170] Load Cached PNG Texture: Squad/Parts/Utility/ServiceBay_v2/Assets/Scratch
[LOG 11:29:59.170] Load Cached PNG Texture: Squad/Parts/Utility/ServiceBay_v2/Assets/ServiceBay_bump
[LOG 11:29:59.171] Load Cached PNG Texture: Squad/Parts/Utility/ServiceBay_v2/Assets/ServiceBay_v2
[LOG 11:29:59.173] Load DDS texture: Squad/Parts/Utility/smallClaw/grabberSmallDiffuse
[LOG 11:29:59.173] Load DDS texture: Squad/Parts/Utility/smallClaw/grabberSmallDiffuseDark
[LOG 11:29:59.173] Load DDS texture: Squad/Parts/Utility/smallClaw/grabberSmallNRM
[LOG 11:29:59.174] Load DDS texture: Squad/Parts/Utility/smallClaw/window
[LOG 11:29:59.174] Load DDS texture: Squad/Parts/Utility/spotLightMk1/light1
[LOG 11:29:59.174] Load DDS texture: Squad/Parts/Utility/spotLightMk1/light1_em
[LOG 11:29:59.174] Load DDS texture: Squad/Parts/Utility/spotLightMk1_v2/spotLightMk1_Diffuse
[LOG 11:29:59.174] Load DDS texture: Squad/Parts/Utility/spotLightMk1_v2/spotLightMk1_Diffuse_white
[LOG 11:29:59.174] Load DDS texture: Squad/Parts/Utility/spotLightMk1_v2/spotLightMk1_Emissive
[LOG 11:29:59.175] Load DDS texture: Squad/Parts/Utility/spotLightMk1_v2/spotLightMk1_Normal
[LOG 11:29:59.175] Load DDS texture: Squad/Parts/Utility/spotLightMk2/light2
[LOG 11:29:59.175] Load DDS texture: Squad/Parts/Utility/spotLightMk2/light2_em
[LOG 11:29:59.175] Load DDS texture: Squad/Parts/Utility/spotLightMk2_v2/spotLightMk2_Diffuse
[LOG 11:29:59.175] Load DDS texture: Squad/Parts/Utility/spotLightMk2_v2/spotLightMk2_Diffuse_white
[LOG 11:29:59.175] Load DDS texture: Squad/Parts/Utility/spotLightMk2_v2/spotLightMk2_Emissive
[LOG 11:29:59.175] Load DDS texture: Squad/Parts/Utility/spotLightMk2_v2/spotLightMk2_Normal
[LOG 11:29:59.175] Load DDS texture: Squad/Parts/Utility/stackCouplers/Assets/stackCouplersDiffuse
[LOG 11:29:59.177] Load DDS texture: Squad/Parts/Utility/stackCouplers/Assets/stackCouplersDiffuse_Dark
[LOG 11:29:59.178] Load DDS texture: Squad/Parts/Utility/stackCouplers/Assets/stackCouplersDiffuse_Orange
[LOG 11:29:59.180] Load DDS texture: Squad/Parts/Utility/stackCouplers/Assets/stackCouplers_NRM
[LOG 11:29:59.181] Load DDS texture: Squad/Parts/Utility/stackCouplers/Assets/stackCouplers_Orange_NRM
[LOG 11:29:59.182] Load DDS texture: Squad/Parts/Wheel/LandingGear/Flare
[LOG 11:29:59.182] Load DDS texture: Squad/Parts/Wheel/LandingGear/LandingGear
[LOG 11:29:59.198] Load DDS texture: Squad/Parts/Wheel/LandingGear/LandingGear_Emissive
[LOG 11:29:59.199] Load DDS texture: Squad/Parts/Wheel/roverWheelM1/model000
[LOG 11:29:59.199] Load DDS texture: Squad/Parts/Wheel/roverWheelM1/roverwheel1
[LOG 11:29:59.200] Load DDS texture: Squad/Parts/Wheel/roverWheelS2/model000
[LOG 11:29:59.200] Load DDS texture: Squad/Parts/Wheel/roverWheelS2/model001
[LOG 11:29:59.200] Load DDS texture: Squad/Parts/Wheel/roverWheelS2/roverwheel2
[LOG 11:29:59.200] Load DDS texture: Squad/Parts/Wheel/roverWheelS2/roverwheel2_n
[LOG 11:29:59.200] Load DDS texture: Squad/Parts/Wheel/roverWheelTR-2L/ksp_r_medWheel_diff
[LOG 11:29:59.201] Load DDS texture: Squad/Parts/Wheel/roverWheelTR-2L/ksp_r_medWheel_normal
[LOG 11:29:59.206] Load DDS texture: Squad/Parts/Wheel/roverWheelTR-2L/ksp_r_medWheel_wheel_diff
[LOG 11:29:59.206] Load DDS texture: Squad/Parts/Wheel/roverWheelTR-2L/ksp_r_medWheel_wheel_normal
[LOG 11:29:59.207] Load DDS texture: Squad/Parts/Wheel/roverWheelXL3/mount
[LOG 11:29:59.209] Load DDS texture: Squad/Parts/Wheel/roverWheelXL3/mount_n
[LOG 11:29:59.209] Load DDS texture: Squad/Parts/Wheel/roverWheelXL3/wheel
[LOG 11:29:59.209] Load DDS texture: Squad/Parts/Wheel/roverWheelXL3/wheel_n
[LOG 11:29:59.209] Load DDS texture: Squad/Props/AltimeterThreeHands/model000
[LOG 11:29:59.209] Load DDS texture: Squad/Props/AltimeterThreeHands/model001
[LOG 11:29:59.209] Load DDS texture: Squad/Props/AtmosphereDepth/model000
[LOG 11:29:59.210] Load DDS texture: Squad/Props/AtmosphereDepth/model001
[LOG 11:29:59.210] Load DDS texture: Squad/Props/AxisIndicator/model000
[LOG 11:29:59.210] Load DDS texture: Squad/Props/buttonsGeneric/ButtonsAndSwitches
[LOG 11:29:59.210] Load DDS texture: Squad/Props/ButtonSquare/model000
[LOG 11:29:59.210] Load DDS texture: Squad/Props/circularButton/model000
[LOG 11:29:59.210] Load DDS texture: Squad/Props/Compass/model000
[LOG 11:29:59.210] Load DDS texture: Squad/Props/directionalKnob/model000
[LOG 11:29:59.210] Load DDS texture: Squad/Props/directionalKnob2/model000
[LOG 11:29:59.210] Load DDS texture: Squad/Props/IndicatorPanel/model000
[LOG 11:29:59.211] Load DDS texture: Squad/Props/IndicatorPanel/model001
[LOG 11:29:59.211] Load DDS texture: Squad/Props/IVANavBall/Arrows8dir
[LOG 11:29:59.211] Load DDS texture: Squad/Props/IVANavBall/IVANavBall
[LOG 11:29:59.213] Load DDS texture: Squad/Props/IVANavBall/IVANavBall_Glow
[LOG 11:29:59.213] Load DDS texture: Squad/Props/IVANavBall/ManeuverNode_vectors
[LOG 11:29:59.213] Load DDS texture: Squad/Props/IVANavBall/navball2
[LOG 11:29:59.213] Load DDS texture: Squad/Props/IVANavBall/navBall_DV_IVA
[LOG 11:29:59.213] Load DDS texture: Squad/Props/IVANavBall/navBall_vectors_IVA
[LOG 11:29:59.213] Load Cached PNG Texture: Squad/Props/IVANavBallNoBase/Arrows8dir
[LOG 11:29:59.213] Load Cached PNG Texture: Squad/Props/IVANavBallNoBase/IVANavBall
[LOG 11:29:59.213] Load Cached PNG Texture: Squad/Props/IVANavBallNoBase/ManeuverNode_vectors
[LOG 11:29:59.213] Load Cached PNG Texture: Squad/Props/IVANavBallNoBase/navball2
[LOG 11:29:59.213] Load Cached PNG Texture: Squad/Props/IVANavBallNoBase/navBall_DV_IVA
[LOG 11:29:59.213] Load Cached PNG Texture: Squad/Props/IVANavBallNoBase/navBall_vectors_IVA
[LOG 11:29:59.213] Load DDS texture: Squad/Props/ledPanelSpeed/circularButton
[LOG 11:29:59.213] Load DDS texture: Squad/Props/ledPanelSpeed/ledPanel
[LOG 11:29:59.214] Load DDS texture: Squad/Props/Monitor/Emissives
[LOG 11:29:59.214] Load DDS texture: Squad/Props/Monitor/Emissives_glow
[LOG 11:29:59.214] Load DDS texture: Squad/Props/Monitor/Monitor
[LOG 11:29:59.214] Load DDS texture: Squad/Props/NavBall/GaugeGee
[LOG 11:29:59.214] Load DDS texture: Squad/Props/NavBall/GaugeThrottle
[LOG 11:29:59.214] Load DDS texture: Squad/Props/NavBall/model000
[LOG 11:29:59.214] Load DDS texture: Squad/Props/NavBall/model001
[LOG 11:29:59.214] Load DDS texture: Squad/Props/NavBall/model002
[LOG 11:29:59.214] Load DDS texture: Squad/Props/NavBall/model003
[LOG 11:29:59.214] Load DDS texture: Squad/Props/PropsGeneric/propsGeneric
[LOG 11:29:59.215] Load DDS texture: Squad/Props/pullSwitch/model000
[LOG 11:29:59.215] Load DDS texture: Squad/Props/pullSwitch/model001
[LOG 11:29:59.216] Load DDS texture: Squad/Props/radarAltitude/model000
[LOG 11:29:59.216] Load DDS texture: Squad/Props/squareButton/model000
[LOG 11:29:59.216] Load DDS texture: Squad/Props/standingSwitch/model000
[LOG 11:29:59.216] Load DDS texture: Squad/Props/standingSwitch/model001
[LOG 11:29:59.216] Load DDS texture: Squad/Props/switch/model000
[LOG 11:29:59.216] Load DDS texture: Squad/Props/switchGuard/model000
[LOG 11:29:59.216] Load DDS texture: Squad/Props/switchWithGuards/model000
[LOG 11:29:59.216] Load DDS texture: Squad/Props/switchWithGuards/model001
[LOG 11:29:59.216] Load DDS texture: Squad/Props/switchWithGuards/model002
[LOG 11:29:59.216] Load DDS texture: Squad/Props/throttle/model000
[LOG 11:29:59.216] Load DDS texture: Squad/Props/throttle/model001
[LOG 11:29:59.218] Load DDS texture: Squad/Props/VSI/model000
[LOG 11:29:59.218] Load DDS texture: Squad/Spaces/crewCabinInternals/model000
[LOG 11:29:59.218] Load DDS texture: Squad/Spaces/crewCabinInternals/model001
[LOG 11:29:59.224] Load DDS texture: Squad/Spaces/crewCabinInternals/model002
[LOG 11:29:59.224] Load DDS texture: Squad/Spaces/crewCabinInternals/model003
[LOG 11:29:59.225] Load DDS texture: Squad/Spaces/crewCabinInternals/model004
[LOG 11:29:59.225] Load DDS texture: Squad/Spaces/crewCabinInternals/model005
[LOG 11:29:59.227] Load DDS texture: Squad/Spaces/cupolaInternal/ksp_l_cupola_internal_diff
[LOG 11:29:59.234] Load DDS texture: Squad/Spaces/cupolaInternal/ksp_l_cupola_internal_normal
[LOG 11:29:59.240] Load DDS texture: Squad/Spaces/cupolaInternal/ksp_l_cupola_internal_windows_alpha
[LOG 11:29:59.242] Load DDS texture: Squad/Spaces/cupolaInternal/pilot Seat
[LOG 11:29:59.243] Load DDS texture: Squad/Spaces/GenericSpace1/model000
[LOG 11:29:59.246] Load DDS texture: Squad/Spaces/GenericSpace1/model001
[LOG 11:29:59.247] Load DDS texture: Squad/Spaces/GenericSpace1/model002
[LOG 11:29:59.248] Load DDS texture: Squad/Spaces/GenericSpace1/model003
[LOG 11:29:59.249] Load DDS texture: Squad/Spaces/GenericSpace1/model004
[LOG 11:29:59.250] Load DDS texture: Squad/Spaces/GenericSpace1/model005
[LOG 11:29:59.252] Load DDS texture: Squad/Spaces/GenericSpace3/model000
[LOG 11:29:59.257] Load DDS texture: Squad/Spaces/GenericSpace3/model001
[LOG 11:29:59.262] Load DDS texture: Squad/Spaces/GenericSpace3/model002
[LOG 11:29:59.263] Load DDS texture: Squad/Spaces/GenericSpace3/model003
[LOG 11:29:59.264] Load DDS texture: Squad/Spaces/GenericSpace3/model004
[LOG 11:29:59.265] Load DDS texture: Squad/Spaces/GenericSpace3/model005
[LOG 11:29:59.266] Load DDS texture: Squad/Spaces/GenericSpace3/model006
[LOG 11:29:59.267] Load DDS texture: Squad/Spaces/GenericSpace3/model007
[LOG 11:29:59.268] Load DDS texture: Squad/Spaces/landerCabinInternals/model000
[LOG 11:29:59.269] Load DDS texture: Squad/Spaces/landerCabinInternals/model001
[LOG 11:29:59.270] Load DDS texture: Squad/Spaces/landerCabinInternals/model002
[LOG 11:29:59.271] Load DDS texture: Squad/Spaces/landerCabinInternals/model003
[LOG 11:29:59.276] Load DDS texture: Squad/Spaces/landerCabinInternals/model004
[LOG 11:29:59.277] Load DDS texture: Squad/Spaces/landerCabinInternals/model005
[LOG 11:29:59.277] Load DDS texture: Squad/Spaces/landerCabinInternals/model006
[LOG 11:29:59.279] Load DDS texture: Squad/Spaces/landerCabinInternals/model007
[LOG 11:29:59.279] Load DDS texture: Squad/Spaces/landerCabinSmallInternal/ksp_s_landerCan_internal_diff
[LOG 11:29:59.283] Load DDS texture: Squad/Spaces/landerCabinSmallInternal/ksp_s_landerCan_internal_normal
[LOG 11:29:59.289] Load DDS texture: Squad/Spaces/landerCabinSmallInternal/ksp_s_landerCan_internal_window_alpha
[LOG 11:29:59.293] Load DDS texture: Squad/Spaces/landerCabinSmallInternal/pilot Seat
[LOG 11:29:59.294] Load DDS texture: Squad/Spaces/LargeCrewedLabInternals/Glass
[LOG 11:29:59.295] Load DDS texture: Squad/Spaces/LargeCrewedLabInternals/MPL_Int
[LOG 11:29:59.299] Load DDS texture: Squad/Spaces/LargeCrewedLabInternals/MPL_Int_n_NRM
[LOG 11:29:59.301] Load DDS texture: Squad/Spaces/Mk1-3/Mk1_3_IvaProps_Diffuse
[LOG 11:29:59.305] Load DDS texture: Squad/Spaces/Mk1-3/Mk1_3_IvaProps_Normal
[LOG 11:29:59.309] Load DDS texture: Squad/Spaces/Mk1-3/Mk1_3_IvaShell_Diffuse
[LOG 11:29:59.314] Load DDS texture: Squad/Spaces/Mk1-3/Mk1_3_IvaShell_Emissive
[LOG 11:29:59.319] Load DDS texture: Squad/Spaces/Mk1-3/Mk1_3_IvaShell_Normal
[LOG 11:29:59.324] Load DDS texture: Squad/Spaces/Mk1-3/pilot Seat
[LOG 11:29:59.326] Load DDS texture: Squad/Spaces/mk1CabinInternal/Cabin_Lightmap
[LOG 11:29:59.326] Load DDS texture: Squad/Spaces/mk1CabinInternal/CockpitGeneric
[LOG 11:29:59.328] Load DDS texture: Squad/Spaces/mk1CabinInternal/CockpitGeneric_NRM
[LOG 11:29:59.328] Load DDS texture: Squad/Spaces/mk1CockpitInternal/CockpitGeneric
[LOG 11:29:59.328] Load DDS texture: Squad/Spaces/mk1CockpitInternal/CockpitGeneric_NRM
[LOG 11:29:59.328] Load DDS texture: Squad/Spaces/mk1CockpitInternal/IVAMAP
[LOG 11:29:59.329] Load DDS texture: Squad/Spaces/mk1CockpitInternal/Windows
[LOG 11:29:59.329] Load DDS texture: Squad/Spaces/mk1InlineInternal/Canopy
[LOG 11:29:59.330] Load DDS texture: Squad/Spaces/mk1InlineInternal/CockpitGeneric
[LOG 11:29:59.330] Load DDS texture: Squad/Spaces/mk1InlineInternal/CockpitGeneric_NRM
[LOG 11:29:59.331] Load DDS texture: Squad/Spaces/mk1InlineInternal/Mk1Inline_Lightmap
[LOG 11:29:59.331] Load DDS texture: Squad/Spaces/mk1PodCockpit/model000
[LOG 11:29:59.332] Load DDS texture: Squad/Spaces/mk1PodCockpit/model001
[LOG 11:29:59.334] Load DDS texture: Squad/Spaces/mk1PodCockpit/model002
[LOG 11:29:59.336] Load DDS texture: Squad/Spaces/mk1PodCockpit/model003
[LOG 11:29:59.337] Load DDS texture: Squad/Spaces/mk1PodCockpit/model004
[LOG 11:29:59.340] Load DDS texture: Squad/Spaces/mk1PodCockpit/model005
[LOG 11:29:59.340] Load DDS texture: Squad/Spaces/mk1PodCockpit/model006
[LOG 11:29:59.342] Load DDS texture: Squad/Spaces/mk1PodCockpit/model007
[LOG 11:29:59.342] Load DDS texture: Squad/Spaces/mk1pod_IVA/mk1pod_iva_props_diffuse
[LOG 11:29:59.348] Load DDS texture: Squad/Spaces/mk1pod_IVA/mk1pod_iva_props_emissive
[LOG 11:29:59.348] Load DDS texture: Squad/Spaces/mk1pod_IVA/mk1pod_iva_props_normal
[LOG 11:29:59.354] Load DDS texture: Squad/Spaces/mk1pod_IVA/mk1pod_iva_shell_diffuse
[LOG 11:29:59.361] Load DDS texture: Squad/Spaces/mk1pod_IVA/mk1pod_iva_shell_normal
[LOG 11:29:59.371] Load MBM texture: Squad/Spaces/mk1pod_IVA/pilot Seat
[LOG 11:29:59.415] Load DDS texture: Squad/Spaces/mk2CockpitStandardInternal/CargoBagA
[LOG 11:29:59.415] Load DDS texture: Squad/Spaces/mk2CockpitStandardInternal/Mk2StandardIVA
[LOG 11:29:59.417] Load DDS texture: Squad/Spaces/mk2CockpitStandardInternal/Pilotseat
[LOG 11:29:59.417] Load DDS texture: Squad/Spaces/mk2CockpitStandardInternal/Windows
[LOG 11:29:59.418] Load DDS texture: Squad/Spaces/Mk2CrewCabinInternal/CargoBagA
[LOG 11:29:59.418] Load DDS texture: Squad/Spaces/Mk2CrewCabinInternal/Glass
[LOG 11:29:59.418] Load DDS texture: Squad/Spaces/Mk2CrewCabinInternal/Mk2StandardIVA
[LOG 11:29:59.418] Load DDS texture: Squad/Spaces/Mk2CrewCabinInternal/Pilotseat
[LOG 11:29:59.419] Load DDS texture: Squad/Spaces/mk2InlineInternal/CockpitGeneric
[LOG 11:29:59.420] Load DDS texture: Squad/Spaces/mk2InlineInternal/CockpitGeneric_NRM
[LOG 11:29:59.421] Load DDS texture: Squad/Spaces/mk2InlineInternal/Mk2InlineLightmap
[LOG 11:29:59.423] Load DDS texture: Squad/Spaces/mk2InlineInternal/propsGeneric
[LOG 11:29:59.424] Load DDS texture: Squad/Spaces/mk2LanderCanInternal/mk2LanderCan_props_diffuse
[LOG 11:29:59.433] Load DDS texture: Squad/Spaces/mk2LanderCanInternal/mk2LanderCan_props_normal
[LOG 11:29:59.440] Load DDS texture: Squad/Spaces/mk2LanderCanInternal/mk2LanderCan_shell_diffuse
[LOG 11:29:59.446] Load DDS texture: Squad/Spaces/mk2LanderCanInternal/mk2LanderCan_shell_normal
[LOG 11:29:59.456] Load MBM texture: Squad/Spaces/mk2LanderCanInternal/pilot Seat
[LOG 11:29:59.499] Load DDS texture: Squad/Spaces/MK3CockpitInternal/Glass
[LOG 11:29:59.499] Load DDS texture: Squad/Spaces/MK3CockpitInternal/Mk2StandardIVA
[LOG 11:29:59.499] Load DDS texture: Squad/Spaces/MK3_CrewCab_Int/Glass
[LOG 11:29:59.499] Load DDS texture: Squad/Spaces/MK3_CrewCab_Int/GlassMK3CC
[LOG 11:29:59.499] Load DDS texture: Squad/Spaces/MK3_CrewCab_Int/Mk2StandardIVA
[LOG 11:29:59.499] Load DDS texture: Squad/Spaces/MK3_CrewCab_Int/MK3_CrewCab_Int
[LOG 11:29:59.500] Load DDS texture: Squad/Spaces/MK3_CrewCab_Int/MK3_CrewCab_Int_n
[LOG 11:29:59.500] Load DDS texture: Squad/Spaces/MK3_CrewCab_Int/Pilotseat
[LOG 11:29:59.501] Load DDS texture: Squad/Spaces/Placeholder/PlaceholderIVA
[LOG 11:29:59.501] Load DDS texture: Squad/Spaces/PodCockpit/model000
[LOG 11:29:59.502] Load DDS texture: Squad/Spaces/PodCockpit/model001
[LOG 11:29:59.504] Load DDS texture: Squad/Spaces/PodCockpit/model002
[LOG 11:29:59.505] Load DDS texture: Squad/Spaces/PodCockpit/model003
[LOG 11:29:59.507] Load DDS texture: Squad/Spaces/PodCockpit/model004
[LOG 11:29:59.508] Load DDS texture: Squad/Spaces/PodCockpit/model005
[LOG 11:29:59.509] Load DDS texture: Squad/Spaces/PodCockpit/model006
[LOG 11:29:59.510] Load DDS texture: Squad/Spaces/PodCockpit/model007
[LOG 11:29:59.512] Load DDS texture: Squad/Spaces/sharedAssets/CockpitGeneric
[LOG 11:29:59.514] Load DDS texture: Squad/Spaces/sharedAssets/CockpitGeneric_NRM
[LOG 11:29:59.515] Load Cached PNG Texture: Squad/Strategies/Icons/AggressiveNegotiations
[LOG 11:29:59.515] Load Cached PNG Texture: Squad/Strategies/Icons/AppreciationCampaign
[LOG 11:29:59.515] Load Cached PNG Texture: Squad/Strategies/Icons/BailOutGrant
[LOG 11:29:59.516] Load Cached PNG Texture: Squad/Strategies/Icons/FundraisingCampaign
[LOG 11:29:59.517] Load Cached PNG Texture: Squad/Strategies/Icons/LeadershipInitiative
[LOG 11:29:59.517] Load Cached PNG Texture: Squad/Strategies/Icons/OpenSourceTechProgram
[LOG 11:29:59.517] Load Cached PNG Texture: Squad/Strategies/Icons/OutsourcedResearch
[LOG 11:29:59.517] Load Cached PNG Texture: Squad/Strategies/Icons/PatentsLicensing
[LOG 11:29:59.517] Load Cached PNG Texture: Squad/Strategies/Icons/RecoveryTransponderFitting
[LOG 11:29:59.517] Load Cached PNG Texture: Squad/Strategies/Icons/ResearchRightsSellOut
[LOG 11:29:59.517] Load Cached PNG Texture: Squad/Strategies/Icons/UnpaidResearchProgram
[LOG 11:29:59.517] Load Cached PNG Texture: Squad/Tutorials/ChuteColors
[LOG 11:29:59.517] Load DDS texture: Squad/Tutorials/EditorCoM
[LOG 11:29:59.519] Load Cached PNG Texture: Squad/Tutorials/EditorSnap
[LOG 11:29:59.519] Load Cached PNG Texture: Squad/Tutorials/EditorSnap4x
[LOG 11:29:59.519] Load Cached PNG Texture: Squad/Tutorials/EditorSymm
[LOG 11:29:59.519] Load Cached PNG Texture: Squad/Tutorials/StagingStack
[LOG 11:29:59.519] Load PNG texture: Squad/Tutorials/YPRDiagram
[WRN 11:29:59.520] Texture isn't eligible for DXT compression, width and height must be multiples of 4
[LOG 11:29:59.520] Load Cached PNG Texture: SquadExpansion/MakingHistory/Banners/Fail/default
[LOG 11:29:59.522] Load Cached PNG Texture: SquadExpansion/MakingHistory/Banners/Fail/fail01
[LOG 11:29:59.522] Load Cached PNG Texture: SquadExpansion/MakingHistory/Banners/Fail/fail02
[LOG 11:29:59.522] Load PNG texture: SquadExpansion/MakingHistory/Banners/Menu/default
[WRN 11:29:59.525] Texture isn't eligible for DXT compression, width and height must be multiples of 4
[LOG 11:29:59.525] Load PNG texture: SquadExpansion/MakingHistory/Banners/Menu/MBanner_01
[WRN 11:29:59.528] Texture isn't eligible for DXT compression, width and height must be multiples of 4
[LOG 11:29:59.529] Load PNG texture: SquadExpansion/MakingHistory/Banners/Menu/MBanner_02
[WRN 11:29:59.533] Texture isn't eligible for DXT compression, width and height must be multiples of 4
[LOG 11:29:59.534] Load PNG texture: SquadExpansion/MakingHistory/Banners/Menu/MBanner_03
[WRN 11:29:59.537] Texture isn't eligible for DXT compression, width and height must be multiples of 4
[LOG 11:29:59.540] Load Cached PNG Texture: SquadExpansion/MakingHistory/Banners/Success/default
[LOG 11:29:59.540] Load Cached PNG Texture: SquadExpansion/MakingHistory/Banners/Success/success01
[LOG 11:29:59.540] Load Cached PNG Texture: SquadExpansion/MakingHistory/Banners/Success/success02
[LOG 11:29:59.540] Load Cached PNG Texture: SquadExpansion/MakingHistory/Missions/Acapello 13/Banners/Fail/fail01
[LOG 11:29:59.540] Load PNG texture: SquadExpansion/MakingHistory/Missions/Acapello 13/Banners/Menu/Mun
[WRN 11:29:59.543] Texture isn't eligible for DXT compression, width and height must be multiples of 4
[LOG 11:29:59.543] Load Cached PNG Texture: SquadExpansion/MakingHistory/Missions/Acapello 13/Banners/Success/success01
[LOG 11:29:59.543] Load Cached PNG Texture: SquadExpansion/MakingHistory/Missions/Acapello 15/Banners/Fail/default
[LOG 11:29:59.543] Load Cached PNG Texture: SquadExpansion/MakingHistory/Missions/Acapello 15/Banners/Fail/fail02
[LOG 11:29:59.543] Load PNG texture: SquadExpansion/MakingHistory/Missions/Acapello 15/Banners/Menu/default
[WRN 11:29:59.546] Texture isn't eligible for DXT compression, width and height must be multiples of 4
[LOG 11:29:59.546] Load Cached PNG Texture: SquadExpansion/MakingHistory/Missions/Acapello 15/Banners/Success/default
[LOG 11:29:59.546] Load Cached PNG Texture: SquadExpansion/MakingHistory/Missions/Blue Mun/Banners/Fail/fail01
[LOG 11:29:59.546] Load PNG texture: SquadExpansion/MakingHistory/Missions/Blue Mun/Banners/Menu/default
[WRN 11:29:59.549] Texture isn't eligible for DXT compression, width and height must be multiples of 4
[LOG 11:29:59.549] Load Cached PNG Texture: SquadExpansion/MakingHistory/Missions/Blue Mun/Banners/Success/success02
[LOG 11:29:59.549] Load Cached PNG Texture: SquadExpansion/MakingHistory/Missions/Dawn of the Space Age/Banners/Fail/default
[LOG 11:29:59.549] Load PNG texture: SquadExpansion/MakingHistory/Missions/Dawn of the Space Age/Banners/Menu/default
[WRN 11:29:59.552] Texture isn't eligible for DXT compression, width and height must be multiples of 4
[LOG 11:29:59.552] Load Cached PNG Texture: SquadExpansion/MakingHistory/Missions/Dawn of the Space Age/Banners/Success/default
[LOG 11:29:59.552] Load Cached PNG Texture: SquadExpansion/MakingHistory/Missions/Meet Me in Zero G/Banners/Fail/default
[LOG 11:29:59.552] Load Cached PNG Texture: SquadExpansion/MakingHistory/Missions/Meet Me in Zero G/Banners/Fail/fail01
[LOG 11:29:59.552] Load PNG texture: SquadExpansion/MakingHistory/Missions/Meet Me in Zero G/Banners/Menu/default
[WRN 11:29:59.555] Texture isn't eligible for DXT compression, width and height must be multiples of 4
[LOG 11:29:59.555] Load Cached PNG Texture: SquadExpansion/MakingHistory/Missions/Meet Me in Zero G/Banners/Success/default
[LOG 11:29:59.555] Load Cached PNG Texture: SquadExpansion/MakingHistory/Missions/Meet Me in Zero G/Banners/Success/success02
[LOG 11:29:59.555] Load Cached PNG Texture: SquadExpansion/MakingHistory/Missions/Munar 1/Banners/Fail/default
[LOG 11:29:59.560] Load Cached PNG Texture: SquadExpansion/MakingHistory/Missions/Munar 1/Banners/Fail/fail02
[LOG 11:29:59.560] Load PNG texture: SquadExpansion/MakingHistory/Missions/Munar 1/Banners/Menu/default
[WRN 11:29:59.563] Texture isn't eligible for DXT compression, width and height must be multiples of 4
[LOG 11:29:59.563] Load Cached PNG Texture: SquadExpansion/MakingHistory/Missions/Munar 1/Banners/Success/default
[LOG 11:29:59.563] Load Cached PNG Texture: SquadExpansion/MakingHistory/Missions/Munar 1/Banners/Success/success01
[LOG 11:29:59.563] Load Cached PNG Texture: SquadExpansion/MakingHistory/Missions/Sally-Hut 1/Banners/Fail/default
[LOG 11:29:59.563] Load Cached PNG Texture: SquadExpansion/MakingHistory/Missions/Sally-Hut 1/Banners/Fail/fail01
[LOG 11:29:59.568] Load Cached PNG Texture: SquadExpansion/MakingHistory/Missions/Sally-Hut 1/Banners/Menu/bannerSatellite
[LOG 11:29:59.569] Load Cached PNG Texture: SquadExpansion/MakingHistory/Missions/Sally-Hut 1/Banners/Success/default
[LOG 11:29:59.569] Load Cached PNG Texture: SquadExpansion/MakingHistory/Missions/Sally-Hut 1/Banners/Success/success02
[LOG 11:29:59.569] Load Cached PNG Texture: SquadExpansion/MakingHistory/Missions/To the Mun Via Minmus/Banners/Fail/fail02
[LOG 11:29:59.569] Load PNG texture: SquadExpansion/MakingHistory/Missions/To the Mun Via Minmus/Banners/Menu/MissionBannerKerbin
[WRN 11:29:59.572] Texture isn't eligible for DXT compression, width and height must be multiples of 4
[LOG 11:29:59.572] Load Cached PNG Texture: SquadExpansion/MakingHistory/Missions/To the Mun Via Minmus/Banners/Success/success01
[LOG 11:29:59.572] Load Cached PNG Texture: SquadExpansion/MakingHistory/Missions/Trouble in the Void/Banners/Fail/fail01
[LOG 11:29:59.572] Load PNG texture: SquadExpansion/MakingHistory/Missions/Trouble in the Void/Banners/Menu/default
[WRN 11:29:59.575] Texture isn't eligible for DXT compression, width and height must be multiples of 4
[LOG 11:29:59.575] Load Cached PNG Texture: SquadExpansion/MakingHistory/Missions/Trouble in the Void/Banners/Success/success02
[LOG 11:29:59.575] Load Cached PNG Texture: SquadExpansion/MakingHistory/Missions/Ziggy Kerman and the Spiders from Duna/Banners/Fail/fail02
[LOG 11:29:59.575] Load Cached PNG Texture: SquadExpansion/MakingHistory/Missions/Ziggy Kerman and the Spiders from Duna/Banners/Menu/bannerSatellite
[LOG 11:29:59.575] Load Cached PNG Texture: SquadExpansion/MakingHistory/Missions/Ziggy Kerman and the Spiders from Duna/Banners/Success/success01
[LOG 11:29:59.575] Load Cached PNG Texture: SquadExpansion/MakingHistory/Parts/@thumbs/Decoupler.1p5_icon0
[LOG 11:29:59.575] Load Cached PNG Texture: SquadExpansion/MakingHistory/Parts/@thumbs/Decoupler.1p5_icon1
[LOG 11:29:59.575] Load Cached PNG Texture: SquadExpansion/MakingHistory/Parts/@thumbs/EquiTriangle0_icon0
[LOG 11:29:59.576] Load Cached PNG Texture: SquadExpansion/MakingHistory/Parts/@thumbs/EquiTriangle0_icon1
[LOG 11:29:59.576] Load Cached PNG Texture: SquadExpansion/MakingHistory/Parts/@thumbs/EquiTriangle0_icon2
[LOG 11:29:59.576] Load Cached PNG Texture: SquadExpansion/MakingHistory/Parts/@thumbs/EquiTriangle0_icon3
[LOG 11:29:59.576] Load Cached PNG Texture: SquadExpansion/MakingHistory/Parts/@thumbs/EquiTriangle1p5_icon0
[LOG 11:29:59.576] Load Cached PNG Texture: SquadExpansion/MakingHistory/Parts/@thumbs/EquiTriangle1p5_icon1
[LOG 11:29:59.576] Load Cached PNG Texture: SquadExpansion/MakingHistory/Parts/@thumbs/EquiTriangle1p5_icon2
[LOG 11:29:59.576] Load Cached PNG Texture: SquadExpansion/MakingHistory/Parts/@thumbs/EquiTriangle1p5_icon3
[LOG 11:29:59.576] Load Cached PNG Texture: SquadExpansion/MakingHistory/Parts/@thumbs/EquiTriangle1_icon0
[LOG 11:29:59.576] Load Cached PNG Texture: SquadExpansion/MakingHistory/Parts/@thumbs/EquiTriangle1_icon1
[LOG 11:29:59.577] Load Cached PNG Texture: SquadExpansion/MakingHistory/Parts/@thumbs/EquiTriangle1_icon2
[LOG 11:29:59.577] Load Cached PNG Texture: SquadExpansion/MakingHistory/Parts/@thumbs/EquiTriangle1_icon3
[LOG 11:29:59.577] Load Cached PNG Texture: SquadExpansion/MakingHistory/Parts/@thumbs/EquiTriangle2_icon0
[LOG 11:29:59.577] Load Cached PNG Texture: SquadExpansion/MakingHistory/Parts/@thumbs/EquiTriangle2_icon1
[LOG 11:29:59.577] Load Cached PNG Texture: SquadExpansion/MakingHistory/Parts/@thumbs/EquiTriangle2_icon2
[LOG 11:29:59.577] Load Cached PNG Texture: SquadExpansion/MakingHistory/Parts/@thumbs/EquiTriangle2_icon3
[LOG 11:29:59.577] Load Cached PNG Texture: SquadExpansion/MakingHistory/Parts/@thumbs/HeatShield1p5_icon
[LOG 11:29:59.577] Load Cached PNG Texture: SquadExpansion/MakingHistory/Parts/@thumbs/InflatableAirlock_icon
[LOG 11:29:59.577] Load Cached PNG Texture: SquadExpansion/MakingHistory/Parts/@thumbs/LiquidEngineRV-1_icon
[LOG 11:29:59.577] Load Cached PNG Texture: SquadExpansion/MakingHistory/Parts/@thumbs/monopropMiniSphere_icon
[LOG 11:29:59.577] Load Cached PNG Texture: SquadExpansion/MakingHistory/Parts/@thumbs/Panel0_icon0
[LOG 11:29:59.577] Load Cached PNG Texture: SquadExpansion/MakingHistory/Parts/@thumbs/Panel0_icon1
[LOG 11:29:59.578] Load Cached PNG Texture: SquadExpansion/MakingHistory/Parts/@thumbs/Panel0_icon2
[LOG 11:29:59.578] Load Cached PNG Texture: SquadExpansion/MakingHistory/Parts/@thumbs/Panel0_icon3
[LOG 11:29:59.578] Load Cached PNG Texture: SquadExpansion/MakingHistory/Parts/@thumbs/Panel1p5_icon0
[LOG 11:29:59.578] Load Cached PNG Texture: SquadExpansion/MakingHistory/Parts/@thumbs/Panel1p5_icon1
[LOG 11:29:59.578] Load Cached PNG Texture: SquadExpansion/MakingHistory/Parts/@thumbs/Panel1p5_icon2
[LOG 11:29:59.578] Load Cached PNG Texture: SquadExpansion/MakingHistory/Parts/@thumbs/Panel1p5_icon3
[LOG 11:29:59.578] Load Cached PNG Texture: SquadExpansion/MakingHistory/Parts/@thumbs/Panel1_icon0
[LOG 11:29:59.578] Load Cached PNG Texture: SquadExpansion/MakingHistory/Parts/@thumbs/Panel1_icon1
[LOG 11:29:59.578] Load Cached PNG Texture: SquadExpansion/MakingHistory/Parts/@thumbs/Panel1_icon2
[LOG 11:29:59.578] Load Cached PNG Texture: SquadExpansion/MakingHistory/Parts/@thumbs/Panel1_icon3
[LOG 11:29:59.579] Load Cached PNG Texture: SquadExpansion/MakingHistory/Parts/@thumbs/roverWheelM1-F_icon0
[LOG 11:29:59.579] Load Cached PNG Texture: SquadExpansion/MakingHistory/Parts/@thumbs/roverWheelM1-F_icon1
[LOG 11:29:59.579] Load Cached PNG Texture: SquadExpansion/MakingHistory/Parts/@thumbs/Separator.1p5_icon0
[LOG 11:29:59.579] Load Cached PNG Texture: SquadExpansion/MakingHistory/Parts/@thumbs/Separator.1p5_icon1
[LOG 11:29:59.579] Load Cached PNG Texture: SquadExpansion/MakingHistory/Parts/@thumbs/Size1p5.Strut.Decoupler_icon0
[LOG 11:29:59.579] Load Cached PNG Texture: SquadExpansion/MakingHistory/Parts/@thumbs/Size1p5.Strut.Decoupler_icon1
[LOG 11:29:59.579] Load Cached PNG Texture: SquadExpansion/MakingHistory/Parts/@thumbs/Size1to0ServiceModule_icon
[LOG 11:29:59.579] Load Cached PNG Texture: SquadExpansion/MakingHistory/Parts/@thumbs/Triangle0_icon0
[LOG 11:29:59.579] Load Cached PNG Texture: SquadExpansion/MakingHistory/Parts/@thumbs/Triangle0_icon1
[LOG 11:29:59.579] Load Cached PNG Texture: SquadExpansion/MakingHistory/Parts/@thumbs/Triangle0_icon2
[LOG 11:29:59.579] Load Cached PNG Texture: SquadExpansion/MakingHistory/Parts/@thumbs/Triangle0_icon3
[LOG 11:29:59.580] Load Cached PNG Texture: SquadExpansion/MakingHistory/Parts/@thumbs/Triangle1p5_icon0
[LOG 11:29:59.580] Load Cached PNG Texture: SquadExpansion/MakingHistory/Parts/@thumbs/Triangle1p5_icon1
[LOG 11:29:59.580] Load Cached PNG Texture: SquadExpansion/MakingHistory/Parts/@thumbs/Triangle1p5_icon2
[LOG 11:29:59.580] Load Cached PNG Texture: SquadExpansion/MakingHistory/Parts/@thumbs/Triangle1p5_icon3
[LOG 11:29:59.580] Load Cached PNG Texture: SquadExpansion/MakingHistory/Parts/@thumbs/Triangle1_icon0
[LOG 11:29:59.580] Load Cached PNG Texture: SquadExpansion/MakingHistory/Parts/@thumbs/Triangle1_icon1
[LOG 11:29:59.580] Load Cached PNG Texture: SquadExpansion/MakingHistory/Parts/@thumbs/Triangle1_icon2
[LOG 11:29:59.580] Load Cached PNG Texture: SquadExpansion/MakingHistory/Parts/@thumbs/Triangle1_icon3
[LOG 11:29:59.580] Load Cached PNG Texture: SquadExpansion/MakingHistory/Parts/@thumbs/Triangle2_icon0
[LOG 11:29:59.580] Load Cached PNG Texture: SquadExpansion/MakingHistory/Parts/@thumbs/Triangle2_icon1
[LOG 11:29:59.580] Load Cached PNG Texture: SquadExpansion/MakingHistory/Parts/@thumbs/Triangle2_icon2
[LOG 11:29:59.581] Load Cached PNG Texture: SquadExpansion/MakingHistory/Parts/@thumbs/Triangle2_icon3
[LOG 11:29:59.581] Load Cached PNG Texture: SquadExpansion/MakingHistory/Parts/@thumbs/Tube1_icon0
[LOG 11:29:59.581] Load Cached PNG Texture: SquadExpansion/MakingHistory/Parts/@thumbs/Tube1_icon1
[LOG 11:29:59.581] Load Cached PNG Texture: SquadExpansion/MakingHistory/Parts/@thumbs/Tube1_icon2
[LOG 11:29:59.581] Load Cached PNG Texture: SquadExpansion/MakingHistory/Parts/@thumbs/Tube1_icon3
[LOG 11:29:59.581] Load Cached PNG Texture: SquadExpansion/MakingHistory/Parts/@thumbs/Tube1_icon4
[LOG 11:29:59.581] Load Cached PNG Texture: SquadExpansion/MakingHistory/Parts/Aero/protectiveRocketNoseMk5A/s1p5_cone
[LOG 11:29:59.583] Load Cached PNG Texture: SquadExpansion/MakingHistory/Parts/Aero/protectiveRocketNoseMk5A/s1p5_cone_Orange
[LOG 11:29:59.584] Load DDS texture: SquadExpansion/MakingHistory/Parts/Coupling/Assets/airlock
[LOG 11:29:59.584] Load DDS texture: SquadExpansion/MakingHistory/Parts/Coupling/Assets/airlock_N
[LOG 11:29:59.585] Load DDS texture: SquadExpansion/MakingHistory/Parts/Coupling/Assets/EnginePlate
[LOG 11:29:59.586] Load DDS texture: SquadExpansion/MakingHistory/Parts/Coupling/Assets/Size1_5_Decoupler_grey
[LOG 11:29:59.587] Load DDS texture: SquadExpansion/MakingHistory/Parts/Coupling/Assets/Size1_5_Decoupler_orange
[LOG 11:29:59.587] Load DDS texture: SquadExpansion/MakingHistory/Parts/Engine/Assets/KE-1
[LOG 11:29:59.589] Load DDS texture: SquadExpansion/MakingHistory/Parts/Engine/Assets/KE-1_BASE
[LOG 11:29:59.590] Load DDS texture: SquadExpansion/MakingHistory/Parts/Engine/Assets/LV-T87
[LOG 11:29:59.592] Load DDS texture: SquadExpansion/MakingHistory/Parts/Engine/Assets/LV-T91
[LOG 11:29:59.593] Load DDS texture: SquadExpansion/MakingHistory/Parts/Engine/Assets/RE-I2
[LOG 11:29:59.597] Load DDS texture: SquadExpansion/MakingHistory/Parts/Engine/Assets/RE-J10
[LOG 11:29:59.599] Load DDS texture: SquadExpansion/MakingHistory/Parts/Engine/Assets/RE-J10_N
[LOG 11:29:59.604] Load DDS texture: SquadExpansion/MakingHistory/Parts/Engine/Assets/RK-7
[LOG 11:29:59.608] Load DDS texture: SquadExpansion/MakingHistory/Parts/Engine/Assets/RK-7_N
[LOG 11:29:59.608] Load DDS texture: SquadExpansion/MakingHistory/Parts/Engine/solidBoosterTHK/SolidBoosterS2-17_emissive
[LOG 11:29:59.616] Load DDS texture: SquadExpansion/MakingHistory/Parts/Engine/solidBoosterTHK/solidBoosterTHK_diffuse
[LOG 11:29:59.623] Load DDS texture: SquadExpansion/MakingHistory/Parts/FuelTank/Assets/Size1p5_02
[LOG 11:29:59.625] Load DDS texture: SquadExpansion/MakingHistory/Parts/FuelTank/Assets/Size1p5_02_ALT01
[LOG 11:29:59.627] Load DDS texture: SquadExpansion/MakingHistory/Parts/FuelTank/Assets/Size1p5_02_ALT02
[LOG 11:29:59.629] Load DDS texture: SquadExpansion/MakingHistory/Parts/FuelTank/Assets/Size1p5_02_ALT02_normal
[LOG 11:29:59.629] Load DDS texture: SquadExpansion/MakingHistory/Parts/FuelTank/Assets/Size1p5_mono
[LOG 11:29:59.631] Load DDS texture: SquadExpansion/MakingHistory/Parts/FuelTank/Assets/Size1p5_mono_2
[LOG 11:29:59.633] Load DDS texture: SquadExpansion/MakingHistory/Parts/FuelTank/Assets/Size1p5_mono_N
[LOG 11:29:59.634] Load DDS texture: SquadExpansion/MakingHistory/Parts/FuelTank/Assets/Size1_5_TankAdapters
[LOG 11:29:59.637] Load DDS texture: SquadExpansion/MakingHistory/Parts/FuelTank/Assets/Size1_5_TankAdapters_ALT01
[LOG 11:29:59.638] Load DDS texture: SquadExpansion/MakingHistory/Parts/FuelTank/Assets/Size1_5_TankAdapters_ALT02
[LOG 11:29:59.639] Load DDS texture: SquadExpansion/MakingHistory/Parts/FuelTank/Assets/Size1_5_TankAdapters_ALT02nm
[LOG 11:29:59.641] Load DDS texture: SquadExpansion/MakingHistory/Parts/FuelTank/Assets/Size1_5_TankAdapters_N
[LOG 11:29:59.642] Load DDS texture: SquadExpansion/MakingHistory/Parts/FuelTank/Assets/Size1_5_Tanks
[LOG 11:29:59.643] Load DDS texture: SquadExpansion/MakingHistory/Parts/FuelTank/Assets/Size1_5_Tanks_ALT02
[LOG 11:29:59.645] Load DDS texture: SquadExpansion/MakingHistory/Parts/FuelTank/Assets/Size1_5_Tanks_ALT02_nm
[LOG 11:29:59.647] Load DDS texture: SquadExpansion/MakingHistory/Parts/FuelTank/Assets/Size1_5_Tanks_grey
[LOG 11:29:59.648] Load DDS texture: SquadExpansion/MakingHistory/Parts/FuelTank/Assets/Size4_Tanks
[LOG 11:29:59.656] Load DDS texture: SquadExpansion/MakingHistory/Parts/FuelTank/Assets/Size4_Tanks_N
[LOG 11:29:59.665] Load DDS texture: SquadExpansion/MakingHistory/Parts/Ground/Assets/RoverWheel
[LOG 11:29:59.666] Load DDS texture: SquadExpansion/MakingHistory/Parts/Ground/Assets/RoverWheelG
[LOG 11:29:59.667] Load DDS texture: SquadExpansion/MakingHistory/Parts/Payload/Assets/Size1to0ServiceBay
[LOG 11:29:59.668] Load DDS texture: SquadExpansion/MakingHistory/Parts/Payload/Assets/Size1to0ServiceBay_n
[LOG 11:29:59.671] Load DDS texture: SquadExpansion/MakingHistory/Parts/Payload/Assets/SM18_diffuse
[LOG 11:29:59.679] Load Cached PNG Texture: SquadExpansion/MakingHistory/Parts/Payload/Assets/SM18_NRM
[LOG 11:29:59.686] Load DDS texture: SquadExpansion/MakingHistory/Parts/Payload/Assets/SM18_specular
[LOG 11:29:59.693] Load DDS texture: SquadExpansion/MakingHistory/Parts/Payload/Assets/SM25_diffuse
[LOG 11:29:59.699] Load DDS texture: SquadExpansion/MakingHistory/Parts/Payload/Assets/SM25_normals
[LOG 11:29:59.702] Load DDS texture: SquadExpansion/MakingHistory/Parts/Pods/Assets/KV1
[LOG 11:29:59.702] Load DDS texture: SquadExpansion/MakingHistory/Parts/Pods/Assets/KV1_GLOW
[LOG 11:29:59.705] Load DDS texture: SquadExpansion/MakingHistory/Parts/Pods/Assets/KV2
[LOG 11:29:59.706] Load DDS texture: SquadExpansion/MakingHistory/Parts/Pods/Assets/KV3
[LOG 11:29:59.707] Load DDS texture: SquadExpansion/MakingHistory/Parts/Pods/Assets/Mk2Pod
[LOG 11:29:59.709] Load DDS texture: SquadExpansion/MakingHistory/Parts/Pods/Assets/Mk2Pod_GLOW
[LOG 11:29:59.710] Load DDS texture: SquadExpansion/MakingHistory/Parts/Pods/Assets/Mk2Pod_n
[LOG 11:29:59.711] Load DDS texture: SquadExpansion/MakingHistory/Parts/Pods/Assets/Size1_5_Lander
[LOG 11:29:59.712] Load DDS texture: SquadExpansion/MakingHistory/Parts/Pods/Assets/Size1_5_Lander_GLOW
[LOG 11:29:59.715] Load DDS texture: SquadExpansion/MakingHistory/Parts/SharedAssets/Shrouds
[LOG 11:29:59.718] Load DDS texture: SquadExpansion/MakingHistory/Parts/SharedAssets/Shrouds_N
[LOG 11:29:59.719] Load DDS texture: SquadExpansion/MakingHistory/Parts/Structural/Assets/NormalMap
[LOG 11:29:59.723] Load DDS texture: SquadExpansion/MakingHistory/Parts/Structural/Assets/Panels
[LOG 11:29:59.726] Load DDS texture: SquadExpansion/MakingHistory/Parts/Structural/Assets/Panels_Dark_D
[LOG 11:29:59.732] Load DDS texture: SquadExpansion/MakingHistory/Parts/Structural/Assets/Panels_Gold_D
[LOG 11:29:59.734] Load Cached PNG Texture: SquadExpansion/MakingHistory/Parts/Structural/Assets/Panels_Gold_NRM
[LOG 11:29:59.740] Load DDS texture: SquadExpansion/MakingHistory/Parts/Structural/Assets/Panels_Gold_S
[LOG 11:29:59.743] Load DDS texture: SquadExpansion/MakingHistory/Parts/Structural/Assets/Panels_Silver_D
[LOG 11:29:59.747] Load DDS texture: SquadExpansion/MakingHistory/Parts/Structural/Assets/Panels_Silver_S
[LOG 11:29:59.751] Load Cached PNG Texture: SquadExpansion/MakingHistory/Ships/@thumbs/VAB/Acapello
[LOG 11:29:59.751] Load Cached PNG Texture: SquadExpansion/MakingHistory/Ships/@thumbs/VAB/Beta Centaurus
[LOG 11:29:59.752] Load Cached PNG Texture: SquadExpansion/MakingHistory/Ships/@thumbs/VAB/Goliath II HLV
[LOG 11:29:59.752] Load Cached PNG Texture: SquadExpansion/MakingHistory/Ships/@thumbs/VAB/Muna 1
[LOG 11:29:59.752] Load Cached PNG Texture: SquadExpansion/MakingHistory/Ships/@thumbs/VAB/Sally-Hut 1
[LOG 11:29:59.752] Load Cached PNG Texture: SquadExpansion/MakingHistory/Ships/@thumbs/VAB/SWM-94 Communications Satellite
[LOG 11:29:59.752] Load Cached PNG Texture: SquadExpansion/MakingHistory/Ships/@thumbs/VAB/Valshkod 2
[LOG 11:29:59.752] Load DDS texture: SquadExpansion/MakingHistory/Spaces/KVPods/airlock
[LOG 11:29:59.753] Load DDS texture: SquadExpansion/MakingHistory/Spaces/KVPods/airlock_N
[LOG 11:29:59.753] Load DDS texture: SquadExpansion/MakingHistory/Spaces/KVPods/KV1_Props_Diffuse
[LOG 11:29:59.760] Load DDS texture: SquadExpansion/MakingHistory/Spaces/KVPods/KV1_Props_Normal
[LOG 11:29:59.767] Load DDS texture: SquadExpansion/MakingHistory/Spaces/KVPods/KV1_Shell_Diffuse
[LOG 11:29:59.774] Load DDS texture: SquadExpansion/MakingHistory/Spaces/KVPods/KV1_Shell_Emissive
[LOG 11:29:59.779] Load DDS texture: SquadExpansion/MakingHistory/Spaces/KVPods/KV1_Shell_Normal
[LOG 11:29:59.786] Load DDS texture: SquadExpansion/MakingHistory/Spaces/KVPods/KV1_Vzor_Diffuse
[LOG 11:29:59.788] Load DDS texture: SquadExpansion/MakingHistory/Spaces/KVPods/KV2_Props_Diffuse
[LOG 11:29:59.793] Load DDS texture: SquadExpansion/MakingHistory/Spaces/KVPods/KV2_Props_Emissive
[LOG 11:29:59.799] Load DDS texture: SquadExpansion/MakingHistory/Spaces/KVPods/KV2_Props_Normal
[LOG 11:29:59.809] Load DDS texture: SquadExpansion/MakingHistory/Spaces/KVPods/KV2_Shell_Diffuse
[LOG 11:29:59.814] Load DDS texture: SquadExpansion/MakingHistory/Spaces/KVPods/KV2_Shell_Normal
[LOG 11:29:59.820] Load DDS texture: SquadExpansion/MakingHistory/Spaces/KVPods/KV3_Props_Diffuse
[LOG 11:29:59.825] Load DDS texture: SquadExpansion/MakingHistory/Spaces/KVPods/KV3_Props_Normal
[LOG 11:29:59.830] Load DDS texture: SquadExpansion/MakingHistory/Spaces/KVPods/KV3_Shell_Diffuse
[LOG 11:29:59.835] Load DDS texture: SquadExpansion/MakingHistory/Spaces/KVPods/KV3_Shell_Normal
[LOG 11:29:59.839] Load DDS texture: SquadExpansion/MakingHistory/Spaces/KVPods/motor
[LOG 11:29:59.841] Load DDS texture: SquadExpansion/MakingHistory/Spaces/KVPods/pilot Seat
[LOG 11:29:59.842] Load DDS texture: SquadExpansion/MakingHistory/Spaces/MEM/PANELS_AO
[LOG 11:29:59.846] Load DDS texture: SquadExpansion/MakingHistory/Spaces/MEM/PANELS_EMISSIVE
[LOG 11:29:59.851] Load DDS texture: SquadExpansion/MakingHistory/Spaces/MEM/PANELS_NORMAL
[LOG 11:29:59.860] Load DDS texture: SquadExpansion/MakingHistory/Spaces/MEM/pilot Seat
[LOG 11:29:59.861] Load DDS texture: SquadExpansion/MakingHistory/Spaces/MEM/propsGeneric
[LOG 11:29:59.862] Load DDS texture: SquadExpansion/MakingHistory/Spaces/MEM/PROPS_AO
[LOG 11:29:59.866] Load DDS texture: SquadExpansion/MakingHistory/Spaces/MEM/PROPS_EMISSIVE
[LOG 11:29:59.866] Load DDS texture: SquadExpansion/MakingHistory/Spaces/MEM/PROPS_NORMAL
[LOG 11:29:59.871] Load DDS texture: SquadExpansion/MakingHistory/Spaces/Mk2Pod/DIfuse_controlboard
[LOG 11:29:59.878] Load DDS texture: SquadExpansion/MakingHistory/Spaces/Mk2Pod/Normal_controlbard
[LOG 11:29:59.884] Load DDS texture: SquadExpansion/MakingHistory/Spaces/Mk2Pod/Outershell_Base_Color
[LOG 11:29:59.893] Load DDS texture: SquadExpansion/MakingHistory/Spaces/Mk2Pod/Outershell_Normal
[LOG 11:29:59.920] Load DDS texture: SquadExpansion/MakingHistory/Spaces/Mk2Pod/pilot Seat
[LOG 11:29:59.920] Load Cached PNG Texture: SquadExpansion/Serenity/Parts/@thumbs/controller1000_icon
[LOG 11:29:59.921] Load Cached PNG Texture: SquadExpansion/Serenity/Parts/@thumbs/DeployedCentralStation_icon
[LOG 11:29:59.921] Load Cached PNG Texture: SquadExpansion/Serenity/Parts/@thumbs/DeployedGoExOb_icon
[LOG 11:29:59.921] Load Cached PNG Texture: SquadExpansion/Serenity/Parts/@thumbs/DeployedIONExp_icon
[LOG 11:29:59.921] Load Cached PNG Texture: SquadExpansion/Serenity/Parts/@thumbs/DeployedRTG_icon
[LOG 11:29:59.921] Load Cached PNG Texture: SquadExpansion/Serenity/Parts/@thumbs/DeployedSatDish_icon
[LOG 11:29:59.921] Load Cached PNG Texture: SquadExpansion/Serenity/Parts/@thumbs/DeployedSeismicSensor_icon
[LOG 11:29:59.921] Load Cached PNG Texture: SquadExpansion/Serenity/Parts/@thumbs/DeployedSolarPanel_icon
[LOG 11:29:59.921] Load Cached PNG Texture: SquadExpansion/Serenity/Parts/@thumbs/DeployedWeatherStn_icon
[LOG 11:29:59.921] Load Cached PNG Texture: SquadExpansion/Serenity/Parts/@thumbs/FanShroud.01_icon0
[LOG 11:29:59.921] Load Cached PNG Texture: SquadExpansion/Serenity/Parts/@thumbs/FanShroud.01_icon1
[LOG 11:29:59.921] Load Cached PNG Texture: SquadExpansion/Serenity/Parts/@thumbs/FanShroud.02_icon0
[LOG 11:29:59.922] Load Cached PNG Texture: SquadExpansion/Serenity/Parts/@thumbs/FanShroud.02_icon1
[LOG 11:29:59.922] Load Cached PNG Texture: SquadExpansion/Serenity/Parts/@thumbs/hinge.01.s_icon0
[LOG 11:29:59.922] Load Cached PNG Texture: SquadExpansion/Serenity/Parts/@thumbs/hinge.01.s_icon1
[LOG 11:29:59.922] Load Cached PNG Texture: SquadExpansion/Serenity/Parts/@thumbs/hinge.01_icon0
[LOG 11:29:59.922] Load Cached PNG Texture: SquadExpansion/Serenity/Parts/@thumbs/hinge.01_icon1
[LOG 11:29:59.922] Load Cached PNG Texture: SquadExpansion/Serenity/Parts/@thumbs/hinge.03.s_icon0
[LOG 11:29:59.922] Load Cached PNG Texture: SquadExpansion/Serenity/Parts/@thumbs/hinge.03.s_icon1
[LOG 11:29:59.922] Load Cached PNG Texture: SquadExpansion/Serenity/Parts/@thumbs/hinge.03_icon0
[LOG 11:29:59.922] Load Cached PNG Texture: SquadExpansion/Serenity/Parts/@thumbs/hinge.03_icon1
[LOG 11:29:59.922] Load Cached PNG Texture: SquadExpansion/Serenity/Parts/@thumbs/largeFanBlade_icon0
[LOG 11:29:59.922] Load Cached PNG Texture: SquadExpansion/Serenity/Parts/@thumbs/largeFanBlade_icon1
[LOG 11:29:59.922] Load Cached PNG Texture: SquadExpansion/Serenity/Parts/@thumbs/largePropeller_icon0
[LOG 11:29:59.922] Load Cached PNG Texture: SquadExpansion/Serenity/Parts/@thumbs/largePropeller_icon1
[LOG 11:29:59.923] Load Cached PNG Texture: SquadExpansion/Serenity/Parts/@thumbs/lGripPad_icon0
[LOG 11:29:59.923] Load Cached PNG Texture: SquadExpansion/Serenity/Parts/@thumbs/lGripPad_icon1
[LOG 11:29:59.923] Load Cached PNG Texture: SquadExpansion/Serenity/Parts/@thumbs/lGripStrip_icon
[LOG 11:29:59.923] Load Cached PNG Texture: SquadExpansion/Serenity/Parts/@thumbs/mediumFanBlade_icon0
[LOG 11:29:59.923] Load Cached PNG Texture: SquadExpansion/Serenity/Parts/@thumbs/mediumFanBlade_icon1
[LOG 11:29:59.923] Load Cached PNG Texture: SquadExpansion/Serenity/Parts/@thumbs/mediumPropeller_icon0
[LOG 11:29:59.923] Load Cached PNG Texture: SquadExpansion/Serenity/Parts/@thumbs/mediumPropeller_icon1
[LOG 11:29:59.923] Load Cached PNG Texture: SquadExpansion/Serenity/Parts/@thumbs/mGripPad_icon0
[LOG 11:29:59.923] Load Cached PNG Texture: SquadExpansion/Serenity/Parts/@thumbs/mGripPad_icon1
[LOG 11:29:59.923] Load Cached PNG Texture: SquadExpansion/Serenity/Parts/@thumbs/noseconeTiny_icon
[LOG 11:29:59.923] Load Cached PNG Texture: SquadExpansion/Serenity/Parts/@thumbs/noseconeVS_icon
[LOG 11:29:59.923] Load Cached PNG Texture: SquadExpansion/Serenity/Parts/@thumbs/piston.01_icon0
[LOG 11:29:59.923] Load Cached PNG Texture: SquadExpansion/Serenity/Parts/@thumbs/piston.01_icon1
[LOG 11:29:59.924] Load Cached PNG Texture: SquadExpansion/Serenity/Parts/@thumbs/piston.02_icon0
[LOG 11:29:59.924] Load Cached PNG Texture: SquadExpansion/Serenity/Parts/@thumbs/piston.02_icon1
[LOG 11:29:59.924] Load Cached PNG Texture: SquadExpansion/Serenity/Parts/@thumbs/piston.03_icon0
[LOG 11:29:59.924] Load Cached PNG Texture: SquadExpansion/Serenity/Parts/@thumbs/piston.03_icon1
[LOG 11:29:59.924] Load Cached PNG Texture: SquadExpansion/Serenity/Parts/@thumbs/piston.04_icon0
[LOG 11:29:59.924] Load Cached PNG Texture: SquadExpansion/Serenity/Parts/@thumbs/piston.04_icon1
[LOG 11:29:59.924] Load Cached PNG Texture: SquadExpansion/Serenity/Parts/@thumbs/RobotArmScanner.S1_icon
[LOG 11:29:59.924] Load Cached PNG Texture: SquadExpansion/Serenity/Parts/@thumbs/RobotArmScanner.S2_icon
[LOG 11:29:59.924] Load Cached PNG Texture: SquadExpansion/Serenity/Parts/@thumbs/RobotArmScanner.S3_icon
[LOG 11:29:59.924] Load Cached PNG Texture: SquadExpansion/Serenity/Parts/@thumbs/rotor.01s_icon0
[LOG 11:29:59.924] Load Cached PNG Texture: SquadExpansion/Serenity/Parts/@thumbs/rotor.01s_icon1
[LOG 11:29:59.924] Load Cached PNG Texture: SquadExpansion/Serenity/Parts/@thumbs/rotor.01_icon0
[LOG 11:29:59.924] Load Cached PNG Texture: SquadExpansion/Serenity/Parts/@thumbs/rotor.01_icon1
[LOG 11:29:59.924] Load Cached PNG Texture: SquadExpansion/Serenity/Parts/@thumbs/rotor.02s_icon0
[LOG 11:29:59.925] Load Cached PNG Texture: SquadExpansion/Serenity/Parts/@thumbs/rotor.02s_icon1
[LOG 11:29:59.925] Load Cached PNG Texture: SquadExpansion/Serenity/Parts/@thumbs/rotor.02_icon0
[LOG 11:29:59.925] Load Cached PNG Texture: SquadExpansion/Serenity/Parts/@thumbs/rotor.02_icon1
[LOG 11:29:59.925] Load Cached PNG Texture: SquadExpansion/Serenity/Parts/@thumbs/RotorEngine.02_icon
[LOG 11:29:59.925] Load Cached PNG Texture: SquadExpansion/Serenity/Parts/@thumbs/rotoServo.00_icon0
[LOG 11:29:59.925] Load Cached PNG Texture: SquadExpansion/Serenity/Parts/@thumbs/rotoServo.00_icon1
[LOG 11:29:59.925] Load Cached PNG Texture: SquadExpansion/Serenity/Parts/@thumbs/rotoServo.02_icon0
[LOG 11:29:59.925] Load Cached PNG Texture: SquadExpansion/Serenity/Parts/@thumbs/rotoServo.02_icon1
[LOG 11:29:59.925] Load Cached PNG Texture: SquadExpansion/Serenity/Parts/@thumbs/rotoServo.03_icon0
[LOG 11:29:59.925] Load Cached PNG Texture: SquadExpansion/Serenity/Parts/@thumbs/rotoServo.03_icon1
[LOG 11:29:59.925] Load Cached PNG Texture: SquadExpansion/Serenity/Parts/@thumbs/sGripPad_icon0
[LOG 11:29:59.925] Load Cached PNG Texture: SquadExpansion/Serenity/Parts/@thumbs/sGripPad_icon1
[LOG 11:29:59.925] Load Cached PNG Texture: SquadExpansion/Serenity/Parts/@thumbs/sGripStrip_icon
[LOG 11:29:59.926] Load Cached PNG Texture: SquadExpansion/Serenity/Parts/@thumbs/smallFanBlade_icon0
[LOG 11:29:59.926] Load Cached PNG Texture: SquadExpansion/Serenity/Parts/@thumbs/smallFanBlade_icon1
[LOG 11:29:59.926] Load Cached PNG Texture: SquadExpansion/Serenity/Parts/@thumbs/smallHeliBlade_icon0
[LOG 11:29:59.926] Load Cached PNG Texture: SquadExpansion/Serenity/Parts/@thumbs/smallHeliBlade_icon1
[LOG 11:29:59.926] Load Cached PNG Texture: SquadExpansion/Serenity/Parts/@thumbs/smallPropeller_icon0
[LOG 11:29:59.926] Load Cached PNG Texture: SquadExpansion/Serenity/Parts/@thumbs/smallPropeller_icon1
[LOG 11:29:59.926] Load DDS texture: SquadExpansion/Serenity/Parts/Aero/Assets/copterBlades_diffuse
[LOG 11:29:59.926] Load DDS texture: SquadExpansion/Serenity/Parts/Aero/Assets/shroudsDiffuse_color
[LOG 11:29:59.926] Load DDS texture: SquadExpansion/Serenity/Parts/Aero/Assets/shroudsDiffuse_plain
[LOG 11:29:59.926] Load Cached PNG Texture: SquadExpansion/Serenity/Parts/DeployedScience/MockupTexture
[LOG 11:29:59.927] Load DDS texture: SquadExpansion/Serenity/Parts/DeployedScience/Assets/centralStation_diffuse
[LOG 11:29:59.928] Load DDS texture: SquadExpansion/Serenity/Parts/DeployedScience/Assets/centralStation_emissive
[LOG 11:29:59.950] Load DDS texture: SquadExpansion/Serenity/Parts/DeployedScience/Assets/GenericParts_diffuse
[LOG 11:29:59.955] Load DDS texture: SquadExpansion/Serenity/Parts/DeployedScience/Assets/GenericParts_emissive
[LOG 11:29:59.957] Load DDS texture: SquadExpansion/Serenity/Parts/DeployedScience/Assets/GenericParts_normal
[LOG 11:29:59.958] Load DDS texture: SquadExpansion/Serenity/Parts/DeployedScience/Assets/goex_diffuse
[LOG 11:29:59.962] Load DDS texture: SquadExpansion/Serenity/Parts/DeployedScience/Assets/goex_specMapped
[LOG 11:29:59.965] Load DDS texture: SquadExpansion/Serenity/Parts/DeployedScience/Assets/Grid
[LOG 11:29:59.966] Load DDS texture: SquadExpansion/Serenity/Parts/DeployedScience/Assets/IonExperiment_diffuse
[LOG 11:29:59.966] Load DDS texture: SquadExpansion/Serenity/Parts/DeployedScience/Assets/RTGCask_diffuse
[LOG 11:29:59.967] Load DDS texture: SquadExpansion/Serenity/Parts/DeployedScience/Assets/satDish_diffuse
[LOG 11:29:59.969] Load Cached PNG Texture: SquadExpansion/Serenity/Parts/DeployedScience/Assets/Scratch
[LOG 11:29:59.970] Load DDS texture: SquadExpansion/Serenity/Parts/DeployedScience/Assets/Screen2
[LOG 11:29:59.970] Load DDS texture: SquadExpansion/Serenity/Parts/DeployedScience/Assets/Screen3
[LOG 11:29:59.970] Load DDS texture: SquadExpansion/Serenity/Parts/DeployedScience/Assets/ScreenReadout
[LOG 11:29:59.970] Load DDS texture: SquadExpansion/Serenity/Parts/DeployedScience/Assets/seismicSensor_diffuse
[LOG 11:29:59.971] Load DDS texture: SquadExpansion/Serenity/Parts/DeployedScience/Assets/seismicSensor_nrm
[LOG 11:29:59.972] Load DDS texture: SquadExpansion/Serenity/Parts/DeployedScience/Assets/seismicSensor_specularMapped
[LOG 11:29:59.973] Load DDS texture: SquadExpansion/Serenity/Parts/DeployedScience/Assets/SolarGraph
[LOG 11:29:59.973] Load DDS texture: SquadExpansion/Serenity/Parts/DeployedScience/Assets/solarPanel_diffuse
[LOG 11:29:59.974] Load DDS texture: SquadExpansion/Serenity/Parts/DeployedScience/Assets/Waveleght3
[LOG 11:29:59.974] Load DDS texture: SquadExpansion/Serenity/Parts/DeployedScience/Assets/Wavelenght
[LOG 11:29:59.974] Load DDS texture: SquadExpansion/Serenity/Parts/DeployedScience/Assets/Wavelenght2
[LOG 11:29:59.974] Load DDS texture: SquadExpansion/Serenity/Parts/DeployedScience/Assets/wavelenght4
[LOG 11:29:59.974] Load DDS texture: SquadExpansion/Serenity/Parts/DeployedScience/Assets/wavelenght5
[LOG 11:29:59.975] Load DDS texture: SquadExpansion/Serenity/Parts/DeployedScience/Assets/WeatherStation [Normal]
[LOG 11:29:59.999] Load DDS texture: SquadExpansion/Serenity/Parts/DeployedScience/Assets/Weather_Station_diffuse
[LOG 11:30:00.008] Load DDS texture: SquadExpansion/Serenity/Parts/DeployedScience/Assets/Weather_Station_normal
[LOG 11:30:00.014] Load DDS texture: SquadExpansion/Serenity/Parts/Propellers/Assets/blade_diffuse
[LOG 11:30:00.018] Load DDS texture: SquadExpansion/Serenity/Parts/Propellers/Assets/copterBlades_diffuse
[LOG 11:30:00.018] Load DDS texture: SquadExpansion/Serenity/Parts/Propellers/Assets/fan_diffuse
[LOG 11:30:00.018] Load DDS texture: SquadExpansion/Serenity/Parts/Robotics/Assets/hinges-03-s_diffuse_Color
[LOG 11:30:00.019] Load DDS texture: SquadExpansion/Serenity/Parts/Robotics/Assets/hinges-03_diffuse_color
[LOG 11:30:00.022] Load DDS texture: SquadExpansion/Serenity/Parts/Robotics/Assets/hinges-03_diffuse_plain
[LOG 11:30:00.022] Load DDS texture: SquadExpansion/Serenity/Parts/Robotics/Assets/hinges_diffuse
[LOG 11:30:00.022] Load DDS texture: SquadExpansion/Serenity/Parts/Robotics/Assets/Hinge_diffuse_G-00_Color
[LOG 11:30:00.022] Load DDS texture: SquadExpansion/Serenity/Parts/Robotics/Assets/Hinge_diffuse_G-11_Color
[LOG 11:30:00.023] Load DDS texture: SquadExpansion/Serenity/Parts/Robotics/Assets/Hinge_diffuse_G-11_plain
[LOG 11:30:00.023] Load DDS texture: SquadExpansion/Serenity/Parts/Robotics/Assets/Hinge_normal
[LOG 11:30:00.023] Load DDS texture: SquadExpansion/Serenity/Parts/Robotics/Assets/RotorEngine_02_diffuse
[LOG 11:30:00.023] Load DDS texture: SquadExpansion/Serenity/Parts/Robotics/Assets/RotorEngine_03_diffuse
[LOG 11:30:00.024] Load DDS texture: SquadExpansion/Serenity/Parts/Robotics/Assets/RotorEngine_03_normal
[LOG 11:30:00.025] Load DDS texture: SquadExpansion/Serenity/Parts/Robotics/Assets/Rotor_01_diffuse_color
[LOG 11:30:00.025] Load DDS texture: SquadExpansion/Serenity/Parts/Robotics/Assets/Rotor_01_diffuse_plain
[LOG 11:30:00.026] Load DDS texture: SquadExpansion/Serenity/Parts/Robotics/Assets/Rotor_01_normal
[LOG 11:30:00.026] Load DDS texture: SquadExpansion/Serenity/Parts/Robotics/Assets/Rotor_01_specular_D
[LOG 11:30:00.027] Load DDS texture: SquadExpansion/Serenity/Parts/Robotics/Assets/Rotor_02_diffuse_color
[LOG 11:30:00.028] Load DDS texture: SquadExpansion/Serenity/Parts/Robotics/Assets/Rotor_03_diffuse_color
[LOG 11:30:00.028] Load DDS texture: SquadExpansion/Serenity/Parts/Robotics/Assets/Rotor_03_diffuse_plain
[LOG 11:30:00.030] Load DDS texture: SquadExpansion/Serenity/Parts/Robotics/Assets/Rotor_03_normal
[LOG 11:30:00.030] Load DDS texture: SquadExpansion/Serenity/Parts/Robotics/Assets/rotoServos_diffuse_color
[LOG 11:30:00.031] Load DDS texture: SquadExpansion/Serenity/Parts/Robotics/Assets/rotoServos_diffuse_plain
[LOG 11:30:00.032] Load DDS texture: SquadExpansion/Serenity/Parts/Robotics/Assets/rotoServos_nrm
[LOG 11:30:00.034] Load DDS texture: SquadExpansion/Serenity/Parts/Robotics/Controllers/roboController_diffuse
[LOG 11:30:00.034] Load DDS texture: SquadExpansion/Serenity/Parts/Robotics/Controllers/roboController_emissive
[LOG 11:30:00.034] Load Cached PNG Texture: SquadExpansion/Serenity/Parts/Science/RobotArmScanner/Assets/DrillBits
[LOG 11:30:00.034] Load DDS texture: SquadExpansion/Serenity/Parts/Science/RobotArmScanner/Assets/DustParticle
[WRN 11:30:00.034] Duplicate PNG texture 'SquadExpansion/Serenity/Parts/Science/RobotArmScanner/Assets/DustParticle' with extension 'png' won't be loaded
[LOG 11:30:00.034] Load DDS texture: SquadExpansion/Serenity/Parts/Science/RobotArmScanner/Assets/GenericParts_diffuse
[LOG 11:30:00.040] Load DDS texture: SquadExpansion/Serenity/Parts/Science/RobotArmScanner/Assets/GenericParts_normal
[LOG 11:30:00.046] Load DDS texture: SquadExpansion/Serenity/Parts/Science/RobotArmScanner/Assets/ROCArm3_diffuse
[LOG 11:30:00.052] Load DDS texture: SquadExpansion/Serenity/Parts/Science/RobotArmScanner/Assets/ROCArm3_normal
[LOG 11:30:00.057] Load DDS texture: SquadExpansion/Serenity/Parts/Science/RobotArmScanner/Assets/ROCArm_2_diffuse
[LOG 11:30:00.060] Load DDS texture: SquadExpansion/Serenity/Parts/Science/RobotArmScanner/Assets/ROCArm_2_normal
[LOG 11:30:00.065] Load Cached PNG Texture: SquadExpansion/Serenity/Parts/Science/RobotArmScanner/Assets/Scratch
[LOG 11:30:00.065] Load DDS texture: SquadExpansion/Serenity/Parts/Science/RobotArmScanner/Assets/SmallArm_diffuse
[LOG 11:30:00.066] Load DDS texture: SquadExpansion/Serenity/Parts/Science/RobotArmScanner/Assets/SmallArm_normal
[LOG 11:30:00.068] Load DDS texture: SquadExpansion/Serenity/Parts/Structural/gripPads/Assets/gripPads_diffuse
[LOG 11:30:00.069] Load DDS texture: SquadExpansion/Serenity/Parts/Structural/gripPads/Assets/gripPads_nrm
[LOG 11:30:00.069] Load Cached PNG Texture: SquadExpansion/Serenity/Ships/@thumbs/SPH/Arrow-E
[LOG 11:30:00.069] Load Cached PNG Texture: SquadExpansion/Serenity/Ships/@thumbs/SPH/Butterfly Rover
[LOG 11:30:00.069] Load Cached PNG Texture: SquadExpansion/Serenity/Ships/@thumbs/SPH/Jeb_s Quadtaxi
[LOG 11:30:00.070] Load Cached PNG Texture: SquadExpansion/Serenity/Ships/@thumbs/SPH/Kerbodyne Rotodyne
[LOG 11:30:00.070] Load Cached PNG Texture: SquadExpansion/Serenity/Ships/@thumbs/SPH/Seahawk
[LOG 11:30:00.070] Load Cached PNG Texture: SquadExpansion/Serenity/Ships/@thumbs/SPH/Val-Thopter
[LOG 11:30:00.072] Load MU model: Squad/FX/afterburner_flame
[LOG 11:30:00.080] Load MU model: Squad/FX/afterburner_shock
[LOG 11:30:00.081] Load MU model: Squad/FX/diamondBlue
[LOG 11:30:00.081] Load MU model: Squad/FX/exhaustFlames_blue
[LOG 11:30:00.197] Load MU model: Squad/FX/hydroLOXFlame
[LOG 11:30:00.198] Load MU model: Squad/FX/IonPlume
[LOG 11:30:00.198] Load MU model: Squad/FX/ks1_Exhaust
[LOG 11:30:00.199] Load MU model: Squad/FX/ks25_Exhaust
[LOG 11:30:00.200] Load MU model: Squad/FX/ksX_Exhaust
[LOG 11:30:00.200] Load MU model: Squad/FX/LES_Thruster
[LOG 11:30:00.200] Load MU model: Squad/FX/Monoprop_big
[LOG 11:30:00.201] Load MU model: Squad/FX/Monoprop_medium
[LOG 11:30:00.201] Load MU model: Squad/FX/Monoprop_small
[LOG 11:30:00.206] Load MU model: Squad/FX/shockExhaust_blue
[LOG 11:30:00.206] Load MU model: Squad/FX/shockExhaust_blue_small
[LOG 11:30:00.206] Load MU model: Squad/FX/shockExhaust_red_small
[LOG 11:30:00.207] Load MU model: Squad/FX/SRB_Large
[LOG 11:30:00.207] Load MU model: Squad/FX/SRB_LargeSparks
[LOG 11:30:00.207] Load MU model: Squad/Parts/Aero/aerodynamicNoseCone/aerodynamicNoseCone
[LOG 11:30:00.210] Load MU model: Squad/Parts/Aero/airbrake/Airbrake
[LOG 11:30:00.211] Load MU model: Squad/Parts/Aero/airIntakeRadialXM-G50/RadialIntake
[LOG 11:30:00.211] Load MU model: Squad/Parts/Aero/airlinerWings/ControlSurface
[LOG 11:30:00.211] Load MU model: Squad/Parts/Aero/airlinerWings/MainWing
[LOG 11:30:00.212] Load MU model: Squad/Parts/Aero/airlinerWings/TailFin
[LOG 11:30:00.214] Load MU model: Squad/Parts/Aero/airplaneFins/AdvCanard
[LOG 11:30:00.214] Load MU model: Squad/Parts/Aero/airplaneFins/Canard
[LOG 11:30:00.214] Load MU model: Squad/Parts/Aero/airplaneFins/Swept
[LOG 11:30:00.214] Load MU model: Squad/Parts/Aero/airplaneFins/TailFin
[LOG 11:30:00.215] Load MU model: Squad/Parts/Aero/basicFin/basicFin
[LOG 11:30:00.215] Load MU model: Squad/Parts/Aero/circularIntake/CircularIntake
[LOG 11:30:00.217] Load MU model: Squad/Parts/Aero/circularIntake/ConeIntake
[LOG 11:30:00.217] Load MU model: Squad/Parts/Aero/cones/Assets/AvioCone
[LOG 11:30:00.217] Load MU model: Squad/Parts/Aero/cones/Assets/ConeA
[LOG 11:30:00.218] Load MU model: Squad/Parts/Aero/cones/Assets/ConeB
[LOG 11:30:00.218] Load MU model: Squad/Parts/Aero/cones/Assets/NCS
[LOG 11:30:00.218] Load MU model: Squad/Parts/Aero/cones/Assets/orangeNoseCone
[LOG 11:30:00.219] Load MU model: Squad/Parts/Aero/cones/Assets/rocketNoseCone
[LOG 11:30:00.219] Load MU model: Squad/Parts/Aero/cones/Assets/rocketNoseCone_v2
[LOG 11:30:00.220] Load MU model: Squad/Parts/Aero/cones/Assets/rocketNoseCone_v3
[LOG 11:30:00.220] Load MU model: Squad/Parts/Aero/cones/Assets/TailA
[LOG 11:30:00.220] Load MU model: Squad/Parts/Aero/cones/Assets/TailB
[LOG 11:30:00.221] Load MU model: Squad/Parts/Aero/cones/Assets/TinyCone
[LOG 11:30:00.221] Load MU model: Squad/Parts/Aero/fairings/AutoTruss
[LOG 11:30:00.221] Load MU model: Squad/Parts/Aero/fairings/fairingSize1
[LOG 11:30:00.222] Load MU model: Squad/Parts/Aero/fairings/fairingSize2
[LOG 11:30:00.222] Load MU model: Squad/Parts/Aero/fairings/fairingSize3
[LOG 11:30:00.223] Load MU model: Squad/Parts/Aero/HeatShield/HeatShield0
[LOG 11:30:00.223] Load MU model: Squad/Parts/Aero/HeatShield/HeatShield1
[LOG 11:30:00.223] Load MU model: Squad/Parts/Aero/HeatShield/HeatShield2
[LOG 11:30:00.224] Load MU model: Squad/Parts/Aero/HeatShield/HeatShield3
[LOG 11:30:00.224] Load MU model: Squad/Parts/Aero/InflatableHeatShield/HeatShield
[LOG 11:30:00.226] Load MU model: Squad/Parts/Aero/intakeRadialLong/IntakeRadial
[LOG 11:30:00.226] Load MU model: Squad/Parts/Aero/miniIntake/SmallIntake
[LOG 11:30:00.227] Load MU model: Squad/Parts/Aero/ramAirIntake/RampIntake
[LOG 11:30:00.227] Load MU model: Squad/Parts/Aero/shuttleWings/ShuttleDeltaWing
[LOG 11:30:00.227] Load MU model: Squad/Parts/Aero/shuttleWings/ShuttleElevonA
[LOG 11:30:00.227] Load MU model: Squad/Parts/Aero/shuttleWings/ShuttleElevonB
[LOG 11:30:00.228] Load MU model: Squad/Parts/Aero/shuttleWings/ShuttleRudder
[LOG 11:30:00.228] Load MU model: Squad/Parts/Aero/shuttleWings/ShuttleStrake
[LOG 11:30:00.228] Load MU model: Squad/Parts/Aero/wingletAV-R8/model
[LOG 11:30:00.230] Load MU model: Squad/Parts/Aero/wingletAV-T1/model
[LOG 11:30:00.232] Load MU model: Squad/Parts/Aero/wingletDeltaDeluxe/model
[LOG 11:30:00.234] Load MU model: Squad/Parts/Aero/wings/connector1
[LOG 11:30:00.234] Load MU model: Squad/Parts/Aero/wings/connector2
[LOG 11:30:00.234] Load MU model: Squad/Parts/Aero/wings/connector3
[LOG 11:30:00.234] Load MU model: Squad/Parts/Aero/wings/connector4
[LOG 11:30:00.236] Load MU model: Squad/Parts/Aero/wings/connector5
[LOG 11:30:00.236] Load MU model: Squad/Parts/Aero/wings/delta
[LOG 11:30:00.236] Load MU model: Squad/Parts/Aero/wings/delta_small
[LOG 11:30:00.236] Load MU model: Squad/Parts/Aero/wings/elevon1
[LOG 11:30:00.236] Load MU model: Squad/Parts/Aero/wings/elevon2
[LOG 11:30:00.236] Load MU model: Squad/Parts/Aero/wings/elevon3
[LOG 11:30:00.237] Load MU model: Squad/Parts/Aero/wings/elevon4
[LOG 11:30:00.240] Load MU model: Squad/Parts/Aero/wings/elevon5
[LOG 11:30:00.240] Load MU model: Squad/Parts/Aero/wings/strake
[LOG 11:30:00.240] Load MU model: Squad/Parts/Aero/wings/structural1
[LOG 11:30:00.240] Load MU model: Squad/Parts/Aero/wings/structural2
[LOG 11:30:00.240] Load MU model: Squad/Parts/Aero/wings/structural3
[LOG 11:30:00.240] Load MU model: Squad/Parts/Aero/wings/structural4
[LOG 11:30:00.241] Load MU model: Squad/Parts/Aero/wings/swept1
[LOG 11:30:00.241] Load MU model: Squad/Parts/Aero/wings/swept2
[LOG 11:30:00.241] Load MU model: Squad/Parts/Cargo/CargoContainers/cargoContainer
[LOG 11:30:00.241] Load MU model: Squad/Parts/Cargo/CargoContainers/smallCargoContainer
[LOG 11:30:00.241] Load MU model: Squad/Parts/Cargo/Cylinder/EVAcylinder
[LOG 11:30:00.242] Load MU model: Squad/Parts/Cargo/GroundAnchor/groundAnchor
[LOG 11:30:00.242] Load MU model: Squad/Parts/Cargo/Jetpack/Jetpack
[LOG 11:30:00.243] Load MU model: Squad/Parts/Cargo/Parachute/Parachute
[LOG 11:30:00.243] Load MU model: Squad/Parts/Cargo/RepairKit/RepairKit
[LOG 11:30:00.260] Load MU model: Squad/Parts/Cargo/ScienceKit/ExperimentKit
[LOG 11:30:00.261] Load MU model: Squad/Parts/Cargo/StorageUnits/Assets/CargoStorageUnit
[LOG 11:30:00.262] Load MU model: Squad/Parts/Cargo/StorageUnits/Assets/ConformalStorageUnit
[LOG 11:30:00.262] Load MU model: Squad/Parts/Command/advancedSasModuleLarge/model
[LOG 11:30:00.262] Load MU model: Squad/Parts/Command/cupola/model
[LOG 11:30:00.263] Load MU model: Squad/Parts/Command/externalCommandSeat/model
[LOG 11:30:00.264] Load MU model: Squad/Parts/Command/hitchhikerStorageContainer/model
[LOG 11:30:00.264] Load MU model: Squad/Parts/Command/inlineAdvancedStabilizer/model
[LOG 11:30:00.264] Load MU model: Squad/Parts/Command/inlineReactionWheel/model
[LOG 11:30:00.265] Load MU model: Squad/Parts/Command/Mk1-3Pod/Mk1-3
[LOG 11:30:00.265] Load MU model: Squad/Parts/Command/mk1Cockpits/Cabin
[LOG 11:30:00.267] Load MU model: Squad/Parts/Command/mk1Cockpits/CockpitInline
[LOG 11:30:00.268] Load MU model: Squad/Parts/Command/mk1Cockpits/CockpitStandard
[LOG 11:30:00.292] Load MU model: Squad/Parts/Command/mk1LanderCan/model
[LOG 11:30:00.292] Load MU model: Squad/Parts/Command/mk1pod_v2/Mk1Pod_v2
[LOG 11:30:00.293] Load MU model: Squad/Parts/Command/mk2CockpitInline/model
[LOG 11:30:00.293] Load MU model: Squad/Parts/Command/mk2CockpitStandard/model
[LOG 11:30:00.295] Load MU model: Squad/Parts/Command/mk2DroneCore/model
[LOG 11:30:00.295] Load MU model: Squad/Parts/Command/mk2LanderCan/model
[LOG 11:30:00.295] Load MU model: Squad/Parts/Command/mk2LanderCan_v2/mk2LanderCan
[LOG 11:30:00.296] Load MU model: Squad/Parts/Command/mk3CockpitShuttle/model
[LOG 11:30:00.297] Load MU model: Squad/Parts/Command/MpoProbe/MpoProbe
[LOG 11:30:00.297] Load MU model: Squad/Parts/Command/MtmStage/MTM_Stage
[LOG 11:30:00.298] Load MU model: Squad/Parts/Command/probeCoreCube/probeCoreCube
[LOG 11:30:00.298] Load MU model: Squad/Parts/Command/probeCoreHex/model
[LOG 11:30:00.298] Load MU model: Squad/Parts/Command/probeCoreHex_v2/model
[LOG 11:30:00.298] Load MU model: Squad/Parts/Command/probeCoreOcto2_v2/probeCoreOcto2_v2
[LOG 11:30:00.299] Load MU model: Squad/Parts/Command/probeCoreOcto_v2/probeCoreOcto_v2
[LOG 11:30:00.300] Load MU model: Squad/Parts/Command/probeRoverBody/model
[LOG 11:30:00.300] Load MU model: Squad/Parts/Command/probeRoverBody_v2/probeRoverBody_v2
[LOG 11:30:00.301] Load MU model: Squad/Parts/Command/probeStackLarge/model
[LOG 11:30:00.301] Load MU model: Squad/Parts/Command/probeStackSmall/model
[LOG 11:30:00.310] Load MU model: Squad/Parts/Command/probeStackSphere_v2/probeStackSphere_v2
[LOG 11:30:00.310] Load MU model: Squad/Parts/CompoundParts/FuelLine/model
[LOG 11:30:00.310] Load MU model: Squad/Parts/CompoundParts/strutConnector/model
[LOG 11:30:00.310] Load MU model: Squad/Parts/Coupling/Assets/Decoupler_0
[LOG 11:30:00.311] Load MU model: Squad/Parts/Coupling/Assets/Decoupler_1
[LOG 11:30:00.311] Load MU model: Squad/Parts/Coupling/Assets/Decoupler_1p5
[LOG 11:30:00.313] Load MU model: Squad/Parts/Coupling/Assets/Decoupler_2
[LOG 11:30:00.313] Load MU model: Squad/Parts/Coupling/Assets/Decoupler_3
[LOG 11:30:00.313] Load MU model: Squad/Parts/Coupling/Assets/Decoupler_4
[LOG 11:30:00.314] Load MU model: Squad/Parts/Coupling/Assets/Separator_0
[LOG 11:30:00.314] Load MU model: Squad/Parts/Coupling/Assets/Separator_1
[LOG 11:30:00.314] Load MU model: Squad/Parts/Coupling/Assets/Separator_1p5
[LOG 11:30:00.315] Load MU model: Squad/Parts/Coupling/Assets/Separator_2
[LOG 11:30:00.318] Load MU model: Squad/Parts/Coupling/Assets/Separator_3
[LOG 11:30:00.318] Load MU model: Squad/Parts/Coupling/Assets/Separator_4
[LOG 11:30:00.318] Load MU model: Squad/Parts/Electrical/10CSolarPanels/assets/OX-10C
[LOG 11:30:00.320] Load MU model: Squad/Parts/Electrical/10CSolarPanels/assets/SP-10C
[LOG 11:30:00.322] Load MU model: Squad/Parts/Electrical/10LSolarPanels/assets/OX-10L
[LOG 11:30:00.324] Load MU model: Squad/Parts/Electrical/10LSolarPanels/assets/SP-10L
[LOG 11:30:00.325] Load MU model: Squad/Parts/Electrical/1x6ShroudSolarPanels/model
[LOG 11:30:00.330] Load MU model: Squad/Parts/Electrical/1x6SolarPanels/model
[LOG 11:30:00.330] Load MU model: Squad/Parts/Electrical/3x2ShroudSolarPanels/model
[LOG 11:30:00.335] Load MU model: Squad/Parts/Electrical/3x2SolarPanels/model
[LOG 11:30:00.336] Load MU model: Squad/Parts/Electrical/gigantorXlSolarArray/model
[LOG 11:30:00.340] Load MU model: Squad/Parts/Electrical/radialFlatSolarPanel/model
[LOG 11:30:00.340] Load MU model: Squad/Parts/Electrical/RTG/model
[LOG 11:30:00.342] Load MU model: Squad/Parts/Electrical/z-100Battery/model
[LOG 11:30:00.342] Load MU model: Squad/Parts/Electrical/z-1kBattery/model
[LOG 11:30:00.342] Load MU model: Squad/Parts/Electrical/z-200Battery/model
[LOG 11:30:00.342] Load MU model: Squad/Parts/Electrical/z-400Battery/model
[LOG 11:30:00.342] Load MU model: Squad/Parts/Electrical/z-4kBattery/model
[LOG 11:30:00.343] Load MU model: Squad/Parts/Engine/ionEngine/model
[LOG 11:30:00.345] Load MU model: Squad/Parts/Engine/jetEngines/turbineInside
[LOG 11:30:00.345] Load MU model: Squad/Parts/Engine/jetEngines/turboFanSize1
[LOG 11:30:00.347] Load MU model: Squad/Parts/Engine/jetEngines/turboFanSize2
[LOG 11:30:00.348] Load MU model: Squad/Parts/Engine/jetEngines/turboJet
[LOG 11:30:00.348] Load MU model: Squad/Parts/Engine/jetEngines/turboRamJet
[LOG 11:30:00.350] Load MU model: Squad/Parts/Engine/liquidEngine24-77/model
[LOG 11:30:00.350] Load MU model: Squad/Parts/Engine/liquidEngine24-77_v2/Twitch_v2
[LOG 11:30:00.350] Load MU model: Squad/Parts/Engine/liquidEngine48-7S_v2/SparkV2
[LOG 11:30:00.351] Load MU model: Squad/Parts/Engine/liquidEngineAerospike/AeroSpike
[LOG 11:30:00.351] Load MU model: Squad/Parts/Engine/liquidEngineLV-1_v2/Assets/Ant
[LOG 11:30:00.353] Load MU model: Squad/Parts/Engine/liquidEngineLV-1_v2/Assets/Spider
[LOG 11:30:00.355] Load MU model: Squad/Parts/Engine/liquidEngineLV-909_v2/TerrierV2
[LOG 11:30:00.358] Load MU model: Squad/Parts/Engine/liquidEngineLV-N/model
[LOG 11:30:00.358] Load MU model: Squad/Parts/Engine/liquidEngineLV-T30/model
[LOG 11:30:00.358] Load MU model: Squad/Parts/Engine/liquidEngineLV-T30_v2/Reliant_v2
[LOG 11:30:00.360] Load MU model: Squad/Parts/Engine/liquidEngineLV-T45/model
[LOG 11:30:00.361] Load MU model: Squad/Parts/Engine/liquidEngineLV-T45_v2/Swivel_v2
[LOG 11:30:00.366] Load MU model: Squad/Parts/Engine/liquidEngineMainsail_v2/liquidEngineMainsail_v2
[LOG 11:30:00.369] Load MU model: Squad/Parts/Engine/liquidEngineMk55/Thud
[LOG 11:30:00.371] Load MU model: Squad/Parts/Engine/liquidEnginePoodle_v2/LqdEnginePoodle_v2
[LOG 11:30:00.374] Load MU model: Squad/Parts/Engine/liquidEngineSkipper_v2/skipper_v2
[LOG 11:30:00.375] Load MU model: Squad/Parts/Engine/liquidEngineSSME/SSME
[LOG 11:30:00.376] Load MU model: Squad/Parts/Engine/MassiveSRB/MassiveSRB
[LOG 11:30:00.376] Load MU model: Squad/Parts/Engine/miniJet/SmallJet
[LOG 11:30:00.376] Load MU model: Squad/Parts/Engine/OMSEngine/Puff_v2
[LOG 11:30:00.377] Load MU model: Squad/Parts/Engine/rapierEngine/rapier
[LOG 11:30:00.377] Load MU model: Squad/Parts/Engine/Size1_SRBs/SRB10
[LOG 11:30:00.378] Load MU model: Squad/Parts/Engine/Size1_SRBs/SRB5
[LOG 11:30:00.378] Load MU model: Squad/Parts/Engine/Size2LFB/Size2LFB
[LOG 11:30:00.379] Load MU model: Squad/Parts/Engine/Size2LFB_v2/Size2LFB_v2
[LOG 11:30:00.381] Load MU model: Squad/Parts/Engine/Size3AdvancedEngine/Size3AdvancedEngine
[LOG 11:30:00.381] Load MU model: Squad/Parts/Engine/Size3EngineCluster/Size3EngineCluster
[LOG 11:30:00.382] Load MU model: Squad/Parts/Engine/solidBoosterBACC/model
[LOG 11:30:00.383] Load MU model: Squad/Parts/Engine/solidBoosterS2-17/solidBoosterS2-17
[LOG 11:30:00.384] Load MU model: Squad/Parts/Engine/solidBoosterS2-33/solidBoosterS2-33
[LOG 11:30:00.384] Load MU model: Squad/Parts/Engine/solidBoosterSep/model
[LOG 11:30:00.385] Load MU model: Squad/Parts/Engine/SolidBoostersF/Assets/SolidBoosterF3S0
[LOG 11:30:00.385] Load MU model: Squad/Parts/Engine/SolidBoostersF/Assets/SolidBoosterFM1
[LOG 11:30:00.386] Load MU model: Squad/Parts/FuelTank/adapterTanks/Mk3-Mk2
[LOG 11:30:00.386] Load MU model: Squad/Parts/FuelTank/adapterTanks/Mk3-Size2
[LOG 11:30:00.386] Load MU model: Squad/Parts/FuelTank/adapterTanks/Mk3-Size2Slant
[LOG 11:30:00.386] Load MU model: Squad/Parts/FuelTank/adapterTanks/ShuttleAdapter
[LOG 11:30:00.387] Load MU model: Squad/Parts/FuelTank/adapterTanks/Size2-Mk2
[LOG 11:30:00.387] Load MU model: Squad/Parts/FuelTank/adapterTanks/Size2-Size1
[LOG 11:30:00.387] Load MU model: Squad/Parts/FuelTank/adapterTanks/Size2-Size1Slant
[LOG 11:30:00.388] Load MU model: Squad/Parts/FuelTank/adapterTanks/Size3-Mk3
[LOG 11:30:00.388] Load MU model: Squad/Parts/FuelTank/drainTankFTE-1/fuelValve
[LOG 11:30:00.388] Load MU model: Squad/Parts/FuelTank/FoilTanks/RadialTank_Capsule
[LOG 11:30:00.388] Load MU model: Squad/Parts/FuelTank/FoilTanks/RadialTank_Round
[LOG 11:30:00.389] Load MU model: Squad/Parts/FuelTank/FoilTanks/ToroidTank
[LOG 11:30:00.389] Load MU model: Squad/Parts/FuelTank/fuelTankOscarB/model
[LOG 11:30:00.389] Load MU model: Squad/Parts/FuelTank/miniFuselage/Fuselage
[LOG 11:30:00.390] Load MU model: Squad/Parts/FuelTank/mk2Adapters/bicoupler
[LOG 11:30:00.390] Load MU model: Squad/Parts/FuelTank/mk2Adapters/long
[LOG 11:30:00.390] Load MU model: Squad/Parts/FuelTank/mk2Adapters/standard
[LOG 11:30:00.390] Load MU model: Squad/Parts/FuelTank/mk2FuselageLong/FuselageLongLFO
[LOG 11:30:00.391] Load MU model: Squad/Parts/FuelTank/mk2FuselageLong/FuselageLongLiquid
[LOG 11:30:00.391] Load MU model: Squad/Parts/FuelTank/mk2FuselageShort/FuselageShortLFO
[LOG 11:30:00.391] Load MU model: Squad/Parts/FuelTank/mk2FuselageShort/FuselageShortLiquid
[LOG 11:30:00.391] Load MU model: Squad/Parts/FuelTank/mk2FuselageShort/FuselageShortMono
[LOG 11:30:00.392] Load MU model: Squad/Parts/FuelTank/mk3Fuselage/CREW
[LOG 11:30:00.392] Load MU model: Squad/Parts/FuelTank/mk3Fuselage/LFO_100
[LOG 11:30:00.392] Load MU model: Squad/Parts/FuelTank/mk3Fuselage/LFO_25
[LOG 11:30:00.392] Load MU model: Squad/Parts/FuelTank/mk3Fuselage/LFO_50
[LOG 11:30:00.393] Load MU model: Squad/Parts/FuelTank/mk3Fuselage/LF_100
[LOG 11:30:00.393] Load MU model: Squad/Parts/FuelTank/mk3Fuselage/LF_25
[LOG 11:30:00.393] Load MU model: Squad/Parts/FuelTank/mk3Fuselage/LF_50
[LOG 11:30:00.393] Load MU model: Squad/Parts/FuelTank/mk3Fuselage/MONO
[LOG 11:30:00.393] Load MU model: Squad/Parts/FuelTank/RCSFuelTankR1/RCSFuelTankR1_01
[LOG 11:30:00.394] Load MU model: Squad/Parts/FuelTank/RCSFuelTankR10/model
[LOG 11:30:00.394] Load MU model: Squad/Parts/FuelTank/RCSFuelTankR25/RCSFuelTankR25
[LOG 11:30:00.394] Load MU model: Squad/Parts/FuelTank/RCSTankRadial/model
[LOG 11:30:00.395] Load MU model: Squad/Parts/FuelTank/RCStankRadialLong/model
[LOG 11:30:00.395] Load MU model: Squad/Parts/FuelTank/RockomaxTanks/Assets/Rockomax16
[LOG 11:30:00.395] Load MU model: Squad/Parts/FuelTank/RockomaxTanks/Assets/Rockomax32
[LOG 11:30:00.396] Load MU model: Squad/Parts/FuelTank/RockomaxTanks/Assets/Rockomax64
[LOG 11:30:00.396] Load MU model: Squad/Parts/FuelTank/RockomaxTanks/Assets/Rockomax8
[LOG 11:30:00.397] Load MU model: Squad/Parts/FuelTank/Size1_Tanks/Size1Tank_01
[LOG 11:30:00.397] Load MU model: Squad/Parts/FuelTank/Size1_Tanks/Size1Tank_02
[LOG 11:30:00.397] Load MU model: Squad/Parts/FuelTank/Size1_Tanks/Size1Tank_03
[LOG 11:30:00.397] Load MU model: Squad/Parts/FuelTank/Size1_Tanks/Size1Tank_04
[LOG 11:30:00.398] Load MU model: Squad/Parts/FuelTank/Size3Tanks/Size3LargeTank
[LOG 11:30:00.398] Load MU model: Squad/Parts/FuelTank/Size3Tanks/Size3MediumTank
[LOG 11:30:00.398] Load MU model: Squad/Parts/FuelTank/Size3Tanks/Size3SmallTank
[LOG 11:30:00.399] Load MU model: Squad/Parts/FuelTank/xenonTank/model
[LOG 11:30:00.399] Load MU model: Squad/Parts/FuelTank/xenonTankLarge/model
[LOG 11:30:00.399] Load MU model: Squad/Parts/FuelTank/xenonTankRadial/model
[LOG 11:30:00.399] Load MU model: Squad/Parts/Misc/AsteroidDay/CamSat
[LOG 11:30:00.400] Load MU model: Squad/Parts/Misc/AsteroidDay/HECS2
[LOG 11:30:00.400] Load MU model: Squad/Parts/Misc/AsteroidDay/HighGainAntenna
[LOG 11:30:00.401] Load MU model: Squad/Parts/Misc/AsteroidDay/LgRadialSolar
[LOG 11:30:00.401] Load MU model: Squad/Parts/Misc/PotatoComet/Cube
[LOG 11:30:00.401] Load MU model: Squad/Parts/Misc/PotatoRoid/Cube
[LOG 11:30:00.402] Load MU model: Squad/Parts/Resources/FuelCell/FuelCell
[LOG 11:30:00.402] Load MU model: Squad/Parts/Resources/FuelCell/FuelCellArray
[LOG 11:30:00.402] Load MU model: Squad/Parts/Resources/ISRU/ISRU
[LOG 11:30:00.404] Load MU model: Squad/Parts/Resources/LargeTank/LargeTank
[LOG 11:30:00.404] Load MU model: Squad/Parts/Resources/MiniDrill/MiniDrill
[LOG 11:30:00.406] Load MU model: Squad/Parts/Resources/MiniISRU/MiniISRU
[LOG 11:30:00.407] Load MU model: Squad/Parts/Resources/OrbitalScanner/OrbitalScanner
[LOG 11:30:00.407] Load MU model: Squad/Parts/Resources/RadialDrill/TriBitDrill
[LOG 11:30:00.410] Load MU model: Squad/Parts/Resources/RadialTank/RadialOreTank
[LOG 11:30:00.410] Load MU model: Squad/Parts/Resources/SmallTank/SmallTank
[LOG 11:30:00.411] Load MU model: Squad/Parts/Resources/SurfaceScanner/SurfaceScanner
[LOG 11:30:00.411] Load MU model: Squad/Parts/Resources/SurveyScanner/SurveyScanner
[LOG 11:30:00.411] Load MU model: Squad/Parts/Science/AtmosphereSensor/model
[LOG 11:30:00.412] Load MU model: Squad/Parts/Science/GooExperiment/GooExperiment
[LOG 11:30:00.412] Load MU model: Squad/Parts/Science/LargeCrewedLab/large_crewed_lab
[LOG 11:30:00.413] Load MU model: Squad/Parts/Science/Magnetometer/Magnetometer
[LOG 11:30:00.417] Load MU model: Squad/Parts/Science/MaterialBay/science_module_small
[LOG 11:30:00.418] Load MU model: Squad/Parts/Science/ScienceBox/ScienceBox
[LOG 11:30:00.418] Load MU model: Squad/Parts/Science/sensorAccelerometer/model
[LOG 11:30:00.418] Load MU model: Squad/Parts/Science/sensorBarometer/model
[LOG 11:30:00.418] Load MU model: Squad/Parts/Science/sensorGravimeter/model
[LOG 11:30:00.418] Load MU model: Squad/Parts/Science/sensorThermometer/model
[LOG 11:30:00.418] Load MU model: Squad/Parts/Structural/FLAdapters/Assets/adapterSmallMiniShort_v2
[LOG 11:30:00.419] Load MU model: Squad/Parts/Structural/FLAdapters/Assets/adapterSmallMiniTall_v2
[LOG 11:30:00.419] Load MU model: Squad/Parts/Structural/mk1Parts/Fuselage
[LOG 11:30:00.419] Load MU model: Squad/Parts/Structural/mk1Parts/IntakeFuselage
[LOG 11:30:00.420] Load MU model: Squad/Parts/Structural/mk1Parts/Nacelle1
[LOG 11:30:00.420] Load MU model: Squad/Parts/Structural/mk1Parts/Nacelle2
[LOG 11:30:00.420] Load MU model: Squad/Parts/Structural/mk1Parts/Structural
[LOG 11:30:00.420] Load MU model: Squad/Parts/Structural/mk1Parts/StructuralHollow
[LOG 11:30:00.421] Load MU model: Squad/Parts/Structural/Size3To2Adapter_v2/Size2to3_v2
[LOG 11:30:00.421] Load MU model: Squad/Parts/Structural/stackAdapters/Assets/adapterLargeSmallBi
[LOG 11:30:00.421] Load MU model: Squad/Parts/Structural/stackAdapters/Assets/adapterLargeSmallQuad
[LOG 11:30:00.421] Load MU model: Squad/Parts/Structural/stackAdapters/Assets/adapterLargeSmallTri
[LOG 11:30:00.422] Load MU model: Squad/Parts/Structural/stationHub/model
[LOG 11:30:00.422] Load MU model: Squad/Parts/Structural/structuralIBeam200/model
[LOG 11:30:00.422] Load MU model: Squad/Parts/Structural/structuralIBeam200Pocket/model
[LOG 11:30:00.422] Load MU model: Squad/Parts/Structural/structuralIBeam650/model
[LOG 11:30:00.423] Load MU model: Squad/Parts/Structural/structuralMicronode/model
[LOG 11:30:00.423] Load MU model: Squad/Parts/Structural/structuralPanel1x1/model
[LOG 11:30:00.423] Load MU model: Squad/Parts/Structural/structuralPanel2x2/model
[LOG 11:30:00.423] Load MU model: Squad/Parts/Structural/structuralPylons/PylonBig
[LOG 11:30:00.423] Load MU model: Squad/Parts/Structural/structuralPylons/PylonSmall
[LOG 11:30:00.423] Load MU model: Squad/Parts/Structural/strutCubicOcto/model
[LOG 11:30:00.423] Load MU model: Squad/Parts/Structural/strutOcto/model
[LOG 11:30:00.424] Load MU model: Squad/Parts/Structural/trussGirderAdapter/model
[LOG 11:30:00.424] Load MU model: Squad/Parts/Structural/trussGirderL/model
[LOG 11:30:00.424] Load MU model: Squad/Parts/Structural/trussGirderXL/model
[LOG 11:30:00.424] Load MU model: Squad/Parts/Thermal/FoldingRadiators/foldingRadLarge
[LOG 11:30:00.429] Load MU model: Squad/Parts/Thermal/FoldingRadiators/foldingRadMed
[LOG 11:30:00.431] Load MU model: Squad/Parts/Thermal/FoldingRadiators/foldingRadSmall
[LOG 11:30:00.433] Load MU model: Squad/Parts/Thermal/RadiatorPanels/radPanelEdge
[LOG 11:30:00.433] Load MU model: Squad/Parts/Thermal/RadiatorPanels/radPanelLg
[LOG 11:30:00.434] Load MU model: Squad/Parts/Thermal/RadiatorPanels/radPanelSm
[LOG 11:30:00.434] Load MU model: Squad/Parts/Utility/commDish88-88/model
[LOG 11:30:00.440] Load MU model: Squad/Parts/Utility/commsAntennaDTS-M1/mediumDishAntenna
[LOG 11:30:00.442] Load MU model: Squad/Parts/Utility/commsDish16/model
[LOG 11:30:00.442] Load MU model: Squad/Parts/Utility/decouplerRadialHDM/model
[LOG 11:30:00.443] Load MU model: Squad/Parts/Utility/decouplerRadialTT-38K/model
[LOG 11:30:00.443] Load MU model: Squad/Parts/Utility/decouplerRadialTT-70/model
[LOG 11:30:00.443] Load MU model: Squad/Parts/Utility/DirectAntennas/HGAntenna
[LOG 11:30:00.444] Load MU model: Squad/Parts/Utility/DirectAntennas/HGAntenna_v2
[LOG 11:30:00.445] Load MU model: Squad/Parts/Utility/DirectAntennas/SurfAntenna
[LOG 11:30:00.445] Load MU model: Squad/Parts/Utility/dockingPort/dockingPort
[LOG 11:30:00.446] Load MU model: Squad/Parts/Utility/dockingPortInline/dockingPortInline
[LOG 11:30:00.447] Load MU model: Squad/Parts/Utility/dockingPortJr/dockingPortJr
[LOG 11:30:00.447] Load MU model: Squad/Parts/Utility/dockingPortShielded/dockingPortShielded
[LOG 11:30:00.448] Load MU model: Squad/Parts/Utility/dockingPortSr/dockingPortSr
[LOG 11:30:00.449] Load MU model: Squad/Parts/Utility/Fireworks/Assets/fireworksLauncherBig
[LOG 11:30:00.449] Load MU model: Squad/Parts/Utility/Fireworks/Assets/fireworksLauncherSmall
[LOG 11:30:00.449] Load MU model: Squad/Parts/Utility/flags/flagFlat/flagFlatMeshes
[LOG 11:30:00.453] Load MU model: Squad/Parts/Utility/flags/flagSize0/flagSize0Meshes
[LOG 11:30:00.454] Load MU model: Squad/Parts/Utility/flags/flagSize1/flagSize1Meshes
[LOG 11:30:00.455] Load MU model: Squad/Parts/Utility/flags/flagSize2/flagSize2Meshes
[LOG 11:30:00.456] Load MU model: Squad/Parts/Utility/flags/flagSize3/flagSize3Meshes
[LOG 11:30:00.458] Load MU model: Squad/Parts/Utility/GrapplingDevice/GrapplingArm
[LOG 11:30:00.462] Load MU model: Squad/Parts/Utility/ladderRadial/model
[LOG 11:30:00.463] Load MU model: Squad/Parts/Utility/ladderTelescopic/model
[LOG 11:30:00.464] Load MU model: Squad/Parts/Utility/ladderTelescopicBay/model
[LOG 11:30:00.465] Load MU model: Squad/Parts/Utility/landingLegLT-1/model
[LOG 11:30:00.466] Load MU model: Squad/Parts/Utility/landingLegLT-2/model
[LOG 11:30:00.466] Load MU model: Squad/Parts/Utility/landingLegLT-5/model
[WRN 11:30:00.468] WheelCollider requires an attached Rigidbody to function.
[WRN 11:30:00.468] WheelCollider requires an attached Rigidbody to function.
[LOG 11:30:00.468] Load MU model: Squad/Parts/Utility/launchClamp1/model
[LOG 11:30:00.469] Load MU model: Squad/Parts/Utility/launchEscapeSystem/LaunchEscapeSystem
[LOG 11:30:00.470] Load MU model: Squad/Parts/Utility/Lights/Assets/light_02
[LOG 11:30:00.470] Load MU model: Squad/Parts/Utility/Lights/Assets/light_03
[LOG 11:30:00.470] Load MU model: Squad/Parts/Utility/Lights/Assets/light_04
[LOG 11:30:00.471] Load MU model: Squad/Parts/Utility/Lights/Assets/light_07
[LOG 11:30:00.471] Load MU model: Squad/Parts/Utility/Lights/Assets/light_08
[LOG 11:30:00.472] Load MU model: Squad/Parts/Utility/Lights/Assets/light_12
[LOG 11:30:00.472] Load MU model: Squad/Parts/Utility/linearVernorRCS/Assets/linearRCS
[LOG 11:30:00.472] Load MU model: Squad/Parts/Utility/linearVernorRCS/Assets/vernorEngine
[LOG 11:30:00.474] Load MU model: Squad/Parts/Utility/mk2CargoBay/BayLarge
[LOG 11:30:00.475] Load MU model: Squad/Parts/Utility/mk2CargoBay/BaySmall
[LOG 11:30:00.476] Load MU model: Squad/Parts/Utility/mk2CrewCabin/model
[LOG 11:30:00.479] Load MU model: Squad/Parts/Utility/mk2DockingPort/mk2Dockingport
[LOG 11:30:00.481] Load MU model: Squad/Parts/Utility/mk3CargoBay/long
[LOG 11:30:00.482] Load MU model: Squad/Parts/Utility/mk3CargoBay/medium
[LOG 11:30:00.483] Load MU model: Squad/Parts/Utility/mk3CargoBay/ramp
[LOG 11:30:00.485] Load MU model: Squad/Parts/Utility/mk3CargoBay/short
[LOG 11:30:00.486] Load MU model: Squad/Parts/Utility/parachuteMk1/model
[LOG 11:30:00.486] Load MU model: Squad/Parts/Utility/parachuteMk12-R/model
[LOG 11:30:00.487] Load MU model: Squad/Parts/Utility/parachuteMk16-XL/model
[LOG 11:30:00.487] Load MU model: Squad/Parts/Utility/parachuteMk2-R/model
[LOG 11:30:00.488] Load MU model: Squad/Parts/Utility/parachuteMk25/model
[LOG 11:30:00.488] Load MU model: Squad/Parts/Utility/radialAttachmentPoint/model
[LOG 11:30:00.488] Load MU model: Squad/Parts/Utility/rcsBlockRV-105_v2/rcsBlock105
[LOG 11:30:00.489] Load MU model: Squad/Parts/Utility/rcsSmallLinear/Assets/RCSLinearSmall
[LOG 11:30:00.490] Load MU model: Squad/Parts/Utility/RelayAntennas/HGAntenna
[LOG 11:30:00.491] Load MU model: Squad/Parts/Utility/RelayAntennas/RA-100
[LOG 11:30:00.491] Load MU model: Squad/Parts/Utility/RelayAntennas/RA-5
[LOG 11:30:00.491] Load MU model: Squad/Parts/Utility/RelayAntennas/RA-50
[LOG 11:30:00.491] Load MU model: Squad/Parts/Utility/rockomaxAdapters/Assets/brandAdapter
[LOG 11:30:00.492] Load MU model: Squad/Parts/Utility/rockomaxAdapters/Assets/brandAdapter02
[LOG 11:30:00.492] Load MU model: Squad/Parts/Utility/ServiceBay_v2/Assets/ServiceBay_125_v2
[LOG 11:30:00.493] Load MU model: Squad/Parts/Utility/ServiceBay_v2/Assets/ServiceBay_250_v2
[LOG 11:30:00.495] Load MU model: Squad/Parts/Utility/smallClaw/smallClaw
[LOG 11:30:00.498] Load MU model: Squad/Parts/Utility/spotLightMk1/model
[LOG 11:30:00.499] Load MU model: Squad/Parts/Utility/spotLightMk1_v2/model
[LOG 11:30:00.499] Load MU model: Squad/Parts/Utility/spotLightMk2/model
[LOG 11:30:00.499] Load MU model: Squad/Parts/Utility/spotLightMk2_v2/model
[LOG 11:30:00.499] Load MU model: Squad/Parts/Utility/stackCouplers/Assets/stackBiCoupler_v2
[LOG 11:30:00.500] Load MU model: Squad/Parts/Utility/stackCouplers/Assets/stackQuadCoupler
[LOG 11:30:00.500] Load MU model: Squad/Parts/Utility/stackCouplers/Assets/stackTriCoupler_v2
[LOG 11:30:00.500] Load MU model: Squad/Parts/Wheel/LandingGear/GearExtraLarge
[WRN 11:30:00.502] WheelCollider requires an attached Rigidbody to function.
[WRN 11:30:00.502] WheelCollider requires an attached Rigidbody to function.
[LOG 11:30:00.503] Load MU model: Squad/Parts/Wheel/LandingGear/GearFixed
[WRN 11:30:00.503] WheelCollider requires an attached Rigidbody to function.
[WRN 11:30:00.503] WheelCollider requires an attached Rigidbody to function.
[LOG 11:30:00.503] Load MU model: Squad/Parts/Wheel/LandingGear/GearFree
[WRN 11:30:00.503] WheelCollider requires an attached Rigidbody to function.
[WRN 11:30:00.503] WheelCollider requires an attached Rigidbody to function.
[LOG 11:30:00.503] Load MU model: Squad/Parts/Wheel/LandingGear/GearLarge
[WRN 11:30:00.503] WheelCollider requires an attached Rigidbody to function.
[WRN 11:30:00.504] WheelCollider requires an attached Rigidbody to function.
[LOG 11:30:00.504] Load MU model: Squad/Parts/Wheel/LandingGear/GearMedium
[WRN 11:30:00.505] WheelCollider requires an attached Rigidbody to function.
[WRN 11:30:00.505] WheelCollider requires an attached Rigidbody to function.
[LOG 11:30:00.505] Load MU model: Squad/Parts/Wheel/LandingGear/GearSmall
[WRN 11:30:00.505] WheelCollider requires an attached Rigidbody to function.
[WRN 11:30:00.505] WheelCollider requires an attached Rigidbody to function.
[LOG 11:30:00.506] Load MU model: Squad/Parts/Wheel/roverWheelM1/model
[WRN 11:30:00.506] WheelCollider requires an attached Rigidbody to function.
[WRN 11:30:00.506] WheelCollider requires an attached Rigidbody to function.
[LOG 11:30:00.507] Load MU model: Squad/Parts/Wheel/roverWheelS2/model
[WRN 11:30:00.507] WheelCollider requires an attached Rigidbody to function.
[WRN 11:30:00.507] WheelCollider requires an attached Rigidbody to function.
[LOG 11:30:00.508] Load MU model: Squad/Parts/Wheel/roverWheelTR-2L/model
[WRN 11:30:00.509] WheelCollider requires an attached Rigidbody to function.
[WRN 11:30:00.509] WheelCollider requires an attached Rigidbody to function.
[LOG 11:30:00.509] Load MU model: Squad/Parts/Wheel/roverWheelXL3/model
[WRN 11:30:00.511] WheelCollider requires an attached Rigidbody to function.
[WRN 11:30:00.511] WheelCollider requires an attached Rigidbody to function.
[LOG 11:30:00.511] Load MU model: Squad/Props/AltimeterThreeHands/model
[LOG 11:30:00.511] Load MU model: Squad/Props/AtmosphereDepth/model
[LOG 11:30:00.511] Load MU model: Squad/Props/AxisIndicator/model
[LOG 11:30:00.511] Load MU model: Squad/Props/buttonsGeneric/circularButton
[LOG 11:30:00.511] Load MU model: Squad/Props/buttonsGeneric/clusterButtons
[LOG 11:30:00.511] Load MU model: Squad/Props/buttonsGeneric/clusterButtons2
[LOG 11:30:00.512] Load MU model: Squad/Props/buttonsGeneric/clusterKnob
[LOG 11:30:00.512] Load MU model: Squad/Props/buttonsGeneric/clusterKnob2
[LOG 11:30:00.512] Load MU model: Squad/Props/buttonsGeneric/clusterMixed
[LOG 11:30:00.512] Load MU model: Squad/Props/buttonsGeneric/clusterSwitches01
[LOG 11:30:00.513] Load MU model: Squad/Props/buttonsGeneric/clusterSwitches02
[LOG 11:30:00.513] Load MU model: Squad/Props/buttonsGeneric/clusterSwitches03
[LOG 11:30:00.513] Load MU model: Squad/Props/buttonsGeneric/clusterSwitches04
[LOG 11:30:00.514] Load MU model: Squad/Props/buttonsGeneric/clusterSwitches05
[LOG 11:30:00.514] Load MU model: Squad/Props/buttonsGeneric/clusterSwitches06
[LOG 11:30:00.514] Load MU model: Squad/Props/buttonsGeneric/clusterSwitches07
[LOG 11:30:00.514] Load MU model: Squad/Props/buttonsGeneric/directionalKnob
[LOG 11:30:00.514] Load MU model: Squad/Props/buttonsGeneric/directionalKnob2
[LOG 11:30:00.514] Load MU model: Squad/Props/buttonsGeneric/pullSwitch
[LOG 11:30:00.514] Load MU model: Squad/Props/buttonsGeneric/squareButton
[LOG 11:30:00.515] Load MU model: Squad/Props/buttonsGeneric/standingSwitch
[LOG 11:30:00.515] Load MU model: Squad/Props/buttonsGeneric/switch
[LOG 11:30:00.515] Load MU model: Squad/Props/buttonsGeneric/switchWithGuards
[LOG 11:30:00.515] Load MU model: Squad/Props/ButtonSquare/model
[LOG 11:30:00.515] Load MU model: Squad/Props/circularButton/model
[LOG 11:30:00.515] Load MU model: Squad/Props/Compass/model
[LOG 11:30:00.515] Load MU model: Squad/Props/directionalKnob/model
[LOG 11:30:00.516] Load MU model: Squad/Props/directionalKnob2/model
[LOG 11:30:00.516] Load MU model: Squad/Props/IndicatorPanel/model
[LOG 11:30:00.516] Load MU model: Squad/Props/IVANavBall/model
[LOG 11:30:00.517] Load MU model: Squad/Props/IVANavBallNoBase/model
[LOG 11:30:00.517] Load MU model: Squad/Props/ledPanelSpeed/model
[LOG 11:30:00.517] Load MU model: Squad/Props/Monitor/MonitorDockingMode
[LOG 11:30:00.518] Load MU model: Squad/Props/NavBall/model
[LOG 11:30:00.518] Load MU model: Squad/Props/PropsGeneric/Button_DockingMode
[LOG 11:30:00.518] Load MU model: Squad/Props/PropsGeneric/CargoBagA
[LOG 11:30:00.521] Load MU model: Squad/Props/PropsGeneric/CargoBagB
[LOG 11:30:00.521] Load MU model: Squad/Props/PropsGeneric/CargoBagC
[LOG 11:30:00.521] Load MU model: Squad/Props/PropsGeneric/Hatch_Plane
[LOG 11:30:00.521] Load MU model: Squad/Props/PropsGeneric/Hatch_Plane_Curve90
[LOG 11:30:00.521] Load MU model: Squad/Props/PropsGeneric/Hatch_Plane_Frame
[LOG 11:30:00.521] Load MU model: Squad/Props/PropsGeneric/Seat_Passenger
[LOG 11:30:00.521] Load MU model: Squad/Props/PropsGeneric/Seat_Pilot
[LOG 11:30:00.522] Load MU model: Squad/Props/PropsGeneric/Seat_Pilot_Helmet
[LOG 11:30:00.522] Load MU model: Squad/Props/PropsGeneric/SideStick
[LOG 11:30:00.522] Load MU model: Squad/Props/pullSwitch/model
[LOG 11:30:00.522] Load MU model: Squad/Props/radarAltitude/model
[LOG 11:30:00.522] Load MU model: Squad/Props/squareButton/model
[LOG 11:30:00.522] Load MU model: Squad/Props/standingSwitch/model
[LOG 11:30:00.523] Load MU model: Squad/Props/switch/model
[LOG 11:30:00.523] Load MU model: Squad/Props/switchGuard/model
[LOG 11:30:00.523] Load MU model: Squad/Props/switchWithGuards/model
[LOG 11:30:00.523] Load MU model: Squad/Props/throttle/model
[LOG 11:30:00.523] Load MU model: Squad/Props/VSI/model
[LOG 11:30:00.523] Load MU model: Squad/Spaces/crewCabinInternals/model
[LOG 11:30:00.525] Load MU model: Squad/Spaces/cupolaInternal/model
[LOG 11:30:00.527] Load MU model: Squad/Spaces/GenericSpace1/model
[LOG 11:30:00.528] Load MU model: Squad/Spaces/GenericSpace3/model
[LOG 11:30:00.530] Load MU model: Squad/Spaces/landerCabinInternals/model
[LOG 11:30:00.531] Load MU model: Squad/Spaces/landerCabinSmallInternal/model
[LOG 11:30:00.531] Load MU model: Squad/Spaces/LargeCrewedLabInternals/Large_Crewed_lab_Int
[LOG 11:30:00.533] Load MU model: Squad/Spaces/Mk1-3/model
[LOG 11:30:00.536] Load MU model: Squad/Spaces/mk1CabinInternal/mk1cabin
[LOG 11:30:00.538] Load MU model: Squad/Spaces/mk1CockpitInternal/Mk1StandardIVA
[LOG 11:30:00.541] Load MU model: Squad/Spaces/mk1InlineInternal/Mk1InlineIVA
[LOG 11:30:00.543] Load MU model: Squad/Spaces/mk1PodCockpit/model
[LOG 11:30:00.544] Load MU model: Squad/Spaces/mk1pod_IVA/mk1pod_IVA
[LOG 11:30:00.545] Load MU model: Squad/Spaces/mk2CockpitStandardInternal/model
[LOG 11:30:00.546] Load MU model: Squad/Spaces/Mk2CrewCabinInternal/MK2_CrewCab_Int
[LOG 11:30:00.547] Load MU model: Squad/Spaces/mk2InlineInternal/mk2InlineIVA
[LOG 11:30:00.549] Load MU model: Squad/Spaces/mk2LanderCanInternal/mk2LanderCanInternal
[LOG 11:30:00.550] Load MU model: Squad/Spaces/MK3CockpitInternal/MK3_Cockpit_Int
[LOG 11:30:00.551] Load MU model: Squad/Spaces/MK3_CrewCab_Int/MK3_CrewCab_Int
[LOG 11:30:00.555] Load MU model: Squad/Spaces/OverlayMasks/CupolaMask
[LOG 11:30:00.555] Load MU model: Squad/Spaces/OverlayMasks/HitchhikerBorder
[LOG 11:30:00.556] Load MU model: Squad/Spaces/OverlayMasks/HitchhikerMask
[LOG 11:30:00.556] Load MU model: Squad/Spaces/OverlayMasks/LargeLabBorder
[LOG 11:30:00.556] Load MU model: Squad/Spaces/OverlayMasks/LargeLabMask
[LOG 11:30:00.556] Load MU model: Squad/Spaces/OverlayMasks/Mk1CabinBorder
[LOG 11:30:00.556] Load MU model: Squad/Spaces/OverlayMasks/Mk1CabinMask
[LOG 11:30:00.557] Load MU model: Squad/Spaces/OverlayMasks/Mk1InlineMask
[LOG 11:30:00.557] Load MU model: Squad/Spaces/OverlayMasks/Mk1InlineMask2
[LOG 11:30:00.557] Load MU model: Squad/Spaces/OverlayMasks/Mk1StandardBorder2
[LOG 11:30:00.557] Load MU model: Squad/Spaces/OverlayMasks/Mk1StandardBorder3
[LOG 11:30:00.557] Load MU model: Squad/Spaces/OverlayMasks/Mk1StandardMask
[LOG 11:30:00.557] Load MU model: Squad/Spaces/OverlayMasks/Mk1StandardMask2
[LOG 11:30:00.557] Load MU model: Squad/Spaces/OverlayMasks/Mk1StandardMask3
[LOG 11:30:00.557] Load MU model: Squad/Spaces/OverlayMasks/Mk2CabinBorder
[LOG 11:30:00.557] Load MU model: Squad/Spaces/OverlayMasks/Mk2CabinMask
[LOG 11:30:00.557] Load MU model: Squad/Spaces/OverlayMasks/Mk2InlineBorder
[LOG 11:30:00.558] Load MU model: Squad/Spaces/OverlayMasks/Mk2InlineMask
[LOG 11:30:00.558] Load MU model: Squad/Spaces/OverlayMasks/Mk2StandardBorder
[LOG 11:30:00.558] Load MU model: Squad/Spaces/OverlayMasks/Mk2StandardMask
[LOG 11:30:00.558] Load MU model: Squad/Spaces/OverlayMasks/Mk3CabinBorder
[LOG 11:30:00.558] Load MU model: Squad/Spaces/OverlayMasks/Mk3CabinMask
[LOG 11:30:00.558] Load MU model: Squad/Spaces/OverlayMasks/Mk3CabinMask2
[LOG 11:30:00.558] Load MU model: Squad/Spaces/OverlayMasks/Mk3ShuttleBorder
[LOG 11:30:00.558] Load MU model: Squad/Spaces/OverlayMasks/Mk3ShuttleMask
[LOG 11:30:00.559] Load MU model: Squad/Spaces/OverlayMasks/Size1LanderBorder
[LOG 11:30:00.559] Load MU model: Squad/Spaces/OverlayMasks/Size1LanderMask
[LOG 11:30:00.559] Load MU model: Squad/Spaces/OverlayMasks/Size1PodBorder
[LOG 11:30:00.559] Load MU model: Squad/Spaces/OverlayMasks/Size1PodMask
[LOG 11:30:00.559] Load MU model: Squad/Spaces/OverlayMasks/Size2LanderBorder
[LOG 11:30:00.559] Load MU model: Squad/Spaces/OverlayMasks/Size2LanderMask
[LOG 11:30:00.559] Load MU model: Squad/Spaces/OverlayMasks/Size2PodBorder
[LOG 11:30:00.559] Load MU model: Squad/Spaces/OverlayMasks/Size2PodMask
[LOG 11:30:00.559] Load MU model: Squad/Spaces/Placeholder/PlaceholderIVA
[LOG 11:30:00.560] Load MU model: Squad/Spaces/PodCockpit/model
[LOG 11:30:00.562] Load MU model: SquadExpansion/MakingHistory/Parts/Aero/protectiveRocketNoseMk5A/Size_1_5_Cone
[LOG 11:30:00.563] Load MU model: SquadExpansion/MakingHistory/Parts/Coupling/Assets/EnginePlate
[LOG 11:30:00.563] Load MU model: SquadExpansion/MakingHistory/Parts/Coupling/Assets/InflatableAirlock
[LOG 11:30:00.564] Load MU model: SquadExpansion/MakingHistory/Parts/Coupling/Assets/Size1_5_Decoupler
[LOG 11:30:00.564] Load MU model: SquadExpansion/MakingHistory/Parts/Engine/Assets/KE-1
[LOG 11:30:00.568] Load MU model: SquadExpansion/MakingHistory/Parts/Engine/Assets/LV-T87
[LOG 11:30:00.569] Load MU model: SquadExpansion/MakingHistory/Parts/Engine/Assets/LV-T91
[LOG 11:30:00.570] Load MU model: SquadExpansion/MakingHistory/Parts/Engine/Assets/RE-I2
[LOG 11:30:00.572] Load MU model: SquadExpansion/MakingHistory/Parts/Engine/Assets/RE-J10
[LOG 11:30:00.573] Load MU model: SquadExpansion/MakingHistory/Parts/Engine/Assets/RK-7
[LOG 11:30:00.575] Load MU model: SquadExpansion/MakingHistory/Parts/Engine/Assets/RV-1
[LOG 11:30:00.576] Load MU model: SquadExpansion/MakingHistory/Parts/Engine/solidBoosterTHK/solidBoosterTHK
[LOG 11:30:00.576] Load MU model: SquadExpansion/MakingHistory/Parts/FuelTank/Assets/MiniMonoTank
[LOG 11:30:00.576] Load MU model: SquadExpansion/MakingHistory/Parts/FuelTank/Assets/Size1_5_Size0_Adapter_01
[LOG 11:30:00.577] Load MU model: SquadExpansion/MakingHistory/Parts/FuelTank/Assets/Size1_5_Size1_Adapter_01
[LOG 11:30:00.577] Load MU model: SquadExpansion/MakingHistory/Parts/FuelTank/Assets/Size1_5_Size1_Adapter_02
[LOG 11:30:00.577] Load MU model: SquadExpansion/MakingHistory/Parts/FuelTank/Assets/Size1_5_Size2_Adapter_01
[LOG 11:30:00.577] Load MU model: SquadExpansion/MakingHistory/Parts/FuelTank/Assets/Size1_5_Tank_01
[LOG 11:30:00.578] Load MU model: SquadExpansion/MakingHistory/Parts/FuelTank/Assets/Size1_5_Tank_02
[LOG 11:30:00.578] Load MU model: SquadExpansion/MakingHistory/Parts/FuelTank/Assets/Size1_5_Tank_03
[LOG 11:30:00.578] Load MU model: SquadExpansion/MakingHistory/Parts/FuelTank/Assets/Size1_5_Tank_04
[LOG 11:30:00.579] Load MU model: SquadExpansion/MakingHistory/Parts/FuelTank/Assets/Size1_5_Tank_05
[LOG 11:30:00.579] Load MU model: SquadExpansion/MakingHistory/Parts/FuelTank/Assets/Size3_Size4_Adapter_01
[LOG 11:30:00.579] Load MU model: SquadExpansion/MakingHistory/Parts/FuelTank/Assets/Size4_EngineAdapter_01
[LOG 11:30:00.580] Load MU model: SquadExpansion/MakingHistory/Parts/FuelTank/Assets/Size4_Tank_01
[LOG 11:30:00.580] Load MU model: SquadExpansion/MakingHistory/Parts/FuelTank/Assets/Size4_Tank_02
[LOG 11:30:00.580] Load MU model: SquadExpansion/MakingHistory/Parts/FuelTank/Assets/Size4_Tank_03
[LOG 11:30:00.581] Load MU model: SquadExpansion/MakingHistory/Parts/FuelTank/Assets/Size4_Tank_04
[LOG 11:30:00.581] Load MU model: SquadExpansion/MakingHistory/Parts/FuelTank/Assets/Size_1p5_Monoprop
[LOG 11:30:00.582] Load MU model: SquadExpansion/MakingHistory/Parts/Ground/Assets/RoverWheel
[WRN 11:30:00.582] WheelCollider requires an attached Rigidbody to function.
[WRN 11:30:00.582] WheelCollider requires an attached Rigidbody to function.
[LOG 11:30:00.583] Load MU model: SquadExpansion/MakingHistory/Parts/Payload/Assets/ServiceModule18
[LOG 11:30:00.583] Load MU model: SquadExpansion/MakingHistory/Parts/Payload/Assets/ServiceModule25
[LOG 11:30:00.584] Load MU model: SquadExpansion/MakingHistory/Parts/Payload/Assets/Size1to0ServiceModule
[LOG 11:30:00.585] Load MU model: SquadExpansion/MakingHistory/Parts/Pods/Assets/Mk2Pod
[LOG 11:30:00.585] Load MU model: SquadExpansion/MakingHistory/Parts/Pods/Assets/RoundPod
[LOG 11:30:00.586] Load MU model: SquadExpansion/MakingHistory/Parts/Pods/Assets/Size1_5_Lander
[LOG 11:30:00.586] Load MU model: SquadExpansion/MakingHistory/Parts/SharedAssets/Shroud1p5x0
[LOG 11:30:00.587] Load MU model: SquadExpansion/MakingHistory/Parts/SharedAssets/Shroud1p5x1
[LOG 11:30:00.587] Load MU model: SquadExpansion/MakingHistory/Parts/SharedAssets/Shroud1p5x2
[LOG 11:30:00.587] Load MU model: SquadExpansion/MakingHistory/Parts/SharedAssets/Shroud1p5x3
[LOG 11:30:00.587] Load MU model: SquadExpansion/MakingHistory/Parts/SharedAssets/Shroud1p5x4
[LOG 11:30:00.587] Load MU model: SquadExpansion/MakingHistory/Parts/SharedAssets/Shroud1x0
[LOG 11:30:00.587] Load MU model: SquadExpansion/MakingHistory/Parts/SharedAssets/Shroud1x1
[LOG 11:30:00.587] Load MU model: SquadExpansion/MakingHistory/Parts/SharedAssets/Shroud1x2
[LOG 11:30:00.587] Load MU model: SquadExpansion/MakingHistory/Parts/SharedAssets/Shroud1x3
[LOG 11:30:00.588] Load MU model: SquadExpansion/MakingHistory/Parts/SharedAssets/Shroud1x4
[LOG 11:30:00.588] Load MU model: SquadExpansion/MakingHistory/Parts/SharedAssets/Shroud2x0
[LOG 11:30:00.588] Load MU model: SquadExpansion/MakingHistory/Parts/SharedAssets/Shroud2x1
[LOG 11:30:00.588] Load MU model: SquadExpansion/MakingHistory/Parts/SharedAssets/Shroud2x2
[LOG 11:30:00.588] Load MU model: SquadExpansion/MakingHistory/Parts/SharedAssets/Shroud2x3
[LOG 11:30:00.588] Load MU model: SquadExpansion/MakingHistory/Parts/SharedAssets/Shroud2x4
[LOG 11:30:00.588] Load MU model: SquadExpansion/MakingHistory/Parts/SharedAssets/Shroud3x0
[LOG 11:30:00.588] Load MU model: SquadExpansion/MakingHistory/Parts/SharedAssets/Shroud3x1
[LOG 11:30:00.589] Load MU model: SquadExpansion/MakingHistory/Parts/SharedAssets/Shroud3x2
[LOG 11:30:00.589] Load MU model: SquadExpansion/MakingHistory/Parts/SharedAssets/Shroud3x3
[LOG 11:30:00.589] Load MU model: SquadExpansion/MakingHistory/Parts/SharedAssets/Shroud3x4
[LOG 11:30:00.589] Load MU model: SquadExpansion/MakingHistory/Parts/SharedAssets/Shroud4x0
[LOG 11:30:00.589] Load MU model: SquadExpansion/MakingHistory/Parts/SharedAssets/Shroud4x1
[LOG 11:30:00.589] Load MU model: SquadExpansion/MakingHistory/Parts/SharedAssets/Shroud4x2
[LOG 11:30:00.589] Load MU model: SquadExpansion/MakingHistory/Parts/SharedAssets/Shroud4x3
[LOG 11:30:00.589] Load MU model: SquadExpansion/MakingHistory/Parts/SharedAssets/Shroud4x4
[LOG 11:30:00.590] Load MU model: SquadExpansion/MakingHistory/Parts/SharedAssets/ShroudCollider0
[LOG 11:30:00.590] Load MU model: SquadExpansion/MakingHistory/Parts/SharedAssets/ShroudCollider1
[LOG 11:30:00.590] Load MU model: SquadExpansion/MakingHistory/Parts/SharedAssets/ShroudCollider1p5
[LOG 11:30:00.590] Load MU model: SquadExpansion/MakingHistory/Parts/SharedAssets/ShroudCollider2
[LOG 11:30:00.591] Load MU model: SquadExpansion/MakingHistory/Parts/SharedAssets/ShroudCollider3
[LOG 11:30:00.591] Load MU model: SquadExpansion/MakingHistory/Parts/SharedAssets/ShroudCollider4
[LOG 11:30:00.591] Load MU model: SquadExpansion/MakingHistory/Parts/Structural/Assets/EquiTriangle0
[LOG 11:30:00.591] Load MU model: SquadExpansion/MakingHistory/Parts/Structural/Assets/EquiTriangle1
[LOG 11:30:00.592] Load MU model: SquadExpansion/MakingHistory/Parts/Structural/Assets/EquiTriangle1p5
[LOG 11:30:00.592] Load MU model: SquadExpansion/MakingHistory/Parts/Structural/Assets/EquiTriangle2
[LOG 11:30:00.592] Load MU model: SquadExpansion/MakingHistory/Parts/Structural/Assets/Panel0
[LOG 11:30:00.592] Load MU model: SquadExpansion/MakingHistory/Parts/Structural/Assets/Panel1
[LOG 11:30:00.592] Load MU model: SquadExpansion/MakingHistory/Parts/Structural/Assets/Panel1p5
[LOG 11:30:00.592] Load MU model: SquadExpansion/MakingHistory/Parts/Structural/Assets/Panel2
[LOG 11:30:00.593] Load MU model: SquadExpansion/MakingHistory/Parts/Structural/Assets/Triangle0
[LOG 11:30:00.593] Load MU model: SquadExpansion/MakingHistory/Parts/Structural/Assets/Triangle1
[LOG 11:30:00.593] Load MU model: SquadExpansion/MakingHistory/Parts/Structural/Assets/Triangle1p5
[LOG 11:30:00.593] Load MU model: SquadExpansion/MakingHistory/Parts/Structural/Assets/Triangle2
[LOG 11:30:00.593] Load MU model: SquadExpansion/MakingHistory/Parts/Utility/flags/flagSize1p5/flagSize1p5Meshes
[LOG 11:30:00.595] Load MU model: SquadExpansion/MakingHistory/Parts/Utility/flags/flagSize4/flagSize4Meshes
[LOG 11:30:00.596] Load MU model: SquadExpansion/MakingHistory/Spaces/KVPods/Airlock_IVA
[LOG 11:30:00.596] Load MU model: SquadExpansion/MakingHistory/Spaces/KVPods/KV1_IVA
[LOG 11:30:00.597] Load MU model: SquadExpansion/MakingHistory/Spaces/KVPods/KV2_IVA
[LOG 11:30:00.599] Load MU model: SquadExpansion/MakingHistory/Spaces/KVPods/KV3_IVA
[LOG 11:30:00.602] Load MU model: SquadExpansion/MakingHistory/Spaces/MEM/MEM_IVA
[LOG 11:30:00.603] Load MU model: SquadExpansion/MakingHistory/Spaces/Mk2Pod/MK2POD_IVA
[LOG 11:30:00.605] Load MU model: SquadExpansion/Serenity/Parts/Aero/Assets/FanShroud_01
[LOG 11:30:00.605] Load MU model: SquadExpansion/Serenity/Parts/Aero/Assets/FanShroud_02
[LOG 11:30:00.606] Load MU model: SquadExpansion/Serenity/Parts/Aero/Assets/FanShroud_03
[LOG 11:30:00.606] Load MU model: SquadExpansion/Serenity/Parts/Aero/Assets/noseconeTiny
[LOG 11:30:00.607] Load MU model: SquadExpansion/Serenity/Parts/Aero/Assets/noseconeVS
[LOG 11:30:00.607] Load MU model: SquadExpansion/Serenity/Parts/DeployedScience/Assets/CentralStation
[LOG 11:30:00.610] Load MU model: SquadExpansion/Serenity/Parts/DeployedScience/Assets/GoExOb
[LOG 11:30:00.613] Load MU model: SquadExpansion/Serenity/Parts/DeployedScience/Assets/IonExperiment
[LOG 11:30:00.614] Load MU model: SquadExpansion/Serenity/Parts/DeployedScience/Assets/RTGCask
[LOG 11:30:00.614] Load MU model: SquadExpansion/Serenity/Parts/DeployedScience/Assets/satDish
[LOG 11:30:00.617] Load MU model: SquadExpansion/Serenity/Parts/DeployedScience/Assets/seismicSensor
[LOG 11:30:00.621] Load MU model: SquadExpansion/Serenity/Parts/DeployedScience/Assets/solarPanel
[LOG 11:30:00.623] Load MU model: SquadExpansion/Serenity/Parts/DeployedScience/Assets/WeatherStation
[LOG 11:30:00.627] Load MU model: SquadExpansion/Serenity/Parts/Propellers/Assets/largeFanBlade
[LOG 11:30:00.627] Load MU model: SquadExpansion/Serenity/Parts/Propellers/Assets/largeHeliBlade
[LOG 11:30:00.627] Load MU model: SquadExpansion/Serenity/Parts/Propellers/Assets/largePropeller
[LOG 11:30:00.627] Load MU model: SquadExpansion/Serenity/Parts/Propellers/Assets/mediumFanBlade
[LOG 11:30:00.628] Load MU model: SquadExpansion/Serenity/Parts/Propellers/Assets/mediumHeliBlade
[LOG 11:30:00.628] Load MU model: SquadExpansion/Serenity/Parts/Propellers/Assets/mediumPropeller
[LOG 11:30:00.628] Load MU model: SquadExpansion/Serenity/Parts/Propellers/Assets/smallFanBlade
[LOG 11:30:00.628] Load MU model: SquadExpansion/Serenity/Parts/Propellers/Assets/smallHeliBlade
[LOG 11:30:00.628] Load MU model: SquadExpansion/Serenity/Parts/Propellers/Assets/smallPropeller
[LOG 11:30:00.629] Load MU model: SquadExpansion/Serenity/Parts/Robotics/Assets/hinge_01
[LOG 11:30:00.629] Load MU model: SquadExpansion/Serenity/Parts/Robotics/Assets/hinge_01_s
[LOG 11:30:00.629] Load MU model: SquadExpansion/Serenity/Parts/Robotics/Assets/hinge_03
[LOG 11:30:00.630] Load MU model: SquadExpansion/Serenity/Parts/Robotics/Assets/hinge_03_s
[LOG 11:30:00.630] Load MU model: SquadExpansion/Serenity/Parts/Robotics/Assets/hinge_04
[LOG 11:30:00.631] Load MU model: SquadExpansion/Serenity/Parts/Robotics/Assets/piston_01
[LOG 11:30:00.631] Load MU model: SquadExpansion/Serenity/Parts/Robotics/Assets/piston_02
[LOG 11:30:00.631] Load MU model: SquadExpansion/Serenity/Parts/Robotics/Assets/piston_03
[LOG 11:30:00.631] Load MU model: SquadExpansion/Serenity/Parts/Robotics/Assets/piston_04
[LOG 11:30:00.632] Load MU model: SquadExpansion/Serenity/Parts/Robotics/Assets/RotorEngine_02
[LOG 11:30:00.632] Load MU model: SquadExpansion/Serenity/Parts/Robotics/Assets/RotorEngine_03
[LOG 11:30:00.633] Load MU model: SquadExpansion/Serenity/Parts/Robotics/Assets/rotor_01
[LOG 11:30:00.634] Load MU model: SquadExpansion/Serenity/Parts/Robotics/Assets/rotor_01s
[LOG 11:30:00.634] Load MU model: SquadExpansion/Serenity/Parts/Robotics/Assets/rotor_02
[LOG 11:30:00.635] Load MU model: SquadExpansion/Serenity/Parts/Robotics/Assets/rotor_02s
[LOG 11:30:00.636] Load MU model: SquadExpansion/Serenity/Parts/Robotics/Assets/rotor_03
[LOG 11:30:00.636] Load MU model: SquadExpansion/Serenity/Parts/Robotics/Assets/rotor_03s
[LOG 11:30:00.637] Load MU model: SquadExpansion/Serenity/Parts/Robotics/Assets/RotoServo_00
[LOG 11:30:00.637] Load MU model: SquadExpansion/Serenity/Parts/Robotics/Assets/RotoServo_02
[LOG 11:30:00.638] Load MU model: SquadExpansion/Serenity/Parts/Robotics/Assets/RotoServo_03
[LOG 11:30:00.638] Load MU model: SquadExpansion/Serenity/Parts/Robotics/Assets/RotoServo_04
[LOG 11:30:00.638] Load MU model: SquadExpansion/Serenity/Parts/Robotics/Controllers/controller1000
[LOG 11:30:00.639] Load MU model: SquadExpansion/Serenity/Parts/Science/RobotArmScanner/Assets/ROCArm_01
[LOG 11:30:00.640] Load MU model: SquadExpansion/Serenity/Parts/Science/RobotArmScanner/Assets/ROCArm_02
[LOG 11:30:00.641] Load MU model: SquadExpansion/Serenity/Parts/Science/RobotArmScanner/Assets/ROCArm_03
[LOG 11:30:00.645] Load MU model: SquadExpansion/Serenity/Parts/Structural/gripPads/Assets/lGripPad
[LOG 11:30:00.645] Load MU model: SquadExpansion/Serenity/Parts/Structural/gripPads/Assets/lGripStrip
[LOG 11:30:00.646] Load MU model: SquadExpansion/Serenity/Parts/Structural/gripPads/Assets/mGripPad
[LOG 11:30:00.646] Load MU model: SquadExpansion/Serenity/Parts/Structural/gripPads/Assets/sGripPad
[LOG 11:30:00.646] Load MU model: SquadExpansion/Serenity/Parts/Structural/gripPads/Assets/sGripStrip
[LOG 11:30:00.647] Loading Asset Bundle Definitions
[LOG 11:30:00.648] AssetLoader: Loading bundle definitions
[LOG 11:30:00.784] AssetLoader: Loaded bundle 'squadcore'
[LOG 11:30:00.785] AssetLoader: Loaded bundle 'squadcorefx'
[LOG 11:30:00.785] AssetLoader: Loaded mod bundle 'kspedia'
[LOG 11:30:00.786] AssetLoader: Loaded mod bundle 'kspedia_actionsets'
[LOG 11:30:00.786] AssetLoader: Loaded mod bundle 'kspedia_aircraft'
[LOG 11:30:00.786] AssetLoader: Loaded mod bundle 'kspedia_aircraftbasics'
[LOG 11:30:00.787] AssetLoader: Loaded mod bundle 'kspedia_aircraftbasicsbalance'
[LOG 11:30:00.787] AssetLoader: Loaded mod bundle 'kspedia_aircraftbasicsbalance2'
[LOG 11:30:00.787] AssetLoader: Loaded mod bundle 'kspedia_aircraftbasicscol'
[LOG 11:30:00.788] AssetLoader: Loaded mod bundle 'kspedia_aircraftbasicscontrol'
[LOG 11:30:00.788] AssetLoader: Loaded mod bundle 'kspedia_aircraftbasicscontrolsurfaces'
[LOG 11:30:00.788] AssetLoader: Loaded mod bundle 'kspedia_aircraftbasicsdrag'
[LOG 11:30:00.789] AssetLoader: Loaded mod bundle 'kspedia_aircraftbasicsengines'
[LOG 11:30:00.789] AssetLoader: Loaded mod bundle 'kspedia_aircraftbasicsforces'
[LOG 11:30:00.789] AssetLoader: Loaded mod bundle 'kspedia_aircraftbasicsintakes'
[LOG 11:30:00.789] AssetLoader: Loaded mod bundle 'kspedia_aircraftbasicslandinggear'
[LOG 11:30:00.790] AssetLoader: Loaded mod bundle 'kspedia_aircraftbasicslift'
[LOG 11:30:00.790] AssetLoader: Loaded mod bundle 'kspedia_axisgroups'
[LOG 11:30:00.790] AssetLoader: Loaded mod bundle 'kspedia_career'
[LOG 11:30:00.791] AssetLoader: Loaded mod bundle 'kspedia_careerbasicscontracts'
[LOG 11:30:00.791] AssetLoader: Loaded mod bundle 'kspedia_careerbasicscrew'
[LOG 11:30:00.791] AssetLoader: Loaded mod bundle 'kspedia_careerbasicscurrencies'
[LOG 11:30:00.791] AssetLoader: Loaded mod bundle 'kspedia_careerbasicsexperience'
[LOG 11:30:00.792] AssetLoader: Loaded mod bundle 'kspedia_careerbasicsfacilities'
[LOG 11:30:00.792] AssetLoader: Loaded mod bundle 'kspedia_careerbasicsstrategies'
[LOG 11:30:00.792] AssetLoader: Loaded mod bundle 'kspedia_careerbasicstechnology'
[LOG 11:30:00.793] AssetLoader: Loaded mod bundle 'kspedia_careerui-ac'
[LOG 11:30:00.793] AssetLoader: Loaded mod bundle 'kspedia_careerui-admin'
[LOG 11:30:00.793] AssetLoader: Loaded mod bundle 'kspedia_careerui-ksc'
[LOG 11:30:00.793] AssetLoader: Loaded mod bundle 'kspedia_careerui-mc'
[LOG 11:30:00.794] AssetLoader: Loaded mod bundle 'kspedia_careerui-sciencearchives'
[LOG 11:30:00.794] AssetLoader: Loaded mod bundle 'kspedia_careerui-techtree'
[LOG 11:30:00.794] AssetLoader: Loaded mod bundle 'kspedia_careerui-ts'
[LOG 11:30:00.794] AssetLoader: Loaded mod bundle 'kspedia_careerui'
[LOG 11:30:00.795] AssetLoader: Loaded mod bundle 'kspedia_cargoapp'
[LOG 11:30:00.795] AssetLoader: Loaded mod bundle 'kspedia_cargomode'
[LOG 11:30:00.795] AssetLoader: Loaded mod bundle 'kspedia_cargosystem-placeableparts'
[LOG 11:30:00.796] AssetLoader: Loaded mod bundle 'kspedia_cargosystem'
[LOG 11:30:00.796] AssetLoader: Loaded mod bundle 'kspedia_chute'
[LOG 11:30:00.796] AssetLoader: Loaded mod bundle 'kspedia_commnet'
[LOG 11:30:00.796] AssetLoader: Loaded mod bundle 'kspedia_commnetbasics'
[LOG 11:30:00.797] AssetLoader: Loaded mod bundle 'kspedia_commnetbuildingeffectivenetworks'
[LOG 11:30:00.797] AssetLoader: Loaded mod bundle 'kspedia_commnetcalculatingrange'
[LOG 11:30:00.797] AssetLoader: Loaded mod bundle 'kspedia_commnetcontrollevels'
[LOG 11:30:00.797] AssetLoader: Loaded mod bundle 'kspedia_commnetcontrollinks'
[LOG 11:30:00.798] AssetLoader: Loaded mod bundle 'kspedia_commnetcontrolpoints'
[LOG 11:30:00.798] AssetLoader: Loaded mod bundle 'kspedia_commnetgui'
[LOG 11:30:00.798] AssetLoader: Loaded mod bundle 'kspedia_commnetgui01'
[LOG 11:30:00.798] AssetLoader: Loaded mod bundle 'kspedia_commnetgui02'
[LOG 11:30:00.798] AssetLoader: Loaded mod bundle 'kspedia_commnetrange'
[LOG 11:30:00.799] AssetLoader: Loaded mod bundle 'kspedia_commnetrelays'
[LOG 11:30:00.799] AssetLoader: Loaded mod bundle 'kspedia_commnetsciencetransmission'
[LOG 11:30:00.799] AssetLoader: Loaded mod bundle 'kspedia_commnetsignalstrength'
[LOG 11:30:00.799] AssetLoader: Loaded mod bundle 'kspedia_commnettransmission'
[LOG 11:30:00.800] AssetLoader: Loaded mod bundle 'kspedia_constructionui-actiongroups'
[LOG 11:30:00.800] AssetLoader: Loaded mod bundle 'kspedia_constructionui-applauncher'
[LOG 11:30:00.800] AssetLoader: Loaded mod bundle 'kspedia_constructionui-crew'
[LOG 11:30:00.801] AssetLoader: Loaded mod bundle 'kspedia_constructionui-engineersreport'
[LOG 11:30:00.801] AssetLoader: Loaded mod bundle 'kspedia_constructionui-gizmos'
[LOG 11:30:00.801] AssetLoader: Loaded mod bundle 'kspedia_constructionui-infos'
[LOG 11:30:00.801] AssetLoader: Loaded mod bundle 'kspedia_constructionui-partdetails'
[LOG 11:30:00.802] AssetLoader: Loaded mod bundle 'kspedia_constructionui-parts'
[LOG 11:30:00.802] AssetLoader: Loaded mod bundle 'kspedia_constructionui-symmetry'
[LOG 11:30:00.802] AssetLoader: Loaded mod bundle 'kspedia_constructionui-vesseldetails'
[LOG 11:30:00.803] AssetLoader: Loaded mod bundle 'kspedia_constructionui'
[LOG 11:30:00.803] AssetLoader: Loaded mod bundle 'kspedia_controls-dockingmode'
[LOG 11:30:00.803] AssetLoader: Loaded mod bundle 'kspedia_controls-editor'
[LOG 11:30:00.803] AssetLoader: Loaded mod bundle 'kspedia_controls-editorgizmos'
[LOG 11:30:00.804] AssetLoader: Loaded mod bundle 'kspedia_controls-eva'
[LOG 11:30:00.804] AssetLoader: Loaded mod bundle 'kspedia_controls-flight'
[LOG 11:30:00.804] AssetLoader: Loaded mod bundle 'kspedia_controls-flightactivities'
[LOG 11:30:00.805] AssetLoader: Loaded mod bundle 'kspedia_controls-flightdirections'
[LOG 11:30:00.805] AssetLoader: Loaded mod bundle 'kspedia_controls-general'
[LOG 11:30:00.805] AssetLoader: Loaded mod bundle 'kspedia_controls-mapandtime'
[LOG 11:30:00.805] AssetLoader: Loaded mod bundle 'kspedia_controls-mouseconstruction'
[LOG 11:30:00.806] AssetLoader: Loaded mod bundle 'kspedia_controls-mouseflight'
[LOG 11:30:00.806] AssetLoader: Loaded mod bundle 'kspedia_controls-rcs'
[LOG 11:30:00.806] AssetLoader: Loaded mod bundle 'kspedia_controls'
[LOG 11:30:00.806] AssetLoader: Loaded mod bundle 'kspedia_eastereggs'
[LOG 11:30:00.807] AssetLoader: Loaded mod bundle 'kspedia_evaconstructionmode'
[LOG 11:30:00.807] AssetLoader: Loaded mod bundle 'kspedia_facilities-ac'
[LOG 11:30:00.807] AssetLoader: Loaded mod bundle 'kspedia_facilities-admin'
[LOG 11:30:00.808] AssetLoader: Loaded mod bundle 'kspedia_facilities-context'
[LOG 11:30:00.808] AssetLoader: Loaded mod bundle 'kspedia_facilities-ksc'
[LOG 11:30:00.808] AssetLoader: Loaded mod bundle 'kspedia_facilities-launchpad'
[LOG 11:30:00.808] AssetLoader: Loaded mod bundle 'kspedia_facilities-mc'
[LOG 11:30:00.809] AssetLoader: Loaded mod bundle 'kspedia_facilities-randd'
[LOG 11:30:00.809] AssetLoader: Loaded mod bundle 'kspedia_facilities-runway'
[LOG 11:30:00.809] AssetLoader: Loaded mod bundle 'kspedia_facilities-sph'
[LOG 11:30:00.809] AssetLoader: Loaded mod bundle 'kspedia_facilities-ts'
[LOG 11:30:00.810] AssetLoader: Loaded mod bundle 'kspedia_facilities-vab'
[LOG 11:30:00.810] AssetLoader: Loaded mod bundle 'kspedia_flightui-altimeter'
[LOG 11:30:00.810] AssetLoader: Loaded mod bundle 'kspedia_flightui-applauncher'
[LOG 11:30:00.811] AssetLoader: Loaded mod bundle 'kspedia_flightui-evaactivities'
[LOG 11:30:00.811] AssetLoader: Loaded mod bundle 'kspedia_flightui-maneuvermodeeditor'
[LOG 11:30:00.811] AssetLoader: Loaded mod bundle 'kspedia_flightui-maneuvermodeeditorcont'
[LOG 11:30:00.812] AssetLoader: Loaded mod bundle 'kspedia_flightui-maneuvermodeorbit'
[LOG 11:30:00.812] AssetLoader: Loaded mod bundle 'kspedia_flightui-maneuvertoolinfo'
[LOG 11:30:00.812] AssetLoader: Loaded mod bundle 'kspedia_flightui-maneuvertoolmain'
[LOG 11:30:00.812] AssetLoader: Loaded mod bundle 'kspedia_flightui-modecontrol'
[LOG 11:30:00.813] AssetLoader: Loaded mod bundle 'kspedia_flightui-navball'
[LOG 11:30:00.813] AssetLoader: Loaded mod bundle 'kspedia_flightui-partrepairs'
[LOG 11:30:00.813] AssetLoader: Loaded mod bundle 'kspedia_flightui-portraits'
[LOG 11:30:00.813] AssetLoader: Loaded mod bundle 'kspedia_flightui-staging'
[LOG 11:30:00.814] AssetLoader: Loaded mod bundle 'kspedia_flightui-timeandaction'
[LOG 11:30:00.814] AssetLoader: Loaded mod bundle 'kspedia_flightui'
[LOG 11:30:00.814] AssetLoader: Loaded mod bundle 'kspedia_heat'
[LOG 11:30:00.815] AssetLoader: Loaded mod bundle 'kspedia_heatactiveradiators'
[LOG 11:30:00.815] AssetLoader: Loaded mod bundle 'kspedia_heatengines'
[LOG 11:30:00.815] AssetLoader: Loaded mod bundle 'kspedia_heatflow'
[LOG 11:30:00.816] AssetLoader: Loaded mod bundle 'kspedia_heatpart'
[LOG 11:30:00.816] AssetLoader: Loaded mod bundle 'kspedia_heatpassiveradiators'
[LOG 11:30:00.816] AssetLoader: Loaded mod bundle 'kspedia_heatshields'
[LOG 11:30:00.816] AssetLoader: Loaded mod bundle 'kspedia_kerbnet'
[LOG 11:30:00.817] AssetLoader: Loaded mod bundle 'kspedia_kerbnetinterface'
[LOG 11:30:00.817] AssetLoader: Loaded mod bundle 'kspedia_kerbnetmodes'
[LOG 11:30:00.817] AssetLoader: Loaded mod bundle 'kspedia_kerbnetwaypoints'
[LOG 11:30:00.817] AssetLoader: Loaded mod bundle 'kspedia_locations'
[LOG 11:30:00.818] AssetLoader: Loaded mod bundle 'kspedia_manual'
[LOG 11:30:00.818] AssetLoader: Loaded mod bundle 'kspedia_mapui-alarmclockcreation'
[LOG 11:30:00.818] AssetLoader: Loaded mod bundle 'kspedia_mapui-alarmclockmain'
[LOG 11:30:00.819] AssetLoader: Loaded mod bundle 'kspedia_mapui-burnindicator'
[LOG 11:30:00.819] AssetLoader: Loaded mod bundle 'kspedia_mapui-dvtoolsflight'
[LOG 11:30:00.819] AssetLoader: Loaded mod bundle 'kspedia_mapui-dvtoolsvab'
[LOG 11:30:00.820] AssetLoader: Loaded mod bundle 'kspedia_mapui-mannodes'
[LOG 11:30:00.820] AssetLoader: Loaded mod bundle 'kspedia_mapui-orbitnodes'
[LOG 11:30:00.820] AssetLoader: Loaded mod bundle 'kspedia_mapui-orbitnodes2'
[LOG 11:30:00.820] AssetLoader: Loaded mod bundle 'kspedia_mapui'
[LOG 11:30:00.821] AssetLoader: Loaded mod bundle 'kspedia_orbitalbasics-atmosphere'
[LOG 11:30:00.821] AssetLoader: Loaded mod bundle 'kspedia_orbitalbasics-gettingbackdown'
[LOG 11:30:00.821] AssetLoader: Loaded mod bundle 'kspedia_orbitalbasics-gettingupthere'
[LOG 11:30:00.821] AssetLoader: Loaded mod bundle 'kspedia_orbitalbasics-gravityturn'
[LOG 11:30:00.822] AssetLoader: Loaded mod bundle 'kspedia_orbitalbasics-orbits'
[LOG 11:30:00.822] AssetLoader: Loaded mod bundle 'kspedia_orbitalbasics-stayingupthere'
[LOG 11:30:00.822] AssetLoader: Loaded mod bundle 'kspedia_orbitalbasics'
[LOG 11:30:00.822] AssetLoader: Loaded mod bundle 'kspedia_orbitaldefinitions-appe'
[LOG 11:30:00.823] AssetLoader: Loaded mod bundle 'kspedia_orbitaldefinitions-dirandinc'
[LOG 11:30:00.823] AssetLoader: Loaded mod bundle 'kspedia_orbitaldefinitions-directions'
[LOG 11:30:00.823] AssetLoader: Loaded mod bundle 'kspedia_orbitaldefinitions-eccentricity'
[LOG 11:30:00.824] AssetLoader: Loaded mod bundle 'kspedia_orbitaldefinitions'
[LOG 11:30:00.824] AssetLoader: Loaded mod bundle 'kspedia_orbitalmaneuvers-adjustinginclination'
[LOG 11:30:00.824] AssetLoader: Loaded mod bundle 'kspedia_orbitalmaneuvers-deltav'
[LOG 11:30:00.824] AssetLoader: Loaded mod bundle 'kspedia_orbitalmaneuvers-efficiency'
[LOG 11:30:00.825] AssetLoader: Loaded mod bundle 'kspedia_orbitalmaneuvers-hohmanntransfer'
[LOG 11:30:00.825] AssetLoader: Loaded mod bundle 'kspedia_orbitalmaneuvers-hohmanntransfer2'
[LOG 11:30:00.825] AssetLoader: Loaded mod bundle 'kspedia_orbitalmaneuvers-orbittypes'
[LOG 11:30:00.825] AssetLoader: Loaded mod bundle 'kspedia_orbitalmaneuvers-radandantirad'
[LOG 11:30:00.826] AssetLoader: Loaded mod bundle 'kspedia_orbitalmaneuvers-shapingup'
[LOG 11:30:00.826] AssetLoader: Loaded mod bundle 'kspedia_orbitalmaneuvers'
[LOG 11:30:00.826] AssetLoader: Loaded mod bundle 'kspedia_planets-dres'
[LOG 11:30:00.827] AssetLoader: Loaded mod bundle 'kspedia_planets-duna'
[LOG 11:30:00.831] AssetLoader: Loaded mod bundle 'kspedia_planets-eeloo'
[LOG 11:30:00.831] AssetLoader: Loaded mod bundle 'kspedia_planets-eve'
[LOG 11:30:00.832] AssetLoader: Loaded mod bundle 'kspedia_planets-jool'
[LOG 11:30:00.832] AssetLoader: Loaded mod bundle 'kspedia_planets-kerbin'
[LOG 11:30:00.832] AssetLoader: Loaded mod bundle 'kspedia_planets-moho'
[LOG 11:30:00.832] AssetLoader: Loaded mod bundle 'kspedia_planets-sun'
[LOG 11:30:00.833] AssetLoader: Loaded mod bundle 'kspedia_planets-system'
[LOG 11:30:00.833] AssetLoader: Loaded mod bundle 'kspedia_resources-asteroidmining'
[LOG 11:30:00.833] AssetLoader: Loaded mod bundle 'kspedia_resources-conversionmanagement'
[LOG 11:30:00.833] AssetLoader: Loaded mod bundle 'kspedia_resources-drilling'
[LOG 11:30:00.834] AssetLoader: Loaded mod bundle 'kspedia_resources-findingit'
[LOG 11:30:00.834] AssetLoader: Loaded mod bundle 'kspedia_resources-findingit2'
[LOG 11:30:00.834] AssetLoader: Loaded mod bundle 'kspedia_resources-storageandconversion'
[LOG 11:30:00.834] AssetLoader: Loaded mod bundle 'kspedia_resources'
[LOG 11:30:00.835] AssetLoader: Loaded mod bundle 'kspedia_rocketry'
[LOG 11:30:00.835] AssetLoader: Loaded mod bundle 'kspedia_rocketryadvanced-fairings'
[LOG 11:30:00.835] AssetLoader: Loaded mod bundle 'kspedia_rocketryadvanced-girders'
[LOG 11:30:00.835] AssetLoader: Loaded mod bundle 'kspedia_rocketryadvanced'
[LOG 11:30:00.836] AssetLoader: Loaded mod bundle 'kspedia_rocketrybasics'
[LOG 11:30:00.836] AssetLoader: Loaded mod bundle 'kspedia_rocketrybasicsaero'
[LOG 11:30:00.836] AssetLoader: Loaded mod bundle 'kspedia_rocketrybasicscentered'
[LOG 11:30:00.836] AssetLoader: Loaded mod bundle 'kspedia_rocketrybasicschutes'
[LOG 11:30:00.837] AssetLoader: Loaded mod bundle 'kspedia_rocketrybasicscontrol'
[LOG 11:30:00.837] AssetLoader: Loaded mod bundle 'kspedia_rocketrybasicsecrecharging'
[LOG 11:30:00.837] AssetLoader: Loaded mod bundle 'kspedia_rocketrybasicsengines'
[LOG 11:30:00.838] AssetLoader: Loaded mod bundle 'kspedia_rocketrybasicsforces'
[LOG 11:30:00.838] AssetLoader: Loaded mod bundle 'kspedia_rocketrybasicshatchesandladders'
[LOG 11:30:00.838] AssetLoader: Loaded mod bundle 'kspedia_rocketrybasicshibernation'
[LOG 11:30:00.838] AssetLoader: Loaded mod bundle 'kspedia_rocketrybasicsresources'
[LOG 11:30:00.838] AssetLoader: Loaded mod bundle 'kspedia_rocketrybasicsservicecontainers'
[LOG 11:30:00.839] AssetLoader: Loaded mod bundle 'kspedia_rocketrybasicsstability'
[LOG 11:30:00.839] AssetLoader: Loaded mod bundle 'kspedia_rocketrybasicsstabilityassist'
[LOG 11:30:00.839] AssetLoader: Loaded mod bundle 'kspedia_rocketrybasicsstaging'
[LOG 11:30:00.840] AssetLoader: Loaded mod bundle 'kspedia_rocketrybasicssymmetry'
[LOG 11:30:00.840] AssetLoader: Loaded mod bundle 'kspedia_science'
[LOG 11:30:00.840] AssetLoader: Loaded mod bundle 'kspedia_sciencedata'
[LOG 11:30:00.840] AssetLoader: Loaded mod bundle 'kspedia_scienceexperiments'
[LOG 11:30:00.841] AssetLoader: Loaded mod bundle 'kspedia_sciencelab'
[LOG 11:30:00.841] AssetLoader: Loaded mod bundle 'kspedia_sciencetransmitted'
[LOG 11:30:00.841] AssetLoader: Loaded mod bundle 'kspedia_spacetravel'
[LOG 11:30:00.842] AssetLoader: Loaded mod bundle 'kspedia_variantswitcher'
[LOG 11:30:00.842] AssetLoader: Loaded mod bundle 'kspfonts'
[LOG 11:30:00.985] AssetLoader: Loaded bundle 'squadcore'
[LOG 11:30:00.986] AssetLoader: Loaded bundle 'squadcorefx'
[LOG 11:30:00.986] AssetLoader: Loaded mod bundle 'kspedia_builder'
[LOG 11:30:00.987] AssetLoader: Loaded mod bundle 'kspedia_buildertoolbar'
[LOG 11:30:00.987] AssetLoader: Loaded mod bundle 'kspedia_canvas'
[LOG 11:30:00.987] AssetLoader: Loaded mod bundle 'kspedia_exportingvalidation'
[LOG 11:30:00.987] AssetLoader: Loaded mod bundle 'kspedia_flight'
[LOG 11:30:00.988] AssetLoader: Loaded mod bundle 'kspedia_flightapp'
[LOG 11:30:00.988] AssetLoader: Loaded mod bundle 'kspedia_gap'
[LOG 11:30:00.988] AssetLoader: Loaded mod bundle 'kspedia_gaptools'
[LOG 11:30:00.988] AssetLoader: Loaded mod bundle 'kspedia_makinghistory'
[LOG 11:30:00.989] AssetLoader: Loaded mod bundle 'kspedia_missionbriefing'
[LOG 11:30:00.989] AssetLoader: Loaded mod bundle 'kspedia_nodedocking'
[LOG 11:30:00.989] AssetLoader: Loaded mod bundle 'kspedia_nodesconnectors'
[LOG 11:30:00.990] AssetLoader: Loaded mod bundle 'kspedia_sap'
[LOG 11:30:00.990] AssetLoader: Loaded mod bundle 'kspedia_sidebar'
[LOG 11:30:00.990] AssetLoader: Loaded mod bundle 'kspedia_testingcheckpoints'
[LOG 11:30:00.990] AssetLoader: Loaded bundle 'makinghistory'
[LOG 11:30:00.991] AssetLoader: Loaded mod bundle 'kspedia_bladecyclic-collective-behaviour'
[LOG 11:30:00.991] AssetLoader: Loaded mod bundle 'kspedia_bladecyclic-collective-controls'
[LOG 11:30:00.991] AssetLoader: Loaded mod bundle 'kspedia_deployedscience-experiments'
[LOG 11:30:00.991] AssetLoader: Loaded mod bundle 'kspedia_deployedscience'
[LOG 11:30:00.992] AssetLoader: Loaded mod bundle 'kspedia_grippads'
[LOG 11:30:00.992] AssetLoader: Loaded mod bundle 'kspedia_layindtracks'
[LOG 11:30:00.992] AssetLoader: Loaded mod bundle 'kspedia_propellers'
[LOG 11:30:00.993] AssetLoader: Loaded mod bundle 'kspedia_propellersaerodynamics'
[LOG 11:30:00.993] AssetLoader: Loaded mod bundle 'kspedia_roboticcontroller'
[LOG 11:30:00.993] AssetLoader: Loaded mod bundle 'kspedia_roboticparts'
[LOG 11:30:00.994] AssetLoader: Loaded mod bundle 'kspedia_surface features-overview'
[LOG 11:30:00.994] AssetLoader: Loaded mod bundle 'kspedia_surface features-roverarmdetails'
[LOG 11:30:00.994] AssetLoader: Loaded mod bundle 'kspedia_trackeditor'
[LOG 11:30:00.995] AssetLoader: Loaded mod bundle 'kspedia_trackeditortoolbar'
[LOG 11:30:00.995] AssetLoader: Loaded mod bundle 'serenity'
[LOG 11:30:00.996] AssetLoader: Finished loading. 226 bundle definitions loaded.
[LOG 11:30:00.996] Compiling Configs:
[LOG 11:30:00.996] Config(DRAG_TIP) /Physics/DRAG_TIP
[LOG 11:30:00.997] Config(DRAG_SURFACE) /Physics/DRAG_SURFACE
[LOG 11:30:00.997] Config(DRAG_TAIL) /Physics/DRAG_TAIL
[LOG 11:30:00.997] Config(DRAG_MULTIPLIER) /Physics/DRAG_MULTIPLIER
[LOG 11:30:00.997] Config(DRAG_CD) /Physics/DRAG_CD
[LOG 11:30:00.997] Config(DRAG_CD_POWER) /Physics/DRAG_CD_POWER
[LOG 11:30:00.997] Config(DRAG_PSEUDOREYNOLDS) /Physics/DRAG_PSEUDOREYNOLDS
[LOG 11:30:00.997] Config(LIFTING_SURFACE_CURVES) /Physics/LIFTING_SURFACE_CURVES
[LOG 11:30:00.997] Config(VesselRanges) /Physics/VesselRanges
[LOG 11:30:00.997] Config(KSP_COMMUNITY_FIXES) KSPCommunityFixes/Settings/KSP_COMMUNITY_FIXES
[LOG 11:30:00.997] Config(Localization) KSPCommunityFixes/Localization/en-us/Localization
[LOG 11:30:00.997] Config(Localization) KSPCommunityFixes/Localization/fr-fr/Localization
[LOG 11:30:00.997] Config(Localization) KSPCommunityFixes/Localization/ru/Localization
[LOG 11:30:00.997] Config(Localization) KSPCommunityFixes/Localization/zh-cn/Localization
[LOG 11:30:00.997] Config(@PART[*]:HAS[@MODULE[ModuleDockingNodeFixed]]:NEEDS[FixDockingNodes]:FINAL) KSPCommunityFixes/MMPatches/ModSupport/FixDockingNodes/@PART[*]:HAS[@MODULE[ModuleDockingNodeFixed]]:NEEDS[FixDockingNodes]:FINAL
[LOG 11:30:00.997] Config(@PART[*]:HAS[@MODULE[Refunding]]:LAST[999_KSP-Recall]) KSPCommunityFixes/MMPatches/ModSupport/KSPRecall/@PART[*]:HAS[@MODULE[Refunding]]:LAST[999_KSP-Recall]
[LOG 11:30:00.997] Config(@PART[*]:HAS[#hasRefundingOnRecovery[?rue]]:LAST[999_KSP-Recall]) KSPCommunityFixes/MMPatches/ModSupport/KSPRecall/@PART[*]:HAS[#hasRefundingOnRecovery[?rue]]:LAST[999_KSP-Recall]
[LOG 11:30:00.997] Config(@PART[*]:HAS[#hasRefundingOnRecovery]:LAST[999_KSP-Recall]) KSPCommunityFixes/MMPatches/ModSupport/KSPRecall/@PART[*]:HAS[#hasRefundingOnRecovery]:LAST[999_KSP-Recall]
[LOG 11:30:00.997] Config(@KSP-Recall:LAST[999_KSP-Recall]) KSPCommunityFixes/MMPatches/ModSupport/KSPRecall/@KSP-Recall:LAST[999_KSP-Recall]
[LOG 11:30:00.997] Config(@KSP-Recall:HAS[#hasRefundingOnRecovery[?rue]]:LAST[999_KSP-Recall]) KSPCommunityFixes/MMPatches/ModSupport/KSPRecall/@KSP-Recall:HAS[#hasRefundingOnRecovery[?rue]]:LAST[999_KSP-Recall]
[LOG 11:30:00.997] Config(@KSP-Recall:HAS[#hasRefundingOnRecovery]:LAST[999_KSP-Recall]) KSPCommunityFixes/MMPatches/ModSupport/KSPRecall/@KSP-Recall:HAS[#hasRefundingOnRecovery]:LAST[999_KSP-Recall]
[LOG 11:30:00.997] Config(@KSP_COMMUNITY_FIXES:NEEDS[AttachedOnEditor]) KSPCommunityFixes/MMPatches/ModSupport/KSPRecall/@KSP_COMMUNITY_FIXES:NEEDS[AttachedOnEditor]
[LOG 11:30:00.997] Config(@KSP_COMMUNITY_FIXES:NEEDS[UniversalStorage2]) KSPCommunityFixes/MMPatches/ModSupport/UniversalStorage/@KSP_COMMUNITY_FIXES:NEEDS[UniversalStorage2]
[LOG 11:30:00.997] Config(@PART[telescopicLadderBay]:FIRST) KSPCommunityFixes/MMPatches/StockTweaks/LadderToggleableLight/@PART[telescopicLadderBay]:FIRST
[LOG 11:30:00.998] Config(@PART[telescopicLadderBay]:HAS[#LadderToggleableLight[?rue]]:FIRST) KSPCommunityFixes/MMPatches/StockTweaks/LadderToggleableLight/@PART[telescopicLadderBay]:HAS[#LadderToggleableLight[?rue]]:FIRST
[LOG 11:30:00.998] Config(@PART[telescopicLadderBay]:HAS[#LadderToggleableLight]:FIRST) KSPCommunityFixes/MMPatches/StockTweaks/LadderToggleableLight/@PART[telescopicLadderBay]:HAS[#LadderToggleableLight]:FIRST
[LOG 11:30:00.998] Config(@PART[GearSmall]:FIRST) KSPCommunityFixes/MMPatches/StockTweaks/LandingGearLights/@PART[GearSmall]:FIRST
[LOG 11:30:00.998] Config(@PART[SmallGearBay]:FIRST) KSPCommunityFixes/MMPatches/StockTweaks/LandingGearLights/@PART[SmallGearBay]:FIRST
[LOG 11:30:00.998] Config(@PART[sasModule]:FOR[KSPCommunityFixes]) KSPCommunityFixes/MMPatches/StockTweaks/ManufacturerFixes/@PART[sasModule]:FOR[KSPCommunityFixes]
[LOG 11:30:00.998] Config(@PART[xenonTankRadial]:FOR[KSPCommunityFixes]) KSPCommunityFixes/MMPatches/StockTweaks/ManufacturerFixes/@PART[xenonTankRadial]:FOR[KSPCommunityFixes]
[LOG 11:30:00.998] Config(@PART[winglet|fireworksLauncherSmall|fireworksLauncherBig]:FOR[KSPCommunityFixes]) KSPCommunityFixes/MMPatches/StockTweaks/ManufacturerFixes/@PART[winglet|fireworksLauncherSmall|fireworksLauncherBig]:FOR[KSPCommunityFixes]
[LOG 11:30:00.998] Config(@PART[solidBooster_sm_v2|solidBooster_v2]:FOR[KSPCommunityFixes]) KSPCommunityFixes/MMPatches/StockTweaks/ManufacturerFixes/@PART[solidBooster_sm_v2|solidBooster_v2]:FOR[KSPCommunityFixes]
[LOG 11:30:00.998] Config(@PART[ServiceBay_125_v2|ServiceBay_250_v2]:FOR[KSPCommunityFixes]) KSPCommunityFixes/MMPatches/StockTweaks/ManufacturerFixes/@PART[ServiceBay_125_v2|ServiceBay_250_v2]:FOR[KSPCommunityFixes]
[LOG 11:30:00.998] Config(@PART[externalTankCapsule]:FOR[KSPCommunityFixes]) KSPCommunityFixes/MMPatches/StockTweaks/ManufacturerFixes/@PART[externalTankCapsule]:FOR[KSPCommunityFixes]
[LOG 11:30:00.998] Config(@PART[RCSFuelTank|rcsTankMini|RCSTank1-2]:FOR[KSPCommunityFixes]) KSPCommunityFixes/MMPatches/StockTweaks/ManufacturerFixes/@PART[RCSFuelTank|rcsTankMini|RCSTank1-2]:FOR[KSPCommunityFixes]
[LOG 11:30:00.998] Config(@PART[landerCabinSmall]:FOR[KSPCommunityFixes]) KSPCommunityFixes/MMPatches/StockTweaks/ManufacturerFixes/@PART[landerCabinSmall]:FOR[KSPCommunityFixes]
[LOG 11:30:00.998] Config(@PART[dockingPortLateral]:FOR[KSPCommunityFixes]) KSPCommunityFixes/MMPatches/StockTweaks/ManufacturerFixes/@PART[dockingPortLateral]:FOR[KSPCommunityFixes]
[LOG 11:30:00.998] Config(@PART[EnginePlate4]:FOR[KSPCommunityFixes]:NEEDS[SquadExpansion/MakingHistory]) KSPCommunityFixes/MMPatches/StockTweaks/ManufacturerFixes/@PART[EnginePlate4]:FOR[KSPCommunityFixes]:NEEDS[SquadExpansion/MakingHistory]
[LOG 11:30:00.998] Config(@PART[Mk2Pod]:FOR[KSPCommunityFixes]:NEEDS[SquadExpansion/MakingHistory]) KSPCommunityFixes/MMPatches/StockTweaks/ManufacturerFixes/@PART[Mk2Pod]:FOR[KSPCommunityFixes]:NEEDS[SquadExpansion/MakingHistory]
[LOG 11:30:00.998] Config(@PART[evaChute|parachuteSingle|parachuteRadial|radialDrogue|parachuteLarge|parachuteDrogue]:FOR[KSPCommunityFixes]) KSPCommunityFixes/MMPatches/StockTweaks/ManufacturerFixes/@PART[evaChute|parachuteSingle|parachuteRadial|radialDrogue|parachuteLarge|parachuteDrogue]:FOR[KSPCommunityFixes]
[LOG 11:30:00.998] Config(@PART[stackPoint1|dockingPort1|dockingPort2|dockingPort3|dockingPortLarge]:FOR[KSPCommunityFixes]) KSPCommunityFixes/MMPatches/StockTweaks/ManufacturerFixes/@PART[stackPoint1|dockingPort1|dockingPort2|dockingPort3|dockingPortLarge]:FOR[KSPCommunityFixes]
[LOG 11:30:00.998] Config(AGENT) KSPCommunityFixes/MMPatches/StockTweaks/ManufacturerFixes/Clamp-O-Tron
[LOG 11:30:00.998] Config(AGENT) KSPCommunityFixes/MMPatches/StockTweaks/ManufacturerFixes/FreeFall Parachutes
[LOG 11:30:00.998] Config(AGENT) KSPCommunityFixes/MMPatches/StockTweaks/ManufacturerFixes/LightYear Tire Company
[LOG 11:30:00.998] Config(AGENT) KSPCommunityFixes/MMPatches/StockTweaks/ManufacturerFixes/Stratus Corporation
[LOG 11:30:00.998] Config(Localization) KSPCommunityFixes/MMPatches/StockTweaks/ManufacturerFixes/Localization
[LOG 11:30:00.998] Config(AGENT) Squad/Agencies/Agents/C7 Aerospace Division
[LOG 11:30:00.998] Config(AGENT) Squad/Agencies/Agents/Dinkelstein Kerman's Construction Emporium
[LOG 11:30:00.998] Config(AGENT) Squad/Agencies/Agents/Experimental Engineering Group
[LOG 11:30:00.998] Config(AGENT) Squad/Agencies/Agents/FLOOYD Dynamics Research Labs
[LOG 11:30:00.998] Config(AGENT) Squad/Agencies/Agents/Goliath National Products
[LOG 11:30:00.998] Config(AGENT) Squad/Agencies/Agents/Integrated Integrals
[LOG 11:30:00.999] Config(AGENT) Squad/Agencies/Agents/Ionic Symphonic Protonic Electronics
[LOG 11:30:00.999] Config(AGENT) Squad/Agencies/Agents/Jebediah Kerman's Junkyard and Spacecraft Parts Co
[LOG 11:30:00.999] Config(AGENT) Squad/Agencies/Agents/Kerbal Motion LLC
[LOG 11:30:00.999] Config(AGENT) Squad/Agencies/Agents/Kerbin World-Firsts Record-Keeping Society
[LOG 11:30:00.999] Config(AGENT) Squad/Agencies/Agents/Kerbodyne
[LOG 11:30:00.999] Config(AGENT) Squad/Agencies/Agents/Kerlington Model Rockets and Paper Products Inc
[LOG 11:30:00.999] Config(AGENT) Squad/Agencies/Agents/Maxo Construction Toys
[LOG 11:30:00.999] Config(AGENT) Squad/Agencies/Agents/Moving Parts Experts Group
[LOG 11:30:00.999] Config(AGENT) Squad/Agencies/Agents/O.M.B. Demolition Enterprises
[LOG 11:30:00.999] Config(AGENT) Squad/Agencies/Agents/Periapsis Rocket Supplies Co
[LOG 11:30:00.999] Config(AGENT) Squad/Agencies/Agents/Probodobodyne Inc
[LOG 11:30:00.999] Config(AGENT) Squad/Agencies/Agents/Research & Development Department
[LOG 11:30:00.999] Config(AGENT) Squad/Agencies/Agents/Reaction Systems Ltd
[LOG 11:30:00.999] Config(AGENT) Squad/Agencies/Agents/Rockomax Conglomerate
[LOG 11:30:00.999] Config(AGENT) Squad/Agencies/Agents/Rokea Inc
[LOG 11:30:00.999] Config(AGENT) Squad/Agencies/Agents/Sean's Cannery
[LOG 11:30:00.999] Config(AGENT) Squad/Agencies/Agents/STEADLER Engineering Corps
[LOG 11:30:00.999] Config(AGENT) Squad/Agencies/Agents/StrutCo
[LOG 11:30:00.999] Config(AGENT) Squad/Agencies/Agents/Vac-Co Advanced Suction Systems
[LOG 11:30:00.999] Config(AGENT) Squad/Agencies/Agents/WinterOwl Aircraft Emporium
[LOG 11:30:00.999] Config(AGENT) Squad/Agencies/Agents/Zaltonic Electronics
[LOG 11:30:00.999] Config(CONTRACT_CONSTRUCTION_PARTS) Squad/Contracts/constructionContractParts/CONTRACT_CONSTRUCTION_PARTS
[LOG 11:30:00.999] Config(Contracts) Squad/Contracts/Contracts/Contracts
[LOG 11:30:00.999] Config(CONTRACTCRAFT) Squad/Contracts/PrebuiltCraft/prebuiltData/CONTRACTCRAFT
[LOG 11:30:00.999] Config(CONTRACTCRAFT) Squad/Contracts/PrebuiltCraft/OrbitalConstructionContract/orbitalConstructionContractCraft/CONTRACTCRAFT
[LOG 11:30:00.999] Config(CONTRACTCRAFT) Squad/Contracts/PrebuiltCraft/RepairContract/repairContractCraft/CONTRACTCRAFT
[LOG 11:30:00.999] Config(CONTRACTCRAFT) Squad/Contracts/PrebuiltCraft/RoverContract/roverContractCraft/CONTRACTCRAFT
[LOG 11:30:01.000] Config(KEYBOARD_LAYOUT) Squad/Controls/Azerty/#autoLOC_6001233
[LOG 11:30:01.000] Config(PITCH_DOWN) Squad/Controls/Azerty/PITCH_DOWN
[LOG 11:30:01.000] Config(PITCH_UP) Squad/Controls/Azerty/PITCH_UP
[LOG 11:30:01.000] Config(YAW_LEFT) Squad/Controls/Azerty/YAW_LEFT
[LOG 11:30:01.000] Config(YAW_RIGHT) Squad/Controls/Azerty/YAW_RIGHT
[LOG 11:30:01.000] Config(ROLL_LEFT) Squad/Controls/Azerty/ROLL_LEFT
[LOG 11:30:01.000] Config(ROLL_RIGHT) Squad/Controls/Azerty/ROLL_RIGHT
[LOG 11:30:01.000] Config(THROTTLE_UP) Squad/Controls/Azerty/THROTTLE_UP
[LOG 11:30:01.000] Config(THROTTLE_DOWN) Squad/Controls/Azerty/THROTTLE_DOWN
[LOG 11:30:01.000] Config(SAS_HOLD) Squad/Controls/Azerty/SAS_HOLD
[LOG 11:30:01.000] Config(SAS_TOGGLE) Squad/Controls/Azerty/SAS_TOGGLE
[LOG 11:30:01.000] Config(LAUNCH_STAGES) Squad/Controls/Azerty/LAUNCH_STAGES
[LOG 11:30:01.000] Config(Docking_toggleRotLin) Squad/Controls/Azerty/Docking_toggleRotLin
[LOG 11:30:01.000] Config(CAMERA_MODE) Squad/Controls/Azerty/CAMERA_MODE
[LOG 11:30:01.000] Config(CAMERA_NEXT) Squad/Controls/Azerty/CAMERA_NEXT
[LOG 11:30:01.000] Config(PAUSE) Squad/Controls/Azerty/PAUSE
[LOG 11:30:01.000] Config(PRECISION_CTRL) Squad/Controls/Azerty/PRECISION_CTRL
[LOG 11:30:01.000] Config(ZOOM_IN) Squad/Controls/Azerty/ZOOM_IN
[LOG 11:30:01.000] Config(ZOOM_OUT) Squad/Controls/Azerty/ZOOM_OUT
[LOG 11:30:01.000] Config(SCROLL_VIEW_UP) Squad/Controls/Azerty/SCROLL_VIEW_UP
[LOG 11:30:01.000] Config(SCROLL_VIEW_DOWN) Squad/Controls/Azerty/SCROLL_VIEW_DOWN
[LOG 11:30:01.000] Config(SCROLL_ICONS_UP) Squad/Controls/Azerty/SCROLL_ICONS_UP
[LOG 11:30:01.000] Config(SCROLL_ICONS_DOWN) Squad/Controls/Azerty/SCROLL_ICONS_DOWN
[LOG 11:30:01.000] Config(CAMERA_ORBIT_UP) Squad/Controls/Azerty/CAMERA_ORBIT_UP
[LOG 11:30:01.000] Config(CAMERA_ORBIT_DOWN) Squad/Controls/Azerty/CAMERA_ORBIT_DOWN
[LOG 11:30:01.000] Config(CAMERA_ORBIT_LEFT) Squad/Controls/Azerty/CAMERA_ORBIT_LEFT
[LOG 11:30:01.000] Config(CAMERA_ORBIT_RIGHT) Squad/Controls/Azerty/CAMERA_ORBIT_RIGHT
[LOG 11:30:01.000] Config(CAMERA_RESET) Squad/Controls/Azerty/CAMERA_RESET
[LOG 11:30:01.000] Config(CAMERA_MOUSE_TOGGLE) Squad/Controls/Azerty/CAMERA_MOUSE_TOGGLE
[LOG 11:30:01.001] Config(TIME_WARP_INCREASE) Squad/Controls/Azerty/TIME_WARP_INCREASE
[LOG 11:30:01.001] Config(TIME_WARP_DECREASE) Squad/Controls/Azerty/TIME_WARP_DECREASE
[LOG 11:30:01.001] Config(TIME_WARP_STOP) Squad/Controls/Azerty/TIME_WARP_STOP
[LOG 11:30:01.001] Config(MAP_VIEW_TOGGLE) Squad/Controls/Azerty/MAP_VIEW_TOGGLE
[LOG 11:30:01.001] Config(NAVBALL_TOGGLE) Squad/Controls/Azerty/NAVBALL_TOGGLE
[LOG 11:30:01.001] Config(UIMODE_STAGING) Squad/Controls/Azerty/UIMODE_STAGING
[LOG 11:30:01.001] Config(UIMODE_DOCKING) Squad/Controls/Azerty/UIMODE_DOCKING
[LOG 11:30:01.001] Config(TRANSLATE_DOWN) Squad/Controls/Azerty/TRANSLATE_DOWN
[LOG 11:30:01.001] Config(TRANSLATE_UP) Squad/Controls/Azerty/TRANSLATE_UP
[LOG 11:30:01.001] Config(TRANSLATE_LEFT) Squad/Controls/Azerty/TRANSLATE_LEFT
[LOG 11:30:01.001] Config(TRANSLATE_RIGHT) Squad/Controls/Azerty/TRANSLATE_RIGHT
[LOG 11:30:01.001] Config(TRANSLATE_FWD) Squad/Controls/Azerty/TRANSLATE_FWD
[LOG 11:30:01.001] Config(TRANSLATE_BACK) Squad/Controls/Azerty/TRANSLATE_BACK
[LOG 11:30:01.001] Config(RCS_TOGGLE) Squad/Controls/Azerty/RCS_TOGGLE
[LOG 11:30:01.001] Config(FOCUS_NEXT_VESSEL) Squad/Controls/Azerty/FOCUS_NEXT_VESSEL
[LOG 11:30:01.001] Config(FOCUS_PREV_VESSEL) Squad/Controls/Azerty/FOCUS_PREV_VESSEL
[LOG 11:30:01.001] Config(TOGGLE_UI) Squad/Controls/Azerty/TOGGLE_UI
[LOG 11:30:01.001] Config(TOGGLE_STATUS_SCREEN) Squad/Controls/Azerty/TOGGLE_STATUS_SCREEN
[LOG 11:30:01.001] Config(TAKE_SCREENSHOT) Squad/Controls/Azerty/TAKE_SCREENSHOT
[LOG 11:30:01.001] Config(TOGGLE_LABELS) Squad/Controls/Azerty/TOGGLE_LABELS
[LOG 11:30:01.001] Config(TOGGLE_TEMP_GAUGES) Squad/Controls/Azerty/TOGGLE_TEMP_GAUGES
[LOG 11:30:01.001] Config(TOGGLE_TEMP_OVERLAY) Squad/Controls/Azerty/TOGGLE_TEMP_OVERLAY
[LOG 11:30:01.001] Config(TOGGLE_FLIGHT_FORCES) Squad/Controls/Azerty/TOGGLE_FLIGHT_FORCES
[LOG 11:30:01.001] Config(QUICKSAVE) Squad/Controls/Azerty/QUICKSAVE
[LOG 11:30:01.001] Config(QUICKLOAD) Squad/Controls/Azerty/QUICKLOAD
[LOG 11:30:01.001] Config(THROTTLE_CUTOFF) Squad/Controls/Azerty/THROTTLE_CUTOFF
[LOG 11:30:01.001] Config(THROTTLE_FULL) Squad/Controls/Azerty/THROTTLE_FULL
[LOG 11:30:01.001] Config(LANDING_GEAR) Squad/Controls/Azerty/LANDING_GEAR
[LOG 11:30:01.001] Config(HEADLIGHT_TOGGLE) Squad/Controls/Azerty/HEADLIGHT_TOGGLE
[LOG 11:30:01.001] Config(BRAKES) Squad/Controls/Azerty/BRAKES
[LOG 11:30:01.002] Config(TOGGLE_SPACENAV_FLIGHT_CONTROL) Squad/Controls/Azerty/TOGGLE_SPACENAV_FLIGHT_CONTROL
[LOG 11:30:01.002] Config(TOGGLE_SPACENAV_ROLL_LOCK) Squad/Controls/Azerty/TOGGLE_SPACENAV_ROLL_LOCK
[LOG 11:30:01.002] Config(WHEEL_STEER_LEFT) Squad/Controls/Azerty/WHEEL_STEER_LEFT
[LOG 11:30:01.002] Config(WHEEL_STEER_RIGHT) Squad/Controls/Azerty/WHEEL_STEER_RIGHT
[LOG 11:30:01.002] Config(WHEEL_THROTTLE_DOWN) Squad/Controls/Azerty/WHEEL_THROTTLE_DOWN
[LOG 11:30:01.002] Config(WHEEL_THROTTLE_UP) Squad/Controls/Azerty/WHEEL_THROTTLE_UP
[LOG 11:30:01.002] Config(EVA_forward) Squad/Controls/Azerty/EVA_forward
[LOG 11:30:01.002] Config(EVA_back) Squad/Controls/Azerty/EVA_back
[LOG 11:30:01.002] Config(EVA_left) Squad/Controls/Azerty/EVA_left
[LOG 11:30:01.002] Config(EVA_right) Squad/Controls/Azerty/EVA_right
[LOG 11:30:01.002] Config(EVA_yaw_left) Squad/Controls/Azerty/EVA_yaw_left
[LOG 11:30:01.002] Config(EVA_yaw_right) Squad/Controls/Azerty/EVA_yaw_right
[LOG 11:30:01.002] Config(EVA_Pack_forward) Squad/Controls/Azerty/EVA_Pack_forward
[LOG 11:30:01.002] Config(EVA_Pack_back) Squad/Controls/Azerty/EVA_Pack_back
[LOG 11:30:01.002] Config(EVA_Pack_left) Squad/Controls/Azerty/EVA_Pack_left
[LOG 11:30:01.002] Config(EVA_Pack_right) Squad/Controls/Azerty/EVA_Pack_right
[LOG 11:30:01.002] Config(EVA_Pack_up) Squad/Controls/Azerty/EVA_Pack_up
[LOG 11:30:01.002] Config(EVA_Pack_down) Squad/Controls/Azerty/EVA_Pack_down
[LOG 11:30:01.002] Config(EVA_Jump) Squad/Controls/Azerty/EVA_Jump
[LOG 11:30:01.002] Config(EVA_Run) Squad/Controls/Azerty/EVA_Run
[LOG 11:30:01.002] Config(EVA_ToggleMovementMode) Squad/Controls/Azerty/EVA_ToggleMovementMode
[LOG 11:30:01.002] Config(EVA_TogglePack) Squad/Controls/Azerty/EVA_TogglePack
[LOG 11:30:01.002] Config(EVA_Use) Squad/Controls/Azerty/EVA_Use
[LOG 11:30:01.002] Config(EVA_Board) Squad/Controls/Azerty/EVA_Board
[LOG 11:30:01.002] Config(EVA_Orient) Squad/Controls/Azerty/EVA_Orient
[LOG 11:30:01.002] Config(EVA_Lights) Squad/Controls/Azerty/EVA_Lights
[LOG 11:30:01.002] Config(EVA_ChuteDeploy) Squad/Controls/Azerty/EVA_ChuteDeploy
[LOG 11:30:01.002] Config(Editor_pitchUp) Squad/Controls/Azerty/Editor_pitchUp
[LOG 11:30:01.003] Config(Editor_pitchDown) Squad/Controls/Azerty/Editor_pitchDown
[LOG 11:30:01.003] Config(Editor_yawLeft) Squad/Controls/Azerty/Editor_yawLeft
[LOG 11:30:01.003] Config(Editor_yawRight) Squad/Controls/Azerty/Editor_yawRight
[LOG 11:30:01.003] Config(Editor_rollLeft) Squad/Controls/Azerty/Editor_rollLeft
[LOG 11:30:01.003] Config(Editor_rollRight) Squad/Controls/Azerty/Editor_rollRight
[LOG 11:30:01.003] Config(Editor_resetRotation) Squad/Controls/Azerty/Editor_resetRotation
[LOG 11:30:01.003] Config(Editor_modePlace) Squad/Controls/Azerty/Editor_modePlace
[LOG 11:30:01.003] Config(Editor_modeOffset) Squad/Controls/Azerty/Editor_modeOffset
[LOG 11:30:01.003] Config(Editor_modeRotate) Squad/Controls/Azerty/Editor_modeRotate
[LOG 11:30:01.003] Config(Editor_modeRoot) Squad/Controls/Azerty/Editor_modeRoot
[LOG 11:30:01.003] Config(Editor_coordSystem) Squad/Controls/Azerty/Editor_coordSystem
[LOG 11:30:01.003] Config(Editor_toggleSymMethod) Squad/Controls/Azerty/Editor_toggleSymMethod
[LOG 11:30:01.003] Config(Editor_toggleSymMode) Squad/Controls/Azerty/Editor_toggleSymMode
[LOG 11:30:01.003] Config(Editor_toggleAngleSnap) Squad/Controls/Azerty/Editor_toggleAngleSnap
[LOG 11:30:01.003] Config(Editor_fineTweak) Squad/Controls/Azerty/Editor_fineTweak
[LOG 11:30:01.003] Config(Editor_partSearch) Squad/Controls/Azerty/Editor_partSearch
[LOG 11:30:01.003] Config(Editor_zoomScrollModifier) Squad/Controls/Azerty/Editor_zoomScrollModifier
[LOG 11:30:01.003] Config(MODIFIER_KEY) Squad/Controls/Azerty/MODIFIER_KEY
[LOG 11:30:01.003] Config(AbortActionGroup) Squad/Controls/Azerty/AbortActionGroup
[LOG 11:30:01.003] Config(CustomActionGroup1) Squad/Controls/Azerty/CustomActionGroup1
[LOG 11:30:01.003] Config(CustomActionGroup2) Squad/Controls/Azerty/CustomActionGroup2
[LOG 11:30:01.003] Config(CustomActionGroup3) Squad/Controls/Azerty/CustomActionGroup3
[LOG 11:30:01.003] Config(CustomActionGroup4) Squad/Controls/Azerty/CustomActionGroup4
[LOG 11:30:01.003] Config(CustomActionGroup5) Squad/Controls/Azerty/CustomActionGroup5
[LOG 11:30:01.003] Config(CustomActionGroup6) Squad/Controls/Azerty/CustomActionGroup6
[LOG 11:30:01.003] Config(CustomActionGroup7) Squad/Controls/Azerty/CustomActionGroup7
[LOG 11:30:01.003] Config(CustomActionGroup8) Squad/Controls/Azerty/CustomActionGroup8
[LOG 11:30:01.003] Config(CustomActionGroup9) Squad/Controls/Azerty/CustomActionGroup9
[LOG 11:30:01.003] Config(CustomActionGroup10) Squad/Controls/Azerty/CustomActionGroup10
[LOG 11:30:01.003] Config(KEY_MAP) Squad/Controls/Azerty/KEY_MAP
[LOG 11:30:01.003] Config(KEYBOARD_LAYOUT) Squad/Controls/Dvorak/#autoLOC_6001234
[LOG 11:30:01.004] Config(PITCH_DOWN) Squad/Controls/Dvorak/PITCH_DOWN
[LOG 11:30:01.004] Config(PITCH_UP) Squad/Controls/Dvorak/PITCH_UP
[LOG 11:30:01.004] Config(YAW_LEFT) Squad/Controls/Dvorak/YAW_LEFT
[LOG 11:30:01.004] Config(YAW_RIGHT) Squad/Controls/Dvorak/YAW_RIGHT
[LOG 11:30:01.004] Config(ROLL_LEFT) Squad/Controls/Dvorak/ROLL_LEFT
[LOG 11:30:01.004] Config(ROLL_RIGHT) Squad/Controls/Dvorak/ROLL_RIGHT
[LOG 11:30:01.004] Config(THROTTLE_UP) Squad/Controls/Dvorak/THROTTLE_UP
[LOG 11:30:01.004] Config(THROTTLE_DOWN) Squad/Controls/Dvorak/THROTTLE_DOWN
[LOG 11:30:01.004] Config(SAS_HOLD) Squad/Controls/Dvorak/SAS_HOLD
[LOG 11:30:01.004] Config(SAS_TOGGLE) Squad/Controls/Dvorak/SAS_TOGGLE
[LOG 11:30:01.004] Config(LAUNCH_STAGES) Squad/Controls/Dvorak/LAUNCH_STAGES
[LOG 11:30:01.004] Config(Docking_toggleRotLin) Squad/Controls/Dvorak/Docking_toggleRotLin
[LOG 11:30:01.004] Config(CAMERA_MODE) Squad/Controls/Dvorak/CAMERA_MODE
[LOG 11:30:01.004] Config(CAMERA_NEXT) Squad/Controls/Dvorak/CAMERA_NEXT
[LOG 11:30:01.004] Config(PAUSE) Squad/Controls/Dvorak/PAUSE
[LOG 11:30:01.004] Config(PRECISION_CTRL) Squad/Controls/Dvorak/PRECISION_CTRL
[LOG 11:30:01.004] Config(ZOOM_IN) Squad/Controls/Dvorak/ZOOM_IN
[LOG 11:30:01.004] Config(ZOOM_OUT) Squad/Controls/Dvorak/ZOOM_OUT
[LOG 11:30:01.004] Config(SCROLL_VIEW_UP) Squad/Controls/Dvorak/SCROLL_VIEW_UP
[LOG 11:30:01.004] Config(SCROLL_VIEW_DOWN) Squad/Controls/Dvorak/SCROLL_VIEW_DOWN
[LOG 11:30:01.004] Config(SCROLL_ICONS_UP) Squad/Controls/Dvorak/SCROLL_ICONS_UP
[LOG 11:30:01.004] Config(SCROLL_ICONS_DOWN) Squad/Controls/Dvorak/SCROLL_ICONS_DOWN
[LOG 11:30:01.004] Config(CAMERA_ORBIT_UP) Squad/Controls/Dvorak/CAMERA_ORBIT_UP
[LOG 11:30:01.004] Config(CAMERA_ORBIT_DOWN) Squad/Controls/Dvorak/CAMERA_ORBIT_DOWN
[LOG 11:30:01.004] Config(CAMERA_ORBIT_LEFT) Squad/Controls/Dvorak/CAMERA_ORBIT_LEFT
[LOG 11:30:01.004] Config(CAMERA_ORBIT_RIGHT) Squad/Controls/Dvorak/CAMERA_ORBIT_RIGHT
[LOG 11:30:01.004] Config(CAMERA_RESET) Squad/Controls/Dvorak/CAMERA_RESET
[LOG 11:30:01.004] Config(CAMERA_MOUSE_TOGGLE) Squad/Controls/Dvorak/CAMERA_MOUSE_TOGGLE
[LOG 11:30:01.004] Config(TIME_WARP_INCREASE) Squad/Controls/Dvorak/TIME_WARP_INCREASE
[LOG 11:30:01.005] Config(TIME_WARP_DECREASE) Squad/Controls/Dvorak/TIME_WARP_DECREASE
[LOG 11:30:01.005] Config(TIME_WARP_STOP) Squad/Controls/Dvorak/TIME_WARP_STOP
[LOG 11:30:01.005] Config(MAP_VIEW_TOGGLE) Squad/Controls/Dvorak/MAP_VIEW_TOGGLE
[LOG 11:30:01.005] Config(NAVBALL_TOGGLE) Squad/Controls/Dvorak/NAVBALL_TOGGLE
[LOG 11:30:01.005] Config(UIMODE_STAGING) Squad/Controls/Dvorak/UIMODE_STAGING
[LOG 11:30:01.005] Config(UIMODE_DOCKING) Squad/Controls/Dvorak/UIMODE_DOCKING
[LOG 11:30:01.005] Config(TRANSLATE_DOWN) Squad/Controls/Dvorak/TRANSLATE_DOWN
[LOG 11:30:01.005] Config(TRANSLATE_UP) Squad/Controls/Dvorak/TRANSLATE_UP
[LOG 11:30:01.005] Config(TRANSLATE_LEFT) Squad/Controls/Dvorak/TRANSLATE_LEFT
[LOG 11:30:01.005] Config(TRANSLATE_RIGHT) Squad/Controls/Dvorak/TRANSLATE_RIGHT
[LOG 11:30:01.005] Config(TRANSLATE_FWD) Squad/Controls/Dvorak/TRANSLATE_FWD
[LOG 11:30:01.005] Config(TRANSLATE_BACK) Squad/Controls/Dvorak/TRANSLATE_BACK
[LOG 11:30:01.005] Config(RCS_TOGGLE) Squad/Controls/Dvorak/RCS_TOGGLE
[LOG 11:30:01.005] Config(FOCUS_NEXT_VESSEL) Squad/Controls/Dvorak/FOCUS_NEXT_VESSEL
[LOG 11:30:01.005] Config(FOCUS_PREV_VESSEL) Squad/Controls/Dvorak/FOCUS_PREV_VESSEL
[LOG 11:30:01.005] Config(TOGGLE_UI) Squad/Controls/Dvorak/TOGGLE_UI
[LOG 11:30:01.005] Config(TOGGLE_STATUS_SCREEN) Squad/Controls/Dvorak/TOGGLE_STATUS_SCREEN
[LOG 11:30:01.005] Config(TAKE_SCREENSHOT) Squad/Controls/Dvorak/TAKE_SCREENSHOT
[LOG 11:30:01.005] Config(TOGGLE_LABELS) Squad/Controls/Dvorak/TOGGLE_LABELS
[LOG 11:30:01.005] Config(TOGGLE_TEMP_GAUGES) Squad/Controls/Dvorak/TOGGLE_TEMP_GAUGES
[LOG 11:30:01.005] Config(TOGGLE_TEMP_OVERLAY) Squad/Controls/Dvorak/TOGGLE_TEMP_OVERLAY
[LOG 11:30:01.005] Config(TOGGLE_FLIGHT_FORCES) Squad/Controls/Dvorak/TOGGLE_FLIGHT_FORCES
[LOG 11:30:01.005] Config(QUICKSAVE) Squad/Controls/Dvorak/QUICKSAVE
[LOG 11:30:01.005] Config(QUICKLOAD) Squad/Controls/Dvorak/QUICKLOAD
[LOG 11:30:01.005] Config(THROTTLE_CUTOFF) Squad/Controls/Dvorak/THROTTLE_CUTOFF
[LOG 11:30:01.005] Config(THROTTLE_FULL) Squad/Controls/Dvorak/THROTTLE_FULL
[LOG 11:30:01.005] Config(LANDING_GEAR) Squad/Controls/Dvorak/LANDING_GEAR
[LOG 11:30:01.005] Config(HEADLIGHT_TOGGLE) Squad/Controls/Dvorak/HEADLIGHT_TOGGLE
[LOG 11:30:01.005] Config(BRAKES) Squad/Controls/Dvorak/BRAKES
[LOG 11:30:01.005] Config(TOGGLE_SPACENAV_FLIGHT_CONTROL) Squad/Controls/Dvorak/TOGGLE_SPACENAV_FLIGHT_CONTROL
[LOG 11:30:01.005] Config(TOGGLE_SPACENAV_ROLL_LOCK) Squad/Controls/Dvorak/TOGGLE_SPACENAV_ROLL_LOCK
[LOG 11:30:01.006] Config(WHEEL_STEER_LEFT) Squad/Controls/Dvorak/WHEEL_STEER_LEFT
[LOG 11:30:01.006] Config(WHEEL_STEER_RIGHT) Squad/Controls/Dvorak/WHEEL_STEER_RIGHT
[LOG 11:30:01.006] Config(WHEEL_THROTTLE_DOWN) Squad/Controls/Dvorak/WHEEL_THROTTLE_DOWN
[LOG 11:30:01.006] Config(WHEEL_THROTTLE_UP) Squad/Controls/Dvorak/WHEEL_THROTTLE_UP
[LOG 11:30:01.006] Config(EVA_forward) Squad/Controls/Dvorak/EVA_forward
[LOG 11:30:01.006] Config(EVA_back) Squad/Controls/Dvorak/EVA_back
[LOG 11:30:01.006] Config(EVA_left) Squad/Controls/Dvorak/EVA_left
[LOG 11:30:01.006] Config(EVA_right) Squad/Controls/Dvorak/EVA_right
[LOG 11:30:01.006] Config(EVA_yaw_left) Squad/Controls/Dvorak/EVA_yaw_left
[LOG 11:30:01.006] Config(EVA_yaw_right) Squad/Controls/Dvorak/EVA_yaw_right
[LOG 11:30:01.006] Config(EVA_Pack_forward) Squad/Controls/Dvorak/EVA_Pack_forward
[LOG 11:30:01.006] Config(EVA_Pack_back) Squad/Controls/Dvorak/EVA_Pack_back
[LOG 11:30:01.006] Config(EVA_Pack_left) Squad/Controls/Dvorak/EVA_Pack_left
[LOG 11:30:01.006] Config(EVA_Pack_right) Squad/Controls/Dvorak/EVA_Pack_right
[LOG 11:30:01.006] Config(EVA_Pack_up) Squad/Controls/Dvorak/EVA_Pack_up
[LOG 11:30:01.006] Config(EVA_Pack_down) Squad/Controls/Dvorak/EVA_Pack_down
[LOG 11:30:01.006] Config(EVA_Jump) Squad/Controls/Dvorak/EVA_Jump
[LOG 11:30:01.006] Config(EVA_Run) Squad/Controls/Dvorak/EVA_Run
[LOG 11:30:01.006] Config(EVA_ToggleMovementMode) Squad/Controls/Dvorak/EVA_ToggleMovementMode
[LOG 11:30:01.006] Config(EVA_TogglePack) Squad/Controls/Dvorak/EVA_TogglePack
[LOG 11:30:01.006] Config(EVA_Use) Squad/Controls/Dvorak/EVA_Use
[LOG 11:30:01.006] Config(EVA_Board) Squad/Controls/Dvorak/EVA_Board
[LOG 11:30:01.006] Config(EVA_Orient) Squad/Controls/Dvorak/EVA_Orient
[LOG 11:30:01.006] Config(EVA_Lights) Squad/Controls/Dvorak/EVA_Lights
[LOG 11:30:01.006] Config(EVA_ChuteDeploy) Squad/Controls/Dvorak/EVA_ChuteDeploy
[LOG 11:30:01.006] Config(Editor_pitchUp) Squad/Controls/Dvorak/Editor_pitchUp
[LOG 11:30:01.006] Config(Editor_pitchDown) Squad/Controls/Dvorak/Editor_pitchDown
[LOG 11:30:01.006] Config(Editor_yawLeft) Squad/Controls/Dvorak/Editor_yawLeft
[LOG 11:30:01.006] Config(Editor_yawRight) Squad/Controls/Dvorak/Editor_yawRight
[LOG 11:30:01.006] Config(Editor_rollLeft) Squad/Controls/Dvorak/Editor_rollLeft
[LOG 11:30:01.006] Config(Editor_rollRight) Squad/Controls/Dvorak/Editor_rollRight
[LOG 11:30:01.007] Config(Editor_resetRotation) Squad/Controls/Dvorak/Editor_resetRotation
[LOG 11:30:01.007] Config(Editor_modePlace) Squad/Controls/Dvorak/Editor_modePlace
[LOG 11:30:01.007] Config(Editor_modeOffset) Squad/Controls/Dvorak/Editor_modeOffset
[LOG 11:30:01.007] Config(Editor_modeRotate) Squad/Controls/Dvorak/Editor_modeRotate
[LOG 11:30:01.007] Config(Editor_modeRoot) Squad/Controls/Dvorak/Editor_modeRoot
[LOG 11:30:01.007] Config(Editor_coordSystem) Squad/Controls/Dvorak/Editor_coordSystem
[LOG 11:30:01.007] Config(Editor_toggleSymMethod) Squad/Controls/Dvorak/Editor_toggleSymMethod
[LOG 11:30:01.007] Config(Editor_toggleSymMode) Squad/Controls/Dvorak/Editor_toggleSymMode
[LOG 11:30:01.007] Config(Editor_toggleAngleSnap) Squad/Controls/Dvorak/Editor_toggleAngleSnap
[LOG 11:30:01.007] Config(Editor_fineTweak) Squad/Controls/Dvorak/Editor_fineTweak
[LOG 11:30:01.007] Config(Editor_partSearch) Squad/Controls/Dvorak/Editor_partSearch
[LOG 11:30:01.007] Config(Editor_zoomScrollModifier) Squad/Controls/Dvorak/Editor_zoomScrollModifier
[LOG 11:30:01.007] Config(MODIFIER_KEY) Squad/Controls/Dvorak/MODIFIER_KEY
[LOG 11:30:01.007] Config(AbortActionGroup) Squad/Controls/Dvorak/AbortActionGroup
[LOG 11:30:01.007] Config(CustomActionGroup1) Squad/Controls/Dvorak/CustomActionGroup1
[LOG 11:30:01.007] Config(CustomActionGroup2) Squad/Controls/Dvorak/CustomActionGroup2
[LOG 11:30:01.007] Config(CustomActionGroup3) Squad/Controls/Dvorak/CustomActionGroup3
[LOG 11:30:01.007] Config(CustomActionGroup4) Squad/Controls/Dvorak/CustomActionGroup4
[LOG 11:30:01.007] Config(CustomActionGroup5) Squad/Controls/Dvorak/CustomActionGroup5
[LOG 11:30:01.007] Config(CustomActionGroup6) Squad/Controls/Dvorak/CustomActionGroup6
[LOG 11:30:01.007] Config(CustomActionGroup7) Squad/Controls/Dvorak/CustomActionGroup7
[LOG 11:30:01.007] Config(CustomActionGroup8) Squad/Controls/Dvorak/CustomActionGroup8
[LOG 11:30:01.007] Config(CustomActionGroup9) Squad/Controls/Dvorak/CustomActionGroup9
[LOG 11:30:01.007] Config(CustomActionGroup10) Squad/Controls/Dvorak/CustomActionGroup10
[LOG 11:30:01.007] Config(KEY_MAP) Squad/Controls/Dvorak/KEY_MAP
[LOG 11:30:01.007] Config(KEYBOARD_LAYOUT) Squad/Controls/Qwerty/#autoLOC_6001227
[LOG 11:30:01.007] Config(PITCH_DOWN) Squad/Controls/Qwerty/PITCH_DOWN
[LOG 11:30:01.007] Config(PITCH_UP) Squad/Controls/Qwerty/PITCH_UP
[LOG 11:30:01.007] Config(YAW_LEFT) Squad/Controls/Qwerty/YAW_LEFT
[LOG 11:30:01.008] Config(YAW_RIGHT) Squad/Controls/Qwerty/YAW_RIGHT
[LOG 11:30:01.008] Config(ROLL_LEFT) Squad/Controls/Qwerty/ROLL_LEFT
[LOG 11:30:01.008] Config(ROLL_RIGHT) Squad/Controls/Qwerty/ROLL_RIGHT
[LOG 11:30:01.008] Config(THROTTLE_UP) Squad/Controls/Qwerty/THROTTLE_UP
[LOG 11:30:01.008] Config(THROTTLE_DOWN) Squad/Controls/Qwerty/THROTTLE_DOWN
[LOG 11:30:01.008] Config(SAS_HOLD) Squad/Controls/Qwerty/SAS_HOLD
[LOG 11:30:01.008] Config(SAS_TOGGLE) Squad/Controls/Qwerty/SAS_TOGGLE
[LOG 11:30:01.008] Config(LAUNCH_STAGES) Squad/Controls/Qwerty/LAUNCH_STAGES
[LOG 11:30:01.008] Config(Docking_toggleRotLin) Squad/Controls/Qwerty/Docking_toggleRotLin
[LOG 11:30:01.008] Config(CAMERA_MODE) Squad/Controls/Qwerty/CAMERA_MODE
[LOG 11:30:01.008] Config(CAMERA_NEXT) Squad/Controls/Qwerty/CAMERA_NEXT
[LOG 11:30:01.008] Config(PAUSE) Squad/Controls/Qwerty/PAUSE
[LOG 11:30:01.008] Config(PRECISION_CTRL) Squad/Controls/Qwerty/PRECISION_CTRL
[LOG 11:30:01.008] Config(ZOOM_IN) Squad/Controls/Qwerty/ZOOM_IN
[LOG 11:30:01.008] Config(ZOOM_OUT) Squad/Controls/Qwerty/ZOOM_OUT
[LOG 11:30:01.008] Config(SCROLL_VIEW_UP) Squad/Controls/Qwerty/SCROLL_VIEW_UP
[LOG 11:30:01.008] Config(SCROLL_VIEW_DOWN) Squad/Controls/Qwerty/SCROLL_VIEW_DOWN
[LOG 11:30:01.008] Config(SCROLL_ICONS_UP) Squad/Controls/Qwerty/SCROLL_ICONS_UP
[LOG 11:30:01.008] Config(SCROLL_ICONS_DOWN) Squad/Controls/Qwerty/SCROLL_ICONS_DOWN
[LOG 11:30:01.008] Config(CAMERA_ORBIT_UP) Squad/Controls/Qwerty/CAMERA_ORBIT_UP
[LOG 11:30:01.008] Config(CAMERA_ORBIT_DOWN) Squad/Controls/Qwerty/CAMERA_ORBIT_DOWN
[LOG 11:30:01.008] Config(CAMERA_ORBIT_LEFT) Squad/Controls/Qwerty/CAMERA_ORBIT_LEFT
[LOG 11:30:01.008] Config(CAMERA_ORBIT_RIGHT) Squad/Controls/Qwerty/CAMERA_ORBIT_RIGHT
[LOG 11:30:01.008] Config(CAMERA_RESET) Squad/Controls/Qwerty/CAMERA_RESET
[LOG 11:30:01.008] Config(CAMERA_MOUSE_TOGGLE) Squad/Controls/Qwerty/CAMERA_MOUSE_TOGGLE
[LOG 11:30:01.008] Config(TIME_WARP_INCREASE) Squad/Controls/Qwerty/TIME_WARP_INCREASE
[LOG 11:30:01.008] Config(TIME_WARP_DECREASE) Squad/Controls/Qwerty/TIME_WARP_DECREASE
[LOG 11:30:01.008] Config(TIME_WARP_STOP) Squad/Controls/Qwerty/TIME_WARP_STOP
[LOG 11:30:01.008] Config(MAP_VIEW_TOGGLE) Squad/Controls/Qwerty/MAP_VIEW_TOGGLE
[LOG 11:30:01.009] Config(NAVBALL_TOGGLE) Squad/Controls/Qwerty/NAVBALL_TOGGLE
[LOG 11:30:01.009] Config(UIMODE_STAGING) Squad/Controls/Qwerty/UIMODE_STAGING
[LOG 11:30:01.009] Config(UIMODE_DOCKING) Squad/Controls/Qwerty/UIMODE_DOCKING
[LOG 11:30:01.009] Config(TRANSLATE_DOWN) Squad/Controls/Qwerty/TRANSLATE_DOWN
[LOG 11:30:01.009] Config(TRANSLATE_UP) Squad/Controls/Qwerty/TRANSLATE_UP
[LOG 11:30:01.009] Config(TRANSLATE_LEFT) Squad/Controls/Qwerty/TRANSLATE_LEFT
[LOG 11:30:01.009] Config(TRANSLATE_RIGHT) Squad/Controls/Qwerty/TRANSLATE_RIGHT
[LOG 11:30:01.009] Config(TRANSLATE_FWD) Squad/Controls/Qwerty/TRANSLATE_FWD
[LOG 11:30:01.009] Config(TRANSLATE_BACK) Squad/Controls/Qwerty/TRANSLATE_BACK
[LOG 11:30:01.009] Config(RCS_TOGGLE) Squad/Controls/Qwerty/RCS_TOGGLE
[LOG 11:30:01.009] Config(FOCUS_NEXT_VESSEL) Squad/Controls/Qwerty/FOCUS_NEXT_VESSEL
[LOG 11:30:01.009] Config(FOCUS_PREV_VESSEL) Squad/Controls/Qwerty/FOCUS_PREV_VESSEL
[LOG 11:30:01.009] Config(TOGGLE_UI) Squad/Controls/Qwerty/TOGGLE_UI
[LOG 11:30:01.009] Config(TOGGLE_STATUS_SCREEN) Squad/Controls/Qwerty/TOGGLE_STATUS_SCREEN
[LOG 11:30:01.009] Config(TAKE_SCREENSHOT) Squad/Controls/Qwerty/TAKE_SCREENSHOT
[LOG 11:30:01.009] Config(TOGGLE_LABELS) Squad/Controls/Qwerty/TOGGLE_LABELS
[LOG 11:30:01.009] Config(TOGGLE_TEMP_GAUGES) Squad/Controls/Qwerty/TOGGLE_TEMP_GAUGES
[LOG 11:30:01.009] Config(TOGGLE_TEMP_OVERLAY) Squad/Controls/Qwerty/TOGGLE_TEMP_OVERLAY
[LOG 11:30:01.009] Config(TOGGLE_FLIGHT_FORCES) Squad/Controls/Qwerty/TOGGLE_FLIGHT_FORCES
[LOG 11:30:01.009] Config(QUICKSAVE) Squad/Controls/Qwerty/QUICKSAVE
[LOG 11:30:01.009] Config(QUICKLOAD) Squad/Controls/Qwerty/QUICKLOAD
[LOG 11:30:01.009] Config(THROTTLE_CUTOFF) Squad/Controls/Qwerty/THROTTLE_CUTOFF
[LOG 11:30:01.009] Config(THROTTLE_FULL) Squad/Controls/Qwerty/THROTTLE_FULL
[LOG 11:30:01.009] Config(LANDING_GEAR) Squad/Controls/Qwerty/LANDING_GEAR
[LOG 11:30:01.009] Config(HEADLIGHT_TOGGLE) Squad/Controls/Qwerty/HEADLIGHT_TOGGLE
[LOG 11:30:01.009] Config(BRAKES) Squad/Controls/Qwerty/BRAKES
[LOG 11:30:01.009] Config(TOGGLE_SPACENAV_FLIGHT_CONTROL) Squad/Controls/Qwerty/TOGGLE_SPACENAV_FLIGHT_CONTROL
[LOG 11:30:01.009] Config(TOGGLE_SPACENAV_ROLL_LOCK) Squad/Controls/Qwerty/TOGGLE_SPACENAV_ROLL_LOCK
[LOG 11:30:01.009] Config(WHEEL_STEER_LEFT) Squad/Controls/Qwerty/WHEEL_STEER_LEFT
[LOG 11:30:01.010] Config(WHEEL_STEER_RIGHT) Squad/Controls/Qwerty/WHEEL_STEER_RIGHT
[LOG 11:30:01.010] Config(WHEEL_THROTTLE_DOWN) Squad/Controls/Qwerty/WHEEL_THROTTLE_DOWN
[LOG 11:30:01.010] Config(WHEEL_THROTTLE_UP) Squad/Controls/Qwerty/WHEEL_THROTTLE_UP
[LOG 11:30:01.010] Config(EVA_forward) Squad/Controls/Qwerty/EVA_forward
[LOG 11:30:01.010] Config(EVA_back) Squad/Controls/Qwerty/EVA_back
[LOG 11:30:01.010] Config(EVA_left) Squad/Controls/Qwerty/EVA_left
[LOG 11:30:01.010] Config(EVA_right) Squad/Controls/Qwerty/EVA_right
[LOG 11:30:01.010] Config(EVA_yaw_left) Squad/Controls/Qwerty/EVA_yaw_left
[LOG 11:30:01.010] Config(EVA_yaw_right) Squad/Controls/Qwerty/EVA_yaw_right
[LOG 11:30:01.010] Config(EVA_Pack_forward) Squad/Controls/Qwerty/EVA_Pack_forward
[LOG 11:30:01.010] Config(EVA_Pack_back) Squad/Controls/Qwerty/EVA_Pack_back
[LOG 11:30:01.010] Config(EVA_Pack_left) Squad/Controls/Qwerty/EVA_Pack_left
[LOG 11:30:01.010] Config(EVA_Pack_right) Squad/Controls/Qwerty/EVA_Pack_right
[LOG 11:30:01.010] Config(EVA_Pack_up) Squad/Controls/Qwerty/EVA_Pack_up
[LOG 11:30:01.010] Config(EVA_Pack_down) Squad/Controls/Qwerty/EVA_Pack_down
[LOG 11:30:01.010] Config(EVA_Jump) Squad/Controls/Qwerty/EVA_Jump
[LOG 11:30:01.010] Config(EVA_Run) Squad/Controls/Qwerty/EVA_Run
[LOG 11:30:01.010] Config(EVA_ToggleMovementMode) Squad/Controls/Qwerty/EVA_ToggleMovementMode
[LOG 11:30:01.010] Config(EVA_TogglePack) Squad/Controls/Qwerty/EVA_TogglePack
[LOG 11:30:01.010] Config(EVA_Use) Squad/Controls/Qwerty/EVA_Use
[LOG 11:30:01.010] Config(EVA_Board) Squad/Controls/Qwerty/EVA_Board
[LOG 11:30:01.010] Config(EVA_Orient) Squad/Controls/Qwerty/EVA_Orient
[LOG 11:30:01.010] Config(EVA_Lights) Squad/Controls/Qwerty/EVA_Lights
[LOG 11:30:01.010] Config(EVA_ChuteDeploy) Squad/Controls/Qwerty/EVA_ChuteDeploy
[LOG 11:30:01.010] Config(Editor_pitchUp) Squad/Controls/Qwerty/Editor_pitchUp
[LOG 11:30:01.010] Config(Editor_pitchDown) Squad/Controls/Qwerty/Editor_pitchDown
[LOG 11:30:01.010] Config(Editor_yawLeft) Squad/Controls/Qwerty/Editor_yawLeft
[LOG 11:30:01.010] Config(Editor_yawRight) Squad/Controls/Qwerty/Editor_yawRight
[LOG 11:30:01.011] Config(Editor_rollLeft) Squad/Controls/Qwerty/Editor_rollLeft
[LOG 11:30:01.011] Config(Editor_rollRight) Squad/Controls/Qwerty/Editor_rollRight
[LOG 11:30:01.011] Config(Editor_resetRotation) Squad/Controls/Qwerty/Editor_resetRotation
[LOG 11:30:01.011] Config(Editor_modePlace) Squad/Controls/Qwerty/Editor_modePlace
[LOG 11:30:01.011] Config(Editor_modeOffset) Squad/Controls/Qwerty/Editor_modeOffset
[LOG 11:30:01.011] Config(Editor_modeRotate) Squad/Controls/Qwerty/Editor_modeRotate
[LOG 11:30:01.011] Config(Editor_modeRoot) Squad/Controls/Qwerty/Editor_modeRoot
[LOG 11:30:01.011] Config(Editor_coordSystem) Squad/Controls/Qwerty/Editor_coordSystem
[LOG 11:30:01.011] Config(Editor_toggleSymMethod) Squad/Controls/Qwerty/Editor_toggleSymMethod
[LOG 11:30:01.011] Config(Editor_toggleSymMode) Squad/Controls/Qwerty/Editor_toggleSymMode
[LOG 11:30:01.011] Config(Editor_toggleAngleSnap) Squad/Controls/Qwerty/Editor_toggleAngleSnap
[LOG 11:30:01.011] Config(Editor_fineTweak) Squad/Controls/Qwerty/Editor_fineTweak
[LOG 11:30:01.011] Config(Editor_partSearch) Squad/Controls/Qwerty/Editor_partSearch
[LOG 11:30:01.011] Config(Editor_zoomScrollModifier) Squad/Controls/Qwerty/Editor_zoomScrollModifier
[LOG 11:30:01.011] Config(MODIFIER_KEY) Squad/Controls/Qwerty/MODIFIER_KEY
[LOG 11:30:01.011] Config(AbortActionGroup) Squad/Controls/Qwerty/AbortActionGroup
[LOG 11:30:01.011] Config(CustomActionGroup1) Squad/Controls/Qwerty/CustomActionGroup1
[LOG 11:30:01.011] Config(CustomActionGroup2) Squad/Controls/Qwerty/CustomActionGroup2
[LOG 11:30:01.011] Config(CustomActionGroup3) Squad/Controls/Qwerty/CustomActionGroup3
[LOG 11:30:01.011] Config(CustomActionGroup4) Squad/Controls/Qwerty/CustomActionGroup4
[LOG 11:30:01.011] Config(CustomActionGroup5) Squad/Controls/Qwerty/CustomActionGroup5
[LOG 11:30:01.011] Config(CustomActionGroup6) Squad/Controls/Qwerty/CustomActionGroup6
[LOG 11:30:01.011] Config(CustomActionGroup7) Squad/Controls/Qwerty/CustomActionGroup7
[LOG 11:30:01.011] Config(CustomActionGroup8) Squad/Controls/Qwerty/CustomActionGroup8
[LOG 11:30:01.011] Config(CustomActionGroup9) Squad/Controls/Qwerty/CustomActionGroup9
[LOG 11:30:01.011] Config(CustomActionGroup10) Squad/Controls/Qwerty/CustomActionGroup10
[LOG 11:30:01.011] Config(KEY_MAP) Squad/Controls/Qwerty/KEY_MAP
[LOG 11:30:01.011] Config(KEYBOARD_LAYOUT) Squad/Controls/Qwerty_en-GB/#autoLOC_6001228
[LOG 11:30:01.011] Config(KEY_MAP) Squad/Controls/Qwerty_en-GB/KEY_MAP
[LOG 11:30:01.011] Config(KEYBOARD_LAYOUT) Squad/Controls/Qwerty_es-LA/#autoLOC_6001229
[LOG 11:30:01.012] Config(CAMERA_MOUSE_TOGGLE) Squad/Controls/Qwerty_es-LA/CAMERA_MOUSE_TOGGLE
[LOG 11:30:01.012] Config(TIME_WARP_STOP) Squad/Controls/Qwerty_es-LA/TIME_WARP_STOP
[LOG 11:30:01.012] Config(FOCUS_NEXT_VESSEL) Squad/Controls/Qwerty_es-LA/FOCUS_NEXT_VESSEL
[LOG 11:30:01.012] Config(FOCUS_PREV_VESSEL) Squad/Controls/Qwerty_es-LA/FOCUS_PREV_VESSEL
[LOG 11:30:01.012] Config(CAMERA_RESET) Squad/Controls/Qwerty_es-LA/CAMERA_RESET
[LOG 11:30:01.012] Config(Editor_partSearch) Squad/Controls/Qwerty_es-LA/Editor_partSearch
[LOG 11:30:01.012] Config(KEY_MAP) Squad/Controls/Qwerty_es-LA/KEY_MAP
[LOG 11:30:01.012] Config(KEYBOARD_LAYOUT) Squad/Controls/Qwerty_it-IT/#autoLOC_6001230
[LOG 11:30:01.012] Config(FOCUS_NEXT_VESSEL) Squad/Controls/Qwerty_it-IT/FOCUS_NEXT_VESSEL
[LOG 11:30:01.012] Config(FOCUS_PREV_VESSEL) Squad/Controls/Qwerty_it-IT/FOCUS_PREV_VESSEL
[LOG 11:30:01.012] Config(CAMERA_MOUSE_TOGGLE) Squad/Controls/Qwerty_it-IT/CAMERA_MOUSE_TOGGLE
[LOG 11:30:01.012] Config(TIME_WARP_STOP) Squad/Controls/Qwerty_it-IT/TIME_WARP_STOP
[LOG 11:30:01.012] Config(CAMERA_RESET) Squad/Controls/Qwerty_it-IT/CAMERA_RESET
[LOG 11:30:01.012] Config(Editor_partSearch) Squad/Controls/Qwerty_it-IT/Editor_partSearch
[LOG 11:30:01.012] Config(KEY_MAP) Squad/Controls/Qwerty_it-IT/KEY_MAP
[LOG 11:30:01.012] Config(KEYBOARD_LAYOUT) Squad/Controls/Qwerty_ja-JP/#autoLOC_6001231
[LOG 11:30:01.012] Config(FOCUS_NEXT_VESSEL) Squad/Controls/Qwerty_ja-JP/FOCUS_NEXT_VESSEL
[LOG 11:30:01.012] Config(FOCUS_PREV_VESSEL) Squad/Controls/Qwerty_ja-JP/FOCUS_PREV_VESSEL
[LOG 11:30:01.012] Config(PRECISION_CTRL) Squad/Controls/Qwerty_ja-JP/PRECISION_CTRL
[LOG 11:30:01.012] Config(CAMERA_MOUSE_TOGGLE) Squad/Controls/Qwerty_ja-JP/CAMERA_MOUSE_TOGGLE
[LOG 11:30:01.012] Config(Editor_partSearch) Squad/Controls/Qwerty_ja-JP/Editor_partSearch
[LOG 11:30:01.012] Config(CAMERA_RESET) Squad/Controls/Qwerty_ja-JP/CAMERA_RESET
[LOG 11:30:01.012] Config(KEY_MAP) Squad/Controls/Qwerty_ja-JP/KEY_MAP
[LOG 11:30:01.012] Config(KEYBOARD_LAYOUT) Squad/Controls/Qwerty_pt-PT/#autoLOC_6001230
[LOG 11:30:01.012] Config(FOCUS_NEXT_VESSEL) Squad/Controls/Qwerty_pt-PT/FOCUS_NEXT_VESSEL
[LOG 11:30:01.012] Config(FOCUS_PREV_VESSEL) Squad/Controls/Qwerty_pt-PT/FOCUS_PREV_VESSEL
[LOG 11:30:01.012] Config(CAMERA_MOUSE_TOGGLE) Squad/Controls/Qwerty_pt-PT/CAMERA_MOUSE_TOGGLE
[LOG 11:30:01.012] Config(TIME_WARP_STOP) Squad/Controls/Qwerty_pt-PT/TIME_WARP_STOP
[LOG 11:30:01.012] Config(CAMERA_RESET) Squad/Controls/Qwerty_pt-PT/CAMERA_RESET
[LOG 11:30:01.013] Config(Editor_partSearch) Squad/Controls/Qwerty_pt-PT/Editor_partSearch
[LOG 11:30:01.013] Config(KEY_MAP) Squad/Controls/Qwerty_pt-PT/KEY_MAP
[LOG 11:30:01.013] Config(KEYBOARD_LAYOUT) Squad/Controls/Qwertz/#autoLOC_6001232
[LOG 11:30:01.013] Config(PITCH_DOWN) Squad/Controls/Qwertz/PITCH_DOWN
[LOG 11:30:01.013] Config(PITCH_UP) Squad/Controls/Qwertz/PITCH_UP
[LOG 11:30:01.013] Config(YAW_LEFT) Squad/Controls/Qwertz/YAW_LEFT
[LOG 11:30:01.013] Config(YAW_RIGHT) Squad/Controls/Qwertz/YAW_RIGHT
[LOG 11:30:01.013] Config(ROLL_LEFT) Squad/Controls/Qwertz/ROLL_LEFT
[LOG 11:30:01.013] Config(ROLL_RIGHT) Squad/Controls/Qwertz/ROLL_RIGHT
[LOG 11:30:01.013] Config(THROTTLE_UP) Squad/Controls/Qwertz/THROTTLE_UP
[LOG 11:30:01.013] Config(THROTTLE_DOWN) Squad/Controls/Qwertz/THROTTLE_DOWN
[LOG 11:30:01.013] Config(SAS_HOLD) Squad/Controls/Qwertz/SAS_HOLD
[LOG 11:30:01.013] Config(SAS_TOGGLE) Squad/Controls/Qwertz/SAS_TOGGLE
[LOG 11:30:01.013] Config(LAUNCH_STAGES) Squad/Controls/Qwertz/LAUNCH_STAGES
[LOG 11:30:01.013] Config(Docking_toggleRotLin) Squad/Controls/Qwertz/Docking_toggleRotLin
[LOG 11:30:01.013] Config(CAMERA_MODE) Squad/Controls/Qwertz/CAMERA_MODE
[LOG 11:30:01.013] Config(CAMERA_NEXT) Squad/Controls/Qwertz/CAMERA_NEXT
[LOG 11:30:01.013] Config(PAUSE) Squad/Controls/Qwertz/PAUSE
[LOG 11:30:01.013] Config(PRECISION_CTRL) Squad/Controls/Qwertz/PRECISION_CTRL
[LOG 11:30:01.013] Config(ZOOM_IN) Squad/Controls/Qwertz/ZOOM_IN
[LOG 11:30:01.013] Config(ZOOM_OUT) Squad/Controls/Qwertz/ZOOM_OUT
[LOG 11:30:01.013] Config(SCROLL_VIEW_UP) Squad/Controls/Qwertz/SCROLL_VIEW_UP
[LOG 11:30:01.013] Config(SCROLL_VIEW_DOWN) Squad/Controls/Qwertz/SCROLL_VIEW_DOWN
[LOG 11:30:01.013] Config(SCROLL_ICONS_UP) Squad/Controls/Qwertz/SCROLL_ICONS_UP
[LOG 11:30:01.013] Config(SCROLL_ICONS_DOWN) Squad/Controls/Qwertz/SCROLL_ICONS_DOWN
[LOG 11:30:01.013] Config(CAMERA_ORBIT_UP) Squad/Controls/Qwertz/CAMERA_ORBIT_UP
[LOG 11:30:01.013] Config(CAMERA_ORBIT_DOWN) Squad/Controls/Qwertz/CAMERA_ORBIT_DOWN
[LOG 11:30:01.013] Config(CAMERA_ORBIT_LEFT) Squad/Controls/Qwertz/CAMERA_ORBIT_LEFT
[LOG 11:30:01.013] Config(CAMERA_ORBIT_RIGHT) Squad/Controls/Qwertz/CAMERA_ORBIT_RIGHT
[LOG 11:30:01.013] Config(CAMERA_RESET) Squad/Controls/Qwertz/CAMERA_RESET
[LOG 11:30:01.014] Config(CAMERA_MOUSE_TOGGLE) Squad/Controls/Qwertz/CAMERA_MOUSE_TOGGLE
[LOG 11:30:01.014] Config(TIME_WARP_INCREASE) Squad/Controls/Qwertz/TIME_WARP_INCREASE
[LOG 11:30:01.014] Config(TIME_WARP_DECREASE) Squad/Controls/Qwertz/TIME_WARP_DECREASE
[LOG 11:30:01.014] Config(TIME_WARP_STOP) Squad/Controls/Qwertz/TIME_WARP_STOP
[LOG 11:30:01.014] Config(MAP_VIEW_TOGGLE) Squad/Controls/Qwertz/MAP_VIEW_TOGGLE
[LOG 11:30:01.014] Config(NAVBALL_TOGGLE) Squad/Controls/Qwertz/NAVBALL_TOGGLE
[LOG 11:30:01.014] Config(UIMODE_STAGING) Squad/Controls/Qwertz/UIMODE_STAGING
[LOG 11:30:01.014] Config(UIMODE_DOCKING) Squad/Controls/Qwertz/UIMODE_DOCKING
[LOG 11:30:01.014] Config(TRANSLATE_DOWN) Squad/Controls/Qwertz/TRANSLATE_DOWN
[LOG 11:30:01.014] Config(TRANSLATE_UP) Squad/Controls/Qwertz/TRANSLATE_UP
[LOG 11:30:01.014] Config(TRANSLATE_LEFT) Squad/Controls/Qwertz/TRANSLATE_LEFT
[LOG 11:30:01.014] Config(TRANSLATE_RIGHT) Squad/Controls/Qwertz/TRANSLATE_RIGHT
[LOG 11:30:01.014] Config(TRANSLATE_FWD) Squad/Controls/Qwertz/TRANSLATE_FWD
[LOG 11:30:01.014] Config(TRANSLATE_BACK) Squad/Controls/Qwertz/TRANSLATE_BACK
[LOG 11:30:01.014] Config(RCS_TOGGLE) Squad/Controls/Qwertz/RCS_TOGGLE
[LOG 11:30:01.014] Config(FOCUS_NEXT_VESSEL) Squad/Controls/Qwertz/FOCUS_NEXT_VESSEL
[LOG 11:30:01.014] Config(FOCUS_PREV_VESSEL) Squad/Controls/Qwertz/FOCUS_PREV_VESSEL
[LOG 11:30:01.014] Config(TOGGLE_UI) Squad/Controls/Qwertz/TOGGLE_UI
[LOG 11:30:01.014] Config(TOGGLE_STATUS_SCREEN) Squad/Controls/Qwertz/TOGGLE_STATUS_SCREEN
[LOG 11:30:01.014] Config(TAKE_SCREENSHOT) Squad/Controls/Qwertz/TAKE_SCREENSHOT
[LOG 11:30:01.014] Config(TOGGLE_LABELS) Squad/Controls/Qwertz/TOGGLE_LABELS
[LOG 11:30:01.014] Config(TOGGLE_TEMP_GAUGES) Squad/Controls/Qwertz/TOGGLE_TEMP_GAUGES
[LOG 11:30:01.014] Config(TOGGLE_TEMP_OVERLAY) Squad/Controls/Qwertz/TOGGLE_TEMP_OVERLAY
[LOG 11:30:01.014] Config(TOGGLE_FLIGHT_FORCES) Squad/Controls/Qwertz/TOGGLE_FLIGHT_FORCES
[LOG 11:30:01.014] Config(QUICKSAVE) Squad/Controls/Qwertz/QUICKSAVE
[LOG 11:30:01.014] Config(QUICKLOAD) Squad/Controls/Qwertz/QUICKLOAD
[LOG 11:30:01.014] Config(THROTTLE_CUTOFF) Squad/Controls/Qwertz/THROTTLE_CUTOFF
[LOG 11:30:01.014] Config(THROTTLE_FULL) Squad/Controls/Qwertz/THROTTLE_FULL
[LOG 11:30:01.014] Config(LANDING_GEAR) Squad/Controls/Qwertz/LANDING_GEAR
[LOG 11:30:01.014] Config(HEADLIGHT_TOGGLE) Squad/Controls/Qwertz/HEADLIGHT_TOGGLE
[LOG 11:30:01.014] Config(BRAKES) Squad/Controls/Qwertz/BRAKES
[LOG 11:30:01.015] Config(TOGGLE_SPACENAV_FLIGHT_CONTROL) Squad/Controls/Qwertz/TOGGLE_SPACENAV_FLIGHT_CONTROL
[LOG 11:30:01.015] Config(TOGGLE_SPACENAV_ROLL_LOCK) Squad/Controls/Qwertz/TOGGLE_SPACENAV_ROLL_LOCK
[LOG 11:30:01.015] Config(WHEEL_STEER_LEFT) Squad/Controls/Qwertz/WHEEL_STEER_LEFT
[LOG 11:30:01.015] Config(WHEEL_STEER_RIGHT) Squad/Controls/Qwertz/WHEEL_STEER_RIGHT
[LOG 11:30:01.015] Config(WHEEL_THROTTLE_DOWN) Squad/Controls/Qwertz/WHEEL_THROTTLE_DOWN
[LOG 11:30:01.015] Config(WHEEL_THROTTLE_UP) Squad/Controls/Qwertz/WHEEL_THROTTLE_UP
[LOG 11:30:01.015] Config(EVA_forward) Squad/Controls/Qwertz/EVA_forward
[LOG 11:30:01.015] Config(EVA_back) Squad/Controls/Qwertz/EVA_back
[LOG 11:30:01.015] Config(EVA_left) Squad/Controls/Qwertz/EVA_left
[LOG 11:30:01.015] Config(EVA_right) Squad/Controls/Qwertz/EVA_right
[LOG 11:30:01.015] Config(EVA_yaw_left) Squad/Controls/Qwertz/EVA_yaw_left
[LOG 11:30:01.015] Config(EVA_yaw_right) Squad/Controls/Qwertz/EVA_yaw_right
[LOG 11:30:01.015] Config(EVA_Pack_forward) Squad/Controls/Qwertz/EVA_Pack_forward
[LOG 11:30:01.015] Config(EVA_Pack_back) Squad/Controls/Qwertz/EVA_Pack_back
[LOG 11:30:01.015] Config(EVA_Pack_left) Squad/Controls/Qwertz/EVA_Pack_left
[LOG 11:30:01.015] Config(EVA_Pack_right) Squad/Controls/Qwertz/EVA_Pack_right
[LOG 11:30:01.015] Config(EVA_Pack_up) Squad/Controls/Qwertz/EVA_Pack_up
[LOG 11:30:01.015] Config(EVA_Pack_down) Squad/Controls/Qwertz/EVA_Pack_down
[LOG 11:30:01.015] Config(EVA_Jump) Squad/Controls/Qwertz/EVA_Jump
[LOG 11:30:01.015] Config(EVA_Run) Squad/Controls/Qwertz/EVA_Run
[LOG 11:30:01.015] Config(EVA_ToggleMovementMode) Squad/Controls/Qwertz/EVA_ToggleMovementMode
[LOG 11:30:01.015] Config(EVA_TogglePack) Squad/Controls/Qwertz/EVA_TogglePack
[LOG 11:30:01.015] Config(EVA_Use) Squad/Controls/Qwertz/EVA_Use
[LOG 11:30:01.015] Config(EVA_Board) Squad/Controls/Qwertz/EVA_Board
[LOG 11:30:01.015] Config(EVA_Orient) Squad/Controls/Qwertz/EVA_Orient
[LOG 11:30:01.015] Config(EVA_Lights) Squad/Controls/Qwertz/EVA_Lights
[LOG 11:30:01.015] Config(Editor_pitchUp) Squad/Controls/Qwertz/Editor_pitchUp
[LOG 11:30:01.015] Config(Editor_pitchDown) Squad/Controls/Qwertz/Editor_pitchDown
[LOG 11:30:01.015] Config(Editor_yawLeft) Squad/Controls/Qwertz/Editor_yawLeft
[LOG 11:30:01.015] Config(Editor_yawRight) Squad/Controls/Qwertz/Editor_yawRight
[LOG 11:30:01.015] Config(Editor_rollLeft) Squad/Controls/Qwertz/Editor_rollLeft
[LOG 11:30:01.016] Config(Editor_rollRight) Squad/Controls/Qwertz/Editor_rollRight
[LOG 11:30:01.016] Config(Editor_resetRotation) Squad/Controls/Qwertz/Editor_resetRotation
[LOG 11:30:01.016] Config(Editor_modePlace) Squad/Controls/Qwertz/Editor_modePlace
[LOG 11:30:01.016] Config(Editor_modeOffset) Squad/Controls/Qwertz/Editor_modeOffset
[LOG 11:30:01.016] Config(Editor_modeRotate) Squad/Controls/Qwertz/Editor_modeRotate
[LOG 11:30:01.016] Config(Editor_modeRoot) Squad/Controls/Qwertz/Editor_modeRoot
[LOG 11:30:01.016] Config(Editor_coordSystem) Squad/Controls/Qwertz/Editor_coordSystem
[LOG 11:30:01.016] Config(Editor_toggleSymMethod) Squad/Controls/Qwertz/Editor_toggleSymMethod
[LOG 11:30:01.016] Config(Editor_toggleSymMode) Squad/Controls/Qwertz/Editor_toggleSymMode
[LOG 11:30:01.016] Config(Editor_toggleAngleSnap) Squad/Controls/Qwertz/Editor_toggleAngleSnap
[LOG 11:30:01.016] Config(Editor_fineTweak) Squad/Controls/Qwertz/Editor_fineTweak
[LOG 11:30:01.016] Config(Editor_partSearch) Squad/Controls/Qwertz/Editor_partSearch
[LOG 11:30:01.016] Config(Editor_zoomScrollModifier) Squad/Controls/Qwertz/Editor_zoomScrollModifier
[LOG 11:30:01.016] Config(MODIFIER_KEY) Squad/Controls/Qwertz/MODIFIER_KEY
[LOG 11:30:01.016] Config(AbortActionGroup) Squad/Controls/Qwertz/AbortActionGroup
[LOG 11:30:01.016] Config(CustomActionGroup1) Squad/Controls/Qwertz/CustomActionGroup1
[LOG 11:30:01.016] Config(CustomActionGroup2) Squad/Controls/Qwertz/CustomActionGroup2
[LOG 11:30:01.016] Config(CustomActionGroup3) Squad/Controls/Qwertz/CustomActionGroup3
[LOG 11:30:01.016] Config(CustomActionGroup4) Squad/Controls/Qwertz/CustomActionGroup4
[LOG 11:30:01.016] Config(CustomActionGroup5) Squad/Controls/Qwertz/CustomActionGroup5
[LOG 11:30:01.016] Config(CustomActionGroup6) Squad/Controls/Qwertz/CustomActionGroup6
[LOG 11:30:01.016] Config(CustomActionGroup7) Squad/Controls/Qwertz/CustomActionGroup7
[LOG 11:30:01.016] Config(CustomActionGroup8) Squad/Controls/Qwertz/CustomActionGroup8
[LOG 11:30:01.016] Config(CustomActionGroup9) Squad/Controls/Qwertz/CustomActionGroup9
[LOG 11:30:01.016] Config(CustomActionGroup10) Squad/Controls/Qwertz/CustomActionGroup10
[LOG 11:30:01.016] Config(KEY_MAP) Squad/Controls/Qwertz/KEY_MAP
[LOG 11:30:01.017] Config(EXPERIENCE_TRAIT) Squad/Experience/Traits/Pilot
[LOG 11:30:01.017] Config(EXPERIENCE_TRAIT) Squad/Experience/Traits/Engineer
[LOG 11:30:01.017] Config(EXPERIENCE_TRAIT) Squad/Experience/Traits/Scientist
[LOG 11:30:01.017] Config(EXPERIENCE_TRAIT) Squad/Experience/Traits/Tourist
[LOG 11:30:01.017] Config(Localization) Squad/Localization/dictionary/Localization
[LOG 11:30:01.017] Config(MISSIONPACK) Squad/Missions/MissionPacks/squad_ESA
[LOG 11:30:01.017] Config(VARIANTTHEME) Squad/Parts/VariantThemes/White
[LOG 11:30:01.017] Config(VARIANTTHEME) Squad/Parts/VariantThemes/BlackAndWhite
[LOG 11:30:01.017] Config(VARIANTTHEME) Squad/Parts/VariantThemes/GrayAndOrange
[LOG 11:30:01.017] Config(VARIANTTHEME) Squad/Parts/VariantThemes/Dark
[LOG 11:30:01.017] Config(VARIANTTHEME) Squad/Parts/VariantThemes/Gray
[LOG 11:30:01.017] Config(VARIANTTHEME) Squad/Parts/VariantThemes/Orange
[LOG 11:30:01.017] Config(VARIANTTHEME) Squad/Parts/VariantThemes/Gold
[LOG 11:30:01.017] Config(VARIANTTHEME) Squad/Parts/VariantThemes/Bare
[LOG 11:30:01.017] Config(VARIANTTHEME) Squad/Parts/VariantThemes/Shroud
[LOG 11:30:01.017] Config(VARIANTTHEME) Squad/Parts/VariantThemes/GrayAndWhite
[LOG 11:30:01.017] Config(VARIANTTHEME) Squad/Parts/VariantThemes/YellowAndWhite
[LOG 11:30:01.017] Config(VARIANTTHEME) Squad/Parts/VariantThemes/Silver
[LOG 11:30:01.017] Config(VARIANTTHEME) Squad/Parts/VariantThemes/Gray with Stripes
[LOG 11:30:01.017] Config(PART) Squad/Parts/Aero/aerodynamicNoseCone/aerodynamicNoseCone/noseCone
[LOG 11:30:01.017] Config(PART) Squad/Parts/Aero/airbrake/Airbrake/airbrake1
[LOG 11:30:01.017] Config(PART) Squad/Parts/Aero/airIntakeRadialXM-G50/airIntakeRadialXM-G50/airScoop
[LOG 11:30:01.017] Config(PART) Squad/Parts/Aero/airlinerWings/ControlSurface/airlinerCtrlSrf
[LOG 11:30:01.017] Config(PART) Squad/Parts/Aero/airlinerWings/MainWing/airlinerMainWing
[LOG 11:30:01.018] Config(PART) Squad/Parts/Aero/airlinerWings/TailFin/airlinerTailFin
[LOG 11:30:01.018] Config(PART) Squad/Parts/Aero/airplaneFins/advancedCanard/AdvancedCanard
[LOG 11:30:01.018] Config(PART) Squad/Parts/Aero/airplaneFins/standardCanard/CanardController
[LOG 11:30:01.018] Config(PART) Squad/Parts/Aero/airplaneFins/sweptWing/sweptWing
[LOG 11:30:01.018] Config(PART) Squad/Parts/Aero/airplaneFins/tailfin/tailfin
[LOG 11:30:01.018] Config(PART) Squad/Parts/Aero/basicFin/basicFin/basicFin
[LOG 11:30:01.018] Config(PART) Squad/Parts/Aero/circularIntake/circularIntake/CircularIntake
[LOG 11:30:01.018] Config(PART) Squad/Parts/Aero/circularIntake/intakeShockCone/shockConeIntake
[LOG 11:30:01.018] Config(PART) Squad/Parts/Aero/cones/avionicsNoseCone/avionicsNoseCone
[LOG 11:30:01.018] Config(PART) Squad/Parts/Aero/cones/ConeA/pointyNoseConeA
[LOG 11:30:01.018] Config(PART) Squad/Parts/Aero/cones/ConeB/pointyNoseConeB
[LOG 11:30:01.018] Config(PART) Squad/Parts/Aero/cones/noseConeAdapter/noseConeAdapter
[LOG 11:30:01.018] Config(PART) Squad/Parts/Aero/cones/protectiveRocketNoseMk7_v2/rocketNoseCone_v2
[LOG 11:30:01.018] Config(PART) Squad/Parts/Aero/cones/protectiveRocketNoseMk7_v3/rocketNoseCone_v3
[LOG 11:30:01.018] Config(PART) Squad/Parts/Aero/cones/rocketNoseCone_size3/rocketNoseConeSize3
[LOG 11:30:01.018] Config(PART) Squad/Parts/Aero/cones/smallNoseCone/standardNoseCone
[LOG 11:30:01.018] Config(PART) Squad/Parts/Aero/cones/tailConnectorA/airplaneTail
[LOG 11:30:01.018] Config(PART) Squad/Parts/Aero/cones/tailConnectorB/airplaneTailB
[LOG 11:30:01.018] Config(PART) Squad/Parts/Aero/fairings/fairingSize1/fairingSize1
[LOG 11:30:01.018] Config(PART) Squad/Parts/Aero/fairings/fairingSize2/fairingSize2
[LOG 11:30:01.018] Config(PART) Squad/Parts/Aero/fairings/fairingSize3/fairingSize3
[LOG 11:30:01.018] Config(PART) Squad/Parts/Aero/HeatShield/HeatShield0/HeatShield0
[LOG 11:30:01.019] Config(PART) Squad/Parts/Aero/HeatShield/HeatShield1/HeatShield1
[LOG 11:30:01.019] Config(PART) Squad/Parts/Aero/HeatShield/HeatShield2/HeatShield2
[LOG 11:30:01.019] Config(PART) Squad/Parts/Aero/HeatShield/HeatShield3/HeatShield3
[LOG 11:30:01.019] Config(PART) Squad/Parts/Aero/InflatableHeatShield/HeatShield/InflatableHeatShield
[LOG 11:30:01.019] Config(PART) Squad/Parts/Aero/intakeRadialLong/intakeRadialLong/IntakeRadialLong
[LOG 11:30:01.019] Config(PART) Squad/Parts/Aero/miniIntake/SmallIntake/miniIntake
[LOG 11:30:01.019] Config(PART) Squad/Parts/Aero/ramAirIntake/ramAirIntake/ramAirIntake
[LOG 11:30:01.019] Config(PART) Squad/Parts/Aero/shuttleWings/delta/wingShuttleDelta
[LOG 11:30:01.019] Config(PART) Squad/Parts/Aero/shuttleWings/elevon1/wingShuttleElevon1
[LOG 11:30:01.019] Config(PART) Squad/Parts/Aero/shuttleWings/elevon2/wingShuttleElevon2
[LOG 11:30:01.019] Config(PART) Squad/Parts/Aero/shuttleWings/rudder/wingShuttleRudder
[LOG 11:30:01.019] Config(PART) Squad/Parts/Aero/shuttleWings/strake/wingShuttleStrake
[LOG 11:30:01.019] Config(PART) Squad/Parts/Aero/wingletAV-R8/wingletAV-R8/R8winglet
[LOG 11:30:01.019] Config(PART) Squad/Parts/Aero/wingletAV-T1/wingletAV-T1/winglet
[LOG 11:30:01.019] Config(PART) Squad/Parts/Aero/wingletDeltaDeluxe/wingletDeltaDeluxe/winglet3
[LOG 11:30:01.019] Config(PART) Squad/Parts/Aero/wings/connector1/wingConnector
[LOG 11:30:01.019] Config(PART) Squad/Parts/Aero/wings/connector2/wingConnector2
[LOG 11:30:01.019] Config(PART) Squad/Parts/Aero/wings/connector3/wingConnector3
[LOG 11:30:01.019] Config(PART) Squad/Parts/Aero/wings/connector4/wingConnector4
[LOG 11:30:01.019] Config(PART) Squad/Parts/Aero/wings/connector5/wingConnector5
[LOG 11:30:01.019] Config(PART) Squad/Parts/Aero/wings/delta/deltaWing
[LOG 11:30:01.019] Config(PART) Squad/Parts/Aero/wings/delta_small/delta_small
[LOG 11:30:01.019] Config(PART) Squad/Parts/Aero/wings/elevon1/StandardCtrlSrf
[LOG 11:30:01.019] Config(PART) Squad/Parts/Aero/wings/elevon2/elevon2
[LOG 11:30:01.019] Config(PART) Squad/Parts/Aero/wings/elevon3/elevon3
[LOG 11:30:01.019] Config(PART) Squad/Parts/Aero/wings/elevon4/smallCtrlSrf
[LOG 11:30:01.019] Config(PART) Squad/Parts/Aero/wings/elevon5/elevon5
[LOG 11:30:01.020] Config(PART) Squad/Parts/Aero/wings/strake/wingStrake
[LOG 11:30:01.020] Config(PART) Squad/Parts/Aero/wings/structural1/structuralWing
[LOG 11:30:01.020] Config(PART) Squad/Parts/Aero/wings/structural2/structuralWing2
[LOG 11:30:01.020] Config(PART) Squad/Parts/Aero/wings/structural3/structuralWing3
[LOG 11:30:01.020] Config(PART) Squad/Parts/Aero/wings/structural4/structuralWing4
[LOG 11:30:01.020] Config(PART) Squad/Parts/Aero/wings/swept1/sweptWing1
[LOG 11:30:01.020] Config(PART) Squad/Parts/Aero/wings/swept2/sweptWing2
[LOG 11:30:01.020] Config(PART) Squad/Parts/Cargo/CargoContainers/cargoContainer/cargoContainer
[LOG 11:30:01.020] Config(PART) Squad/Parts/Cargo/CargoContainers/smallCargoContainer/smallCargoContainer
[LOG 11:30:01.020] Config(PART) Squad/Parts/Cargo/Cylinder/Cylinder/evaCylinder
[LOG 11:30:01.020] Config(PART) Squad/Parts/Cargo/GroundAnchor/groundAnchor/groundAnchor
[LOG 11:30:01.020] Config(PART) Squad/Parts/Cargo/Jetpack/Jetpack/evaJetpack
[LOG 11:30:01.020] Config(PART) Squad/Parts/Cargo/Parachute/Parachute/evaChute
[LOG 11:30:01.020] Config(PART) Squad/Parts/Cargo/RepairKit/RepairKit/evaRepairKit
[LOG 11:30:01.020] Config(PART) Squad/Parts/Cargo/ScienceKit/evaScienceKit/evaScienceKit
[LOG 11:30:01.020] Config(PART) Squad/Parts/Cargo/StorageUnits/CargoStorageUnit/CargoStorageUnit
[LOG 11:30:01.020] Config(PART) Squad/Parts/Cargo/StorageUnits/ConformalStorageUnit/ConformalStorageUnit
[LOG 11:30:01.020] Config(PART) Squad/Parts/Command/advancedSasModuleLarge/advSasModuleLarge/asasmodule1-2
[LOG 11:30:01.020] Config(PART) Squad/Parts/Command/cupola/cupola/cupola
[LOG 11:30:01.020] Config(PART) Squad/Parts/Command/externalCommandSeat/externalCommandSeat/seatExternalCmd
[LOG 11:30:01.020] Config(PART) Squad/Parts/Command/hitchhikerStorageContainer/hitchikerStorageContainer/crewCabin
[LOG 11:30:01.020] Config(PART) Squad/Parts/Command/inlineAdvancedStabilizer/inlineAdvancedStabilizer/advSasModule
[LOG 11:30:01.020] Config(PART) Squad/Parts/Command/inlineReactionWheel/inlineReactionWheel/sasModule
[LOG 11:30:01.021] Config(PART) Squad/Parts/Command/Mk1-3Pod/mk1-3/mk1-3pod
[LOG 11:30:01.021] Config(PART) Squad/Parts/Command/mk1Cockpits/mk1Cockpit/Mark1Cockpit
[LOG 11:30:01.021] Config(PART) Squad/Parts/Command/mk1Cockpits/mk1CrewCabin/MK1CrewCabin
[LOG 11:30:01.021] Config(PART) Squad/Parts/Command/mk1Cockpits/mk1InlineCockpit/Mark2Cockpit
[LOG 11:30:01.021] Config(PART) Squad/Parts/Command/mk1LanderCan/mk1LanderCan/landerCabinSmall
[LOG 11:30:01.021] Config(PART) Squad/Parts/Command/mk1pod_v2/mk1Pod_v2/mk1pod_v2
[LOG 11:30:01.021] Config(PART) Squad/Parts/Command/mk2CockpitInline/mk2CockpitInline/mk2Cockpit_Inline
[LOG 11:30:01.021] Config(PART) Squad/Parts/Command/mk2CockpitStandard/mk2CockpitStandard/mk2Cockpit_Standard
[LOG 11:30:01.021] Config(PART) Squad/Parts/Command/mk2DroneCore/mk2Dronecore/mk2DroneCore
[LOG 11:30:01.021] Config(PART) Squad/Parts/Command/mk2LanderCan/mk2LanderCan/mk2LanderCabin
[LOG 11:30:01.021] Config(PART) Squad/Parts/Command/mk2LanderCan_v2/mk2LanderCan_v2/mk2LanderCabin_v2
[LOG 11:30:01.021] Config(PART) Squad/Parts/Command/mk3CockpitShuttle/mk3CockpitShuttle/mk3Cockpit_Shuttle
[LOG 11:30:01.021] Config(PART) Squad/Parts/Command/MpoProbe/MpoProbe/MpoProbe
[LOG 11:30:01.021] Config(PART) Squad/Parts/Command/MtmStage/MTM_Stage/MtmStage
[LOG 11:30:01.021] Config(PART) Squad/Parts/Command/probeCoreCube/probeCoreCube/probeCoreCube
[LOG 11:30:01.021] Config(PART) Squad/Parts/Command/probeCoreHex/probeCoreHex/probeCoreHex
[LOG 11:30:01.021] Config(PART) Squad/Parts/Command/probeCoreHex_v2/probeCoreHex_v2/probeCoreHex_v2
[LOG 11:30:01.021] Config(PART) Squad/Parts/Command/probeCoreOcto2_v2/probeCoreOcto2_v2/probeCoreOcto2_v2
[LOG 11:30:01.021] Config(PART) Squad/Parts/Command/probeCoreOcto_v2/probeCoreOcto_v2/probeCoreOcto_v2
[LOG 11:30:01.021] Config(PART) Squad/Parts/Command/probeRoverBody/probeRoverBody/roverBody
[LOG 11:30:01.021] Config(PART) Squad/Parts/Command/probeRoverBody_v2/probeRoverBody_v2/roverBody_v2
[LOG 11:30:01.021] Config(PART) Squad/Parts/Command/probeStackLarge/probeStackLarge/probeStackLarge
[LOG 11:30:01.021] Config(PART) Squad/Parts/Command/probeStackSmall/probeStackSmall/probeStackSmall
[LOG 11:30:01.021] Config(PART) Squad/Parts/Command/probeStackSphere_v2/probeStackSphere_v2/probeCoreSphere_v2
[LOG 11:30:01.022] Config(PART) Squad/Parts/CompoundParts/FuelLine/fuelLine/fuelLine
[LOG 11:30:01.022] Config(PART) Squad/Parts/CompoundParts/strutConnector/strutConnector/strutConnector
[LOG 11:30:01.022] Config(PART) Squad/Parts/Coupling/Decoupler_0/Decoupler_0
[LOG 11:30:01.022] Config(PART) Squad/Parts/Coupling/Decoupler_1/Decoupler_1
[LOG 11:30:01.022] Config(PART) Squad/Parts/Coupling/Decoupler_2/Decoupler_2
[LOG 11:30:01.022] Config(PART) Squad/Parts/Coupling/Decoupler_3/Decoupler_3
[LOG 11:30:01.022] Config(PART) Squad/Parts/Coupling/Separator_0/Separator_0
[LOG 11:30:01.022] Config(PART) Squad/Parts/Coupling/Separator_1/Separator_1
[LOG 11:30:01.022] Config(PART) Squad/Parts/Coupling/Separator_2/Separator_2
[LOG 11:30:01.022] Config(PART) Squad/Parts/Coupling/Separator_3/Separator_3
[LOG 11:30:01.022] Config(PART) Squad/Parts/Electrical/10CSolarPanels/OX-10C/solarPanelOX10C
[LOG 11:30:01.022] Config(PART) Squad/Parts/Electrical/10CSolarPanels/SP-10C/solarPanelSP10C
[LOG 11:30:01.022] Config(PART) Squad/Parts/Electrical/10LSolarPanels/OX-10L/solarPanelOX10L
[LOG 11:30:01.022] Config(PART) Squad/Parts/Electrical/10LSolarPanels/SP-10L/solarPanelSP10L
[LOG 11:30:01.022] Config(PART) Squad/Parts/Electrical/1x6ShroudSolarPanels/1x6ShroudSolarPanels/solarPanels2
[LOG 11:30:01.022] Config(PART) Squad/Parts/Electrical/1x6SolarPanels/1x6SolarPanels/solarPanels4
[LOG 11:30:01.022] Config(PART) Squad/Parts/Electrical/3x2ShroudSolarPanels/3x2ShroudSolarPanels/solarPanels1
[LOG 11:30:01.022] Config(PART) Squad/Parts/Electrical/3x2SolarPanels/3x2SolarPanels/solarPanels3
[LOG 11:30:01.022] Config(PART) Squad/Parts/Electrical/gigantorXlSolarArray/gigantorXlSolarArray/largeSolarPanel
[LOG 11:30:01.022] Config(PART) Squad/Parts/Electrical/radialFlatSolarPanel/radialFlatSolarPanel/solarPanels5
[LOG 11:30:01.022] Config(PART) Squad/Parts/Electrical/RTG/RTG/rtg
[LOG 11:30:01.022] Config(PART) Squad/Parts/Electrical/z-100Battery/z-100Battery/batteryPack
[LOG 11:30:01.022] Config(PART) Squad/Parts/Electrical/z-1kBattery/z-1kBattery/batteryBank
[LOG 11:30:01.022] Config(PART) Squad/Parts/Electrical/z-200Battery/z-200Battery/batteryBankMini
[LOG 11:30:01.022] Config(PART) Squad/Parts/Electrical/z-400Battery/z-400Battery/ksp_r_largeBatteryPack
[LOG 11:30:01.023] Config(PART) Squad/Parts/Electrical/z-4kBattery/z-4kBattery/batteryBankLarge
[LOG 11:30:01.023] Config(PART) Squad/Parts/Engine/ionEngine/ionEngine/ionEngine
[LOG 11:30:01.023] Config(PART) Squad/Parts/Engine/jetEngines/jetEngineAfterburning/turboJet
[LOG 11:30:01.023] Config(PART) Squad/Parts/Engine/jetEngines/jetEngineBasic/JetEngine
[LOG 11:30:01.023] Config(PART) Squad/Parts/Engine/jetEngines/jetEngineBig/turboFanSize2
[LOG 11:30:01.023] Config(PART) Squad/Parts/Engine/jetEngines/jetEngineTurbo/turboFanEngine
[LOG 11:30:01.023] Config(PART) Squad/Parts/Engine/liquidEngine24-77/liquidEngine24-77/smallRadialEngine
[LOG 11:30:01.023] Config(PART) Squad/Parts/Engine/liquidEngine24-77_v2/liquidEngine24-77_v2/smallRadialEngine_v2
[LOG 11:30:01.023] Config(PART) Squad/Parts/Engine/liquidEngine48-7S_v2/liquidEngine48-7S_v2/liquidEngineMini_v2
[LOG 11:30:01.023] Config(PART) Squad/Parts/Engine/liquidEngineAerospike/liquidEngineAerospike/toroidalAerospike
[LOG 11:30:01.023] Config(PART) Squad/Parts/Engine/liquidEngineLV-1_v2/liquidEngineLV-1R _v2/radialEngineMini_v2
[LOG 11:30:01.023] Config(PART) Squad/Parts/Engine/liquidEngineLV-1_v2/liquidEngineLV-1_v2/microEngine_v2
[LOG 11:30:01.023] Config(PART) Squad/Parts/Engine/liquidEngineLV-909_v2/liquidEngineLV-909_v2/liquidEngine3_v2
[LOG 11:30:01.023] Config(PART) Squad/Parts/Engine/liquidEngineLV-N/liquidEngineLV-N/nuclearEngine
[LOG 11:30:01.023] Config(PART) Squad/Parts/Engine/liquidEngineLV-T30/liquidEngineLV-T30/liquidEngine
[LOG 11:30:01.023] Config(PART) Squad/Parts/Engine/liquidEngineLV-T30_v2/liquidEngineLV-T30_v2/liquidEngine_v2
[LOG 11:30:01.023] Config(PART) Squad/Parts/Engine/liquidEngineLV-T45/liquidEngineLV-T45/liquidEngine2
[LOG 11:30:01.023] Config(PART) Squad/Parts/Engine/liquidEngineLV-T45_v2/liquidEngineLV-T45_v2/liquidEngine2_v2
[LOG 11:30:01.023] Config(PART) Squad/Parts/Engine/liquidEngineMainsail_v2/liquidEngineMainsail_v2/liquidEngineMainsail_v2
[LOG 11:30:01.023] Config(PART) Squad/Parts/Engine/liquidEngineMk55/liquidEngineMk55/radialLiquidEngine1-2
[LOG 11:30:01.023] Config(PART) Squad/Parts/Engine/liquidEnginePoodle_v2/liquidEnginePoodle_v2/liquidEngine2-2_v2
[LOG 11:30:01.023] Config(PART) Squad/Parts/Engine/liquidEngineSkipper_v2/skipperLiquidEngine_v2/engineLargeSkipper_v2
[LOG 11:30:01.023] Config(PART) Squad/Parts/Engine/liquidEngineSSME/SSME/SSME
[LOG 11:30:01.024] Config(PART) Squad/Parts/Engine/MassiveSRB/part/MassiveBooster
[LOG 11:30:01.024] Config(PART) Squad/Parts/Engine/miniJet/SmallJetEngine/miniJetEngine
[LOG 11:30:01.024] Config(PART) Squad/Parts/Engine/OMSEngine/omsEngine/omsEngine
[LOG 11:30:01.024] Config(PART) Squad/Parts/Engine/rapierEngine/rapierEngine/RAPIER
[LOG 11:30:01.024] Config(PART) Squad/Parts/Engine/Size1_SRBs/solidBoosterRT-10_v2/solidBooster_v2
[LOG 11:30:01.024] Config(PART) Squad/Parts/Engine/Size1_SRBs/solidBoosterRT-5_v2/solidBooster_sm_v2
[LOG 11:30:01.024] Config(PART) Squad/Parts/Engine/Size2LFB/part/Size2LFB
[LOG 11:30:01.024] Config(PART) Squad/Parts/Engine/Size2LFB_v2/part/Size2LFB_v2
[LOG 11:30:01.024] Config(PART) Squad/Parts/Engine/Size3AdvancedEngine/part/Size3AdvancedEngine
[LOG 11:30:01.024] Config(PART) Squad/Parts/Engine/Size3EngineCluster/part/Size3EngineCluster
[LOG 11:30:01.024] Config(PART) Squad/Parts/Engine/solidBoosterBACC/solidBoosterBACC/solidBooster1-1
[LOG 11:30:01.024] Config(PART) Squad/Parts/Engine/solidBoosterS2-17/solidBoosterS2-17/Thoroughbred
[LOG 11:30:01.024] Config(PART) Squad/Parts/Engine/solidBoosterS2-33/solidBoosterS2-33/Clydesdale
[LOG 11:30:01.024] Config(PART) Squad/Parts/Engine/solidBoosterSep/solidBoosterSep/sepMotor1
[LOG 11:30:01.024] Config(PART) Squad/Parts/Engine/SolidBoostersF/SolidBoosterF3S0/Shrimp
[LOG 11:30:01.024] Config(PART) Squad/Parts/Engine/SolidBoostersF/SolidBoosterFM1/Mite
[LOG 11:30:01.024] Config(PART) Squad/Parts/FuelTank/adapterTanks/Mk3-Mk2/adapterMk3-Mk2
[LOG 11:30:01.024] Config(PART) Squad/Parts/FuelTank/adapterTanks/Mk3-ShuttleAdapter/adapterEngines
[LOG 11:30:01.024] Config(PART) Squad/Parts/FuelTank/adapterTanks/Mk3-Size2/adapterMk3-Size2
[LOG 11:30:01.024] Config(PART) Squad/Parts/FuelTank/adapterTanks/Mk3-Size2Slant/adapterMk3-Size2Slant
[LOG 11:30:01.024] Config(PART) Squad/Parts/FuelTank/adapterTanks/Size2-Mk2/adapterSize2-Mk2
[LOG 11:30:01.024] Config(PART) Squad/Parts/FuelTank/adapterTanks/Size2-Size1/adapterSize2-Size1
[LOG 11:30:01.024] Config(PART) Squad/Parts/FuelTank/adapterTanks/Size2-Size1Slant/adapterSize2-Size1Slant
[LOG 11:30:01.024] Config(PART) Squad/Parts/FuelTank/adapterTanks/Size3-Mk3/adapterSize3-Mk3
[LOG 11:30:01.024] Config(PART) Squad/Parts/FuelTank/drainTankFTE-1/ReleaseValve/ReleaseValve
[LOG 11:30:01.025] Config(PART) Squad/Parts/FuelTank/FoilTanks/RadialTank_Capsule/externalTankCapsule
[LOG 11:30:01.025] Config(PART) Squad/Parts/FuelTank/FoilTanks/RadialTank_Round/externalTankRound
[LOG 11:30:01.025] Config(PART) Squad/Parts/FuelTank/FoilTanks/ToroidTank/externalTankToroid
[LOG 11:30:01.025] Config(PART) Squad/Parts/FuelTank/fuelTankOscarB/fuelTankOscarB/miniFuelTank
[LOG 11:30:01.025] Config(PART) Squad/Parts/FuelTank/miniFuselage/miniFuselage/miniFuselage
[LOG 11:30:01.025] Config(PART) Squad/Parts/FuelTank/mk2Adapters/bicoupler/mk2_1m_Bicoupler
[LOG 11:30:01.025] Config(PART) Squad/Parts/FuelTank/mk2Adapters/long/mk2_1m_AdapterLong
[LOG 11:30:01.025] Config(PART) Squad/Parts/FuelTank/mk2Adapters/standard/mk2SpacePlaneAdapter
[LOG 11:30:01.025] Config(PART) Squad/Parts/FuelTank/mk2FuselageLong/LFO_long/mk2FuselageLongLFO
[LOG 11:30:01.025] Config(PART) Squad/Parts/FuelTank/mk2FuselageLong/L_long/mk2Fuselage
[LOG 11:30:01.025] Config(PART) Squad/Parts/FuelTank/mk2FuselageShort/LFO_short/mk2FuselageShortLFO
[LOG 11:30:01.025] Config(PART) Squad/Parts/FuelTank/mk2FuselageShort/L_short/mk2FuselageShortLiquid
[LOG 11:30:01.025] Config(PART) Squad/Parts/FuelTank/mk2FuselageShort/Mono_short/mk2FuselageShortMono
[LOG 11:30:01.025] Config(PART) Squad/Parts/FuelTank/mk3Fuselage/CREW/mk3CrewCabin
[LOG 11:30:01.025] Config(PART) Squad/Parts/FuelTank/mk3Fuselage/LFO_100/mk3FuselageLFO_100
[LOG 11:30:01.025] Config(PART) Squad/Parts/FuelTank/mk3Fuselage/LFO_25/mk3FuselageLFO_25
[LOG 11:30:01.025] Config(PART) Squad/Parts/FuelTank/mk3Fuselage/LFO_50/mk3FuselageLFO_50
[LOG 11:30:01.025] Config(PART) Squad/Parts/FuelTank/mk3Fuselage/LF_100/mk3FuselageLF_100
[LOG 11:30:01.025] Config(PART) Squad/Parts/FuelTank/mk3Fuselage/LF_25/mk3FuselageLF_25
[LOG 11:30:01.025] Config(PART) Squad/Parts/FuelTank/mk3Fuselage/LF_50/mk3FuselageLF_50
[LOG 11:30:01.025] Config(PART) Squad/Parts/FuelTank/mk3Fuselage/MONO/mk3FuselageMONO
[LOG 11:30:01.025] Config(PART) Squad/Parts/FuelTank/RCSFuelTankR1/RCSFuelTankR1/RCSTank1-2
[LOG 11:30:01.025] Config(PART) Squad/Parts/FuelTank/RCSFuelTankR10/RCSFuelTankR10/rcsTankMini
[LOG 11:30:01.025] Config(PART) Squad/Parts/FuelTank/RCSFuelTankR25/RCSFuelTankR25/RCSFuelTank
[LOG 11:30:01.025] Config(PART) Squad/Parts/FuelTank/RCSTankRadial/radialRCSTank/radialRCSTank
[LOG 11:30:01.025] Config(PART) Squad/Parts/FuelTank/RCStankRadialLong/RCSTankRadialLong/rcsTankRadialLong
[LOG 11:30:01.025] Config(PART) Squad/Parts/FuelTank/RockomaxTanks/Rockomax16/Rockomax16_BW
[LOG 11:30:01.025] Config(PART) Squad/Parts/FuelTank/RockomaxTanks/Rockomax32/Rockomax32_BW
[LOG 11:30:01.026] Config(PART) Squad/Parts/FuelTank/RockomaxTanks/Rockomax64/Rockomax64_BW
[LOG 11:30:01.026] Config(PART) Squad/Parts/FuelTank/RockomaxTanks/Rockomax8/Rockomax8BW
[LOG 11:30:01.026] Config(PART) Squad/Parts/FuelTank/Size1_Tanks/fuelTankT100/fuelTankSmallFlat
[LOG 11:30:01.026] Config(PART) Squad/Parts/FuelTank/Size1_Tanks/fuelTankT200/fuelTankSmall
[LOG 11:30:01.026] Config(PART) Squad/Parts/FuelTank/Size1_Tanks/fuelTankT400/fuelTank
[LOG 11:30:01.026] Config(PART) Squad/Parts/FuelTank/Size1_Tanks/fuelTankT800/fuelTank_long
[LOG 11:30:01.026] Config(PART) Squad/Parts/FuelTank/Size3Tanks/large/Size3LargeTank
[LOG 11:30:01.026] Config(PART) Squad/Parts/FuelTank/Size3Tanks/medium/Size3MediumTank
[LOG 11:30:01.026] Config(PART) Squad/Parts/FuelTank/Size3Tanks/small/Size3SmallTank
[LOG 11:30:01.026] Config(PART) Squad/Parts/FuelTank/xenonTank/xenonTank/xenonTank
[LOG 11:30:01.026] Config(PART) Squad/Parts/FuelTank/xenonTankLarge/xenonTankLarge/xenonTankLarge
[LOG 11:30:01.026] Config(PART) Squad/Parts/FuelTank/xenonTankRadial/xenonTankRadial/xenonTankRadial
[LOG 11:30:01.026] Config(PART) Squad/Parts/Misc/AsteroidDay/CamSat/InfraredTelescope
[LOG 11:30:01.026] Config(PART) Squad/Parts/Misc/AsteroidDay/HECS2/HECS2_ProbeCore
[LOG 11:30:01.026] Config(PART) Squad/Parts/Misc/AsteroidDay/HighGainAntenna/HighGainAntenna
[LOG 11:30:01.026] Config(PART) Squad/Parts/Misc/AsteroidDay/LgRadialSolar/LgRadialSolarPanel
[LOG 11:30:01.026] Config(PART) Squad/Parts/Misc/PotatoComet/part/PotatoComet
[LOG 11:30:01.026] Config(PART) Squad/Parts/Misc/PotatoRoid/part/PotatoRoid
[LOG 11:30:01.026] Config(PART) Squad/Parts/Prebuilt/flag/flag
[LOG 11:30:01.026] Config(PART) Squad/Parts/Prebuilt/kerbalEVA/kerbalEVA
[LOG 11:30:01.026] Config(PART) Squad/Parts/Prebuilt/kerbalEVAfemale/kerbalEVAfemale
[LOG 11:30:01.026] Config(PART) Squad/Parts/Prebuilt/kerbalEVASlimSuit/kerbalEVASlimSuit
[LOG 11:30:01.026] Config(PART) Squad/Parts/Prebuilt/kerbalEVASlimSuitFemale/kerbalEVASlimSuitFemale
[LOG 11:30:01.026] Config(PART) Squad/Parts/Resources/FuelCell/FuelCell/FuelCell
[LOG 11:30:01.026] Config(PART) Squad/Parts/Resources/FuelCell/FuelCellArray/FuelCellArray
[LOG 11:30:01.026] Config(PART) Squad/Parts/Resources/ISRU/ISRU/ISRU
[LOG 11:30:01.027] Config(PART) Squad/Parts/Resources/LargeTank/LargeTank/LargeTank
[LOG 11:30:01.027] Config(PART) Squad/Parts/Resources/MiniDrill/MiniDrill/MiniDrill
[LOG 11:30:01.027] Config(PART) Squad/Parts/Resources/MiniISRU/MiniISRU/MiniISRU
[LOG 11:30:01.027] Config(PART) Squad/Parts/Resources/OrbitalScanner/OrbitalScanner/OrbitalScanner
[LOG 11:30:01.027] Config(PART) Squad/Parts/Resources/RadialDrill/RadialDrill/RadialDrill
[LOG 11:30:01.027] Config(PART) Squad/Parts/Resources/RadialTank/RadialTank/RadialOreTank
[LOG 11:30:01.027] Config(PART) Squad/Parts/Resources/SmallTank/SmallTank/SmallTank
[LOG 11:30:01.027] Config(PART) Squad/Parts/Resources/SurfaceScanner/SurfaceScanner/SurfaceScanner
[LOG 11:30:01.027] Config(PART) Squad/Parts/Resources/SurveyScanner/SurveyScanner/SurveyScanner
[LOG 11:30:01.027] Config(PART) Squad/Parts/Science/AtmosphereSensor/sensorAtmosphere/sensorAtmosphere
[LOG 11:30:01.027] Config(PART) Squad/Parts/Science/GooExperiment/gooExperiment/GooExperiment
[LOG 11:30:01.027] Config(PART) Squad/Parts/Science/LargeCrewedLab/largeCrewedLab/Large_Crewed_Lab
[LOG 11:30:01.027] Config(PART) Squad/Parts/Science/Magnetometer/Magnetometer/Magnetometer
[LOG 11:30:01.027] Config(PART) Squad/Parts/Science/MaterialBay/materialBay/science_module
[LOG 11:30:01.027] Config(PART) Squad/Parts/Science/ScienceBox/ScienceBox/ScienceBox
[LOG 11:30:01.027] Config(PART) Squad/Parts/Science/sensorAccelerometer/sensorAccelerometer/sensorAccelerometer
[LOG 11:30:01.027] Config(PART) Squad/Parts/Science/sensorBarometer/sensorBarometer/sensorBarometer
[LOG 11:30:01.027] Config(PART) Squad/Parts/Science/sensorGravimeter/sensorGravimeter/sensorGravimeter
[LOG 11:30:01.027] Config(PART) Squad/Parts/Science/sensorThermometer/sensorThermometer/sensorThermometer
[LOG 11:30:01.027] Config(PART) Squad/Parts/Structural/FLAdapters/adapterSmallMiniShort/adapterSmallMiniShort
[LOG 11:30:01.027] Config(PART) Squad/Parts/Structural/FLAdapters/adapterSmallMiniTall/adapterSmallMiniTall
[LOG 11:30:01.027] Config(PART) Squad/Parts/Structural/mk1Parts/engineBodyRadial/radialEngineBody
[LOG 11:30:01.027] Config(PART) Squad/Parts/Structural/mk1Parts/engineNacelle/nacelleBody
[LOG 11:30:01.027] Config(PART) Squad/Parts/Structural/mk1Parts/mk1Fuselage/MK1Fuselage
[LOG 11:30:01.028] Config(PART) Squad/Parts/Structural/mk1Parts/mk1FuselageIntake/MK1IntakeFuselage
[LOG 11:30:01.028] Config(PART) Squad/Parts/Structural/mk1Parts/mk1Structural/Mk1FuselageStructural
[LOG 11:30:01.028] Config(PART) Squad/Parts/Structural/Size3To2Adapter_v2/Size2to3_v2/Size3To2Adapter_v2
[LOG 11:30:01.028] Config(PART) Squad/Parts/Structural/stackAdapters/adapterLargeSmallBi/adapterLargeSmallBi
[LOG 11:30:01.028] Config(PART) Squad/Parts/Structural/stackAdapters/adapterLargeSmallQuad/adapterLargeSmallQuad
[LOG 11:30:01.028] Config(PART) Squad/Parts/Structural/stackAdapters/adapterLargeSmallTri/adapterLargeSmallTri
[LOG 11:30:01.028] Config(PART) Squad/Parts/Structural/stationHub/stationHub/stationHub
[LOG 11:30:01.028] Config(PART) Squad/Parts/Structural/structuralIBeam200/structuralIBeam200/structuralIBeam2
[LOG 11:30:01.028] Config(PART) Squad/Parts/Structural/structuralIBeam200Pocket/structuralIBeam200Pocket/structuralIBeam3
[LOG 11:30:01.028] Config(PART) Squad/Parts/Structural/structuralIBeam650/structuralIBeam650/structuralIBeam1
[LOG 11:30:01.028] Config(PART) Squad/Parts/Structural/structuralMicronode/structuralMicronode/structuralMiniNode
[LOG 11:30:01.028] Config(PART) Squad/Parts/Structural/structuralPanel1x1/structuralPanel1x1/structuralPanel1
[LOG 11:30:01.028] Config(PART) Squad/Parts/Structural/structuralPanel2x2/structuralPanel2x2/structuralPanel2
[LOG 11:30:01.028] Config(PART) Squad/Parts/Structural/structuralPylons/smallHardpoint/smallHardpoint
[LOG 11:30:01.028] Config(PART) Squad/Parts/Structural/structuralPylons/structuralPylon/structuralPylon
[LOG 11:30:01.028] Config(PART) Squad/Parts/Structural/strutCubicOcto/strutCubicOcto/strutCube
[LOG 11:30:01.028] Config(PART) Squad/Parts/Structural/strutOcto/strutOcto/strutOcto
[LOG 11:30:01.028] Config(PART) Squad/Parts/Structural/trussGirderAdapter/trussGirderAdapter/trussAdapter
[LOG 11:30:01.028] Config(PART) Squad/Parts/Structural/trussGirderL/trussGirderL/trussPiece1x
[LOG 11:30:01.028] Config(PART) Squad/Parts/Structural/trussGirderXL/trussGirderXL/trussPiece3x
[LOG 11:30:01.028] Config(PART) Squad/Parts/Thermal/FoldingRadiators/foldingRadLarge/foldingRadLarge
[LOG 11:30:01.028] Config(PART) Squad/Parts/Thermal/FoldingRadiators/foldingRadMed/foldingRadMed
[LOG 11:30:01.028] Config(PART) Squad/Parts/Thermal/FoldingRadiators/foldingRadSmall/foldingRadSmall
[LOG 11:30:01.028] Config(PART) Squad/Parts/Thermal/RadiatorPanels/radPanelEdge/radPanelEdge
[LOG 11:30:01.028] Config(PART) Squad/Parts/Thermal/RadiatorPanels/radPanelLg/radPanelLg
[LOG 11:30:01.028] Config(PART) Squad/Parts/Thermal/RadiatorPanels/radPanelSm/radPanelSm
[LOG 11:30:01.028] Config(PART) Squad/Parts/Utility/commDish88-88/commDish88-88/commDish
[LOG 11:30:01.029] Config(PART) Squad/Parts/Utility/commsAntennaDTS-M1/commsAntennaDTS-M1/mediumDishAntenna
[LOG 11:30:01.029] Config(PART) Squad/Parts/Utility/commsDish16/commsAntenna16/longAntenna
[LOG 11:30:01.029] Config(PART) Squad/Parts/Utility/decouplerRadialHDM/decouplerRadialHDM/radialDecoupler1-2
[LOG 11:30:01.029] Config(PART) Squad/Parts/Utility/decouplerRadialTT-38K/decouplerRadialTT-38K/radialDecoupler
[LOG 11:30:01.029] Config(PART) Squad/Parts/Utility/decouplerRadialTT-70/decouplerRadialTT-70/radialDecoupler2
[LOG 11:30:01.029] Config(PART) Squad/Parts/Utility/DirectAntennas/C16S/SurfAntenna
[LOG 11:30:01.029] Config(PART) Squad/Parts/Utility/DirectAntennas/HG-5/HighGainAntenna5
[LOG 11:30:01.029] Config(PART) Squad/Parts/Utility/DirectAntennas/HG-5_v2/HighGainAntenna5_v2
[LOG 11:30:01.029] Config(PART) Squad/Parts/Utility/dockingPort/dockingPort/dockingPort2
[LOG 11:30:01.029] Config(PART) Squad/Parts/Utility/dockingPortInline/dockingPortInline/dockingPortLateral
[LOG 11:30:01.029] Config(PART) Squad/Parts/Utility/dockingPortJr/dockingPortJr/dockingPort3
[LOG 11:30:01.029] Config(PART) Squad/Parts/Utility/dockingPortShielded/dockingPortShielded/dockingPort1
[LOG 11:30:01.029] Config(PART) Squad/Parts/Utility/dockingPortSr/dockingPortSr/dockingPortLarge
[LOG 11:30:01.029] Config(PART) Squad/Parts/Utility/Fireworks/fireworksLauncherBig/fireworksLauncherBig
[LOG 11:30:01.029] Config(PART) Squad/Parts/Utility/Fireworks/fireworksLauncherSmall/fireworksLauncherSmall
[LOG 11:30:01.029] Config(PART) Squad/Parts/Utility/flags/flagFlat/flagFlat/flagPartFlat
[LOG 11:30:01.029] Config(PART) Squad/Parts/Utility/flags/flagSize0/flagSize0/flagPartSize0
[LOG 11:30:01.029] Config(PART) Squad/Parts/Utility/flags/flagSize1/flagSize1/flagPartSize1
[LOG 11:30:01.029] Config(PART) Squad/Parts/Utility/flags/flagSize2/flagSize2/flagPartSize2
[LOG 11:30:01.029] Config(PART) Squad/Parts/Utility/flags/flagSize3/flagSize3/flagPartSize3
[LOG 11:30:01.029] Config(PART) Squad/Parts/Utility/GrapplingDevice/part/GrapplingDevice
[LOG 11:30:01.029] Config(PART) Squad/Parts/Utility/ladderRadial/ladderRadial/ladder1
[LOG 11:30:01.029] Config(PART) Squad/Parts/Utility/ladderTelescopic/ladderTelescopic/telescopicLadder
[LOG 11:30:01.029] Config(PART) Squad/Parts/Utility/ladderTelescopicBay/ladderTelescopicBay/telescopicLadderBay
[LOG 11:30:01.030] Config(PART) Squad/Parts/Utility/landingLegLT-1/landingLegLT-1/landingLeg1
[LOG 11:30:01.030] Config(PART) Squad/Parts/Utility/landingLegLT-2/landingLegLT-2/landingLeg1-2
[LOG 11:30:01.030] Config(PART) Squad/Parts/Utility/landingLegLT-5/landingLegLT-5/miniLandingLeg
[LOG 11:30:01.030] Config(PART) Squad/Parts/Utility/launchClamp1/launchClamp1/launchClamp1
[LOG 11:30:01.030] Config(PART) Squad/Parts/Utility/launchEscapeSystem/part/LaunchEscapeSystem
[LOG 11:30:01.030] Config(PART) Squad/Parts/Utility/Lights/domeLight1/domeLight1
[LOG 11:30:01.030] Config(PART) Squad/Parts/Utility/Lights/groundLight1/groundLight1
[LOG 11:30:01.030] Config(PART) Squad/Parts/Utility/Lights/groundLight2/groundLight2
[LOG 11:30:01.030] Config(PART) Squad/Parts/Utility/Lights/navLight1/navLight1
[LOG 11:30:01.030] Config(PART) Squad/Parts/Utility/Lights/spotLight1/spotLight3
[LOG 11:30:01.030] Config(PART) Squad/Parts/Utility/Lights/stripLight1/stripLight1
[LOG 11:30:01.030] Config(PART) Squad/Parts/Utility/linearVernorRCS/linearRCS/linearRcs
[LOG 11:30:01.030] Config(PART) Squad/Parts/Utility/linearVernorRCS/vernorEngine/vernierEngine
[LOG 11:30:01.030] Config(PART) Squad/Parts/Utility/mk2CargoBay/BayL/mk2CargoBayL
[LOG 11:30:01.030] Config(PART) Squad/Parts/Utility/mk2CargoBay/BayS/mk2CargoBayS
[LOG 11:30:01.030] Config(PART) Squad/Parts/Utility/mk2CrewCabin/mk2CrewCabin/mk2CrewCabin
[LOG 11:30:01.030] Config(PART) Squad/Parts/Utility/mk2DockingPort/mk2DockingPort/mk2DockingPort
[LOG 11:30:01.030] Config(PART) Squad/Parts/Utility/mk3CargoBay/long/mk3CargoBayL
[LOG 11:30:01.030] Config(PART) Squad/Parts/Utility/mk3CargoBay/medium/mk3CargoBayM
[LOG 11:30:01.030] Config(PART) Squad/Parts/Utility/mk3CargoBay/ramp/mk3CargoRamp
[LOG 11:30:01.030] Config(PART) Squad/Parts/Utility/mk3CargoBay/short/mk3CargoBayS
[LOG 11:30:01.030] Config(PART) Squad/Parts/Utility/parachuteMk1/parachuteMk1/parachuteSingle
[LOG 11:30:01.030] Config(PART) Squad/Parts/Utility/parachuteMk12-R/parachuteMk12-R/radialDrogue
[LOG 11:30:01.030] Config(PART) Squad/Parts/Utility/parachuteMk16-XL/parachuteMk16-XL/parachuteLarge
[LOG 11:30:01.030] Config(PART) Squad/Parts/Utility/parachuteMk2-R/parachuteMk2-R/parachuteRadial
[LOG 11:30:01.030] Config(PART) Squad/Parts/Utility/parachuteMk25/parachuteMk25/parachuteDrogue
[LOG 11:30:01.031] Config(PART) Squad/Parts/Utility/radialAttachmentPoint/radialAttachmentPoint/stackPoint1
[LOG 11:30:01.031] Config(PART) Squad/Parts/Utility/rcsBlockRV-105_v2/rcsBlockRV-105/RCSBlock_v2
[LOG 11:30:01.031] Config(PART) Squad/Parts/Utility/rcsBlockRV-105_v2/RCSblock_01_small/RCSblock_01_small
[LOG 11:30:01.031] Config(PART) Squad/Parts/Utility/rcsSmallLinear/RCSLinearSmall/RCSLinearSmall
[LOG 11:30:01.031] Config(PART) Squad/Parts/Utility/RelayAntennas/RA-100/RelayAntenna100
[LOG 11:30:01.031] Config(PART) Squad/Parts/Utility/RelayAntennas/RA-5/RelayAntenna5
[LOG 11:30:01.031] Config(PART) Squad/Parts/Utility/RelayAntennas/RA-50/RelayAntenna50
[LOG 11:30:01.031] Config(PART) Squad/Parts/Utility/rockomaxAdapters/largeAdapter/largeAdapter
[LOG 11:30:01.031] Config(PART) Squad/Parts/Utility/rockomaxAdapters/largeAdapterShort/largeAdapter2
[LOG 11:30:01.031] Config(PART) Squad/Parts/Utility/ServiceBay_v2/ServiceBay_125_v2/ServiceBay_125_v2
[LOG 11:30:01.031] Config(PART) Squad/Parts/Utility/ServiceBay_v2/ServiceBay_250_v2/ServiceBay_250_v2
[LOG 11:30:01.031] Config(PART) Squad/Parts/Utility/smallClaw/smallClaw/smallClaw
[LOG 11:30:01.031] Config(PART) Squad/Parts/Utility/spotLightMk1/spotLightMk1/spotLight1
[LOG 11:30:01.031] Config(PART) Squad/Parts/Utility/spotLightMk1_v2/spotLightMk1_v2/spotLight1_v2
[LOG 11:30:01.031] Config(PART) Squad/Parts/Utility/spotLightMk2/spotLightMk2/spotLight2
[LOG 11:30:01.031] Config(PART) Squad/Parts/Utility/spotLightMk2_v2/spotLightMk2_v2/spotLight2_v2
[LOG 11:30:01.031] Config(PART) Squad/Parts/Utility/stackCouplers/stackBiCoupler_v2/stackBiCoupler_v2
[LOG 11:30:01.031] Config(PART) Squad/Parts/Utility/stackCouplers/stackQuadCoupler/stackQuadCoupler
[LOG 11:30:01.031] Config(PART) Squad/Parts/Utility/stackCouplers/stackTriCoupler_v2/stackTriCoupler_v2
[LOG 11:30:01.031] Config(PART) Squad/Parts/Wheel/LandingGear/GearExtraLarge/GearLarge
[LOG 11:30:01.031] Config(PART) Squad/Parts/Wheel/LandingGear/GearFixed/GearFixed
[LOG 11:30:01.031] Config(PART) Squad/Parts/Wheel/LandingGear/GearFree/GearFree
[LOG 11:30:01.031] Config(PART) Squad/Parts/Wheel/LandingGear/GearLarge/GearMedium
[LOG 11:30:01.031] Config(PART) Squad/Parts/Wheel/LandingGear/GearMedium/GearSmall
[LOG 11:30:01.031] Config(PART) Squad/Parts/Wheel/LandingGear/GearSmall/SmallGearBay
[LOG 11:30:01.032] Config(PART) Squad/Parts/Wheel/roverWheelM1/roverWheelM1/roverWheel1
[LOG 11:30:01.032] Config(PART) Squad/Parts/Wheel/roverWheelS2/roverWheelS2/roverWheel2
[LOG 11:30:01.032] Config(PART) Squad/Parts/Wheel/roverWheelTR-2L/roverWheelTR-2L/wheelMed
[LOG 11:30:01.032] Config(PART) Squad/Parts/Wheel/roverWheelXL3/roverWheelXL3/roverWheel3
[LOG 11:30:01.032] Config(PROP) Squad/Props/AltimeterThreeHands/prop/AltimeterThreeHands
[LOG 11:30:01.032] Config(PROP) Squad/Props/AtmosphereDepth/prop/AtmosphereDepth
[LOG 11:30:01.032] Config(PROP) Squad/Props/AxisIndicator/pitchConfig/AxisIndicatorPitch
[LOG 11:30:01.032] Config(PROP) Squad/Props/AxisIndicator/rollConfig/AxisIndicatorRoll
[LOG 11:30:01.032] Config(PROP) Squad/Props/AxisIndicator/yawConfig/AxisIndicatorYaw
[LOG 11:30:01.032] Config(PROP) Squad/Props/buttonsGeneric/circularButton/genericCircularButton
[LOG 11:30:01.032] Config(PROP) Squad/Props/buttonsGeneric/clusterButtons/genericClusterButtons
[LOG 11:30:01.032] Config(PROP) Squad/Props/buttonsGeneric/clusterButtons2/genericClusterButtons2
[LOG 11:30:01.032] Config(PROP) Squad/Props/buttonsGeneric/clusterKnob/genericClusterKnobs
[LOG 11:30:01.032] Config(PROP) Squad/Props/buttonsGeneric/clusterKnob2/genericClusterKnobs2
[LOG 11:30:01.032] Config(PROP) Squad/Props/buttonsGeneric/clusterMixed/genericClusterMixed
[LOG 11:30:01.032] Config(PROP) Squad/Props/buttonsGeneric/clusterSwitches01/genericClusterSwitches01
[LOG 11:30:01.032] Config(PROP) Squad/Props/buttonsGeneric/clusterSwitches02/genericClusterSwitches02
[LOG 11:30:01.032] Config(PROP) Squad/Props/buttonsGeneric/clusterSwitches03/genericClusterSwitches03
[LOG 11:30:01.032] Config(PROP) Squad/Props/buttonsGeneric/clusterSwitches04/genericClusterSwitches04
[LOG 11:30:01.032] Config(PROP) Squad/Props/buttonsGeneric/clusterSwitches05/genericClusterSwitches05
[LOG 11:30:01.032] Config(PROP) Squad/Props/buttonsGeneric/clusterSwitches06/genericClusterSwitches06
[LOG 11:30:01.032] Config(PROP) Squad/Props/buttonsGeneric/clusterSwitches07/genericClusterSwitches07
[LOG 11:30:01.032] Config(PROP) Squad/Props/buttonsGeneric/directionalKnob/genericDirectionalKnob
[LOG 11:30:01.032] Config(PROP) Squad/Props/buttonsGeneric/directionalKnob2/genericDirectionalKnob2
[LOG 11:30:01.032] Config(PROP) Squad/Props/buttonsGeneric/pullSwitch/genericPullSwitch
[LOG 11:30:01.033] Config(PROP) Squad/Props/buttonsGeneric/squareButton/genericSquareButton
[LOG 11:30:01.033] Config(PROP) Squad/Props/buttonsGeneric/standingSwitch/genericStandingSwitch
[LOG 11:30:01.033] Config(PROP) Squad/Props/buttonsGeneric/switch/genericSwitch
[LOG 11:30:01.033] Config(PROP) Squad/Props/buttonsGeneric/switchWithGuards/genericSwitchWithGuards
[LOG 11:30:01.033] Config(PROP) Squad/Props/ButtonSquare/prop/ButtonSquare
[LOG 11:30:01.033] Config(PROP) Squad/Props/circularButton/prop/circularButton
[LOG 11:30:01.033] Config(PROP) Squad/Props/Compass/prop/Compass
[LOG 11:30:01.033] Config(PROP) Squad/Props/directionalKnob/prop/directionalKnob
[LOG 11:30:01.033] Config(PROP) Squad/Props/directionalKnob2/prop/directionalKnob2
[LOG 11:30:01.033] Config(PROP) Squad/Props/IndicatorPanel/prop/IndicatorPanel
[LOG 11:30:01.033] Config(PROP) Squad/Props/IVANavBall/prop/NavBall
[LOG 11:30:01.033] Config(PROP) Squad/Props/IVANavBallNoBase/prop/NavBallNoBase
[LOG 11:30:01.033] Config(PROP) Squad/Props/ledPanelSpeed/prop/ledPanelSpeed
[LOG 11:30:01.033] Config(PROP) Squad/Props/Monitor/DockingMode/MonitorDockingMode
[LOG 11:30:01.033] Config(PROP) Squad/Props/NavBall/prop/NavBall
[LOG 11:30:01.033] Config(PROP) Squad/Props/PropsGeneric/Button_DockingMode/Button_DockingMode
[LOG 11:30:01.033] Config(PROP) Squad/Props/PropsGeneric/CargoBagA/CargoBagA
[LOG 11:30:01.033] Config(PROP) Squad/Props/PropsGeneric/CargoBagB/CargoBagB
[LOG 11:30:01.033] Config(PROP) Squad/Props/PropsGeneric/CargoBagC/CargoBagC
[LOG 11:30:01.033] Config(PROP) Squad/Props/PropsGeneric/Hatch_Plane/Hatch_Plane
[LOG 11:30:01.033] Config(PROP) Squad/Props/PropsGeneric/Hatch_Plane_Curve90/Hatch_Plane_Curve90
[LOG 11:30:01.033] Config(PROP) Squad/Props/PropsGeneric/Hatch_Plane_Frame/Hatch_Plane_Frame
[LOG 11:30:01.033] Config(PROP) Squad/Props/PropsGeneric/Seat_Passenger/Seat_Passenger
[LOG 11:30:01.033] Config(PROP) Squad/Props/PropsGeneric/Seat_Pilot/Seat_Pilot
[LOG 11:30:01.033] Config(PROP) Squad/Props/PropsGeneric/Seat_Pilot_Helmet/Seat_Pilot_Helmet
[LOG 11:30:01.033] Config(PROP) Squad/Props/PropsGeneric/SideStick/SideStick
[LOG 11:30:01.033] Config(PROP) Squad/Props/pullSwitch/prop/pullSwitch
[LOG 11:30:01.033] Config(PROP) Squad/Props/radarAltitude/prop/RadarAltimeter
[LOG 11:30:01.033] Config(PROP) Squad/Props/squareButton/prop/squareButton
[LOG 11:30:01.034] Config(PROP) Squad/Props/standingSwitch/prop/standingSwitch
[LOG 11:30:01.034] Config(PROP) Squad/Props/switch/prop/switch
[LOG 11:30:01.034] Config(PROP) Squad/Props/switchGuard/prop/switchGuard
[LOG 11:30:01.034] Config(PROP) Squad/Props/switchWithGuards/prop/switchWithGuards
[LOG 11:30:01.034] Config(PROP) Squad/Props/throttle/prop/throttle
[LOG 11:30:01.034] Config(PROP) Squad/Props/VSI/prop/VSI
[LOG 11:30:01.034] Config(SPACEOBJECTS_LIMITS) Squad/Resources/CometDefs/SPACEOBJECTS_LIMITS
[LOG 11:30:01.034] Config(COMET_MANAGER) Squad/Resources/CometDefs/COMET_MANAGER
[LOG 11:30:01.034] Config(COMET_ORBIT_TYPE) Squad/Resources/CometDefs/short
[LOG 11:30:01.034] Config(COMET_ORBIT_TYPE) Squad/Resources/CometDefs/intermediate
[LOG 11:30:01.034] Config(COMET_ORBIT_TYPE) Squad/Resources/CometDefs/long
[LOG 11:30:01.034] Config(COMET_ORBIT_TYPE) Squad/Resources/CometDefs/interstellar
[LOG 11:30:01.034] Config(FIREWORKFX_DEFINITION) Squad/Resources/FireworkFXDefinitions/classicTrail
[LOG 11:30:01.034] Config(FIREWORKFX_DEFINITION) Squad/Resources/FireworkFXDefinitions/whirlyTrail
[LOG 11:30:01.034] Config(FIREWORKFX_DEFINITION) Squad/Resources/FireworkFXDefinitions/strobeTrail
[LOG 11:30:01.034] Config(FIREWORKFX_DEFINITION) Squad/Resources/FireworkFXDefinitions/bareTrail
[LOG 11:30:01.034] Config(FIREWORKFX_DEFINITION) Squad/Resources/FireworkFXDefinitions/classicBurst
[LOG 11:30:01.034] Config(FIREWORKFX_DEFINITION) Squad/Resources/FireworkFXDefinitions/chrysBurst
[LOG 11:30:01.034] Config(FIREWORKFX_DEFINITION) Squad/Resources/FireworkFXDefinitions/palmBurst
[LOG 11:30:01.034] Config(FIREWORKFX_DEFINITION) Squad/Resources/FireworkFXDefinitions/ringBurst
[LOG 11:30:01.034] Config(FIREWORKFX_DEFINITION) Squad/Resources/FireworkFXDefinitions/crosetteBurst
[LOG 11:30:01.034] Config(FIREWORKFX_DEFINITION) Squad/Resources/FireworkFXDefinitions/willowBurst
[LOG 11:30:01.034] Config(FIREWORKFX_DEFINITION) Squad/Resources/FireworkFXDefinitions/crackeBurst
[LOG 11:30:01.034] Config(FIREWORKFX_DEFINITION) Squad/Resources/FireworkFXDefinitions/palmCrackleBurst
[LOG 11:30:01.034] Config(FIREWORKFX_DEFINITION) Squad/Resources/FireworkFXDefinitions/dragonBurst
[LOG 11:30:01.034] Config(GLOBAL_RESOURCE) Squad/Resources/Ore/GLOBAL_RESOURCE
[LOG 11:30:01.034] Config(PLANETARY_RESOURCE) Squad/Resources/Ore/PLANETARY_RESOURCE
[LOG 11:30:01.034] Config(PLANETARY_RESOURCE) Squad/Resources/Ore/PLANETARY_RESOURCE
[LOG 11:30:01.034] Config(RESOURCE_OVERLAY_CONFIGURATION_SOLID) Squad/Resources/Overlay/RESOURCE_OVERLAY_CONFIGURATION_SOLID
[LOG 11:30:01.034] Config(RESOURCE_OVERLAY_CONFIGURATION_LINES) Squad/Resources/Overlay/RESOURCE_OVERLAY_CONFIGURATION_LINES
[LOG 11:30:01.035] Config(RESOURCE_OVERLAY_CONFIGURATION_DOTS) Squad/Resources/Overlay/RESOURCE_OVERLAY_CONFIGURATION_DOTS
[LOG 11:30:01.035] Config(RESOURCE_CONFIGURATION) Squad/Resources/ResourceDefaults/RESOURCE_CONFIGURATION
[LOG 11:30:01.035] Config(RESOURCE_DEFINITION) Squad/Resources/ResourcesGeneric/LiquidFuel
[LOG 11:30:01.035] Config(RESOURCE_DEFINITION) Squad/Resources/ResourcesGeneric/Oxidizer
[LOG 11:30:01.035] Config(RESOURCE_DEFINITION) Squad/Resources/ResourcesGeneric/SolidFuel
[LOG 11:30:01.035] Config(RESOURCE_DEFINITION) Squad/Resources/ResourcesGeneric/MonoPropellant
[LOG 11:30:01.035] Config(RESOURCE_DEFINITION) Squad/Resources/ResourcesGeneric/XenonGas
[LOG 11:30:01.035] Config(RESOURCE_DEFINITION) Squad/Resources/ResourcesGeneric/ElectricCharge
[LOG 11:30:01.035] Config(RESOURCE_DEFINITION) Squad/Resources/ResourcesGeneric/IntakeAir
[LOG 11:30:01.035] Config(RESOURCE_DEFINITION) Squad/Resources/ResourcesGeneric/EVA Propellant
[LOG 11:30:01.035] Config(RESOURCE_DEFINITION) Squad/Resources/ResourcesGeneric/Ore
[LOG 11:30:01.035] Config(RESOURCE_DEFINITION) Squad/Resources/ResourcesGeneric/Ablator
[LOG 11:30:01.035] Config(EXPERIMENT_DEFINITION) Squad/Resources/ScienceDefs/EXPERIMENT_DEFINITION
[LOG 11:30:01.035] Config(EXPERIMENT_DEFINITION) Squad/Resources/ScienceDefs/EXPERIMENT_DEFINITION
[LOG 11:30:01.035] Config(EXPERIMENT_DEFINITION) Squad/Resources/ScienceDefs/EXPERIMENT_DEFINITION
[LOG 11:30:01.035] Config(EXPERIMENT_DEFINITION) Squad/Resources/ScienceDefs/EXPERIMENT_DEFINITION
[LOG 11:30:01.035] Config(EXPERIMENT_DEFINITION) Squad/Resources/ScienceDefs/EXPERIMENT_DEFINITION
[LOG 11:30:01.035] Config(EXPERIMENT_DEFINITION) Squad/Resources/ScienceDefs/EXPERIMENT_DEFINITION
[LOG 11:30:01.035] Config(EXPERIMENT_DEFINITION) Squad/Resources/ScienceDefs/EXPERIMENT_DEFINITION
[LOG 11:30:01.035] Config(EXPERIMENT_DEFINITION) Squad/Resources/ScienceDefs/EXPERIMENT_DEFINITION
[LOG 11:30:01.035] Config(EXPERIMENT_DEFINITION) Squad/Resources/ScienceDefs/EXPERIMENT_DEFINITION
[LOG 11:30:01.035] Config(EXPERIMENT_DEFINITION) Squad/Resources/ScienceDefs/EXPERIMENT_DEFINITION
[LOG 11:30:01.035] Config(EXPERIMENT_DEFINITION) Squad/Resources/ScienceDefs/EXPERIMENT_DEFINITION
[LOG 11:30:01.035] Config(EXPERIMENT_DEFINITION) Squad/Resources/ScienceDefs/EXPERIMENT_DEFINITION
[LOG 11:30:01.035] Config(EXPERIMENT_DEFINITION) Squad/Resources/ScienceDefs/EXPERIMENT_DEFINITION
[LOG 11:30:01.036] Config(EXPERIMENT_DEFINITION) Squad/Resources/ScienceDefs/EXPERIMENT_DEFINITION
[LOG 11:30:01.036] Config(EXPERIMENT_DEFINITION) Squad/Resources/ScienceDefs/EXPERIMENT_DEFINITION
[LOG 11:30:01.036] Config(EXPERIMENT_DEFINITION) Squad/Resources/ScienceDefs/EXPERIMENT_DEFINITION
[LOG 11:30:01.036] Config(EXPERIMENT_DEFINITION) Squad/Resources/ScienceDefs/EXPERIMENT_DEFINITION
[LOG 11:30:01.036] Config(EXPERIMENT_DEFINITION) Squad/Resources/ScienceDefs/EXPERIMENT_DEFINITION
[LOG 11:30:01.036] Config(STORY_DEF) Squad/Resources/StoryDefs/STORY_DEF
[LOG 11:30:01.036] Config(TechTree) Squad/Resources/TechTree/TechTree
[LOG 11:30:01.036] Config(INTERNAL) Squad/Spaces/crewCabinInternals/internal/crewCabinInternals
[LOG 11:30:01.036] Config(INTERNAL) Squad/Spaces/cupolaInternal/internal/cupolaInternal
[LOG 11:30:01.036] Config(INTERNAL) Squad/Spaces/GenericSpace1/internal/GenericSpace1
[LOG 11:30:01.036] Config(INTERNAL) Squad/Spaces/GenericSpace3/internal/GenericSpace3
[LOG 11:30:01.036] Config(INTERNAL) Squad/Spaces/landerCabinInternals/internal/landerCabinInternals
[LOG 11:30:01.036] Config(INTERNAL) Squad/Spaces/landerCabinSmallInternal/internal/landerCabinSmallInternal
[LOG 11:30:01.036] Config(INTERNAL) Squad/Spaces/LargeCrewedLabInternals/internal/Mobile_Processing_Lab_Int
[LOG 11:30:01.036] Config(INTERNAL) Squad/Spaces/Mk1-3/internal/Mk1-3
[LOG 11:30:01.036] Config(INTERNAL) Squad/Spaces/mk1CabinInternal/internal/mk1CabinInternal
[LOG 11:30:01.036] Config(INTERNAL) Squad/Spaces/mk1CockpitInternal/internal/mk1CockpitInternal
[LOG 11:30:01.036] Config(INTERNAL) Squad/Spaces/mk1InlineInternal/internal/mk1InlineInternal
[LOG 11:30:01.036] Config(INTERNAL) Squad/Spaces/mk1PodCockpit/internal/mk1PodCockpit
[LOG 11:30:01.036] Config(INTERNAL) Squad/Spaces/mk1pod_IVA/mk1pod_Internal/mk1pod_IVA
[LOG 11:30:01.036] Config(INTERNAL) Squad/Spaces/mk2CockpitStandardInternal/internal/mk2CockpitStandardInternals
[LOG 11:30:01.036] Config(INTERNAL) Squad/Spaces/Mk2CrewCabinInternal/internal_MK2_CrewCab/MK2_CrewCab_Int
[LOG 11:30:01.036] Config(INTERNAL) Squad/Spaces/mk2InlineInternal/internal/mk2InlineInternal
[LOG 11:30:01.036] Config(INTERNAL) Squad/Spaces/mk2LanderCanInternal/internal/mk2LanderCanInternal
[LOG 11:30:01.036] Config(INTERNAL) Squad/Spaces/MK3CockpitInternal/internal_MK3/MK3_Cockpit_Int
[LOG 11:30:01.036] Config(INTERNAL) Squad/Spaces/MK3_CrewCab_Int/internal_MK3_CrewCab/MK3_CrewCab_Int
[LOG 11:30:01.037] Config(INTERNAL) Squad/Spaces/Placeholder/internal/Placeholder
[LOG 11:30:01.037] Config(INTERNAL) Squad/Spaces/PodCockpit/internal/PodCockpit
[LOG 11:30:01.037] Config(STRATEGY_DEPARTMENT) Squad/Strategies/Departments/Finances
[LOG 11:30:01.037] Config(STRATEGY_DEPARTMENT) Squad/Strategies/Departments/Science
[LOG 11:30:01.037] Config(STRATEGY_DEPARTMENT) Squad/Strategies/Departments/Public Relations
[LOG 11:30:01.037] Config(STRATEGY_DEPARTMENT) Squad/Strategies/Departments/Operations
[LOG 11:30:01.037] Config(STRATEGY) Squad/Strategies/Strategies/AppreciationCampaignCfg
[LOG 11:30:01.037] Config(STRATEGY) Squad/Strategies/Strategies/FundraisingCampaignCfg
[LOG 11:30:01.037] Config(STRATEGY) Squad/Strategies/Strategies/OpenSourceTechProgramCfg
[LOG 11:30:01.037] Config(STRATEGY) Squad/Strategies/Strategies/UnpaidResearchProgramCfg
[LOG 11:30:01.037] Config(STRATEGY) Squad/Strategies/Strategies/OutsourcedResearchCfg
[LOG 11:30:01.037] Config(STRATEGY) Squad/Strategies/Strategies/PatentsLicensingCfg
[LOG 11:30:01.037] Config(STRATEGY) Squad/Strategies/Strategies/AgressiveNegotiations
[LOG 11:30:01.037] Config(STRATEGY) Squad/Strategies/Strategies/RecoveryTransponders
[LOG 11:30:01.037] Config(STRATEGY) Squad/Strategies/Strategies/BailoutGrant
[LOG 11:30:01.037] Config(STRATEGY) Squad/Strategies/Strategies/researchIPsellout
[LOG 11:30:01.037] Config(STRATEGY) Squad/Strategies/Strategies/LeadershipInitiative
[LOG 11:30:01.037] Config(TUTORIAL) Squad/Tutorials/FlightSuborbital/FlightSuborbital
[LOG 11:30:01.037] Config(TUTORIAL) Squad/Tutorials/FromMun/FromMun
[LOG 11:30:01.037] Config(TUTORIAL) Squad/Tutorials/GoForOrbit/GoForOrbit
[LOG 11:30:01.037] Config(MISSIONPACK) SquadExpansion/MakingHistory/Missions/MissionPacks/squad_MakingHistory
[LOG 11:30:01.037] Config(MISSIONPACK) SquadExpansion/MakingHistory/Missions/MissionPacks/squad_MakingHistory_Other
[LOG 11:30:01.037] Config(MISSIONPACK) SquadExpansion/MakingHistory/Missions/MissionPacks/squad_MakingHistory_Tutorial
[LOG 11:30:01.037] Config(MEBASICNODE) SquadExpansion/MakingHistory/Nodes/AccuracyLogic/TestAccuracyLogic
[LOG 11:30:01.037] Config(MEBASICNODE) SquadExpansion/MakingHistory/Nodes/ActionChancePartResourceLevels/ActionPartResourceAmount
[LOG 11:30:01.038] Config(MEBASICNODE) SquadExpansion/MakingHistory/Nodes/ActionExplode/ActionVesselExplode
[LOG 11:30:01.038] Config(MEBASICNODE) SquadExpansion/MakingHistory/Nodes/ActionMissionScore/MissionScore
[LOG 11:30:01.038] Config(MEBASICNODE) SquadExpansion/MakingHistory/Nodes/ActionModifierFunds/ModifyFunds
[LOG 11:30:01.038] Config(MEBASICNODE) SquadExpansion/MakingHistory/Nodes/ActionModifierScore/MissionScore
[LOG 11:30:01.038] Config(MEBASICNODE) SquadExpansion/MakingHistory/Nodes/ActionPartExplode/ActionPartExplode
[LOG 11:30:01.038] Config(MEBASICNODE) SquadExpansion/MakingHistory/Nodes/ActionPartResourceDrain/ActionPartResourceDrain
[LOG 11:30:01.038] Config(MEBASICNODE) SquadExpansion/MakingHistory/Nodes/ActionVesselActionGroup/ActionVesselActionGroup
[LOG 11:30:01.038] Config(MEBASICNODE) SquadExpansion/MakingHistory/Nodes/ActionVesselStage/ActionVesselStage
[LOG 11:30:01.038] Config(MEBASICNODE) SquadExpansion/MakingHistory/Nodes/CreateAsteroid/CreateAsteroid
[LOG 11:30:01.038] Config(MEBASICNODE) SquadExpansion/MakingHistory/Nodes/CreateComet/CreateComet
[LOG 11:30:01.038] Config(MEBASICNODE) SquadExpansion/MakingHistory/Nodes/CreateFlag/CreateFlag
[LOG 11:30:01.038] Config(MEBASICNODE) SquadExpansion/MakingHistory/Nodes/CreateLaunchSite/CreateLaunchSite
[LOG 11:30:01.038] Config(MEBASICNODE) SquadExpansion/MakingHistory/Nodes/CreateVessel/CreateVessel
[LOG 11:30:01.038] Config(MEBASICNODE) SquadExpansion/MakingHistory/Nodes/CrewAssignment/TestCrewAssignment
[LOG 11:30:01.038] Config(MEBASICNODE) SquadExpansion/MakingHistory/Nodes/Destroyed/Crashed
[LOG 11:30:01.038] Config(MEBASICNODE) SquadExpansion/MakingHistory/Nodes/DialogMessage/DialogMessage
[LOG 11:30:01.038] Config(MEBASICNODE) SquadExpansion/MakingHistory/Nodes/Distance/Distance
[LOG 11:30:01.038] Config(MEBASICNODE) SquadExpansion/MakingHistory/Nodes/EmptyFalse/EmptyFalse
[LOG 11:30:01.038] Config(MEBASICNODE) SquadExpansion/MakingHistory/Nodes/EmptyTrue/EmptyTrue
[LOG 11:30:01.038] Config(MEBASICNODE) SquadExpansion/MakingHistory/Nodes/EscapeSOI/SOILeft
[LOG 11:30:01.038] Config(MEBASICNODE) SquadExpansion/MakingHistory/Nodes/EVA/EVA
[LOG 11:30:01.038] Config(MEBASICNODE) SquadExpansion/MakingHistory/Nodes/Flying/Flying
[LOG 11:30:01.038] Config(MEBASICNODE) SquadExpansion/MakingHistory/Nodes/FundsRecovery/FundsRecovery
[LOG 11:30:01.038] Config(MEBASICNODE) SquadExpansion/MakingHistory/Nodes/KerbalBoarded/TestKerbalBoarded
[LOG 11:30:01.038] Config(MEBASICNODE) SquadExpansion/MakingHistory/Nodes/KerbalKilled/EVA
[LOG 11:30:01.038] Config(MEBASICNODE) SquadExpansion/MakingHistory/Nodes/KerbalRecovery/KerbalRecovery
[LOG 11:30:01.038] Config(MEBASICNODE) SquadExpansion/MakingHistory/Nodes/KerbalRescue/KerbalRescue
[LOG 11:30:01.038] Config(MEBASICNODE) SquadExpansion/MakingHistory/Nodes/Landed/Landed
[LOG 11:30:01.039] Config(MEBASICNODE) SquadExpansion/MakingHistory/Nodes/Message/Message
[LOG 11:30:01.039] Config(MEBASICNODE) SquadExpansion/MakingHistory/Nodes/MissionFunds/MissionFunds
[LOG 11:30:01.039] Config(MEBASICNODE) SquadExpansion/MakingHistory/Nodes/MissionScore/MissionScore
[LOG 11:30:01.039] Config(MEBASICNODE) SquadExpansion/MakingHistory/Nodes/Orbit/Orbit
[LOG 11:30:01.039] Config(MEBASICNODE) SquadExpansion/MakingHistory/Nodes/OrbitParams/OrbitParams
[LOG 11:30:01.039] Config(MEBASICNODE) SquadExpansion/MakingHistory/Nodes/PartDocking/TestPartDocking
[LOG 11:30:01.039] Config(MEBASICNODE) SquadExpansion/MakingHistory/Nodes/PartFailure/PartFailure
[LOG 11:30:01.039] Config(MEBASICNODE) SquadExpansion/MakingHistory/Nodes/PartGrapple/TestGrapple
[LOG 11:30:01.039] Config(MEBASICNODE) SquadExpansion/MakingHistory/Nodes/PartRepair/PartRepair
[LOG 11:30:01.039] Config(MEBASICNODE) SquadExpansion/MakingHistory/Nodes/PlaceKerbal/CreateKerbal
[LOG 11:30:01.039] Config(MEBASICNODE) SquadExpansion/MakingHistory/Nodes/PlantFlag/PlantFlag
[LOG 11:30:01.039] Config(MEBASICNODE) SquadExpansion/MakingHistory/Nodes/ReachSOI/ReachSOI
[LOG 11:30:01.039] Config(MEBASICNODE) SquadExpansion/MakingHistory/Nodes/Resource/ResourceAmount
[LOG 11:30:01.039] Config(MEBASICNODE) SquadExpansion/MakingHistory/Nodes/ResourceRecovery/TestResourcesRecovery
[LOG 11:30:01.039] Config(MEBASICNODE) SquadExpansion/MakingHistory/Nodes/ScienceExperiment/ScienceExperiment
[LOG 11:30:01.039] Config(MEBASICNODE) SquadExpansion/MakingHistory/Nodes/SetCamera/SetCamera
[LOG 11:30:01.039] Config(MEBASICNODE) SquadExpansion/MakingHistory/Nodes/SplashDown/SplashDown
[LOG 11:30:01.039] Config(MEBASICNODE) SquadExpansion/MakingHistory/Nodes/StageActivated/TestVesselStageActivated
[LOG 11:30:01.039] Config(MEBASICNODE) SquadExpansion/MakingHistory/Nodes/TakeKerbal/TestTakeKerbal
[LOG 11:30:01.039] Config(MEBASICNODE) SquadExpansion/MakingHistory/Nodes/TestFlyThrough/TestFlyThrough
[LOG 11:30:01.039] Config(MEBASICNODE) SquadExpansion/MakingHistory/Nodes/TestGoTo/TestGoTo
[LOG 11:30:01.039] Config(MEBASICNODE) SquadExpansion/MakingHistory/Nodes/TimeMET/TimeMET
[LOG 11:30:01.039] Config(MEBASICNODE) SquadExpansion/MakingHistory/Nodes/TimeOfMission/TimeOfMission
[LOG 11:30:01.039] Config(MEBASICNODE) SquadExpansion/MakingHistory/Nodes/TimeSinceNode/TestTimeSinceNode
[LOG 11:30:01.039] Config(MEBASICNODE) SquadExpansion/MakingHistory/Nodes/VesselActiveCount/TestVesselActiveCount
[LOG 11:30:01.039] Config(MEBASICNODE) SquadExpansion/MakingHistory/Nodes/VesselAltitudeGoal/VesselAltitudeGoal
[LOG 11:30:01.040] Config(MEBASICNODE) SquadExpansion/MakingHistory/Nodes/VesselCrewCount/VeselCrewCount
[LOG 11:30:01.040] Config(MEBASICNODE) SquadExpansion/MakingHistory/Nodes/VesselMassLogic/VesselMass
[LOG 11:30:01.040] Config(MEBASICNODE) SquadExpansion/MakingHistory/Nodes/VesselPartCount/PartCount
[LOG 11:30:01.040] Config(MEBASICNODE) SquadExpansion/MakingHistory/Nodes/VesselRecovery/TestVesselRecovery
[LOG 11:30:01.040] Config(MEBASICNODE) SquadExpansion/MakingHistory/Nodes/VesselStage/TestVesselStage
[LOG 11:30:01.040] Config(MEBASICNODE) SquadExpansion/MakingHistory/Nodes/VesselVelocity/VesselVelocity
[LOG 11:30:01.040] Config(PART) SquadExpansion/MakingHistory/Parts/Aero/protectiveRocketNoseMk16/rocketNoseCone_size4/rocketNoseConeSize4
[LOG 11:30:01.040] Config(PART) SquadExpansion/MakingHistory/Parts/Aero/protectiveRocketNoseMk5A/Size_1_5_Cone/Size_1_5_Cone
[LOG 11:30:01.040] Config(PART) SquadExpansion/MakingHistory/Parts/Coupling/Decoupler_1p5/Decoupler_1p5
[LOG 11:30:01.040] Config(PART) SquadExpansion/MakingHistory/Parts/Coupling/Decoupler_4/Decoupler_4
[LOG 11:30:01.040] Config(PART) SquadExpansion/MakingHistory/Parts/Coupling/EnginePlate_1p5/EnginePlate1p5
[LOG 11:30:01.040] Config(PART) SquadExpansion/MakingHistory/Parts/Coupling/EnginePlate_2/EnginePlate2
[LOG 11:30:01.040] Config(PART) SquadExpansion/MakingHistory/Parts/Coupling/EnginePlate_3/EnginePlate3
[LOG 11:30:01.040] Config(PART) SquadExpansion/MakingHistory/Parts/Coupling/EnginePlate_4/EnginePlate4
[LOG 11:30:01.040] Config(PART) SquadExpansion/MakingHistory/Parts/Coupling/EnginePlate_5/EnginePlate5
[LOG 11:30:01.040] Config(PART) SquadExpansion/MakingHistory/Parts/Coupling/InflatableAirlock/InflatableAirlock
[LOG 11:30:01.040] Config(PART) SquadExpansion/MakingHistory/Parts/Coupling/Separator_1p5/Separator_1p5
[LOG 11:30:01.040] Config(PART) SquadExpansion/MakingHistory/Parts/Coupling/Separator_4/Separator_4
[LOG 11:30:01.040] Config(PART) SquadExpansion/MakingHistory/Parts/Coupling/Size1p5_Strut_Decoupler/Size1p5_Strut_Decoupler
[LOG 11:30:01.040] Config(PART) SquadExpansion/MakingHistory/Parts/Engine/LiquidEngineKE-1/LiquidEngineKE-1
[LOG 11:30:01.040] Config(PART) SquadExpansion/MakingHistory/Parts/Engine/LiquidEngineLV-T91/LiquidEngineLV-T91
[LOG 11:30:01.040] Config(PART) SquadExpansion/MakingHistory/Parts/Engine/LiquidEngineLV-TX87/LiquidEngineLV-TX87
[LOG 11:30:01.040] Config(PART) SquadExpansion/MakingHistory/Parts/Engine/LiquidEngineRE-I2/LiquidEngineRE-I2
[LOG 11:30:01.040] Config(PART) SquadExpansion/MakingHistory/Parts/Engine/LiquidEngineRE-J10/LiquidEngineRE-J10
[LOG 11:30:01.040] Config(PART) SquadExpansion/MakingHistory/Parts/Engine/LiquidEngineRK-7/LiquidEngineRK-7
[LOG 11:30:01.041] Config(PART) SquadExpansion/MakingHistory/Parts/Engine/LiquidEngineRV-1/LiquidEngineRV-1
[LOG 11:30:01.041] Config(PART) SquadExpansion/MakingHistory/Parts/Engine/solidBoosterTHK/solidBoosterTHK/Pollux
[LOG 11:30:01.041] Config(PART) SquadExpansion/MakingHistory/Parts/FuelTank/MonoPropMini/monopropMiniSphere
[LOG 11:30:01.041] Config(PART) SquadExpansion/MakingHistory/Parts/FuelTank/Size1p5_Monoprop/Size1p5_Monoprop
[LOG 11:30:01.041] Config(PART) SquadExpansion/MakingHistory/Parts/FuelTank/Size1p5_Size0_Adapter_01/Size1p5_Size0_Adapter_01
[LOG 11:30:01.041] Config(PART) SquadExpansion/MakingHistory/Parts/FuelTank/Size1p5_Size1_Adapter_01/Size1p5_Size1_Adapter_01
[LOG 11:30:01.041] Config(PART) SquadExpansion/MakingHistory/Parts/FuelTank/Size1p5_Size1_Adapter_02/Size1p5_Size1_Adapter_02
[LOG 11:30:01.041] Config(PART) SquadExpansion/MakingHistory/Parts/FuelTank/Size1p5_Size2_Adapter_01/Size1p5_Size2_Adapter_01
[LOG 11:30:01.041] Config(PART) SquadExpansion/MakingHistory/Parts/FuelTank/Size1p5_Tank_01/Size1p5_Tank_01
[LOG 11:30:01.041] Config(PART) SquadExpansion/MakingHistory/Parts/FuelTank/Size1p5_Tank_02/Size1p5_Tank_02
[LOG 11:30:01.041] Config(PART) SquadExpansion/MakingHistory/Parts/FuelTank/Size1p5_Tank_03/Size1p5_Tank_03
[LOG 11:30:01.041] Config(PART) SquadExpansion/MakingHistory/Parts/FuelTank/Size1p5_Tank_04/Size1p5_Tank_04
[LOG 11:30:01.041] Config(PART) SquadExpansion/MakingHistory/Parts/FuelTank/Size1p5_Tank_05/Size1p5_Tank_05
[LOG 11:30:01.041] Config(PART) SquadExpansion/MakingHistory/Parts/FuelTank/Size3_Size4_Adapter_01/Size3_Size4_Adapter_01
[LOG 11:30:01.041] Config(PART) SquadExpansion/MakingHistory/Parts/FuelTank/Size4_EngineAdapter_01/Size4_EngineAdapter_01
[LOG 11:30:01.041] Config(PART) SquadExpansion/MakingHistory/Parts/FuelTank/Size4_Tank_01/Size4_Tank_01
[LOG 11:30:01.041] Config(PART) SquadExpansion/MakingHistory/Parts/FuelTank/Size4_Tank_02/Size4_Tank_02
[LOG 11:30:01.041] Config(PART) SquadExpansion/MakingHistory/Parts/FuelTank/Size4_Tank_03/Size4_Tank_03
[LOG 11:30:01.041] Config(PART) SquadExpansion/MakingHistory/Parts/FuelTank/Size4_Tank_04/Size4_Tank_04
[LOG 11:30:01.041] Config(PART) SquadExpansion/MakingHistory/Parts/Ground/RoverWheel/roverWheelM1-F
[LOG 11:30:01.041] Config(PART) SquadExpansion/MakingHistory/Parts/Payload/fairingSize1p5/fairingSize1p5
[LOG 11:30:01.041] Config(PART) SquadExpansion/MakingHistory/Parts/Payload/fairingSize4/fairingSize4
[LOG 11:30:01.041] Config(PART) SquadExpansion/MakingHistory/Parts/Payload/Size1to0ServiceModule/Size1to0ServiceModule
[LOG 11:30:01.041] Config(PART) SquadExpansion/MakingHistory/Parts/Payload/SM18/ServiceModule18
[LOG 11:30:01.041] Config(PART) SquadExpansion/MakingHistory/Parts/Payload/SM25/ServiceModule25
[LOG 11:30:01.041] Config(PART) SquadExpansion/MakingHistory/Parts/Pods/KV1Pod/kv1Pod
[LOG 11:30:01.041] Config(PART) SquadExpansion/MakingHistory/Parts/Pods/KV2Pod/kv2Pod
[LOG 11:30:01.042] Config(PART) SquadExpansion/MakingHistory/Parts/Pods/KV3Pod/kv3Pod
[LOG 11:30:01.042] Config(PART) SquadExpansion/MakingHistory/Parts/Pods/Mk2Pod/Mk2Pod
[LOG 11:30:01.042] Config(PART) SquadExpansion/MakingHistory/Parts/Pods/Size1_5_Lander/MEMLander
[LOG 11:30:01.042] Config(PART) SquadExpansion/MakingHistory/Parts/Prebuilt/kerbalEVAfemaleVintage/kerbalEVAfemaleVintage
[LOG 11:30:01.042] Config(PART) SquadExpansion/MakingHistory/Parts/Prebuilt/kerbalEVAVintage/kerbalEVAVintage
[LOG 11:30:01.042] Config(PART) SquadExpansion/MakingHistory/Parts/Structural/EquiTriangle0/EquiTriangle0
[LOG 11:30:01.042] Config(PART) SquadExpansion/MakingHistory/Parts/Structural/EquiTriangle1/EquiTriangle1
[LOG 11:30:01.042] Config(PART) SquadExpansion/MakingHistory/Parts/Structural/EquiTriangle1p5/EquiTriangle1p5
[LOG 11:30:01.042] Config(PART) SquadExpansion/MakingHistory/Parts/Structural/EquiTriangle2/EquiTriangle2
[LOG 11:30:01.042] Config(PART) SquadExpansion/MakingHistory/Parts/Structural/Panel0/Panel0
[LOG 11:30:01.042] Config(PART) SquadExpansion/MakingHistory/Parts/Structural/Panel1/Panel1
[LOG 11:30:01.042] Config(PART) SquadExpansion/MakingHistory/Parts/Structural/Panel1p5/Panel1p5
[LOG 11:30:01.042] Config(PART) SquadExpansion/MakingHistory/Parts/Structural/Panel2/Panel2
[LOG 11:30:01.042] Config(PART) SquadExpansion/MakingHistory/Parts/Structural/Triangle0/Triangle0
[LOG 11:30:01.042] Config(PART) SquadExpansion/MakingHistory/Parts/Structural/Triangle1/Triangle1
[LOG 11:30:01.042] Config(PART) SquadExpansion/MakingHistory/Parts/Structural/Triangle1p5/Triangle1p5
[LOG 11:30:01.042] Config(PART) SquadExpansion/MakingHistory/Parts/Structural/Triangle2/Triangle2
[LOG 11:30:01.042] Config(PART) SquadExpansion/MakingHistory/Parts/Structural/Tube1/Tube1
[LOG 11:30:01.042] Config(PART) SquadExpansion/MakingHistory/Parts/Structural/Tube1p5/Tube1p5
[LOG 11:30:01.042] Config(PART) SquadExpansion/MakingHistory/Parts/Structural/Tube2/Tube2
[LOG 11:30:01.042] Config(PART) SquadExpansion/MakingHistory/Parts/Structural/Tube3/Tube3
[LOG 11:30:01.042] Config(PART) SquadExpansion/MakingHistory/Parts/Structural/Tube4/Tube4
[LOG 11:30:01.042] Config(PART) SquadExpansion/MakingHistory/Parts/Thermal/HeatShield1p5/HeatShield1p5
[LOG 11:30:01.042] Config(PART) SquadExpansion/MakingHistory/Parts/Utility/flags/flagSize1p5/flagSize1p5/flagPartSize1p5
[LOG 11:30:01.042] Config(PART) SquadExpansion/MakingHistory/Parts/Utility/flags/flagSize4/flagSize4/flagPartSize4
[LOG 11:30:01.043] Config(INTERNAL) SquadExpansion/MakingHistory/Spaces/KVPods/Airlock_Internal/Airlock_IVA
[LOG 11:30:01.043] Config(INTERNAL) SquadExpansion/MakingHistory/Spaces/KVPods/KV1_Internal/KV1_IVA
[LOG 11:30:01.043] Config(INTERNAL) SquadExpansion/MakingHistory/Spaces/KVPods/KV2_Internal/KV2_IVA
[LOG 11:30:01.043] Config(INTERNAL) SquadExpansion/MakingHistory/Spaces/KVPods/KV3_Internal/KV3_IVA
[LOG 11:30:01.043] Config(INTERNAL) SquadExpansion/MakingHistory/Spaces/MEM/MEM_IVA/MEM_IVA
[LOG 11:30:01.043] Config(INTERNAL) SquadExpansion/MakingHistory/Spaces/Mk2Pod/Mk2Pod_Internal/MK2POD_IVA
[LOG 11:30:01.043] Config(Contracts) SquadExpansion/Serenity/Contracts/contracts/Contracts
[LOG 11:30:01.043] Config(EXPERIENCE_TRAIT) SquadExpansion/Serenity/Experience/Traits/Engineer
[LOG 11:30:01.043] Config(EXPERIENCE_TRAIT) SquadExpansion/Serenity/Experience/Traits/Scientist
[LOG 11:30:01.043] Config(Localization) SquadExpansion/Serenity/Localization/dictionary/Localization
[LOG 11:30:01.043] Config(PART) SquadExpansion/Serenity/Parts/Aero/FanShroud_01/FanShroud_01
[LOG 11:30:01.043] Config(PART) SquadExpansion/Serenity/Parts/Aero/FanShroud_02/FanShroud_02
[LOG 11:30:01.043] Config(PART) SquadExpansion/Serenity/Parts/Aero/FanShroud_03/FanShroud_03
[LOG 11:30:01.043] Config(PART) SquadExpansion/Serenity/Parts/Aero/noseconeTiny/noseconeTiny
[LOG 11:30:01.043] Config(PART) SquadExpansion/Serenity/Parts/Aero/noseconeVS/noseconeVS
[LOG 11:30:01.043] Config(PART) SquadExpansion/Serenity/Parts/DeployedScience/centralStation/DeployedCentralStation
[LOG 11:30:01.043] Config(PART) SquadExpansion/Serenity/Parts/DeployedScience/gooObservation/DeployedGoExOb
[LOG 11:30:01.043] Config(PART) SquadExpansion/Serenity/Parts/DeployedScience/ionCollector/DeployedIONExp
[LOG 11:30:01.043] Config(PART) SquadExpansion/Serenity/Parts/DeployedScience/rtg/DeployedRTG
[LOG 11:30:01.043] Config(PART) SquadExpansion/Serenity/Parts/DeployedScience/satDish/DeployedSatDish
[LOG 11:30:01.043] Config(PART) SquadExpansion/Serenity/Parts/DeployedScience/seismicSensor/DeployedSeismicSensor
[LOG 11:30:01.043] Config(PART) SquadExpansion/Serenity/Parts/DeployedScience/solarPanel/DeployedSolarPanel
[LOG 11:30:01.043] Config(PART) SquadExpansion/Serenity/Parts/DeployedScience/weatherStation/DeployedWeatherStn
[LOG 11:30:01.043] Config(PART) SquadExpansion/Serenity/Parts/Prebuilt/kerbalEVA/kerbalEVA
[LOG 11:30:01.044] Config(PART) SquadExpansion/Serenity/Parts/Prebuilt/kerbalEVAfemale/kerbalEVAfemale
[LOG 11:30:01.044] Config(PART) SquadExpansion/Serenity/Parts/Prebuilt/kerbalEVAfemaleFuture/kerbalEVAfemaleFuture
[LOG 11:30:01.044] Config(PART) SquadExpansion/Serenity/Parts/Prebuilt/kerbalEVAfemaleVintage/kerbalEVAfemaleVintage
[LOG 11:30:01.044] Config(PART) SquadExpansion/Serenity/Parts/Prebuilt/kerbalEVAFuture/kerbalEVAFuture
[LOG 11:30:01.044] Config(PART) SquadExpansion/Serenity/Parts/Prebuilt/kerbalEVASlimSuit/kerbalEVASlimSuit
[LOG 11:30:01.044] Config(PART) SquadExpansion/Serenity/Parts/Prebuilt/kerbalEVASlimSuitFemale/kerbalEVASlimSuitFemale
[LOG 11:30:01.044] Config(PART) SquadExpansion/Serenity/Parts/Prebuilt/kerbalEVAVintage/kerbalEVAVintage
[LOG 11:30:01.044] Config(PART) SquadExpansion/Serenity/Parts/Propellers/largeFanBlade/largeFanBlade
[LOG 11:30:01.044] Config(PART) SquadExpansion/Serenity/Parts/Propellers/largeHeliBlade/largeHeliBlade
[LOG 11:30:01.044] Config(PART) SquadExpansion/Serenity/Parts/Propellers/largePropeller/largePropeller
[LOG 11:30:01.044] Config(PART) SquadExpansion/Serenity/Parts/Propellers/mediumFanBlade/mediumFanBlade
[LOG 11:30:01.044] Config(PART) SquadExpansion/Serenity/Parts/Propellers/mediumHeliBlade/mediumHeliBlade
[LOG 11:30:01.044] Config(PART) SquadExpansion/Serenity/Parts/Propellers/mediumPropeller/mediumPropeller
[LOG 11:30:01.044] Config(PART) SquadExpansion/Serenity/Parts/Propellers/smallFanBlade/smallFanBlade
[LOG 11:30:01.044] Config(PART) SquadExpansion/Serenity/Parts/Propellers/smallHeliBlade/smallHeliBlade
[LOG 11:30:01.044] Config(PART) SquadExpansion/Serenity/Parts/Propellers/smallPropeller/smallPropeller
[LOG 11:30:01.044] Config(PART) SquadExpansion/Serenity/Parts/Robotics/hinge_01/hinge_01
[LOG 11:30:01.044] Config(PART) SquadExpansion/Serenity/Parts/Robotics/hinge_01_s/hinge_01_s
[LOG 11:30:01.044] Config(PART) SquadExpansion/Serenity/Parts/Robotics/hinge_03/hinge_03
[LOG 11:30:01.044] Config(PART) SquadExpansion/Serenity/Parts/Robotics/hinge_03_s/hinge_03_s
[LOG 11:30:01.044] Config(PART) SquadExpansion/Serenity/Parts/Robotics/hinge_04/hinge_04
[LOG 11:30:01.044] Config(PART) SquadExpansion/Serenity/Parts/Robotics/piston_01/piston_01
[LOG 11:30:01.044] Config(PART) SquadExpansion/Serenity/Parts/Robotics/piston_02/piston_02
[LOG 11:30:01.044] Config(PART) SquadExpansion/Serenity/Parts/Robotics/piston_03/piston_03
[LOG 11:30:01.044] Config(PART) SquadExpansion/Serenity/Parts/Robotics/piston_04/piston_04
[LOG 11:30:01.044] Config(PART) SquadExpansion/Serenity/Parts/Robotics/RotorEngine_02/RotorEngine_02
[LOG 11:30:01.045] Config(PART) SquadExpansion/Serenity/Parts/Robotics/RotorEngine_03/RotorEngine_03
[LOG 11:30:01.045] Config(PART) SquadExpansion/Serenity/Parts/Robotics/rotor_01/rotor_01
[LOG 11:30:01.045] Config(PART) SquadExpansion/Serenity/Parts/Robotics/rotor_01s/rotor_01s
[LOG 11:30:01.045] Config(PART) SquadExpansion/Serenity/Parts/Robotics/rotor_02/rotor_02
[LOG 11:30:01.045] Config(PART) SquadExpansion/Serenity/Parts/Robotics/rotor_02s/rotor_02s
[LOG 11:30:01.045] Config(PART) SquadExpansion/Serenity/Parts/Robotics/rotor_03/rotor_03
[LOG 11:30:01.045] Config(PART) SquadExpansion/Serenity/Parts/Robotics/rotor_03s/rotor_03s
[LOG 11:30:01.045] Config(PART) SquadExpansion/Serenity/Parts/Robotics/rotoServo_00/rotoServo_00
[LOG 11:30:01.045] Config(PART) SquadExpansion/Serenity/Parts/Robotics/rotoServo_02/rotoServo_02
[LOG 11:30:01.045] Config(PART) SquadExpansion/Serenity/Parts/Robotics/rotoServo_03/rotoServo_03
[LOG 11:30:01.045] Config(PART) SquadExpansion/Serenity/Parts/Robotics/rotoServo_04/rotoServo_04
[LOG 11:30:01.045] Config(PART) SquadExpansion/Serenity/Parts/Robotics/Controllers/KAL1000/controller1000
[LOG 11:30:01.045] Config(PART) SquadExpansion/Serenity/Parts/Science/RobotArmScanner/RobotArmScanner_S1/RobotArmScanner_S1
[LOG 11:30:01.045] Config(PART) SquadExpansion/Serenity/Parts/Science/RobotArmScanner/RobotArmScanner_S2/RobotArmScanner_S2
[LOG 11:30:01.045] Config(PART) SquadExpansion/Serenity/Parts/Science/RobotArmScanner/RobotArmScanner_S3/RobotArmScanner_S3
[LOG 11:30:01.045] Config(PART) SquadExpansion/Serenity/Parts/Structural/gripPads/lGripPad/lGripPad
[LOG 11:30:01.045] Config(PART) SquadExpansion/Serenity/Parts/Structural/gripPads/lGripStrip/lGripStrip
[LOG 11:30:01.045] Config(PART) SquadExpansion/Serenity/Parts/Structural/gripPads/mGripPad/mGripPad
[LOG 11:30:01.045] Config(PART) SquadExpansion/Serenity/Parts/Structural/gripPads/sGripPad/sGripPad
[LOG 11:30:01.045] Config(PART) SquadExpansion/Serenity/Parts/Structural/gripPads/sGripStrip/sGripStrip
[LOG 11:30:01.045] Config(DEPLOYEDSCIENCE) SquadExpansion/Serenity/Resources/DeployedScience/DEPLOYEDSCIENCE
[LOG 11:30:01.045] Config(PHYSICMATERIAL_DEFINITION) SquadExpansion/Serenity/Resources/PhysicsMaterials/MediumGrip
[LOG 11:30:01.045] Config(PHYSICMATERIAL_DEFINITION) SquadExpansion/Serenity/Resources/PhysicsMaterials/HighGrip
[LOG 11:30:01.045] Config(PHYSICMATERIAL_DEFINITION) SquadExpansion/Serenity/Resources/PhysicsMaterials/ExtremeGrip
[LOG 11:30:01.045] Config(PHYSICMATERIAL_DEFINITION) SquadExpansion/Serenity/Resources/PhysicsMaterials/LowGrip
[LOG 11:30:01.045] Config(PHYSICMATERIAL_DEFINITION) SquadExpansion/Serenity/Resources/PhysicsMaterials/Default
[LOG 11:30:01.045] Config(ROC_DEFINITION) SquadExpansion/Serenity/Resources/rocsdef/ROC_DEFINITION
[LOG 11:30:01.046] Config(ROC_DEFINITION) SquadExpansion/Serenity/Resources/rocsdef/ROC_DEFINITION
[LOG 11:30:01.046] Config(ROC_DEFINITION) SquadExpansion/Serenity/Resources/rocsdef/ROC_DEFINITION
[LOG 11:30:01.046] Config(ROC_DEFINITION) SquadExpansion/Serenity/Resources/rocsdef/ROC_DEFINITION
[LOG 11:30:01.046] Config(ROC_DEFINITION) SquadExpansion/Serenity/Resources/rocsdef/ROC_DEFINITION
[LOG 11:30:01.046] Config(ROC_DEFINITION) SquadExpansion/Serenity/Resources/rocsdef/ROC_DEFINITION
[LOG 11:30:01.046] Config(ROC_DEFINITION) SquadExpansion/Serenity/Resources/rocsdef/ROC_DEFINITION
[LOG 11:30:01.046] Config(ROC_DEFINITION) SquadExpansion/Serenity/Resources/rocsdef/ROC_DEFINITION
[LOG 11:30:01.046] Config(ROC_DEFINITION) SquadExpansion/Serenity/Resources/rocsdef/ROC_DEFINITION
[LOG 11:30:01.046] Config(ROC_DEFINITION) SquadExpansion/Serenity/Resources/rocsdef/ROC_DEFINITION
[LOG 11:30:01.046] Config(ROC_DEFINITION) SquadExpansion/Serenity/Resources/rocsdef/ROC_DEFINITION
[LOG 11:30:01.046] Config(ROC_DEFINITION) SquadExpansion/Serenity/Resources/rocsdef/ROC_DEFINITION
[LOG 11:30:01.046] Config(ROC_DEFINITION) SquadExpansion/Serenity/Resources/rocsdef/ROC_DEFINITION
[LOG 11:30:01.046] Config(ROC_DEFINITION) SquadExpansion/Serenity/Resources/rocsdef/ROC_DEFINITION
[LOG 11:30:01.046] Config(ROC_DEFINITION) SquadExpansion/Serenity/Resources/rocsdef/ROC_DEFINITION
[LOG 11:30:01.046] Config(ROC_DEFINITION) SquadExpansion/Serenity/Resources/rocsdef/ROC_DEFINITION
[LOG 11:30:01.046] Config(ROC_DEFINITION) SquadExpansion/Serenity/Resources/rocsdef/ROC_DEFINITION
[LOG 11:30:01.046] Config(ROC_DEFINITION) SquadExpansion/Serenity/Resources/rocsdef/ROC_DEFINITION
[LOG 11:30:01.046] Config(ROC_DEFINITION) SquadExpansion/Serenity/Resources/rocsdef/ROC_DEFINITION
[LOG 11:30:01.046] Config(ROC_DEFINITION) SquadExpansion/Serenity/Resources/rocsdef/ROC_DEFINITION
[LOG 11:30:01.046] Config(ROC_DEFINITION) SquadExpansion/Serenity/Resources/rocsdef/ROC_DEFINITION
[LOG 11:30:01.046] Config(ROC_DEFINITION) SquadExpansion/Serenity/Resources/rocsdef/ROC_DEFINITION
[LOG 11:30:01.046] Config(ROC_DEFINITION) SquadExpansion/Serenity/Resources/rocsdef/ROC_DEFINITION
[LOG 11:30:01.046] Config(ROC_DEFINITION) SquadExpansion/Serenity/Resources/rocsdef/ROC_DEFINITION
[LOG 11:30:01.046] Config(ROC_DEFINITION) SquadExpansion/Serenity/Resources/rocsdef/ROC_DEFINITION
[LOG 11:30:01.046] Config(ROC_DEFINITION) SquadExpansion/Serenity/Resources/rocsdef/ROC_DEFINITION
[LOG 11:30:01.046] Config(ROC_DEFINITION) SquadExpansion/Serenity/Resources/rocsdef/ROC_DEFINITION
[LOG 11:30:01.046] Config(ROC_DEFINITION) SquadExpansion/Serenity/Resources/rocsdef/ROC_DEFINITION
[LOG 11:30:01.046] Config(ROC_DEFINITION) SquadExpansion/Serenity/Resources/rocsdef/ROC_DEFINITION
[LOG 11:30:01.047] Config(ROC_DEFINITION) SquadExpansion/Serenity/Resources/rocsdef/ROC_DEFINITION
[LOG 11:30:01.047] Config(ROC_DEFINITION) SquadExpansion/Serenity/Resources/rocsdef/ROC_DEFINITION
[LOG 11:30:01.047] Config(ROC_DEFINITION) SquadExpansion/Serenity/Resources/rocsdef/ROC_DEFINITION
[LOG 11:30:01.047] Config(ROC_DEFINITION) SquadExpansion/Serenity/Resources/rocsdef/ROC_DEFINITION
[LOG 11:30:01.047] Config(ROC_DEFINITION) SquadExpansion/Serenity/Resources/rocsdef/ROC_DEFINITION
[LOG 11:30:01.047] Config(EXPERIMENT_DEFINITION) SquadExpansion/Serenity/Resources/ScienceDefs/EXPERIMENT_DEFINITION
[LOG 11:30:01.047] Config(EXPERIMENT_DEFINITION) SquadExpansion/Serenity/Resources/ScienceDefs/EXPERIMENT_DEFINITION
[LOG 11:30:01.047] Config(EXPERIMENT_DEFINITION) SquadExpansion/Serenity/Resources/ScienceDefs/EXPERIMENT_DEFINITION
[LOG 11:30:01.047] Config(EXPERIMENT_DEFINITION) SquadExpansion/Serenity/Resources/ScienceDefs/EXPERIMENT_DEFINITION
[LOG 11:30:01.047] Config(EXPERIMENT_DEFINITION) SquadExpansion/Serenity/Resources/ScienceDefs/EXPERIMENT_DEFINITION
[LOG 11:30:01.047] Config(EXPERIMENT_DEFINITION) SquadExpansion/Serenity/Resources/ScienceDefs/EXPERIMENT_DEFINITION
[LOG 11:30:01.047] Config(EXPERIMENT_DEFINITION) SquadExpansion/Serenity/Resources/ScienceDefs/EXPERIMENT_DEFINITION
[LOG 11:30:01.047] Config(EXPERIMENT_DEFINITION) SquadExpansion/Serenity/Resources/ScienceDefs/EXPERIMENT_DEFINITION
[LOG 11:30:01.047] Config(EXPERIMENT_DEFINITION) SquadExpansion/Serenity/Resources/ScienceDefs/EXPERIMENT_DEFINITION
[LOG 11:30:01.047] Config(EXPERIMENT_DEFINITION) SquadExpansion/Serenity/Resources/ScienceDefs/EXPERIMENT_DEFINITION
[LOG 11:30:01.047] Config(EXPERIMENT_DEFINITION) SquadExpansion/Serenity/Resources/ScienceDefs/EXPERIMENT_DEFINITION
[LOG 11:30:01.047] Config(EXPERIMENT_DEFINITION) SquadExpansion/Serenity/Resources/ScienceDefs/EXPERIMENT_DEFINITION
[LOG 11:30:01.047] Config(EXPERIMENT_DEFINITION) SquadExpansion/Serenity/Resources/ScienceDefs/EXPERIMENT_DEFINITION
[LOG 11:30:01.047] Config(EXPERIMENT_DEFINITION) SquadExpansion/Serenity/Resources/ScienceDefs/EXPERIMENT_DEFINITION
[LOG 11:30:01.047] Config(EXPERIMENT_DEFINITION) SquadExpansion/Serenity/Resources/ScienceDefs/EXPERIMENT_DEFINITION
[LOG 11:30:01.047] Config(EXPERIMENT_DEFINITION) SquadExpansion/Serenity/Resources/ScienceDefs/EXPERIMENT_DEFINITION
[LOG 11:30:01.047] Config(EXPERIMENT_DEFINITION) SquadExpansion/Serenity/Resources/ScienceDefs/EXPERIMENT_DEFINITION
[LOG 11:30:01.047] Config(EXPERIMENT_DEFINITION) SquadExpansion/Serenity/Resources/ScienceDefs/EXPERIMENT_DEFINITION
[LOG 11:30:01.047] Config(EXPERIMENT_DEFINITION) SquadExpansion/Serenity/Resources/ScienceDefs/EXPERIMENT_DEFINITION
[LOG 11:30:01.047] Config(EXPERIMENT_DEFINITION) SquadExpansion/Serenity/Resources/ScienceDefs/EXPERIMENT_DEFINITION
[LOG 11:30:01.047] Config(EXPERIMENT_DEFINITION) SquadExpansion/Serenity/Resources/ScienceDefs/EXPERIMENT_DEFINITION
[LOG 11:30:01.047] Config(EXPERIMENT_DEFINITION) SquadExpansion/Serenity/Resources/ScienceDefs/EXPERIMENT_DEFINITION
[LOG 11:30:01.047] Config(EXPERIMENT_DEFINITION) SquadExpansion/Serenity/Resources/ScienceDefs/EXPERIMENT_DEFINITION
[LOG 11:30:01.047] Config(EXPERIMENT_DEFINITION) SquadExpansion/Serenity/Resources/ScienceDefs/EXPERIMENT_DEFINITION
[LOG 11:30:01.047] Config(EXPERIMENT_DEFINITION) SquadExpansion/Serenity/Resources/ScienceDefs/EXPERIMENT_DEFINITION
[LOG 11:30:01.048] Config(EXPERIMENT_DEFINITION) SquadExpansion/Serenity/Resources/ScienceDefs/EXPERIMENT_DEFINITION
[LOG 11:30:01.048] Config(EXPERIMENT_DEFINITION) SquadExpansion/Serenity/Resources/ScienceDefs/EXPERIMENT_DEFINITION
[LOG 11:30:01.048] Config(EXPERIMENT_DEFINITION) SquadExpansion/Serenity/Resources/ScienceDefs/EXPERIMENT_DEFINITION
[LOG 11:30:01.048] Config(EXPERIMENT_DEFINITION) SquadExpansion/Serenity/Resources/ScienceDefs/EXPERIMENT_DEFINITION
[LOG 11:30:01.048] Config(EXPERIMENT_DEFINITION) SquadExpansion/Serenity/Resources/ScienceDefs/EXPERIMENT_DEFINITION
[LOG 11:30:01.048] Config(EXPERIMENT_DEFINITION) SquadExpansion/Serenity/Resources/ScienceDefs/EXPERIMENT_DEFINITION
[LOG 11:30:01.048] Config(EXPERIMENT_DEFINITION) SquadExpansion/Serenity/Resources/ScienceDefs/EXPERIMENT_DEFINITION
[LOG 11:30:01.048] Config(EXPERIMENT_DEFINITION) SquadExpansion/Serenity/Resources/ScienceDefs/EXPERIMENT_DEFINITION
[LOG 11:30:01.048] Config(EXPERIMENT_DEFINITION) SquadExpansion/Serenity/Resources/ScienceDefs/EXPERIMENT_DEFINITION
[LOG 11:30:01.048] Config(EXPERIMENT_DEFINITION) SquadExpansion/Serenity/Resources/ScienceDefs/EXPERIMENT_DEFINITION
[LOG 11:30:01.048] Config(EXPERIMENT_DEFINITION) SquadExpansion/Serenity/Resources/ScienceDefs/EXPERIMENT_DEFINITION
[LOG 11:30:01.048] Config(EXPERIMENT_DEFINITION) SquadExpansion/Serenity/Resources/ScienceDefs/EXPERIMENT_DEFINITION
[LOG 11:30:01.048] Config(EXPERIMENT_DEFINITION) SquadExpansion/Serenity/Resources/ScienceDefs/EXPERIMENT_DEFINITION
[LOG 11:30:01.048] Config(STORY_DEF) SquadExpansion/Serenity/Resources/StoryDefs/STORY_DEF
[LOG 11:30:01.048] Compiling Configs Completed.
[LOG 11:30:01.051] Resource LiquidFuel added to database
[LOG 11:30:01.051] Resource Oxidizer added to database
[LOG 11:30:01.051] Resource SolidFuel added to database
[LOG 11:30:01.051] Resource MonoPropellant added to database
[LOG 11:30:01.051] Resource XenonGas added to database
[LOG 11:30:01.051] Resource ElectricCharge added to database
[LOG 11:30:01.051] Resource IntakeAir added to database
[LOG 11:30:01.051] Resource EVA Propellant added to database
[LOG 11:30:01.052] Resource Ore added to database
[LOG 11:30:01.052] Resource Ablator added to database
[LOG 11:30:01.053] Resource MediumGrip added to database
[LOG 11:30:01.053] Resource HighGrip added to database
[LOG 11:30:01.053] Resource ExtremeGrip added to database
[LOG 11:30:01.053] Resource LowGrip added to database
[LOG 11:30:01.053] Resource Default added to database
[LOG 11:30:01.053] CodeAssetLoader: Compiling all code assets
[LOG 11:30:01.058] ExperienceSystemConfig: Added Effect 'DeployedSciencePowerSkill' to Trait 'Ingénieur'
[LOG 11:30:01.058] ExperienceSystemConfig: Added Effect 'DeployedScienceExpSkill' to Trait 'Scientifique'
[LOG 11:30:01.063] ConfigNode[]
[LOG 11:30:01.064] GameDatabase: Assets loaded in 7.087s
[LOG 11:30:01.065] [ModuleManager] Waited 0.000s for patching to finish
[LOG 11:30:01.065] [ModuleManager] Applying patched game database
[LOG 11:30:01.067] [ModuleManager] Dumping ModuleManager log to main log
[LOG 11:30:01.068] [ModuleManager] 
#### BEGIN MODULEMANAGER LOG ####


[LOG 11:29:55.197] Log started at 2026-09-14 11:29:55.197
[LOG 11:29:57.281] Checking Cache
[LOG 11:29:57.624] SHA generated in 0.339s
[LOG 11:29:57.624]       SHA = 81-44-30-31-39-06-B7-43-49-17-6B-90-D4-82-72-58-28-ED-7F-C8-DB-6D-09-2A-97-90-2A-45-42-B8-17-03
[LOG 11:29:57.654] Cache SHA = 81-44-30-31-39-06-B7-43-49-17-6B-90-D4-82-72-58-28-ED-7F-C8-DB-6D-09-2A-97-90-2A-45-42-B8-17-03
[LOG 11:29:57.654] useCache = True
[LOG 11:29:57.654] Loading from Cache
[LOG 11:29:57.765] Cache Loaded
[LOG 11:29:57.765] Dumping patch log
[LOG 11:29:57.765] 
#### BEGIN PATCH LOG ####


[LOG 11:24:46.982] Log started at 2026-09-14 11:24:46.982
[LOG 11:24:46.982] Pre patch init
[LOG 11:24:47.201] compiling list of loaded mods...
Mod DLLs found:
  Name                                    Assembly Version         Assembly File Version    KSPAssembly Version      SHA256

  Assembly-CSharp                         0.0.0.0                  0.0.0.0                  1.12                     d9e42483f25ee80a9c11d6c1c0a0d29b4ec78c1e08d76c971b71580c9cce51e4
  ModuleManager                           4.2.3.0                  4.2.3.0                  2.5                      95847827ab293b9e82a19b7efb97ffea3e98cc03b181862536ac8eb572e30d7d
  0Harmony                                2.2.1.0                  2.2.1.0                                           19ce60ac3280f72ec1751d36a40cb7e2fece2934df8345969dc7feb83bd633e4
  HarmonyInstallChecker                   2.2.1.0                  2.2.1.0                  1.0                      f11e659e91a52c21c5bda78e52b82a7bdc246bcab6a999733af3c69a11a9dc0e
  0_MultipleModuleInPartAPI               1.0.0.0                  1.0.0.0                  1.0                      df4a22fb0535de7fa154ca234b50dd7c2fc6be879e4a877d9bad1f87bafafcbf
  KSPCommunityFixes                       1.41.0.0                 1.41.1.0                 1.41                     e08ebbec7ab34f4f7ff56d6e900051bb0d259a4bc092881d7db3ca2f9f2e9a11
  PQSBenchMod                             0.1.0.0                  0.1.0.0                                           f3b02c70c6f7993460bd5f2e2b9dced904b2a3c2e78b1fccdc9cfa971800b209
  StockQuadCacheMod                       0.1.0.0                  0.1.0.0                                           80adcc5200bb1b64e6e92559f73beb7f3e2cc69bd2015709c84f86f0c0211d39
Non-DLL mods added (:FOR[xxx]):
Mods by directory (sub directories of GameData):
  000_Harmony
  Squad
  SquadExpansion
Mods added by assemblies:

[LOG 11:24:47.207] Extracting patches
[LOG 11:24:47.220] Deleting root node in file KSPCommunityFixes/MMPatches/ModSupport/FixDockingNodes node: @PART[*]:HAS[@MODULE[ModuleDockingNodeFixed]]:NEEDS[FixDockingNodes]:FINAL as it can't satisfy its NEEDS
[LOG 11:24:47.221] Deleting root node in file KSPCommunityFixes/MMPatches/ModSupport/KSPRecall node: @KSP_COMMUNITY_FIXES:NEEDS[AttachedOnEditor] as it can't satisfy its NEEDS
[LOG 11:24:47.221] Deleting root node in file KSPCommunityFixes/MMPatches/ModSupport/UniversalStorage node: @KSP_COMMUNITY_FIXES:NEEDS[UniversalStorage2] as it can't satisfy its NEEDS
[LOG 11:24:47.350] Applying patches
[LOG 11:24:47.352] :INSERT (initial) pass
[LOG 11:24:47.466] :FIRST pass
[LOG 11:24:47.475] Applying update KSPCommunityFixes/MMPatches/StockTweaks/LadderToggleableLight/@PART[telescopicLadderBay]:FIRST to Squad/Parts/Utility/ladderTelescopicBay/ladderTelescopicBay.cfg/PART[telescopicLadderBay]
[LOG 11:24:47.493] Applying update KSPCommunityFixes/MMPatches/StockTweaks/LadderToggleableLight/@PART[telescopicLadderBay]:HAS[#LadderToggleableLight[?rue]]:FIRST to Squad/Parts/Utility/ladderTelescopicBay/ladderTelescopicBay.cfg/PART[telescopicLadderBay]
[LOG 11:24:47.494] Applying update KSPCommunityFixes/MMPatches/StockTweaks/LadderToggleableLight/@PART[telescopicLadderBay]:HAS[#LadderToggleableLight]:FIRST to Squad/Parts/Utility/ladderTelescopicBay/ladderTelescopicBay.cfg/PART[telescopicLadderBay]
[LOG 11:24:47.496] Applying update KSPCommunityFixes/MMPatches/StockTweaks/LandingGearLights/@PART[GearSmall]:FIRST to Squad/Parts/Wheel/LandingGear/GearMedium.cfg/PART[GearSmall]
[LOG 11:24:47.508] Applying update KSPCommunityFixes/MMPatches/StockTweaks/LandingGearLights/@PART[SmallGearBay]:FIRST to Squad/Parts/Wheel/LandingGear/GearSmall.cfg/PART[SmallGearBay]
[LOG 11:24:47.511] :LEGACY (default) pass
[LOG 11:24:47.517] :BEFORE[0_MULTIPLEMODULEINPARTAPI] pass
[LOG 11:24:47.517] :FOR[0_MULTIPLEMODULEINPARTAPI] pass
[LOG 11:24:47.517] :AFTER[0_MULTIPLEMODULEINPARTAPI] pass
[LOG 11:24:47.517] :BEFORE[000_HARMONY] pass
[LOG 11:24:47.517] :FOR[000_HARMONY] pass
[LOG 11:24:47.517] :AFTER[000_HARMONY] pass
[LOG 11:24:47.517] :BEFORE[0HARMONY] pass
[LOG 11:24:47.517] :FOR[0HARMONY] pass
[LOG 11:24:47.517] :AFTER[0HARMONY] pass
[LOG 11:24:47.517] :BEFORE[ASSEMBLY-CSHARP] pass
[LOG 11:24:47.517] :FOR[ASSEMBLY-CSHARP] pass
[LOG 11:24:47.517] :AFTER[ASSEMBLY-CSHARP] pass
[LOG 11:24:47.517] :BEFORE[HARMONYINSTALLCHECKER] pass
[LOG 11:24:47.517] :FOR[HARMONYINSTALLCHECKER] pass
[LOG 11:24:47.517] :AFTER[HARMONYINSTALLCHECKER] pass
[LOG 11:24:47.517] :BEFORE[KSPCOMMUNITYFIXES] pass
[LOG 11:24:47.517] :FOR[KSPCOMMUNITYFIXES] pass
[LOG 11:24:47.517] Applying update KSPCommunityFixes/MMPatches/StockTweaks/ManufacturerFixes/@PART[sasModule]:FOR[KSPCommunityFixes] to Squad/Parts/Command/inlineReactionWheel/inlineReactionWheel.cfg/PART[sasModule]
[LOG 11:24:47.529] Applying update KSPCommunityFixes/MMPatches/StockTweaks/ManufacturerFixes/@PART[xenonTankRadial]:FOR[KSPCommunityFixes] to Squad/Parts/FuelTank/xenonTankRadial/xenonTankRadial.cfg/PART[xenonTankRadial]
[LOG 11:24:47.538] Applying update KSPCommunityFixes/MMPatches/StockTweaks/ManufacturerFixes/@PART[winglet|fireworksLauncherSmall|fireworksLauncherBig]:FOR[KSPCommunityFixes] to Squad/Parts/Aero/wingletAV-T1/wingletAV-T1.cfg/PART[winglet]
[LOG 11:24:47.539] Applying update KSPCommunityFixes/MMPatches/StockTweaks/ManufacturerFixes/@PART[winglet|fireworksLauncherSmall|fireworksLauncherBig]:FOR[KSPCommunityFixes] to Squad/Parts/Utility/Fireworks/fireworksLauncherBig.cfg/PART[fireworksLauncherBig]
[LOG 11:24:47.539] Applying update KSPCommunityFixes/MMPatches/StockTweaks/ManufacturerFixes/@PART[winglet|fireworksLauncherSmall|fireworksLauncherBig]:FOR[KSPCommunityFixes] to Squad/Parts/Utility/Fireworks/fireworksLauncherSmall.cfg/PART[fireworksLauncherSmall]
[LOG 11:24:47.542] Applying update KSPCommunityFixes/MMPatches/StockTweaks/ManufacturerFixes/@PART[solidBooster_sm_v2|solidBooster_v2]:FOR[KSPCommunityFixes] to Squad/Parts/Engine/Size1_SRBs/solidBoosterRT-10_v2.cfg/PART[solidBooster_v2]
[LOG 11:24:47.542] Applying update KSPCommunityFixes/MMPatches/StockTweaks/ManufacturerFixes/@PART[solidBooster_sm_v2|solidBooster_v2]:FOR[KSPCommunityFixes] to Squad/Parts/Engine/Size1_SRBs/solidBoosterRT-5_v2.cfg/PART[solidBooster_sm_v2]
[LOG 11:24:47.547] Applying update KSPCommunityFixes/MMPatches/StockTweaks/ManufacturerFixes/@PART[ServiceBay_125_v2|ServiceBay_250_v2]:FOR[KSPCommunityFixes] to Squad/Parts/Utility/ServiceBay_v2/ServiceBay_125_v2.cfg/PART[ServiceBay_125_v2]
[LOG 11:24:47.547] Applying update KSPCommunityFixes/MMPatches/StockTweaks/ManufacturerFixes/@PART[ServiceBay_125_v2|ServiceBay_250_v2]:FOR[KSPCommunityFixes] to Squad/Parts/Utility/ServiceBay_v2/ServiceBay_250_v2.cfg/PART[ServiceBay_250_v2]
[LOG 11:24:47.549] Applying update KSPCommunityFixes/MMPatches/StockTweaks/ManufacturerFixes/@PART[externalTankCapsule]:FOR[KSPCommunityFixes] to Squad/Parts/FuelTank/FoilTanks/RadialTank_Capsule.cfg/PART[externalTankCapsule]
[LOG 11:24:47.553] Applying update KSPCommunityFixes/MMPatches/StockTweaks/ManufacturerFixes/@PART[RCSFuelTank|rcsTankMini|RCSTank1-2]:FOR[KSPCommunityFixes] to Squad/Parts/FuelTank/RCSFuelTankR1/RCSFuelTankR1.cfg/PART[RCSTank1-2]
[LOG 11:24:47.553] Applying update KSPCommunityFixes/MMPatches/StockTweaks/ManufacturerFixes/@PART[RCSFuelTank|rcsTankMini|RCSTank1-2]:FOR[KSPCommunityFixes] to Squad/Parts/FuelTank/RCSFuelTankR10/RCSFuelTankR10.cfg/PART[rcsTankMini]
[LOG 11:24:47.553] Applying update KSPCommunityFixes/MMPatches/StockTweaks/ManufacturerFixes/@PART[RCSFuelTank|rcsTankMini|RCSTank1-2]:FOR[KSPCommunityFixes] to Squad/Parts/FuelTank/RCSFuelTankR25/RCSFuelTankR25.cfg/PART[RCSFuelTank]
[LOG 11:24:47.555] Applying update KSPCommunityFixes/MMPatches/StockTweaks/ManufacturerFixes/@PART[landerCabinSmall]:FOR[KSPCommunityFixes] to Squad/Parts/Command/mk1LanderCan/mk1LanderCan.cfg/PART[landerCabinSmall]
[LOG 11:24:47.556] Applying update KSPCommunityFixes/MMPatches/StockTweaks/ManufacturerFixes/@PART[dockingPortLateral]:FOR[KSPCommunityFixes] to Squad/Parts/Utility/dockingPortInline/dockingPortInline.cfg/PART[dockingPortLateral]
[LOG 11:24:47.558] Applying update KSPCommunityFixes/MMPatches/StockTweaks/ManufacturerFixes/@PART[EnginePlate4]:FOR[KSPCommunityFixes]:NEEDS[SquadExpansion/MakingHistory] to SquadExpansion/MakingHistory/Parts/Coupling/EnginePlate_4.cfg/PART[EnginePlate4]
[LOG 11:24:47.559] Applying update KSPCommunityFixes/MMPatches/StockTweaks/ManufacturerFixes/@PART[Mk2Pod]:FOR[KSPCommunityFixes]:NEEDS[SquadExpansion/MakingHistory] to SquadExpansion/MakingHistory/Parts/Pods/Mk2Pod.cfg/PART[Mk2Pod]
[LOG 11:24:47.560] Applying update KSPCommunityFixes/MMPatches/StockTweaks/ManufacturerFixes/@PART[evaChute|parachuteSingle|parachuteRadial|radialDrogue|parachuteLarge|parachuteDrogue]:FOR[KSPCommunityFixes] to Squad/Parts/Cargo/Parachute/Parachute.cfg/PART[evaChute]
[LOG 11:24:47.563] Applying update KSPCommunityFixes/MMPatches/StockTweaks/ManufacturerFixes/@PART[evaChute|parachuteSingle|parachuteRadial|radialDrogue|parachuteLarge|parachuteDrogue]:FOR[KSPCommunityFixes] to Squad/Parts/Utility/parachuteMk1/parachuteMk1.cfg/PART[parachuteSingle]
[LOG 11:24:47.563] Applying update KSPCommunityFixes/MMPatches/StockTweaks/ManufacturerFixes/@PART[evaChute|parachuteSingle|parachuteRadial|radialDrogue|parachuteLarge|parachuteDrogue]:FOR[KSPCommunityFixes] to Squad/Parts/Utility/parachuteMk12-R/parachuteMk12-R.cfg/PART[radialDrogue]
[LOG 11:24:47.563] Applying update KSPCommunityFixes/MMPatches/StockTweaks/ManufacturerFixes/@PART[evaChute|parachuteSingle|parachuteRadial|radialDrogue|parachuteLarge|parachuteDrogue]:FOR[KSPCommunityFixes] to Squad/Parts/Utility/parachuteMk16-XL/parachuteMk16-XL.cfg/PART[parachuteLarge]
[LOG 11:24:47.564] Applying update KSPCommunityFixes/MMPatches/StockTweaks/ManufacturerFixes/@PART[evaChute|parachuteSingle|parachuteRadial|radialDrogue|parachuteLarge|parachuteDrogue]:FOR[KSPCommunityFixes] to Squad/Parts/Utility/parachuteMk2-R/parachuteMk2-R.cfg/PART[parachuteRadial]
[LOG 11:24:47.564] Applying update KSPCommunityFixes/MMPatches/StockTweaks/ManufacturerFixes/@PART[evaChute|parachuteSingle|parachuteRadial|radialDrogue|parachuteLarge|parachuteDrogue]:FOR[KSPCommunityFixes] to Squad/Parts/Utility/parachuteMk25/parachuteMk25.cfg/PART[parachuteDrogue]
[LOG 11:24:47.569] Applying update KSPCommunityFixes/MMPatches/StockTweaks/ManufacturerFixes/@PART[stackPoint1|dockingPort1|dockingPort2|dockingPort3|dockingPortLarge]:FOR[KSPCommunityFixes] to Squad/Parts/Utility/dockingPort/dockingPort.cfg/PART[dockingPort2]
[LOG 11:24:47.569] Applying update KSPCommunityFixes/MMPatches/StockTweaks/ManufacturerFixes/@PART[stackPoint1|dockingPort1|dockingPort2|dockingPort3|dockingPortLarge]:FOR[KSPCommunityFixes] to Squad/Parts/Utility/dockingPortJr/dockingPortJr.cfg/PART[dockingPort3]
[LOG 11:24:47.569] Applying update KSPCommunityFixes/MMPatches/StockTweaks/ManufacturerFixes/@PART[stackPoint1|dockingPort1|dockingPort2|dockingPort3|dockingPortLarge]:FOR[KSPCommunityFixes] to Squad/Parts/Utility/dockingPortShielded/dockingPortShielded.cfg/PART[dockingPort1]
[LOG 11:24:47.569] Applying update KSPCommunityFixes/MMPatches/StockTweaks/ManufacturerFixes/@PART[stackPoint1|dockingPort1|dockingPort2|dockingPort3|dockingPortLarge]:FOR[KSPCommunityFixes] to Squad/Parts/Utility/dockingPortSr/dockingPortSr.cfg/PART[dockingPortLarge]
[LOG 11:24:47.570] Applying update KSPCommunityFixes/MMPatches/StockTweaks/ManufacturerFixes/@PART[stackPoint1|dockingPort1|dockingPort2|dockingPort3|dockingPortLarge]:FOR[KSPCommunityFixes] to Squad/Parts/Utility/radialAttachmentPoint/radialAttachmentPoint.cfg/PART[stackPoint1]
[LOG 11:24:47.570] :AFTER[KSPCOMMUNITYFIXES] pass
[LOG 11:24:47.570] :BEFORE[MODULEMANAGER] pass
[LOG 11:24:47.570] :FOR[MODULEMANAGER] pass
[LOG 11:24:47.570] :AFTER[MODULEMANAGER] pass
[LOG 11:24:47.570] :BEFORE[PQSBENCHMOD] pass
[LOG 11:24:47.570] :FOR[PQSBENCHMOD] pass
[LOG 11:24:47.570] :AFTER[PQSBENCHMOD] pass
[LOG 11:24:47.570] :BEFORE[SQUAD] pass
[LOG 11:24:47.570] :FOR[SQUAD] pass
[LOG 11:24:47.570] :AFTER[SQUAD] pass
[LOG 11:24:47.570] :BEFORE[SQUADEXPANSION] pass
[LOG 11:24:47.570] :FOR[SQUADEXPANSION] pass
[LOG 11:24:47.570] :AFTER[SQUADEXPANSION] pass
[LOG 11:24:47.570] :BEFORE[STOCKQUADCACHEMOD] pass
[LOG 11:24:47.570] :FOR[STOCKQUADCACHEMOD] pass
[LOG 11:24:47.570] :AFTER[STOCKQUADCACHEMOD] pass
[LOG 11:24:47.572] :LAST[999_KSP-RECALL] pass
[LOG 11:24:47.603] :FINAL pass
[LOG 11:24:47.607] Done patching
[LOG 11:24:47.612] Saving Cache
[LOG 11:24:47.790] Done!



#### END PATCH LOG ####
[LOG 11:29:58.206] ModuleManager: 33 patches loaded from cache

[LOG 11:29:58.206] Ran in 0.925s
[LOG 11:29:58.297] Done!



#### END MODULEMANAGER LOG ####
[LOG 11:30:01.070] [ModuleManager] Running tests...
[LOG 11:30:01.070] [ModuleManager] tests complete.
[LOG 11:30:01.071] [ModuleManager] Reloading resources definitions
[LOG 11:30:01.072] Resource LiquidFuel added to database
[LOG 11:30:01.072] Resource Oxidizer added to database
[LOG 11:30:01.072] Resource SolidFuel added to database
[LOG 11:30:01.072] Resource MonoPropellant added to database
[LOG 11:30:01.072] Resource XenonGas added to database
[LOG 11:30:01.072] Resource ElectricCharge added to database
[LOG 11:30:01.072] Resource IntakeAir added to database
[LOG 11:30:01.072] Resource EVA Propellant added to database
[LOG 11:30:01.072] Resource Ore added to database
[LOG 11:30:01.072] Resource Ablator added to database
[LOG 11:30:01.072] [ModuleManager] Reloading Trait configs
[LOG 11:30:01.073] ExperienceSystemConfig: Added Effect 'DeployedSciencePowerSkill' to Trait 'Ingénieur'
[LOG 11:30:01.073] ExperienceSystemConfig: Added Effect 'DeployedScienceExpSkill' to Trait 'Scientifique'
[LOG 11:30:01.073] [ModuleManager] Reloading Part Upgrades
[LOG 11:30:01.073] [ModuleManager] Setting modded physics as the active one
[LOG 11:30:01.075] PhysicsGlobals: Loading database
[LOG 11:30:01.076] [ModuleManager] Running post patch callbacks
[LOG 11:30:01.087] [KSPCommunityFixes] Patch AutoStrutDrift applied.
[LOG 11:30:01.090] [KSPCommunityFixes] Patch EditorAnimatedPartsShipModified applied.
[LOG 11:30:01.097] [KSPCommunityFixes] Patch DragCubeLoadException applied.
[LOG 11:30:01.101] [KSPCommunityFixes] Patch DoubleCurvePreserveTangents applied.
[LOG 11:30:01.149] [KSPCommunityFixes] Patch DockingPortRotationDriftAndFixes applied.
[LOG 11:30:01.197] [KSPCommunityFixes] Patch DockingPortConserveMomentum applied.
[LOG 11:30:01.202] [KSPCommunityFixes] Patch DebugConsoleDontStealInput applied.
[LOG 11:30:01.207] [KSPCommunityFixes] Patch CorrectDragForFlags applied.
[LOG 11:30:01.208] [KSPCommunityFixes] Patch CometMiningNotRemovingMass applied.
[LOG 11:30:01.214] [KSPCommunityFixes] Patch ChutePhantomSymmetry applied.
[LOG 11:30:01.217] [KSPCommunityFixes] Patch CometSpawnerUniqueFlightId applied.
[LOG 11:30:01.218] [KSPCommunityFixes] Patch AsteroidSpawnerUniqueFlightId applied.
[LOG 11:30:01.219] [KSPCommunityFixes] Patch AsteroidInfiniteMining applied.
[LOG 11:30:01.232] [KSPCommunityFixes] Patch PersistentIConfigNode applied.
[LOG 11:30:01.233] [KSPCommunityFixes] Patch OnSymmetryFieldChanged not applied (not enabled in Settings.cfg)
[LOG 11:30:01.233] [KSPCommunityFixes] Patch ModUpgradePipeline not applied (not enabled in Settings.cfg)
[LOG 11:30:01.233] [KSPCommunityFixes] Patch KSPFieldEnumDesc not applied (not enabled in Settings.cfg)
[LOG 11:30:01.234] [KSPCommunityFixes] Patch EventProfilerMarkers not applied (not enabled in Settings.cfg)
[LOG 11:30:01.234] [KSPCommunityFixes] Patch DockingPortLockedEvents not applied (not enabled in Settings.cfg)
[LOG 11:30:01.237] [KSPCommunityFixes] Patch DepartmentHeadImage applied.
[LOG 11:30:01.249] [KSPCommunityFixes] Patch BaseFieldListUseFieldHost applied.
[LOG 11:30:01.282] [KSPCommunityFixes] Patch ResourceConverterPerf applied.
[LOG 11:30:01.292] [KSPCommunityFixes] Patch ProgressTrackingSpeedBoost applied.
[LOG 11:30:01.297] [KSPCommunityFixes] Patch PQSUpdateNoMemoryAlloc applied.
[LOG 11:30:01.297] [KSPCommunityFixes] Patch PQSOnlyStartOnce not applied (not enabled in Settings.cfg)
[LOG 11:30:01.314] [KSPCommunityFixes] Patch PQSCoroutineLeak applied.
[LOG 11:30:01.347] [KSPCommunityFixes] Patch PartSystemsFastUpdate applied.
[LOG 11:30:01.368] [KSPCommunityFixes] Patch PartParsingPerf applied.
[LOG 11:30:01.372] [KSPCommunityFixes] Patch EnginePlateAirstreamShieldedTopPart applied.
[LOG 11:30:01.380] [KSPCommunityFixes] Patch EVAConstructionMass applied.
[LOG 11:30:01.387] [KSPCommunityFixes] Patch EVAConstructionUninitializedInventory applied.
[LOG 11:30:01.393] [KSPCommunityFixes] Patch EVAKerbalRecovery applied.
[LOG 11:30:01.398] [KSPCommunityFixes] Patch TimeWarpOrbitShift applied.
[LOG 11:30:01.400] [KSPCommunityFixes] Patch TimeWarpBodyCollision applied.
[LOG 11:30:01.413] [KSPCommunityFixes] Patch ThumbnailSpotlight applied.
[LOG 11:30:01.418] [KSPCommunityFixes] Patch SymmetryReferenceOnDelete applied.
[LOG 11:30:01.418] [KSPCommunityFixes] Patch StrategyDuration not applied (not enabled in Settings.cfg)
[LOG 11:30:01.421] [KSPCommunityFixes] Patch StockAlarmDescPreserveLineBreak applied.
[LOG 11:30:01.452] [KSPCommunityFixes] Patch StickySplashedFixer applied.
[LOG 11:30:01.461] [KSPCommunityFixes] Patch ScatterDistribution applied.
[LOG 11:30:01.496] [KSPCommunityFixes] Patch RoboticsDrift applied.
[LOG 11:30:01.498] [KSPCommunityFixes] Patch RestoreMaxPhysicsDT applied.
[LOG 11:30:01.518] [KSPCommunityFixes] Patch RespawnDeadKerbals applied.
[LOG 11:30:01.522] [KSPCommunityFixes] Patch RescaledRoboticParts applied.
[LOG 11:30:01.526] [KSPCommunityFixes] Patch ReRootPreserveSurfaceAttach applied.
[LOG 11:30:01.547] [KSPCommunityFixes] Patch OptimizedModuleRaycasts applied.
[LOG 11:30:01.555] GetSubclassesOfParentClass: Found 1 types with ModuleInventoryPart parent in 8 assemblies.
[LOG 11:30:01.565] [KSPCommunityFixes] Patch RefundingOnRecovery applied.
[LOG 11:30:01.565] [KSPCommunityFixes] Patch PatchedConicEncounterFlickering applied.
[LOG 11:30:01.578] [KSPCommunityFixes] Patch PartListTooltipIconSpin applied.
[LOG 11:30:01.583] [KSPCommunityFixes] Patch PackedPartsRotation applied.
[LOG 11:30:01.608] [KSPCommunityFixes] Patch ModulePartVariantsNodePersistence applied.
[LOG 11:30:01.611] [KSPCommunityFixes] Patch ModuleAnimateGenericCrewModSpawnIVA applied.
[LOG 11:30:01.612] [KSPCommunityFixes] Patch ModuleActiveRadiatorNoParentException applied.
[LOG 11:30:01.616] [KSPCommunityFixes] Patch MapTargetBodyWithEncounter applied.
[LOG 11:30:01.619] [KSPCommunityFixes] Patch LostSoundAfterSceneSwitch applied.
[LOG 11:30:01.627] [KSPCommunityFixes] Patch LadderToggleableLight applied.
[LOG 11:30:01.642] [KSPCommunityFixes] Patch InventoryPartMass applied.
[LOG 11:30:01.650] [KSPCommunityFixes] Patch HarvesterECConsumption applied.
[LOG 11:30:01.651] [KSPCommunityFixes] Patch FixGetUnivseralTime applied.
[LOG 11:30:01.663] [KSPCommunityFixes] Patch ExtendedDeployableParts applied.
[LOG 11:30:01.665] [KSPCommunityFixes] Patch PropellantFlowDescription applied.
[LOG 11:30:01.689] [KSPCommunityFixes] Patch OptimisedVectorLines applied.
[LOG 11:30:01.697] [KSPCommunityFixes] Patch ModuleDockingNodeFindOtherNodesFaster applied.
[LOG 11:30:01.702] [KSPCommunityFixes] Patch ModuleColorChangerOptimization applied.
[LOG 11:30:01.709] [KSPCommunityFixes] Patch AutoSavedCraftNameAtLaunch applied.
[LOG 11:30:01.733] [KSPCommunityFixes] Patch PAWCollapsedInventories applied.
[LOG 11:30:01.738] [KSPCommunityFixes] Patch UIFloatEditNumericInput applied.
[LOG 11:30:01.765] [KSPCommunityFixes] Patch PAWStockGroups applied.
[LOG 11:30:01.777] [KSPCommunityFixes] Patch AltimeterHorizontalPosition applied.
[LOG 11:30:01.786] [KSPCommunityFixes] Patch SceneLoadSpeedBoost applied.
[LOG 11:30:01.830] [KSPCommunityFixes] Patch OnDemandPartBuoyancy applied.
[LOG 11:30:01.831] [KSPCommunityFixes] Patch ForceSyncSceneSwitch applied.
[LOG 11:30:01.831] [KSPCommunityFixes] Patch FewerSaves not applied (not enabled in Settings.cfg)
[LOG 11:30:01.832] [KSPCommunityFixes] Patch WheelInertiaLimit applied.
[LOG 11:30:01.832] [KSPCommunityFixes] Patch StockAlarmCustomFormatterDate isn't applicable to this KSP version.
[LOG 11:30:01.841] [KSPCommunityFixes] Patch ROCValidationOOR applied.
[LOG 11:30:01.845] [KSPCommunityFixes] Patch ZeroCostTechNodes applied.
[LOG 11:30:01.850] [KSPCommunityFixes] Patch ReactionWheelsPotentialTorque applied.
[LOG 11:30:01.855] [KSPCommunityFixes] Patch PAWGroupMemory applied.
[LOG 11:30:01.916] [KSPCommunityFixes] Patch PartStartStability applied.
[LOG 11:30:01.923] [KSPCommunityFixes] Patch PartBoundsIgnoreDisabledTransforms applied.
[LOG 11:30:01.971] [KSPCommunityFixes] Patch ModuleIndexingMismatch applied.
[LOG 11:30:01.977] [KSPCommunityFixes] Patch MapSOCorrectWrapping applied.
[LOG 11:30:01.977] [KSPCommunityFixes] Patch KerbalTooltipMaxSustainedG applied.
[LOG 11:30:01.981] [KSPCommunityFixes] Patch KerbalInventoryPersistence applied.
[LOG 11:30:01.981] [KSPCommunityFixes] Patch FlightSceneLoadKraken not applied (not enabled in Settings.cfg)
[LOG 11:30:01.984] [KSPCommunityFixes] Patch FIUpdateRadiation applied.
[LOG 11:30:01.987] [KSPCommunityFixes] Patch FastAndFixedEnumExtensions applied.
[LOG 11:30:02.031] [KSPCommunityFixes] Patch DeltaVHideWhenDisabled applied.
[LOG 11:30:02.036] [KSPCommunityFixes] Patch BlockMapViewPartClick applied.
[LOG 11:30:02.039] [KSPCommunityFixes] Patch PAWItemsOrder applied.
[LOG 11:30:02.100] [KSPCommunityFixes] Patch BetterEditorUndoRedo applied.
[LOG 11:30:02.113] [KSPCommunityFixes] Patch AutostrutActions applied.
[LOG 11:30:02.113] [KSPCommunityFixes] Patch DisableNewGameIntro not applied (not enabled in Settings.cfg)
[LOG 11:30:02.152] [KSPCommunityFixes] Patch MinorPerfTweaks applied.
[LOG 11:30:02.252] [KSPCommunityFixes] Patch MemoryLeaks applied.
[LOG 11:30:02.259] [KSPCommunityFixes] Patch LowerMinPhysicsDTPerFrame applied.
[LOG 11:30:02.264] [KSPCommunityFixes] Patch LocalizerPerf applied.
[LOG 11:30:02.266] [KSPCommunityFixes] Patch IMGUIOptimization applied.
[LOG 11:30:02.285] [KSPCommunityFixes] Patch FloatingOriginPerf applied.
[LOG 11:30:02.350] [KSPCommunityFixes] Patch FlightIntegratorPerf applied.
[LOG 11:30:02.355] [KSPCommunityFixes] Patch FasterPartFindTransform applied.
[LOG 11:30:02.370] [KSPCommunityFixes] Patch FasterEditorPartList applied.
[LOG 11:30:02.371] [KSPCommunityFixes] Patch ExpansionBundlePreload applied.
[LOG 11:30:02.385] [KSPCommunityFixes] Patch DragCubeGeneration applied.
[LOG 11:30:02.389] [KSPCommunityFixes] Patch DisableMapUpdateInFlight applied.
[LOG 11:30:02.390] [KSPCommunityFixes] Patch DisableHiddenPortraits applied.
[LOG 11:30:02.392] [KSPCommunityFixes] Patch DisableManeuverTool applied.
[LOG 11:30:02.415] [KSPCommunityFixes] Patch CraftBrowserOptimisations applied.
[LOG 11:30:02.418] [KSPCommunityFixes] Patch CommNetThrottling applied.
[LOG 11:30:02.423] [KSPCommunityFixes] Patch FairingMouseOverPersistence applied.
[LOG 11:30:02.442] [KSPCommunityFixes] Patch OptionalMakingHistoryDLCFeatures applied.
[LOG 11:30:02.449] [KSPCommunityFixes] Patch ResourceLockActions applied.
[LOG 11:30:02.457] [KSPCommunityFixes] Patch ShowContractFinishDates applied.
[LOG 11:30:02.469] [KSPCommunityFixes] Patch TargetParentBody applied.
[LOG 11:30:02.503] [KSPCommunityFixes] Patch ToolbarShowHide applied.
[LOG 11:30:02.506] [KSPCommunityFixes] Patch ContractProgressEnumCache applied.
[LOG 11:30:02.517] [KSPCommunityFixes] Patch ActiveRadiatorPerf applied.
[LOG 11:30:02.522] [KSPCommunityFixes] Patch CargoBayPerf applied.
[LOG 11:30:02.532] [KSPCommunityFixes] Patch CollisionEnhancerFastUpdate applied.
[LOG 11:30:02.537] [KSPCommunityFixes] Patch CollisionManagerFastUpdate applied.
[LOG 11:30:02.543] [KSPCommunityFixes] Patch AsteroidAndCometDrillCache applied.
[LOG 11:30:02.557] [KSPCommunityFixes] Patch TweakableWheelsAutostrut applied.
[LOG 11:30:02.589] [KSPCommunityFixes] Patch PatchSettings applied.
[LOG 11:30:02.637] [KSPCommunityFixes] Patch UpgradeBugs applied.
[LOG 11:30:02.639] [KSPCommunityFixes] Patch PartTooltipUpgradesApplyToSubstituteParts not applied (not enabled in Settings.cfg)
[LOG 11:30:02.715] [ModuleManager] Calling ConfigNodePerf.ModuleManagerPostLoad()
[LOG 11:30:02.717] [ModuleManager] Post patch ran in 1.651s
[LOG 11:30:02.744] PartLoader: Loading part database
[LOG 11:30:02.745] PartLoader: Compiling Part 'Squad/Parts/Aero/aerodynamicNoseCone/aerodynamicNoseCone/noseCone'
[LOG 11:30:02.767] EffectList: Created 15 effect types
[LOG 11:30:02.878] PartLoader: Compiling Part 'Squad/Parts/Aero/airbrake/Airbrake/airbrake1'
[LOG 11:30:02.931] PartLoader: Compiling Part 'Squad/Parts/Aero/airIntakeRadialXM-G50/airIntakeRadialXM-G50/airScoop'
[LOG 11:30:02.952] PartLoader: Compiling Part 'Squad/Parts/Aero/airlinerWings/ControlSurface/airlinerCtrlSrf'
[LOG 11:30:02.967] PartLoader: Compiling Part 'Squad/Parts/Aero/airlinerWings/MainWing/airlinerMainWing'
[LOG 11:30:02.975] PartLoader: Compiling Part 'Squad/Parts/Aero/airlinerWings/TailFin/airlinerTailFin'
[LOG 11:30:02.993] PartLoader: Compiling Part 'Squad/Parts/Aero/airplaneFins/advancedCanard/AdvancedCanard'
[LOG 11:30:03.002] PartLoader: Compiling Part 'Squad/Parts/Aero/airplaneFins/standardCanard/CanardController'
[LOG 11:30:03.011] PartLoader: Compiling Part 'Squad/Parts/Aero/airplaneFins/sweptWing/sweptWing'
[LOG 11:30:03.014] PartLoader: Compiling Part 'Squad/Parts/Aero/airplaneFins/tailfin/tailfin'
[LOG 11:30:03.027] PartLoader: Compiling Part 'Squad/Parts/Aero/basicFin/basicFin/basicFin'
[LOG 11:30:03.040] PartLoader: Compiling Part 'Squad/Parts/Aero/circularIntake/circularIntake/CircularIntake'
[LOG 11:30:03.059] PartLoader: Compiling Part 'Squad/Parts/Aero/circularIntake/intakeShockCone/shockConeIntake'
[LOG 11:30:03.064] PartLoader: Compiling Part 'Squad/Parts/Aero/cones/avionicsNoseCone/avionicsNoseCone'
[LOG 11:30:03.087] PartLoader: Compiling Part 'Squad/Parts/Aero/cones/ConeA/pointyNoseConeA'
[LOG 11:30:03.091] PartLoader: Compiling Part 'Squad/Parts/Aero/cones/ConeB/pointyNoseConeB'
[LOG 11:30:03.095] PartLoader: Compiling Part 'Squad/Parts/Aero/cones/noseConeAdapter/noseConeAdapter'
[LOG 11:30:03.098] PartLoader: Compiling Part 'Squad/Parts/Aero/cones/protectiveRocketNoseMk7_v2/rocketNoseCone_v2'
[LOG 11:30:03.102] PartLoader: Compiling Part 'Squad/Parts/Aero/cones/protectiveRocketNoseMk7_v3/rocketNoseCone_v3'
[LOG 11:30:03.106] PartLoader: Compiling Part 'Squad/Parts/Aero/cones/rocketNoseCone_size3/rocketNoseConeSize3'
[LOG 11:30:03.109] PartLoader: Compiling Part 'Squad/Parts/Aero/cones/smallNoseCone/standardNoseCone'
[LOG 11:30:03.117] PartLoader: Compiling Part 'Squad/Parts/Aero/cones/tailConnectorA/airplaneTail'
[LOG 11:30:03.122] PartLoader: Compiling Part 'Squad/Parts/Aero/cones/tailConnectorB/airplaneTailB'
[LOG 11:30:03.126] PartLoader: Compiling Part 'Squad/Parts/Aero/fairings/fairingSize1/fairingSize1'
[LOG 11:30:03.173] PartLoader: Compiling Part 'Squad/Parts/Aero/fairings/fairingSize2/fairingSize2'
[LOG 11:30:03.191] PartLoader: Compiling Part 'Squad/Parts/Aero/fairings/fairingSize3/fairingSize3'
[LOG 11:30:03.212] PartLoader: Compiling Part 'Squad/Parts/Aero/HeatShield/HeatShield0/HeatShield0'
[LOG 11:30:03.248] PartLoader: Compiling Part 'Squad/Parts/Aero/HeatShield/HeatShield1/HeatShield1'
[LOG 11:30:03.264] PartLoader: Compiling Part 'Squad/Parts/Aero/HeatShield/HeatShield2/HeatShield2'
[LOG 11:30:03.271] PartLoader: Compiling Part 'Squad/Parts/Aero/HeatShield/HeatShield3/HeatShield3'
[LOG 11:30:03.282] PartLoader: Compiling Part 'Squad/Parts/Aero/InflatableHeatShield/HeatShield/InflatableHeatShield'
[LOG 11:30:03.296] PartLoader: Compiling Part 'Squad/Parts/Aero/intakeRadialLong/intakeRadialLong/IntakeRadialLong'
[LOG 11:30:03.301] PartLoader: Compiling Part 'Squad/Parts/Aero/miniIntake/SmallIntake/miniIntake'
[LOG 11:30:03.307] PartLoader: Compiling Part 'Squad/Parts/Aero/ramAirIntake/ramAirIntake/ramAirIntake'
[LOG 11:30:03.325] PartLoader: Compiling Part 'Squad/Parts/Aero/shuttleWings/delta/wingShuttleDelta'
[LOG 11:30:03.330] PartLoader: Compiling Part 'Squad/Parts/Aero/shuttleWings/elevon1/wingShuttleElevon1'
[LOG 11:30:03.336] PartLoader: Compiling Part 'Squad/Parts/Aero/shuttleWings/elevon2/wingShuttleElevon2'
[LOG 11:30:03.342] PartLoader: Compiling Part 'Squad/Parts/Aero/shuttleWings/rudder/wingShuttleRudder'
[LOG 11:30:03.347] PartLoader: Compiling Part 'Squad/Parts/Aero/shuttleWings/strake/wingShuttleStrake'
[LOG 11:30:03.352] PartLoader: Compiling Part 'Squad/Parts/Aero/wingletAV-R8/wingletAV-R8/R8winglet'
[LOG 11:30:03.358] PartLoader: Compiling Part 'Squad/Parts/Aero/wingletAV-T1/wingletAV-T1/winglet'
[LOG 11:30:03.363] PartLoader: Compiling Part 'Squad/Parts/Aero/wingletDeltaDeluxe/wingletDeltaDeluxe/winglet3'
[LOG 11:30:03.369] PartLoader: Compiling Part 'Squad/Parts/Aero/wings/connector1/wingConnector'
[LOG 11:30:03.373] PartLoader: Compiling Part 'Squad/Parts/Aero/wings/connector2/wingConnector2'
[LOG 11:30:03.377] PartLoader: Compiling Part 'Squad/Parts/Aero/wings/connector3/wingConnector3'
[LOG 11:30:03.381] PartLoader: Compiling Part 'Squad/Parts/Aero/wings/connector4/wingConnector4'
[LOG 11:30:03.386] PartLoader: Compiling Part 'Squad/Parts/Aero/wings/connector5/wingConnector5'
[LOG 11:30:03.390] PartLoader: Compiling Part 'Squad/Parts/Aero/wings/delta/deltaWing'
[LOG 11:30:03.394] PartLoader: Compiling Part 'Squad/Parts/Aero/wings/delta_small/delta_small'
[LOG 11:30:03.399] PartLoader: Compiling Part 'Squad/Parts/Aero/wings/elevon1/StandardCtrlSrf'
[LOG 11:30:03.405] PartLoader: Compiling Part 'Squad/Parts/Aero/wings/elevon2/elevon2'
[LOG 11:30:03.412] PartLoader: Compiling Part 'Squad/Parts/Aero/wings/elevon3/elevon3'
[LOG 11:30:03.419] PartLoader: Compiling Part 'Squad/Parts/Aero/wings/elevon4/smallCtrlSrf'
[LOG 11:30:03.426] PartLoader: Compiling Part 'Squad/Parts/Aero/wings/elevon5/elevon5'
[LOG 11:30:03.433] PartLoader: Compiling Part 'Squad/Parts/Aero/wings/strake/wingStrake'
[LOG 11:30:03.437] PartLoader: Compiling Part 'Squad/Parts/Aero/wings/structural1/structuralWing'
[LOG 11:30:03.441] PartLoader: Compiling Part 'Squad/Parts/Aero/wings/structural2/structuralWing2'
[LOG 11:30:03.445] PartLoader: Compiling Part 'Squad/Parts/Aero/wings/structural3/structuralWing3'
[LOG 11:30:03.450] PartLoader: Compiling Part 'Squad/Parts/Aero/wings/structural4/structuralWing4'
[LOG 11:30:03.455] PartLoader: Compiling Part 'Squad/Parts/Aero/wings/swept1/sweptWing1'
[LOG 11:30:03.459] PartLoader: Compiling Part 'Squad/Parts/Aero/wings/swept2/sweptWing2'
[LOG 11:30:03.463] PartLoader: Compiling Part 'Squad/Parts/Cargo/CargoContainers/cargoContainer/cargoContainer'
[WRN 11:30:03.465] [Part]: Cannot have ModuleCargoPart and ModuleInventoryPart on same Part [cargoContainer'. Removed ModuleCargoPart
[LOG 11:30:03.477] PartLoader: Compiling Part 'Squad/Parts/Cargo/CargoContainers/smallCargoContainer/smallCargoContainer'
[WRN 11:30:03.479] [Part]: Cannot have ModuleCargoPart and ModuleInventoryPart on same Part [smallCargoContainer'. Removed ModuleCargoPart
[LOG 11:30:03.482] PartLoader: Compiling Part 'Squad/Parts/Cargo/Cylinder/Cylinder/evaCylinder'
[LOG 11:30:03.484] PartLoader: Compiling Part 'Squad/Parts/Cargo/GroundAnchor/groundAnchor/groundAnchor'
[LOG 11:30:03.501] PartLoader: Compiling Part 'Squad/Parts/Cargo/Jetpack/Jetpack/evaJetpack'
[LOG 11:30:03.504] PartLoader: Compiling Part 'Squad/Parts/Cargo/Parachute/Parachute/evaChute'
[LOG 11:30:03.506] PartLoader: Compiling Part 'Squad/Parts/Cargo/RepairKit/RepairKit/evaRepairKit'
[LOG 11:30:03.509] PartLoader: Compiling Part 'Squad/Parts/Cargo/ScienceKit/evaScienceKit/evaScienceKit'
[LOG 11:30:03.512] PartLoader: Compiling Part 'Squad/Parts/Cargo/StorageUnits/CargoStorageUnit/CargoStorageUnit'
[WRN 11:30:03.513] [Part]: Cannot have ModuleCargoPart and ModuleInventoryPart on same Part [CargoStorageUnit'. Removed ModuleCargoPart
[LOG 11:30:03.514] PartLoader: Compiling Part 'Squad/Parts/Cargo/StorageUnits/ConformalStorageUnit/ConformalStorageUnit'
[WRN 11:30:03.516] [Part]: Cannot have ModuleCargoPart and ModuleInventoryPart on same Part [ConformalStorageUnit'. Removed ModuleCargoPart
[LOG 11:30:03.517] PartLoader: Compiling Part 'Squad/Parts/Command/advancedSasModuleLarge/advSasModuleLarge/asasmodule1-2'
[LOG 11:30:03.523] PartLoader: Compiling Part 'Squad/Parts/Command/cupola/cupola/cupola'
[LOG 11:30:03.554] PartLoader: Compiling Part 'Squad/Parts/Command/externalCommandSeat/externalCommandSeat/seatExternalCmd'
[LOG 11:30:03.564] PartLoader: Compiling Part 'Squad/Parts/Command/hitchhikerStorageContainer/hitchikerStorageContainer/crewCabin'
[LOG 11:30:03.571] PartLoader: Compiling Part 'Squad/Parts/Command/inlineAdvancedStabilizer/inlineAdvancedStabilizer/advSasModule'
[LOG 11:30:03.577] PartLoader: Compiling Part 'Squad/Parts/Command/inlineReactionWheel/inlineReactionWheel/sasModule'
[LOG 11:30:03.581] PartLoader: Compiling Part 'Squad/Parts/Command/Mk1-3Pod/mk1-3/mk1-3pod'
[LOG 11:30:03.621] PartLoader: Compiling Part 'Squad/Parts/Command/mk1Cockpits/mk1Cockpit/Mark1Cockpit'
[WRN 11:30:03.626] [Part]: Cannot have ModuleCargoPart and ModuleInventoryPart on same Part [Mark1Cockpit'. Removed ModuleCargoPart
[LOG 11:30:03.632] PartLoader: Compiling Part 'Squad/Parts/Command/mk1Cockpits/mk1CrewCabin/MK1CrewCabin'
[WRN 11:30:03.635] [Part]: Cannot have ModuleCargoPart and ModuleInventoryPart on same Part [MK1CrewCabin'. Removed ModuleCargoPart
[LOG 11:30:03.638] PartLoader: Compiling Part 'Squad/Parts/Command/mk1Cockpits/mk1InlineCockpit/Mark2Cockpit'
[WRN 11:30:03.641] [Part]: Cannot have ModuleCargoPart and ModuleInventoryPart on same Part [Mark2Cockpit'. Removed ModuleCargoPart
[LOG 11:30:03.649] PartLoader: Compiling Part 'Squad/Parts/Command/mk1LanderCan/mk1LanderCan/landerCabinSmall'
[WRN 11:30:03.652] [Part]: Cannot have ModuleCargoPart and ModuleInventoryPart on same Part [landerCabinSmall'. Removed ModuleCargoPart
[LOG 11:30:03.659] PartLoader: Compiling Part 'Squad/Parts/Command/mk1pod_v2/mk1Pod_v2/mk1pod_v2'
[WRN 11:30:03.664] [Part]: Cannot have ModuleCargoPart and ModuleInventoryPart on same Part [mk1pod.v2'. Removed ModuleCargoPart
[LOG 11:30:03.673] PartLoader: Compiling Part 'Squad/Parts/Command/mk2CockpitInline/mk2CockpitInline/mk2Cockpit_Inline'
[WRN 11:30:03.678] [Part]: Cannot have ModuleCargoPart and ModuleInventoryPart on same Part [mk2Cockpit.Inline'. Removed ModuleCargoPart
[LOG 11:30:03.686] PartLoader: Compiling Part 'Squad/Parts/Command/mk2CockpitStandard/mk2CockpitStandard/mk2Cockpit_Standard'
[WRN 11:30:03.691] [Part]: Cannot have ModuleCargoPart and ModuleInventoryPart on same Part [mk2Cockpit.Standard'. Removed ModuleCargoPart
[LOG 11:30:03.701] PartLoader: Compiling Part 'Squad/Parts/Command/mk2DroneCore/mk2Dronecore/mk2DroneCore'
[LOG 11:30:03.711] PartLoader: Compiling Part 'Squad/Parts/Command/mk2LanderCan/mk2LanderCan/mk2LanderCabin'
[WRN 11:30:03.716] [Part]: Cannot have ModuleCargoPart and ModuleInventoryPart on same Part [mk2LanderCabin'. Removed ModuleCargoPart
[LOG 11:30:03.724] PartLoader: Compiling Part 'Squad/Parts/Command/mk2LanderCan_v2/mk2LanderCan_v2/mk2LanderCabin_v2'
[WRN 11:30:03.729] [Part]: Cannot have ModuleCargoPart and ModuleInventoryPart on same Part [mk2LanderCabin.v2'. Removed ModuleCargoPart
[LOG 11:30:03.737] PartLoader: Compiling Part 'Squad/Parts/Command/mk3CockpitShuttle/mk3CockpitShuttle/mk3Cockpit_Shuttle'
[LOG 11:30:03.745] PartLoader: Compiling Part 'Squad/Parts/Command/MpoProbe/MpoProbe/MpoProbe'
[LOG 11:30:03.752] PartLoader: Compiling Part 'Squad/Parts/Command/MtmStage/MTM_Stage/MtmStage'
[LOG 11:30:03.758] PartLoader: Compiling Part 'Squad/Parts/Command/probeCoreCube/probeCoreCube/probeCoreCube'
[LOG 11:30:03.763] PartLoader: Compiling Part 'Squad/Parts/Command/probeCoreHex/probeCoreHex/probeCoreHex'
[LOG 11:30:03.770] PartLoader: Compiling Part 'Squad/Parts/Command/probeCoreHex_v2/probeCoreHex_v2/probeCoreHex_v2'
[LOG 11:30:03.776] PartLoader: Compiling Part 'Squad/Parts/Command/probeCoreOcto2_v2/probeCoreOcto2_v2/probeCoreOcto2_v2'
[LOG 11:30:03.783] PartLoader: Compiling Part 'Squad/Parts/Command/probeCoreOcto_v2/probeCoreOcto_v2/probeCoreOcto_v2'
[LOG 11:30:03.789] PartLoader: Compiling Part 'Squad/Parts/Command/probeRoverBody/probeRoverBody/roverBody'
[LOG 11:30:03.794] PartLoader: Compiling Part 'Squad/Parts/Command/probeRoverBody_v2/probeRoverBody_v2/roverBody_v2'
[LOG 11:30:03.801] PartLoader: Compiling Part 'Squad/Parts/Command/probeStackLarge/probeStackLarge/probeStackLarge'
[LOG 11:30:03.810] PartLoader: Compiling Part 'Squad/Parts/Command/probeStackSmall/probeStackSmall/probeStackSmall'
[LOG 11:30:03.821] PartLoader: Compiling Part 'Squad/Parts/Command/probeStackSphere_v2/probeStackSphere_v2/probeCoreSphere_v2'
[LOG 11:30:03.829] PartLoader: Compiling Part 'Squad/Parts/CompoundParts/FuelLine/fuelLine/fuelLine'
[LOG 11:30:03.855] PartLoader: Compiling Part 'Squad/Parts/CompoundParts/strutConnector/strutConnector/strutConnector'
[LOG 11:30:03.863] PartLoader: Compiling Part 'Squad/Parts/Coupling/Decoupler_0/Decoupler_0'
[LOG 11:30:03.871] PartLoader: Compiling Part 'Squad/Parts/Coupling/Decoupler_1/Decoupler_1'
[LOG 11:30:03.877] PartLoader: Compiling Part 'Squad/Parts/Coupling/Decoupler_2/Decoupler_2'
[LOG 11:30:03.882] PartLoader: Compiling Part 'Squad/Parts/Coupling/Decoupler_3/Decoupler_3'
[LOG 11:30:03.886] PartLoader: Compiling Part 'Squad/Parts/Coupling/Separator_0/Separator_0'
[LOG 11:30:03.891] PartLoader: Compiling Part 'Squad/Parts/Coupling/Separator_1/Separator_1'
[LOG 11:30:03.896] PartLoader: Compiling Part 'Squad/Parts/Coupling/Separator_2/Separator_2'
[LOG 11:30:03.900] PartLoader: Compiling Part 'Squad/Parts/Coupling/Separator_3/Separator_3'
[LOG 11:30:03.907] PartLoader: Compiling Part 'Squad/Parts/Electrical/10CSolarPanels/OX-10C/solarPanelOX10C'
[LOG 11:30:03.925] PartLoader: Compiling Part 'Squad/Parts/Electrical/10CSolarPanels/SP-10C/solarPanelSP10C'
[LOG 11:30:03.932] PartLoader: Compiling Part 'Squad/Parts/Electrical/10LSolarPanels/OX-10L/solarPanelOX10L'
[LOG 11:30:03.939] PartLoader: Compiling Part 'Squad/Parts/Electrical/10LSolarPanels/SP-10L/solarPanelSP10L'
[LOG 11:30:03.945] PartLoader: Compiling Part 'Squad/Parts/Electrical/1x6ShroudSolarPanels/1x6ShroudSolarPanels/solarPanels2'
[LOG 11:30:03.952] PartLoader: Compiling Part 'Squad/Parts/Electrical/1x6SolarPanels/1x6SolarPanels/solarPanels4'
[LOG 11:30:03.959] PartLoader: Compiling Part 'Squad/Parts/Electrical/3x2ShroudSolarPanels/3x2ShroudSolarPanels/solarPanels1'
[LOG 11:30:03.965] PartLoader: Compiling Part 'Squad/Parts/Electrical/3x2SolarPanels/3x2SolarPanels/solarPanels3'
[LOG 11:30:03.969] PartLoader: Compiling Part 'Squad/Parts/Electrical/gigantorXlSolarArray/gigantorXlSolarArray/largeSolarPanel'
[LOG 11:30:03.972] PartLoader: Compiling Part 'Squad/Parts/Electrical/radialFlatSolarPanel/radialFlatSolarPanel/solarPanels5'
[LOG 11:30:03.976] PartLoader: Compiling Part 'Squad/Parts/Electrical/RTG/RTG/rtg'
[LOG 11:30:03.990] PartLoader: Compiling Part 'Squad/Parts/Electrical/z-100Battery/z-100Battery/batteryPack'
[LOG 11:30:03.994] PartLoader: Compiling Part 'Squad/Parts/Electrical/z-1kBattery/z-1kBattery/batteryBank'
[LOG 11:30:03.997] PartLoader: Compiling Part 'Squad/Parts/Electrical/z-200Battery/z-200Battery/batteryBankMini'
[LOG 11:30:03.999] PartLoader: Compiling Part 'Squad/Parts/Electrical/z-400Battery/z-400Battery/ksp_r_largeBatteryPack'
[LOG 11:30:04.002] PartLoader: Compiling Part 'Squad/Parts/Electrical/z-4kBattery/z-4kBattery/batteryBankLarge'
[LOG 11:30:04.004] PartLoader: Compiling Part 'Squad/Parts/Engine/ionEngine/ionEngine/ionEngine'
[LOG 11:30:04.022] PartLoader: Compiling Part 'Squad/Parts/Engine/jetEngines/jetEngineAfterburning/turboJet'
[LOG 11:30:04.088] PartLoader: Compiling Part 'Squad/Parts/Engine/jetEngines/jetEngineBasic/JetEngine'
[LOG 11:30:04.109] PartLoader: Compiling Part 'Squad/Parts/Engine/jetEngines/jetEngineBig/turboFanSize2'
[LOG 11:30:04.123] PartLoader: Compiling Part 'Squad/Parts/Engine/jetEngines/jetEngineTurbo/turboFanEngine'
[LOG 11:30:04.131] PartLoader: Compiling Part 'Squad/Parts/Engine/liquidEngine24-77/liquidEngine24-77/smallRadialEngine'
[LOG 11:30:04.139] PartLoader: Compiling Part 'Squad/Parts/Engine/liquidEngine24-77_v2/liquidEngine24-77_v2/smallRadialEngine_v2'
[LOG 11:30:04.147] PartLoader: Compiling Part 'Squad/Parts/Engine/liquidEngine48-7S_v2/liquidEngine48-7S_v2/liquidEngineMini_v2'
[LOG 11:30:04.159] PartLoader: Compiling Part 'Squad/Parts/Engine/liquidEngineAerospike/liquidEngineAerospike/toroidalAerospike'
[LOG 11:30:04.182] PartLoader: Compiling Part 'Squad/Parts/Engine/liquidEngineLV-1_v2/liquidEngineLV-1R _v2/radialEngineMini_v2'
[LOG 11:30:04.195] PartLoader: Compiling Part 'Squad/Parts/Engine/liquidEngineLV-1_v2/liquidEngineLV-1_v2/microEngine_v2'
[LOG 11:30:04.207] PartLoader: Compiling Part 'Squad/Parts/Engine/liquidEngineLV-909_v2/liquidEngineLV-909_v2/liquidEngine3_v2'
[LOG 11:30:04.222] PartLoader: Compiling Part 'Squad/Parts/Engine/liquidEngineLV-N/liquidEngineLV-N/nuclearEngine'
[LOG 11:30:04.231] PartLoader: Compiling Part 'Squad/Parts/Engine/liquidEngineLV-T30/liquidEngineLV-T30/liquidEngine'
[LOG 11:30:04.239] PartLoader: Compiling Part 'Squad/Parts/Engine/liquidEngineLV-T30_v2/liquidEngineLV-T30_v2/liquidEngine_v2'
[LOG 11:30:04.248] PartLoader: Compiling Part 'Squad/Parts/Engine/liquidEngineLV-T45/liquidEngineLV-T45/liquidEngine2'
[LOG 11:30:04.256] PartLoader: Compiling Part 'Squad/Parts/Engine/liquidEngineLV-T45_v2/liquidEngineLV-T45_v2/liquidEngine2_v2'
[LOG 11:30:04.266] PartLoader: Compiling Part 'Squad/Parts/Engine/liquidEngineMainsail_v2/liquidEngineMainsail_v2/liquidEngineMainsail_v2'
[LOG 11:30:04.280] PartLoader: Compiling Part 'Squad/Parts/Engine/liquidEngineMk55/liquidEngineMk55/radialLiquidEngine1-2'
[LOG 11:30:04.291] PartLoader: Compiling Part 'Squad/Parts/Engine/liquidEnginePoodle_v2/liquidEnginePoodle_v2/liquidEngine2-2_v2'
[LOG 11:30:04.304] PartLoader: Compiling Part 'Squad/Parts/Engine/liquidEngineSkipper_v2/skipperLiquidEngine_v2/engineLargeSkipper_v2'
[LOG 11:30:04.314] PartLoader: Compiling Part 'Squad/Parts/Engine/liquidEngineSSME/SSME/SSME'
[LOG 11:30:04.324] PartLoader: Compiling Part 'Squad/Parts/Engine/MassiveSRB/part/MassiveBooster'
[LOG 11:30:04.336] PartLoader: Compiling Part 'Squad/Parts/Engine/miniJet/SmallJetEngine/miniJetEngine'
[LOG 11:30:04.344] PartLoader: Compiling Part 'Squad/Parts/Engine/OMSEngine/omsEngine/omsEngine'
[LOG 11:30:04.352] PartLoader: Compiling Part 'Squad/Parts/Engine/rapierEngine/rapierEngine/RAPIER'
[LOG 11:30:04.363] PartLoader: Compiling Part 'Squad/Parts/Engine/Size1_SRBs/solidBoosterRT-10_v2/solidBooster_v2'
[LOG 11:30:04.371] PartLoader: Compiling Part 'Squad/Parts/Engine/Size1_SRBs/solidBoosterRT-5_v2/solidBooster_sm_v2'
[LOG 11:30:04.378] PartLoader: Compiling Part 'Squad/Parts/Engine/Size2LFB/part/Size2LFB'
[LOG 11:30:04.387] PartLoader: Compiling Part 'Squad/Parts/Engine/Size2LFB_v2/part/Size2LFB_v2'
[LOG 11:30:04.395] PartLoader: Compiling Part 'Squad/Parts/Engine/Size3AdvancedEngine/part/Size3AdvancedEngine'
[LOG 11:30:04.405] PartLoader: Compiling Part 'Squad/Parts/Engine/Size3EngineCluster/part/Size3EngineCluster'
[LOG 11:30:04.413] PartLoader: Compiling Part 'Squad/Parts/Engine/solidBoosterBACC/solidBoosterBACC/solidBooster1-1'
[LOG 11:30:04.421] PartLoader: Compiling Part 'Squad/Parts/Engine/solidBoosterS2-17/solidBoosterS2-17/Thoroughbred'
[LOG 11:30:04.431] PartLoader: Compiling Part 'Squad/Parts/Engine/solidBoosterS2-33/solidBoosterS2-33/Clydesdale'
[LOG 11:30:04.440] PartLoader: Compiling Part 'Squad/Parts/Engine/solidBoosterSep/solidBoosterSep/sepMotor1'
[LOG 11:30:04.442] [ModuleCargoPart]: Setting stackableQuantity to 1 as sepMotor1 contains resources
[LOG 11:30:04.445] PartLoader: Compiling Part 'Squad/Parts/Engine/SolidBoostersF/SolidBoosterF3S0/Shrimp'
[LOG 11:30:04.453] PartLoader: Compiling Part 'Squad/Parts/Engine/SolidBoostersF/SolidBoosterFM1/Mite'
[LOG 11:30:04.460] PartLoader: Compiling Part 'Squad/Parts/FuelTank/adapterTanks/Mk3-Mk2/adapterMk3-Mk2'
[LOG 11:30:04.463] PartLoader: Compiling Part 'Squad/Parts/FuelTank/adapterTanks/Mk3-ShuttleAdapter/adapterEngines'
[LOG 11:30:04.465] PartLoader: Compiling Part 'Squad/Parts/FuelTank/adapterTanks/Mk3-Size2/adapterMk3-Size2'
[LOG 11:30:04.467] PartLoader: Compiling Part 'Squad/Parts/FuelTank/adapterTanks/Mk3-Size2Slant/adapterMk3-Size2Slant'
[LOG 11:30:04.469] PartLoader: Compiling Part 'Squad/Parts/FuelTank/adapterTanks/Size2-Mk2/adapterSize2-Mk2'
[LOG 11:30:04.471] PartLoader: Compiling Part 'Squad/Parts/FuelTank/adapterTanks/Size2-Size1/adapterSize2-Size1'
[LOG 11:30:04.474] PartLoader: Compiling Part 'Squad/Parts/FuelTank/adapterTanks/Size2-Size1Slant/adapterSize2-Size1Slant'
[LOG 11:30:04.476] PartLoader: Compiling Part 'Squad/Parts/FuelTank/adapterTanks/Size3-Mk3/adapterSize3-Mk3'
[LOG 11:30:04.478] PartLoader: Compiling Part 'Squad/Parts/FuelTank/drainTankFTE-1/ReleaseValve/ReleaseValve'
[LOG 11:30:04.493] PartLoader: Compiling Part 'Squad/Parts/FuelTank/FoilTanks/RadialTank_Capsule/externalTankCapsule'
[LOG 11:30:04.497] PartLoader: Compiling Part 'Squad/Parts/FuelTank/FoilTanks/RadialTank_Round/externalTankRound'
[LOG 11:30:04.500] PartLoader: Compiling Part 'Squad/Parts/FuelTank/FoilTanks/ToroidTank/externalTankToroid'
[LOG 11:30:04.503] PartLoader: Compiling Part 'Squad/Parts/FuelTank/fuelTankOscarB/fuelTankOscarB/miniFuelTank'
[LOG 11:30:04.506] PartLoader: Compiling Part 'Squad/Parts/FuelTank/miniFuselage/miniFuselage/miniFuselage'
[LOG 11:30:04.509] PartLoader: Compiling Part 'Squad/Parts/FuelTank/mk2Adapters/bicoupler/mk2_1m_Bicoupler'
[LOG 11:30:04.512] PartLoader: Compiling Part 'Squad/Parts/FuelTank/mk2Adapters/long/mk2_1m_AdapterLong'
[LOG 11:30:04.515] PartLoader: Compiling Part 'Squad/Parts/FuelTank/mk2Adapters/standard/mk2SpacePlaneAdapter'
[LOG 11:30:04.518] PartLoader: Compiling Part 'Squad/Parts/FuelTank/mk2FuselageLong/LFO_long/mk2FuselageLongLFO'
[LOG 11:30:04.520] PartLoader: Compiling Part 'Squad/Parts/FuelTank/mk2FuselageLong/L_long/mk2Fuselage'
[LOG 11:30:04.523] PartLoader: Compiling Part 'Squad/Parts/FuelTank/mk2FuselageShort/LFO_short/mk2FuselageShortLFO'
[LOG 11:30:04.527] PartLoader: Compiling Part 'Squad/Parts/FuelTank/mk2FuselageShort/L_short/mk2FuselageShortLiquid'
[LOG 11:30:04.532] PartLoader: Compiling Part 'Squad/Parts/FuelTank/mk2FuselageShort/Mono_short/mk2FuselageShortMono'
[LOG 11:30:04.536] PartLoader: Compiling Part 'Squad/Parts/FuelTank/mk3Fuselage/CREW/mk3CrewCabin'
[LOG 11:30:04.541] PartLoader: Compiling Part 'Squad/Parts/FuelTank/mk3Fuselage/LFO_100/mk3FuselageLFO_100'
[LOG 11:30:04.543] PartLoader: Compiling Part 'Squad/Parts/FuelTank/mk3Fuselage/LFO_25/mk3FuselageLFO_25'
[LOG 11:30:04.546] PartLoader: Compiling Part 'Squad/Parts/FuelTank/mk3Fuselage/LFO_50/mk3FuselageLFO_50'
[LOG 11:30:04.548] PartLoader: Compiling Part 'Squad/Parts/FuelTank/mk3Fuselage/LF_100/mk3FuselageLF_100'
[LOG 11:30:04.550] PartLoader: Compiling Part 'Squad/Parts/FuelTank/mk3Fuselage/LF_25/mk3FuselageLF_25'
[LOG 11:30:04.552] PartLoader: Compiling Part 'Squad/Parts/FuelTank/mk3Fuselage/LF_50/mk3FuselageLF_50'
[LOG 11:30:04.554] PartLoader: Compiling Part 'Squad/Parts/FuelTank/mk3Fuselage/MONO/mk3FuselageMONO'
[LOG 11:30:04.557] PartLoader: Compiling Part 'Squad/Parts/FuelTank/RCSFuelTankR1/RCSFuelTankR1/RCSTank1-2'
[LOG 11:30:04.563] PartLoader: Compiling Part 'Squad/Parts/FuelTank/RCSFuelTankR10/RCSFuelTankR10/rcsTankMini'
[LOG 11:30:04.567] PartLoader: Compiling Part 'Squad/Parts/FuelTank/RCSFuelTankR25/RCSFuelTankR25/RCSFuelTank'
[LOG 11:30:04.571] PartLoader: Compiling Part 'Squad/Parts/FuelTank/RCSTankRadial/radialRCSTank/radialRCSTank'
[LOG 11:30:04.574] PartLoader: Compiling Part 'Squad/Parts/FuelTank/RCStankRadialLong/RCSTankRadialLong/rcsTankRadialLong'
[LOG 11:30:04.577] PartLoader: Compiling Part 'Squad/Parts/FuelTank/RockomaxTanks/Rockomax16/Rockomax16_BW'
[LOG 11:30:04.579] PartLoader: Compiling Part 'Squad/Parts/FuelTank/RockomaxTanks/Rockomax32/Rockomax32_BW'
[LOG 11:30:04.582] PartLoader: Compiling Part 'Squad/Parts/FuelTank/RockomaxTanks/Rockomax64/Rockomax64_BW'
[LOG 11:30:04.584] PartLoader: Compiling Part 'Squad/Parts/FuelTank/RockomaxTanks/Rockomax8/Rockomax8BW'
[LOG 11:30:04.587] PartLoader: Compiling Part 'Squad/Parts/FuelTank/Size1_Tanks/fuelTankT100/fuelTankSmallFlat'
[LOG 11:30:04.590] PartLoader: Compiling Part 'Squad/Parts/FuelTank/Size1_Tanks/fuelTankT200/fuelTankSmall'
[LOG 11:30:04.594] PartLoader: Compiling Part 'Squad/Parts/FuelTank/Size1_Tanks/fuelTankT400/fuelTank'
[LOG 11:30:04.598] PartLoader: Compiling Part 'Squad/Parts/FuelTank/Size1_Tanks/fuelTankT800/fuelTank_long'
[LOG 11:30:04.603] PartLoader: Compiling Part 'Squad/Parts/FuelTank/Size3Tanks/large/Size3LargeTank'
[LOG 11:30:04.608] PartLoader: Compiling Part 'Squad/Parts/FuelTank/Size3Tanks/medium/Size3MediumTank'
[LOG 11:30:04.612] PartLoader: Compiling Part 'Squad/Parts/FuelTank/Size3Tanks/small/Size3SmallTank'
[LOG 11:30:04.615] PartLoader: Compiling Part 'Squad/Parts/FuelTank/xenonTank/xenonTank/xenonTank'
[LOG 11:30:04.617] PartLoader: Compiling Part 'Squad/Parts/FuelTank/xenonTankLarge/xenonTankLarge/xenonTankLarge'
[LOG 11:30:04.620] PartLoader: Compiling Part 'Squad/Parts/FuelTank/xenonTankRadial/xenonTankRadial/xenonTankRadial'
[LOG 11:30:04.622] PartLoader: Compiling Part 'Squad/Parts/Misc/AsteroidDay/CamSat/InfraredTelescope'
[LOG 11:30:04.628] PartLoader: Compiling Part 'Squad/Parts/Misc/AsteroidDay/HECS2/HECS2_ProbeCore'
[LOG 11:30:04.637] PartLoader: Compiling Part 'Squad/Parts/Misc/AsteroidDay/HighGainAntenna/HighGainAntenna'
[LOG 11:30:04.651] PartLoader: Compiling Part 'Squad/Parts/Misc/AsteroidDay/LgRadialSolar/LgRadialSolarPanel'
[LOG 11:30:04.657] PartLoader: Compiling Part 'Squad/Parts/Misc/PotatoComet/part/PotatoComet'
[LOG 11:30:04.668] PartLoader: Compiling Part 'Squad/Parts/Misc/PotatoRoid/part/PotatoRoid'
[LOG 11:30:04.678] PartLoader: Compiling Part 'Squad/Parts/Prebuilt/flag/flag'
[LOG 11:30:04.681] PartLoader: Compiling Part 'Squad/Parts/Prebuilt/kerbalEVA/kerbalEVA'
[LOG 11:30:04.698] PartLoader: Compiling Part 'Squad/Parts/Prebuilt/kerbalEVAfemale/kerbalEVAfemale'
[LOG 11:30:04.704] PartLoader: Compiling Part 'Squad/Parts/Prebuilt/kerbalEVASlimSuit/kerbalEVASlimSuit'
[LOG 11:30:04.710] PartLoader: Compiling Part 'Squad/Parts/Prebuilt/kerbalEVASlimSuitFemale/kerbalEVASlimSuitFemale'
[LOG 11:30:04.715] PartLoader: Compiling Part 'Squad/Parts/Resources/FuelCell/FuelCell/FuelCell'
[LOG 11:30:04.726] PartLoader: Compiling Part 'Squad/Parts/Resources/FuelCell/FuelCellArray/FuelCellArray'
[LOG 11:30:04.733] PartLoader: Compiling Part 'Squad/Parts/Resources/ISRU/ISRU/ISRU'
[LOG 11:30:04.742] PartLoader: Compiling Part 'Squad/Parts/Resources/LargeTank/LargeTank/LargeTank'
[LOG 11:30:04.749] PartLoader: Compiling Part 'Squad/Parts/Resources/MiniDrill/MiniDrill/MiniDrill'
[LOG 11:30:04.775] PartLoader: Compiling Part 'Squad/Parts/Resources/MiniISRU/MiniISRU/MiniISRU'
[LOG 11:30:04.788] PartLoader: Compiling Part 'Squad/Parts/Resources/OrbitalScanner/OrbitalScanner/OrbitalScanner'
[LOG 11:30:04.813] PartLoader: Compiling Part 'Squad/Parts/Resources/RadialDrill/RadialDrill/RadialDrill'
[LOG 11:30:04.827] PartLoader: Compiling Part 'Squad/Parts/Resources/RadialTank/RadialTank/RadialOreTank'
[LOG 11:30:04.834] PartLoader: Compiling Part 'Squad/Parts/Resources/SmallTank/SmallTank/SmallTank'
[LOG 11:30:04.838] PartLoader: Compiling Part 'Squad/Parts/Resources/SurfaceScanner/SurfaceScanner/SurfaceScanner'
[LOG 11:30:04.866] PartLoader: Compiling Part 'Squad/Parts/Resources/SurveyScanner/SurveyScanner/SurveyScanner'
[LOG 11:30:04.876] PartLoader: Compiling Part 'Squad/Parts/Science/AtmosphereSensor/sensorAtmosphere/sensorAtmosphere'
[LOG 11:30:04.879] PartLoader: Compiling Part 'Squad/Parts/Science/GooExperiment/gooExperiment/GooExperiment'
[LOG 11:30:04.883] PartLoader: Compiling Part 'Squad/Parts/Science/LargeCrewedLab/largeCrewedLab/Large_Crewed_Lab'
[LOG 11:30:04.901] PartLoader: Compiling Part 'Squad/Parts/Science/Magnetometer/Magnetometer/Magnetometer'
[LOG 11:30:04.911] PartLoader: Compiling Part 'Squad/Parts/Science/MaterialBay/materialBay/science_module'
[LOG 11:30:04.915] PartLoader: Compiling Part 'Squad/Parts/Science/ScienceBox/ScienceBox/ScienceBox'
[LOG 11:30:04.918] PartLoader: Compiling Part 'Squad/Parts/Science/sensorAccelerometer/sensorAccelerometer/sensorAccelerometer'
[LOG 11:30:04.925] PartLoader: Compiling Part 'Squad/Parts/Science/sensorBarometer/sensorBarometer/sensorBarometer'
[LOG 11:30:04.928] PartLoader: Compiling Part 'Squad/Parts/Science/sensorGravimeter/sensorGravimeter/sensorGravimeter'
[LOG 11:30:04.932] PartLoader: Compiling Part 'Squad/Parts/Science/sensorThermometer/sensorThermometer/sensorThermometer'
[LOG 11:30:04.937] PartLoader: Compiling Part 'Squad/Parts/Structural/FLAdapters/adapterSmallMiniShort/adapterSmallMiniShort'
[LOG 11:30:04.941] PartLoader: Compiling Part 'Squad/Parts/Structural/FLAdapters/adapterSmallMiniTall/adapterSmallMiniTall'
[LOG 11:30:04.946] PartLoader: Compiling Part 'Squad/Parts/Structural/mk1Parts/engineBodyRadial/radialEngineBody'
[LOG 11:30:04.950] PartLoader: Compiling Part 'Squad/Parts/Structural/mk1Parts/engineNacelle/nacelleBody'
[LOG 11:30:04.954] PartLoader: Compiling Part 'Squad/Parts/Structural/mk1Parts/mk1Fuselage/MK1Fuselage'
[LOG 11:30:04.956] PartLoader: Compiling Part 'Squad/Parts/Structural/mk1Parts/mk1FuselageIntake/MK1IntakeFuselage'
[LOG 11:30:04.959] PartLoader: Compiling Part 'Squad/Parts/Structural/mk1Parts/mk1Structural/Mk1FuselageStructural'
[LOG 11:30:04.962] PartLoader: Compiling Part 'Squad/Parts/Structural/Size3To2Adapter_v2/Size2to3_v2/Size3To2Adapter_v2'
[LOG 11:30:04.965] PartLoader: Compiling Part 'Squad/Parts/Structural/stackAdapters/adapterLargeSmallBi/adapterLargeSmallBi'
[LOG 11:30:04.968] PartLoader: Compiling Part 'Squad/Parts/Structural/stackAdapters/adapterLargeSmallQuad/adapterLargeSmallQuad'
[LOG 11:30:04.972] PartLoader: Compiling Part 'Squad/Parts/Structural/stackAdapters/adapterLargeSmallTri/adapterLargeSmallTri'
[LOG 11:30:04.976] PartLoader: Compiling Part 'Squad/Parts/Structural/stationHub/stationHub/stationHub'
[LOG 11:30:04.980] PartLoader: Compiling Part 'Squad/Parts/Structural/structuralIBeam200/structuralIBeam200/structuralIBeam2'
[LOG 11:30:04.983] PartLoader: Compiling Part 'Squad/Parts/Structural/structuralIBeam200Pocket/structuralIBeam200Pocket/structuralIBeam3'
[LOG 11:30:04.987] PartLoader: Compiling Part 'Squad/Parts/Structural/structuralIBeam650/structuralIBeam650/structuralIBeam1'
[LOG 11:30:04.990] PartLoader: Compiling Part 'Squad/Parts/Structural/structuralMicronode/structuralMicronode/structuralMiniNode'
[LOG 11:30:04.994] PartLoader: Compiling Part 'Squad/Parts/Structural/structuralPanel1x1/structuralPanel1x1/structuralPanel1'
[LOG 11:30:04.997] PartLoader: Compiling Part 'Squad/Parts/Structural/structuralPanel2x2/structuralPanel2x2/structuralPanel2'
[LOG 11:30:05.000] PartLoader: Compiling Part 'Squad/Parts/Structural/structuralPylons/smallHardpoint/smallHardpoint'
[LOG 11:30:05.004] PartLoader: Compiling Part 'Squad/Parts/Structural/structuralPylons/structuralPylon/structuralPylon'
[LOG 11:30:05.009] PartLoader: Compiling Part 'Squad/Parts/Structural/strutCubicOcto/strutCubicOcto/strutCube'
[LOG 11:30:05.013] PartLoader: Compiling Part 'Squad/Parts/Structural/strutOcto/strutOcto/strutOcto'
[LOG 11:30:05.016] PartLoader: Compiling Part 'Squad/Parts/Structural/trussGirderAdapter/trussGirderAdapter/trussAdapter'
[LOG 11:30:05.018] PartLoader: Compiling Part 'Squad/Parts/Structural/trussGirderL/trussGirderL/trussPiece1x'
[LOG 11:30:05.021] PartLoader: Compiling Part 'Squad/Parts/Structural/trussGirderXL/trussGirderXL/trussPiece3x'
[LOG 11:30:05.023] PartLoader: Compiling Part 'Squad/Parts/Thermal/FoldingRadiators/foldingRadLarge/foldingRadLarge'
[LOG 11:30:05.036] PartLoader: Compiling Part 'Squad/Parts/Thermal/FoldingRadiators/foldingRadMed/foldingRadMed'
[LOG 11:30:05.041] PartLoader: Compiling Part 'Squad/Parts/Thermal/FoldingRadiators/foldingRadSmall/foldingRadSmall'
[LOG 11:30:05.049] PartLoader: Compiling Part 'Squad/Parts/Thermal/RadiatorPanels/radPanelEdge/radPanelEdge'
[LOG 11:30:05.056] PartLoader: Compiling Part 'Squad/Parts/Thermal/RadiatorPanels/radPanelLg/radPanelLg'
[LOG 11:30:05.060] PartLoader: Compiling Part 'Squad/Parts/Thermal/RadiatorPanels/radPanelSm/radPanelSm'
[LOG 11:30:05.063] PartLoader: Compiling Part 'Squad/Parts/Utility/commDish88-88/commDish88-88/commDish'
[LOG 11:30:05.069] PartLoader: Compiling Part 'Squad/Parts/Utility/commsAntennaDTS-M1/commsAntennaDTS-M1/mediumDishAntenna'
[LOG 11:30:05.074] PartLoader: Compiling Part 'Squad/Parts/Utility/commsDish16/commsAntenna16/longAntenna'
[LOG 11:30:05.078] PartLoader: Compiling Part 'Squad/Parts/Utility/decouplerRadialHDM/decouplerRadialHDM/radialDecoupler1-2'
[LOG 11:30:05.085] PartLoader: Compiling Part 'Squad/Parts/Utility/decouplerRadialTT-38K/decouplerRadialTT-38K/radialDecoupler'
[LOG 11:30:05.090] PartLoader: Compiling Part 'Squad/Parts/Utility/decouplerRadialTT-70/decouplerRadialTT-70/radialDecoupler2'
[LOG 11:30:05.095] PartLoader: Compiling Part 'Squad/Parts/Utility/DirectAntennas/C16S/SurfAntenna'
[LOG 11:30:05.098] PartLoader: Compiling Part 'Squad/Parts/Utility/DirectAntennas/HG-5/HighGainAntenna5'
[LOG 11:30:05.103] PartLoader: Compiling Part 'Squad/Parts/Utility/DirectAntennas/HG-5_v2/HighGainAntenna5_v2'
[LOG 11:30:05.107] PartLoader: Compiling Part 'Squad/Parts/Utility/dockingPort/dockingPort/dockingPort2'
[LOG 11:30:05.117] PartLoader: Compiling Part 'Squad/Parts/Utility/dockingPortInline/dockingPortInline/dockingPortLateral'
[LOG 11:30:05.122] PartLoader: Compiling Part 'Squad/Parts/Utility/dockingPortJr/dockingPortJr/dockingPort3'
[LOG 11:30:05.126] PartLoader: Compiling Part 'Squad/Parts/Utility/dockingPortShielded/dockingPortShielded/dockingPort1'
[LOG 11:30:05.132] PartLoader: Compiling Part 'Squad/Parts/Utility/dockingPortSr/dockingPortSr/dockingPortLarge'
[LOG 11:30:05.137] PartLoader: Compiling Part 'Squad/Parts/Utility/Fireworks/fireworksLauncherBig/fireworksLauncherBig'
[LOG 11:30:05.149] PartLoader: Compiling Part 'Squad/Parts/Utility/Fireworks/fireworksLauncherSmall/fireworksLauncherSmall'
[LOG 11:30:05.156] PartLoader: Compiling Part 'Squad/Parts/Utility/flags/flagFlat/flagFlat/flagPartFlat'
[LOG 11:30:05.165] PartLoader: Compiling Part 'Squad/Parts/Utility/flags/flagSize0/flagSize0/flagPartSize0'
[LOG 11:30:05.170] PartLoader: Compiling Part 'Squad/Parts/Utility/flags/flagSize1/flagSize1/flagPartSize1'
[LOG 11:30:05.175] PartLoader: Compiling Part 'Squad/Parts/Utility/flags/flagSize2/flagSize2/flagPartSize2'
[LOG 11:30:05.180] PartLoader: Compiling Part 'Squad/Parts/Utility/flags/flagSize3/flagSize3/flagPartSize3'
[LOG 11:30:05.184] PartLoader: Compiling Part 'Squad/Parts/Utility/GrapplingDevice/part/GrapplingDevice'
[LOG 11:30:05.195] PartLoader: Compiling Part 'Squad/Parts/Utility/ladderRadial/ladderRadial/ladder1'
[LOG 11:30:05.199] PartLoader: Compiling Part 'Squad/Parts/Utility/ladderTelescopic/ladderTelescopic/telescopicLadder'
[LOG 11:30:05.205] PartLoader: Compiling Part 'Squad/Parts/Utility/ladderTelescopicBay/ladderTelescopicBay/telescopicLadderBay'
[LOG 11:30:05.218] PartLoader: Compiling Part 'Squad/Parts/Utility/landingLegLT-1/landingLegLT-1/landingLeg1'
[LOG 11:30:05.245] PartLoader: Compiling Part 'Squad/Parts/Utility/landingLegLT-2/landingLegLT-2/landingLeg1-2'
[LOG 11:30:05.256] PartLoader: Compiling Part 'Squad/Parts/Utility/landingLegLT-5/landingLegLT-5/miniLandingLeg'
[LOG 11:30:05.263] PartLoader: Compiling Part 'Squad/Parts/Utility/launchClamp1/launchClamp1/launchClamp1'
[LOG 11:30:05.269] PartLoader: Compiling Part 'Squad/Parts/Utility/launchEscapeSystem/part/LaunchEscapeSystem'
[LOG 11:30:05.275] PartLoader: Compiling Part 'Squad/Parts/Utility/Lights/domeLight1/domeLight1'
[LOG 11:30:05.280] PartLoader: Compiling Part 'Squad/Parts/Utility/Lights/groundLight1/groundLight1'
[LOG 11:30:05.284] PartLoader: Compiling Part 'Squad/Parts/Utility/Lights/groundLight2/groundLight2'
[LOG 11:30:05.288] PartLoader: Compiling Part 'Squad/Parts/Utility/Lights/navLight1/navLight1'
[LOG 11:30:05.293] PartLoader: Compiling Part 'Squad/Parts/Utility/Lights/spotLight1/spotLight3'
[LOG 11:30:05.297] PartLoader: Compiling Part 'Squad/Parts/Utility/Lights/stripLight1/stripLight1'
[LOG 11:30:05.302] PartLoader: Compiling Part 'Squad/Parts/Utility/linearVernorRCS/linearRCS/linearRcs'
[LOG 11:30:05.309] PartLoader: Compiling Part 'Squad/Parts/Utility/linearVernorRCS/vernorEngine/vernierEngine'
[LOG 11:30:05.316] PartLoader: Compiling Part 'Squad/Parts/Utility/mk2CargoBay/BayL/mk2CargoBayL'
[LOG 11:30:05.323] PartLoader: Compiling Part 'Squad/Parts/Utility/mk2CargoBay/BayS/mk2CargoBayS'
[LOG 11:30:05.329] PartLoader: Compiling Part 'Squad/Parts/Utility/mk2CrewCabin/mk2CrewCabin/mk2CrewCabin'
[WRN 11:30:05.332] [Part]: Cannot have ModuleCargoPart and ModuleInventoryPart on same Part [mk2CrewCabin'. Removed ModuleCargoPart
[LOG 11:30:05.336] PartLoader: Compiling Part 'Squad/Parts/Utility/mk2DockingPort/mk2DockingPort/mk2DockingPort'
[LOG 11:30:05.342] PartLoader: Compiling Part 'Squad/Parts/Utility/mk3CargoBay/long/mk3CargoBayL'
[LOG 11:30:05.345] PartLoader: Compiling Part 'Squad/Parts/Utility/mk3CargoBay/medium/mk3CargoBayM'
[LOG 11:30:05.348] PartLoader: Compiling Part 'Squad/Parts/Utility/mk3CargoBay/ramp/mk3CargoRamp'
[LOG 11:30:05.352] PartLoader: Compiling Part 'Squad/Parts/Utility/mk3CargoBay/short/mk3CargoBayS'
[LOG 11:30:05.355] PartLoader: Compiling Part 'Squad/Parts/Utility/parachuteMk1/parachuteMk1/parachuteSingle'
[LOG 11:30:05.367] PartLoader: Compiling Part 'Squad/Parts/Utility/parachuteMk12-R/parachuteMk12-R/radialDrogue'
[LOG 11:30:05.372] PartLoader: Compiling Part 'Squad/Parts/Utility/parachuteMk16-XL/parachuteMk16-XL/parachuteLarge'
[LOG 11:30:05.377] PartLoader: Compiling Part 'Squad/Parts/Utility/parachuteMk2-R/parachuteMk2-R/parachuteRadial'
[LOG 11:30:05.381] PartLoader: Compiling Part 'Squad/Parts/Utility/parachuteMk25/parachuteMk25/parachuteDrogue'
[LOG 11:30:05.385] PartLoader: Compiling Part 'Squad/Parts/Utility/radialAttachmentPoint/radialAttachmentPoint/stackPoint1'
[LOG 11:30:05.387] PartLoader: Compiling Part 'Squad/Parts/Utility/rcsBlockRV-105_v2/rcsBlockRV-105/RCSBlock_v2'
[LOG 11:30:05.394] PartLoader: Compiling Part 'Squad/Parts/Utility/rcsBlockRV-105_v2/RCSblock_01_small/RCSblock_01_small'
[LOG 11:30:05.402] PartLoader: Compiling Part 'Squad/Parts/Utility/rcsSmallLinear/RCSLinearSmall/RCSLinearSmall'
[LOG 11:30:05.407] PartLoader: Compiling Part 'Squad/Parts/Utility/RelayAntennas/RA-100/RelayAntenna100'
[LOG 11:30:05.411] PartLoader: Compiling Part 'Squad/Parts/Utility/RelayAntennas/RA-5/RelayAntenna5'
[LOG 11:30:05.414] PartLoader: Compiling Part 'Squad/Parts/Utility/RelayAntennas/RA-50/RelayAntenna50'
[LOG 11:30:05.418] PartLoader: Compiling Part 'Squad/Parts/Utility/rockomaxAdapters/largeAdapter/largeAdapter'
[LOG 11:30:05.420] PartLoader: Compiling Part 'Squad/Parts/Utility/rockomaxAdapters/largeAdapterShort/largeAdapter2'
[LOG 11:30:05.423] PartLoader: Compiling Part 'Squad/Parts/Utility/ServiceBay_v2/ServiceBay_125_v2/ServiceBay_125_v2'
[LOG 11:30:05.427] PartLoader: Compiling Part 'Squad/Parts/Utility/ServiceBay_v2/ServiceBay_250_v2/ServiceBay_250_v2'
[LOG 11:30:05.430] PartLoader: Compiling Part 'Squad/Parts/Utility/smallClaw/smallClaw/smallClaw'
[LOG 11:30:05.439] PartLoader: Compiling Part 'Squad/Parts/Utility/spotLightMk1/spotLightMk1/spotLight1'
[LOG 11:30:05.443] PartLoader: Compiling Part 'Squad/Parts/Utility/spotLightMk1_v2/spotLightMk1_v2/spotLight1_v2'
[LOG 11:30:05.447] PartLoader: Compiling Part 'Squad/Parts/Utility/spotLightMk2/spotLightMk2/spotLight2'
[LOG 11:30:05.450] PartLoader: Compiling Part 'Squad/Parts/Utility/spotLightMk2_v2/spotLightMk2_v2/spotLight2_v2'
[LOG 11:30:05.454] PartLoader: Compiling Part 'Squad/Parts/Utility/stackCouplers/stackBiCoupler_v2/stackBiCoupler_v2'
[LOG 11:30:05.457] PartLoader: Compiling Part 'Squad/Parts/Utility/stackCouplers/stackQuadCoupler/stackQuadCoupler'
[LOG 11:30:05.460] PartLoader: Compiling Part 'Squad/Parts/Utility/stackCouplers/stackTriCoupler_v2/stackTriCoupler_v2'
[LOG 11:30:05.462] PartLoader: Compiling Part 'Squad/Parts/Wheel/LandingGear/GearExtraLarge/GearLarge'
[LOG 11:30:05.481] PartLoader: Compiling Part 'Squad/Parts/Wheel/LandingGear/GearFixed/GearFixed'
[LOG 11:30:05.485] PartLoader: Compiling Part 'Squad/Parts/Wheel/LandingGear/GearFree/GearFree'
[LOG 11:30:05.494] PartLoader: Compiling Part 'Squad/Parts/Wheel/LandingGear/GearLarge/GearMedium'
[LOG 11:30:05.504] PartLoader: Compiling Part 'Squad/Parts/Wheel/LandingGear/GearMedium/GearSmall'
[LOG 11:30:05.519] PartLoader: Compiling Part 'Squad/Parts/Wheel/LandingGear/GearSmall/SmallGearBay'
[LOG 11:30:05.533] PartLoader: Compiling Part 'Squad/Parts/Wheel/roverWheelM1/roverWheelM1/roverWheel1'
[LOG 11:30:05.548] PartLoader: Compiling Part 'Squad/Parts/Wheel/roverWheelS2/roverWheelS2/roverWheel2'
[LOG 11:30:05.561] PartLoader: Compiling Part 'Squad/Parts/Wheel/roverWheelTR-2L/roverWheelTR-2L/wheelMed'
[LOG 11:30:05.571] PartLoader: Compiling Part 'Squad/Parts/Wheel/roverWheelXL3/roverWheelXL3/roverWheel3'
[LOG 11:30:05.592] PartLoader: Compiling Part 'SquadExpansion/MakingHistory/Parts/Aero/protectiveRocketNoseMk16/rocketNoseCone_size4/rocketNoseConeSize4'
[LOG 11:30:05.595] PartLoader: Compiling Part 'SquadExpansion/MakingHistory/Parts/Aero/protectiveRocketNoseMk5A/Size_1_5_Cone/Size_1_5_Cone'
[LOG 11:30:05.597] PartLoader: Compiling Part 'SquadExpansion/MakingHistory/Parts/Coupling/Decoupler_1p5/Decoupler_1p5'
[LOG 11:30:05.602] PartLoader: Compiling Part 'SquadExpansion/MakingHistory/Parts/Coupling/Decoupler_4/Decoupler_4'
[LOG 11:30:05.606] PartLoader: Compiling Part 'SquadExpansion/MakingHistory/Parts/Coupling/EnginePlate_1p5/EnginePlate1p5'
[LOG 11:30:05.616] PartLoader: Compiling Part 'SquadExpansion/MakingHistory/Parts/Coupling/EnginePlate_2/EnginePlate2'
[LOG 11:30:05.621] PartLoader: Compiling Part 'SquadExpansion/MakingHistory/Parts/Coupling/EnginePlate_3/EnginePlate3'
[LOG 11:30:05.628] PartLoader: Compiling Part 'SquadExpansion/MakingHistory/Parts/Coupling/EnginePlate_4/EnginePlate4'
[LOG 11:30:05.634] PartLoader: Compiling Part 'SquadExpansion/MakingHistory/Parts/Coupling/EnginePlate_5/EnginePlate5'
[LOG 11:30:05.640] PartLoader: Compiling Part 'SquadExpansion/MakingHistory/Parts/Coupling/InflatableAirlock/InflatableAirlock'
[LOG 11:30:05.645] PartLoader: Compiling Part 'SquadExpansion/MakingHistory/Parts/Coupling/Separator_1p5/Separator_1p5'
[LOG 11:30:05.650] PartLoader: Compiling Part 'SquadExpansion/MakingHistory/Parts/Coupling/Separator_4/Separator_4'
[LOG 11:30:05.654] PartLoader: Compiling Part 'SquadExpansion/MakingHistory/Parts/Coupling/Size1p5_Strut_Decoupler/Size1p5_Strut_Decoupler'
[LOG 11:30:05.659] PartLoader: Compiling Part 'SquadExpansion/MakingHistory/Parts/Engine/LiquidEngineKE-1/LiquidEngineKE-1'
[LOG 11:30:05.670] PartLoader: Compiling Part 'SquadExpansion/MakingHistory/Parts/Engine/LiquidEngineLV-T91/LiquidEngineLV-T91'
[LOG 11:30:05.680] PartLoader: Compiling Part 'SquadExpansion/MakingHistory/Parts/Engine/LiquidEngineLV-TX87/LiquidEngineLV-TX87'
[LOG 11:30:05.690] PartLoader: Compiling Part 'SquadExpansion/MakingHistory/Parts/Engine/LiquidEngineRE-I2/LiquidEngineRE-I2'
[LOG 11:30:05.700] PartLoader: Compiling Part 'SquadExpansion/MakingHistory/Parts/Engine/LiquidEngineRE-J10/LiquidEngineRE-J10'
[LOG 11:30:05.711] PartLoader: Compiling Part 'SquadExpansion/MakingHistory/Parts/Engine/LiquidEngineRK-7/LiquidEngineRK-7'
[LOG 11:30:05.723] PartLoader: Compiling Part 'SquadExpansion/MakingHistory/Parts/Engine/LiquidEngineRV-1/LiquidEngineRV-1'
[LOG 11:30:05.731] PartLoader: Compiling Part 'SquadExpansion/MakingHistory/Parts/Engine/solidBoosterTHK/solidBoosterTHK/Pollux'
[LOG 11:30:05.737] PartLoader: Compiling Part 'SquadExpansion/MakingHistory/Parts/FuelTank/MonoPropMini/monopropMiniSphere'
[LOG 11:30:05.740] PartLoader: Compiling Part 'SquadExpansion/MakingHistory/Parts/FuelTank/Size1p5_Monoprop/Size1p5_Monoprop'
[LOG 11:30:05.744] PartLoader: Compiling Part 'SquadExpansion/MakingHistory/Parts/FuelTank/Size1p5_Size0_Adapter_01/Size1p5_Size0_Adapter_01'
[LOG 11:30:05.747] PartLoader: Compiling Part 'SquadExpansion/MakingHistory/Parts/FuelTank/Size1p5_Size1_Adapter_01/Size1p5_Size1_Adapter_01'
[LOG 11:30:05.749] PartLoader: Compiling Part 'SquadExpansion/MakingHistory/Parts/FuelTank/Size1p5_Size1_Adapter_02/Size1p5_Size1_Adapter_02'
[LOG 11:30:05.752] PartLoader: Compiling Part 'SquadExpansion/MakingHistory/Parts/FuelTank/Size1p5_Size2_Adapter_01/Size1p5_Size2_Adapter_01'
[LOG 11:30:05.755] PartLoader: Compiling Part 'SquadExpansion/MakingHistory/Parts/FuelTank/Size1p5_Tank_01/Size1p5_Tank_01'
[LOG 11:30:05.758] PartLoader: Compiling Part 'SquadExpansion/MakingHistory/Parts/FuelTank/Size1p5_Tank_02/Size1p5_Tank_02'
[LOG 11:30:05.761] PartLoader: Compiling Part 'SquadExpansion/MakingHistory/Parts/FuelTank/Size1p5_Tank_03/Size1p5_Tank_03'
[LOG 11:30:05.764] PartLoader: Compiling Part 'SquadExpansion/MakingHistory/Parts/FuelTank/Size1p5_Tank_04/Size1p5_Tank_04'
[LOG 11:30:05.766] PartLoader: Compiling Part 'SquadExpansion/MakingHistory/Parts/FuelTank/Size1p5_Tank_05/Size1p5_Tank_05'
[LOG 11:30:05.771] PartLoader: Compiling Part 'SquadExpansion/MakingHistory/Parts/FuelTank/Size3_Size4_Adapter_01/Size3_Size4_Adapter_01'
[LOG 11:30:05.774] PartLoader: Compiling Part 'SquadExpansion/MakingHistory/Parts/FuelTank/Size4_EngineAdapter_01/Size4_EngineAdapter_01'
[LOG 11:30:05.778] PartLoader: Compiling Part 'SquadExpansion/MakingHistory/Parts/FuelTank/Size4_Tank_01/Size4_Tank_01'
[LOG 11:30:05.782] PartLoader: Compiling Part 'SquadExpansion/MakingHistory/Parts/FuelTank/Size4_Tank_02/Size4_Tank_02'
[LOG 11:30:05.785] PartLoader: Compiling Part 'SquadExpansion/MakingHistory/Parts/FuelTank/Size4_Tank_03/Size4_Tank_03'
[LOG 11:30:05.787] PartLoader: Compiling Part 'SquadExpansion/MakingHistory/Parts/FuelTank/Size4_Tank_04/Size4_Tank_04'
[LOG 11:30:05.789] PartLoader: Compiling Part 'SquadExpansion/MakingHistory/Parts/Ground/RoverWheel/roverWheelM1-F'
[LOG 11:30:05.798] PartLoader: Compiling Part 'SquadExpansion/MakingHistory/Parts/Payload/fairingSize1p5/fairingSize1p5'
[LOG 11:30:05.808] PartLoader: Compiling Part 'SquadExpansion/MakingHistory/Parts/Payload/fairingSize4/fairingSize4'
[LOG 11:30:05.819] PartLoader: Compiling Part 'SquadExpansion/MakingHistory/Parts/Payload/Size1to0ServiceModule/Size1to0ServiceModule'
[LOG 11:30:05.826] PartLoader: Compiling Part 'SquadExpansion/MakingHistory/Parts/Payload/SM18/ServiceModule18'
[LOG 11:30:05.832] PartLoader: Compiling Part 'SquadExpansion/MakingHistory/Parts/Payload/SM25/ServiceModule25'
[LOG 11:30:05.838] PartLoader: Compiling Part 'SquadExpansion/MakingHistory/Parts/Pods/KV1Pod/kv1Pod'
[WRN 11:30:05.841] [Part]: Cannot have ModuleCargoPart and ModuleInventoryPart on same Part [kv1Pod'. Removed ModuleCargoPart
[LOG 11:30:05.846] PartLoader: Compiling Part 'SquadExpansion/MakingHistory/Parts/Pods/KV2Pod/kv2Pod'
[WRN 11:30:05.850] [Part]: Cannot have ModuleCargoPart and ModuleInventoryPart on same Part [kv2Pod'. Removed ModuleCargoPart
[LOG 11:30:05.855] PartLoader: Compiling Part 'SquadExpansion/MakingHistory/Parts/Pods/KV3Pod/kv3Pod'
[WRN 11:30:05.859] [Part]: Cannot have ModuleCargoPart and ModuleInventoryPart on same Part [kv3Pod'. Removed ModuleCargoPart
[LOG 11:30:05.864] PartLoader: Compiling Part 'SquadExpansion/MakingHistory/Parts/Pods/Mk2Pod/Mk2Pod'
[WRN 11:30:05.867] [Part]: Cannot have ModuleCargoPart and ModuleInventoryPart on same Part [Mk2Pod'. Removed ModuleCargoPart
[LOG 11:30:05.872] PartLoader: Compiling Part 'SquadExpansion/MakingHistory/Parts/Pods/Size1_5_Lander/MEMLander'
[WRN 11:30:05.877] [Part]: Cannot add ModuleCargoPart as this Part 'MEMLander' already has a ModuleInventoryPart PartModule and they are mutually exclusive.
[LOG 11:30:05.883] PartLoader: Compiling Part 'SquadExpansion/MakingHistory/Parts/Prebuilt/kerbalEVAfemaleVintage/kerbalEVAfemaleVintage'
[LOG 11:30:05.889] PartLoader: Compiling Part 'SquadExpansion/MakingHistory/Parts/Prebuilt/kerbalEVAVintage/kerbalEVAVintage'
[LOG 11:30:05.894] PartLoader: Compiling Part 'SquadExpansion/MakingHistory/Parts/Structural/EquiTriangle0/EquiTriangle0'
[LOG 11:30:05.900] PartLoader: Compiling Part 'SquadExpansion/MakingHistory/Parts/Structural/EquiTriangle1/EquiTriangle1'
[LOG 11:30:05.903] PartLoader: Compiling Part 'SquadExpansion/MakingHistory/Parts/Structural/EquiTriangle1p5/EquiTriangle1p5'
[LOG 11:30:05.907] PartLoader: Compiling Part 'SquadExpansion/MakingHistory/Parts/Structural/EquiTriangle2/EquiTriangle2'
[LOG 11:30:05.911] PartLoader: Compiling Part 'SquadExpansion/MakingHistory/Parts/Structural/Panel0/Panel0'
[LOG 11:30:05.914] PartLoader: Compiling Part 'SquadExpansion/MakingHistory/Parts/Structural/Panel1/Panel1'
[LOG 11:30:05.918] PartLoader: Compiling Part 'SquadExpansion/MakingHistory/Parts/Structural/Panel1p5/Panel1p5'
[LOG 11:30:05.923] PartLoader: Compiling Part 'SquadExpansion/MakingHistory/Parts/Structural/Panel2/Panel2'
[LOG 11:30:05.926] PartLoader: Compiling Part 'SquadExpansion/MakingHistory/Parts/Structural/Triangle0/Triangle0'
[LOG 11:30:05.929] PartLoader: Compiling Part 'SquadExpansion/MakingHistory/Parts/Structural/Triangle1/Triangle1'
[LOG 11:30:05.932] PartLoader: Compiling Part 'SquadExpansion/MakingHistory/Parts/Structural/Triangle1p5/Triangle1p5'
[LOG 11:30:05.936] PartLoader: Compiling Part 'SquadExpansion/MakingHistory/Parts/Structural/Triangle2/Triangle2'
[LOG 11:30:05.941] PartLoader: Compiling Part 'SquadExpansion/MakingHistory/Parts/Structural/Tube1/Tube1'
[LOG 11:30:05.945] PartLoader: Compiling Part 'SquadExpansion/MakingHistory/Parts/Structural/Tube1p5/Tube1p5'
[LOG 11:30:05.949] PartLoader: Compiling Part 'SquadExpansion/MakingHistory/Parts/Structural/Tube2/Tube2'
[LOG 11:30:05.953] PartLoader: Compiling Part 'SquadExpansion/MakingHistory/Parts/Structural/Tube3/Tube3'
[LOG 11:30:05.956] PartLoader: Compiling Part 'SquadExpansion/MakingHistory/Parts/Structural/Tube4/Tube4'
[LOG 11:30:05.960] PartLoader: Compiling Part 'SquadExpansion/MakingHistory/Parts/Thermal/HeatShield1p5/HeatShield1p5'
[LOG 11:30:05.966] PartLoader: Compiling Part 'SquadExpansion/MakingHistory/Parts/Utility/flags/flagSize1p5/flagSize1p5/flagPartSize1p5'
[LOG 11:30:05.970] PartLoader: Compiling Part 'SquadExpansion/MakingHistory/Parts/Utility/flags/flagSize4/flagSize4/flagPartSize4'
[LOG 11:30:05.976] PartLoader: Compiling Part 'SquadExpansion/Serenity/Parts/Aero/FanShroud_01/FanShroud_01'
[LOG 11:30:05.981] PartLoader: Compiling Part 'SquadExpansion/Serenity/Parts/Aero/FanShroud_02/FanShroud_02'
[LOG 11:30:05.986] PartLoader: Compiling Part 'SquadExpansion/Serenity/Parts/Aero/FanShroud_03/FanShroud_03'
[LOG 11:30:05.990] PartLoader: Compiling Part 'SquadExpansion/Serenity/Parts/Aero/noseconeTiny/noseconeTiny'
[LOG 11:30:05.993] PartLoader: Compiling Part 'SquadExpansion/Serenity/Parts/Aero/noseconeVS/noseconeVS'
[LOG 11:30:05.997] PartLoader: Compiling Part 'SquadExpansion/Serenity/Parts/DeployedScience/centralStation/DeployedCentralStation'
[LOG 11:30:06.015] PartLoader: Compiling Part 'SquadExpansion/Serenity/Parts/DeployedScience/gooObservation/DeployedGoExOb'
[LOG 11:30:06.027] PartLoader: Compiling Part 'SquadExpansion/Serenity/Parts/DeployedScience/ionCollector/DeployedIONExp'
[LOG 11:30:06.032] PartLoader: Compiling Part 'SquadExpansion/Serenity/Parts/DeployedScience/rtg/DeployedRTG'
[LOG 11:30:06.041] PartLoader: Compiling Part 'SquadExpansion/Serenity/Parts/DeployedScience/satDish/DeployedSatDish'
[LOG 11:30:06.051] PartLoader: Compiling Part 'SquadExpansion/Serenity/Parts/DeployedScience/seismicSensor/DeployedSeismicSensor'
[LOG 11:30:06.056] PartLoader: Compiling Part 'SquadExpansion/Serenity/Parts/DeployedScience/solarPanel/DeployedSolarPanel'
[LOG 11:30:06.061] PartLoader: Compiling Part 'SquadExpansion/Serenity/Parts/DeployedScience/weatherStation/DeployedWeatherStn'
[LOG 11:30:06.066] PartLoader: Compiling Part 'SquadExpansion/Serenity/Parts/Prebuilt/kerbalEVA/kerbalEVA'
[LOG 11:30:06.068] PartLoader: Compiling Part 'SquadExpansion/Serenity/Parts/Prebuilt/kerbalEVAfemale/kerbalEVAfemale'
[LOG 11:30:06.069] PartLoader: Compiling Part 'SquadExpansion/Serenity/Parts/Prebuilt/kerbalEVAfemaleFuture/kerbalEVAfemaleFuture'
[LOG 11:30:06.075] PartLoader: Compiling Part 'SquadExpansion/Serenity/Parts/Prebuilt/kerbalEVAfemaleVintage/kerbalEVAfemaleVintage'
[LOG 11:30:06.077] PartLoader: Compiling Part 'SquadExpansion/Serenity/Parts/Prebuilt/kerbalEVAFuture/kerbalEVAFuture'
[LOG 11:30:06.083] PartLoader: Compiling Part 'SquadExpansion/Serenity/Parts/Prebuilt/kerbalEVASlimSuit/kerbalEVASlimSuit'
[LOG 11:30:06.084] PartLoader: Compiling Part 'SquadExpansion/Serenity/Parts/Prebuilt/kerbalEVASlimSuitFemale/kerbalEVASlimSuitFemale'
[LOG 11:30:06.086] PartLoader: Compiling Part 'SquadExpansion/Serenity/Parts/Prebuilt/kerbalEVAVintage/kerbalEVAVintage'
[LOG 11:30:06.087] PartLoader: Compiling Part 'SquadExpansion/Serenity/Parts/Propellers/largeFanBlade/largeFanBlade'
[LOG 11:30:06.093] PartLoader: Compiling Part 'SquadExpansion/Serenity/Parts/Propellers/largeHeliBlade/largeHeliBlade'
[LOG 11:30:06.098] PartLoader: Compiling Part 'SquadExpansion/Serenity/Parts/Propellers/largePropeller/largePropeller'
[LOG 11:30:06.103] PartLoader: Compiling Part 'SquadExpansion/Serenity/Parts/Propellers/mediumFanBlade/mediumFanBlade'
[LOG 11:30:06.108] PartLoader: Compiling Part 'SquadExpansion/Serenity/Parts/Propellers/mediumHeliBlade/mediumHeliBlade'
[LOG 11:30:06.112] PartLoader: Compiling Part 'SquadExpansion/Serenity/Parts/Propellers/mediumPropeller/mediumPropeller'
[LOG 11:30:06.117] PartLoader: Compiling Part 'SquadExpansion/Serenity/Parts/Propellers/smallFanBlade/smallFanBlade'
[LOG 11:30:06.121] PartLoader: Compiling Part 'SquadExpansion/Serenity/Parts/Propellers/smallHeliBlade/smallHeliBlade'
[LOG 11:30:06.127] PartLoader: Compiling Part 'SquadExpansion/Serenity/Parts/Propellers/smallPropeller/smallPropeller'
[LOG 11:30:06.133] PartLoader: Compiling Part 'SquadExpansion/Serenity/Parts/Robotics/hinge_01/hinge_01'
[LOG 11:30:06.148] PartLoader: Compiling Part 'SquadExpansion/Serenity/Parts/Robotics/hinge_01_s/hinge_01_s'
[LOG 11:30:06.154] PartLoader: Compiling Part 'SquadExpansion/Serenity/Parts/Robotics/hinge_03/hinge_03'
[LOG 11:30:06.161] PartLoader: Compiling Part 'SquadExpansion/Serenity/Parts/Robotics/hinge_03_s/hinge_03_s'
[LOG 11:30:06.167] PartLoader: Compiling Part 'SquadExpansion/Serenity/Parts/Robotics/hinge_04/hinge_04'
[LOG 11:30:06.174] PartLoader: Compiling Part 'SquadExpansion/Serenity/Parts/Robotics/piston_01/piston_01'
[LOG 11:30:06.185] PartLoader: Compiling Part 'SquadExpansion/Serenity/Parts/Robotics/piston_02/piston_02'
[LOG 11:30:06.191] PartLoader: Compiling Part 'SquadExpansion/Serenity/Parts/Robotics/piston_03/piston_03'
[LOG 11:30:06.198] PartLoader: Compiling Part 'SquadExpansion/Serenity/Parts/Robotics/piston_04/piston_04'
[LOG 11:30:06.205] PartLoader: Compiling Part 'SquadExpansion/Serenity/Parts/Robotics/RotorEngine_02/RotorEngine_02'
[LOG 11:30:06.216] PartLoader: Compiling Part 'SquadExpansion/Serenity/Parts/Robotics/RotorEngine_03/RotorEngine_03'
[LOG 11:30:06.222] PartLoader: Compiling Part 'SquadExpansion/Serenity/Parts/Robotics/rotor_01/rotor_01'
[LOG 11:30:06.233] PartLoader: Compiling Part 'SquadExpansion/Serenity/Parts/Robotics/rotor_01s/rotor_01s'
[LOG 11:30:06.240] PartLoader: Compiling Part 'SquadExpansion/Serenity/Parts/Robotics/rotor_02/rotor_02'
[LOG 11:30:06.247] PartLoader: Compiling Part 'SquadExpansion/Serenity/Parts/Robotics/rotor_02s/rotor_02s'
[LOG 11:30:06.253] PartLoader: Compiling Part 'SquadExpansion/Serenity/Parts/Robotics/rotor_03/rotor_03'
[LOG 11:30:06.259] PartLoader: Compiling Part 'SquadExpansion/Serenity/Parts/Robotics/rotor_03s/rotor_03s'
[LOG 11:30:06.270] PartLoader: Compiling Part 'SquadExpansion/Serenity/Parts/Robotics/rotoServo_00/rotoServo_00'
[LOG 11:30:06.285] PartLoader: Compiling Part 'SquadExpansion/Serenity/Parts/Robotics/rotoServo_02/rotoServo_02'
[LOG 11:30:06.293] PartLoader: Compiling Part 'SquadExpansion/Serenity/Parts/Robotics/rotoServo_03/rotoServo_03'
[LOG 11:30:06.304] PartLoader: Compiling Part 'SquadExpansion/Serenity/Parts/Robotics/rotoServo_04/rotoServo_04'
[LOG 11:30:06.312] PartLoader: Compiling Part 'SquadExpansion/Serenity/Parts/Robotics/Controllers/KAL1000/controller1000'
[LOG 11:30:06.326] PartLoader: Compiling Part 'SquadExpansion/Serenity/Parts/Science/RobotArmScanner/RobotArmScanner_S1/RobotArmScanner_S1'
[LOG 11:30:06.353] PartLoader: Compiling Part 'SquadExpansion/Serenity/Parts/Science/RobotArmScanner/RobotArmScanner_S2/RobotArmScanner_S2'
[LOG 11:30:06.359] PartLoader: Compiling Part 'SquadExpansion/Serenity/Parts/Science/RobotArmScanner/RobotArmScanner_S3/RobotArmScanner_S3'
[LOG 11:30:06.366] PartLoader: Compiling Part 'SquadExpansion/Serenity/Parts/Structural/gripPads/lGripPad/lGripPad'
[LOG 11:30:06.374] PartLoader: Compiling Part 'SquadExpansion/Serenity/Parts/Structural/gripPads/lGripStrip/lGripStrip'
[LOG 11:30:06.378] PartLoader: Compiling Part 'SquadExpansion/Serenity/Parts/Structural/gripPads/mGripPad/mGripPad'
[LOG 11:30:06.382] PartLoader: Compiling Part 'SquadExpansion/Serenity/Parts/Structural/gripPads/sGripPad/sGripPad'
[LOG 11:30:06.385] PartLoader: Compiling Part 'SquadExpansion/Serenity/Parts/Structural/gripPads/sGripStrip/sGripStrip'
[LOG 11:30:06.389] PartLoader: Compiling Internal Prop 'Squad/Props/AltimeterThreeHands/prop/AltimeterThreeHands'
[LOG 11:30:06.392] PartLoader: Compiling Internal Prop 'Squad/Props/AtmosphereDepth/prop/AtmosphereDepth'
[LOG 11:30:06.393] PartLoader: Compiling Internal Prop 'Squad/Props/AxisIndicator/pitchConfig/AxisIndicatorPitch'
[LOG 11:30:06.395] PartLoader: Compiling Internal Prop 'Squad/Props/AxisIndicator/rollConfig/AxisIndicatorRoll'
[LOG 11:30:06.396] PartLoader: Compiling Internal Prop 'Squad/Props/AxisIndicator/yawConfig/AxisIndicatorYaw'
[LOG 11:30:06.397] PartLoader: Compiling Internal Prop 'Squad/Props/buttonsGeneric/circularButton/genericCircularButton'
[LOG 11:30:06.398] PartLoader: Compiling Internal Prop 'Squad/Props/buttonsGeneric/clusterButtons/genericClusterButtons'
[LOG 11:30:06.398] PartLoader: Compiling Internal Prop 'Squad/Props/buttonsGeneric/clusterButtons2/genericClusterButtons2'
[LOG 11:30:06.399] PartLoader: Compiling Internal Prop 'Squad/Props/buttonsGeneric/clusterKnob/genericClusterKnobs'
[LOG 11:30:06.399] PartLoader: Compiling Internal Prop 'Squad/Props/buttonsGeneric/clusterKnob2/genericClusterKnobs2'
[LOG 11:30:06.400] PartLoader: Compiling Internal Prop 'Squad/Props/buttonsGeneric/clusterMixed/genericClusterMixed'
[LOG 11:30:06.401] PartLoader: Compiling Internal Prop 'Squad/Props/buttonsGeneric/clusterSwitches01/genericClusterSwitches01'
[LOG 11:30:06.401] PartLoader: Compiling Internal Prop 'Squad/Props/buttonsGeneric/clusterSwitches02/genericClusterSwitches02'
[LOG 11:30:06.402] PartLoader: Compiling Internal Prop 'Squad/Props/buttonsGeneric/clusterSwitches03/genericClusterSwitches03'
[LOG 11:30:06.402] PartLoader: Compiling Internal Prop 'Squad/Props/buttonsGeneric/clusterSwitches04/genericClusterSwitches04'
[LOG 11:30:06.403] PartLoader: Compiling Internal Prop 'Squad/Props/buttonsGeneric/clusterSwitches05/genericClusterSwitches05'
[LOG 11:30:06.403] PartLoader: Compiling Internal Prop 'Squad/Props/buttonsGeneric/clusterSwitches06/genericClusterSwitches06'
[LOG 11:30:06.404] PartLoader: Compiling Internal Prop 'Squad/Props/buttonsGeneric/clusterSwitches07/genericClusterSwitches07'
[LOG 11:30:06.404] PartLoader: Compiling Internal Prop 'Squad/Props/buttonsGeneric/directionalKnob/genericDirectionalKnob'
[LOG 11:30:06.405] PartLoader: Compiling Internal Prop 'Squad/Props/buttonsGeneric/directionalKnob2/genericDirectionalKnob2'
[LOG 11:30:06.405] PartLoader: Compiling Internal Prop 'Squad/Props/buttonsGeneric/pullSwitch/genericPullSwitch'
[LOG 11:30:06.406] PartLoader: Compiling Internal Prop 'Squad/Props/buttonsGeneric/squareButton/genericSquareButton'
[LOG 11:30:06.406] PartLoader: Compiling Internal Prop 'Squad/Props/buttonsGeneric/standingSwitch/genericStandingSwitch'
[LOG 11:30:06.407] PartLoader: Compiling Internal Prop 'Squad/Props/buttonsGeneric/switch/genericSwitch'
[LOG 11:30:06.407] PartLoader: Compiling Internal Prop 'Squad/Props/buttonsGeneric/switchWithGuards/genericSwitchWithGuards'
[LOG 11:30:06.408] PartLoader: Compiling Internal Prop 'Squad/Props/ButtonSquare/prop/ButtonSquare'
[LOG 11:30:06.410] PartLoader: Compiling Internal Prop 'Squad/Props/circularButton/prop/circularButton'
[LOG 11:30:06.411] PartLoader: Compiling Internal Prop 'Squad/Props/Compass/prop/Compass'
[LOG 11:30:06.412] PartLoader: Compiling Internal Prop 'Squad/Props/directionalKnob/prop/directionalKnob'
[LOG 11:30:06.413] PartLoader: Compiling Internal Prop 'Squad/Props/directionalKnob2/prop/directionalKnob2'
[LOG 11:30:06.413] PartLoader: Compiling Internal Prop 'Squad/Props/IndicatorPanel/prop/IndicatorPanel'
[LOG 11:30:06.415] PartLoader: Compiling Internal Prop 'Squad/Props/IVANavBall/prop/NavBall'
[LOG 11:30:06.418] PartLoader: Compiling Internal Prop 'Squad/Props/IVANavBallNoBase/prop/NavBallNoBase'
[LOG 11:30:06.418] PartLoader: Compiling Internal Prop 'Squad/Props/ledPanelSpeed/prop/ledPanelSpeed'
[LOG 11:30:06.420] PartLoader: Compiling Internal Prop 'Squad/Props/Monitor/DockingMode/MonitorDockingMode'
[LOG 11:30:06.421] PartLoader: Compiling Internal Prop 'Squad/Props/NavBall/prop/NavBall'
[LOG 11:30:06.421] PartLoader: Compiling Internal Prop 'Squad/Props/PropsGeneric/Button_DockingMode/Button_DockingMode'
[LOG 11:30:06.423] PartLoader: Compiling Internal Prop 'Squad/Props/PropsGeneric/CargoBagA/CargoBagA'
[LOG 11:30:06.424] PartLoader: Compiling Internal Prop 'Squad/Props/PropsGeneric/CargoBagB/CargoBagB'
[LOG 11:30:06.424] PartLoader: Compiling Internal Prop 'Squad/Props/PropsGeneric/CargoBagC/CargoBagC'
[LOG 11:30:06.425] PartLoader: Compiling Internal Prop 'Squad/Props/PropsGeneric/Hatch_Plane/Hatch_Plane'
[LOG 11:30:06.425] PartLoader: Compiling Internal Prop 'Squad/Props/PropsGeneric/Hatch_Plane_Curve90/Hatch_Plane_Curve90'
[LOG 11:30:06.426] PartLoader: Compiling Internal Prop 'Squad/Props/PropsGeneric/Hatch_Plane_Frame/Hatch_Plane_Frame'
[LOG 11:30:06.426] PartLoader: Compiling Internal Prop 'Squad/Props/PropsGeneric/Seat_Passenger/Seat_Passenger'
[LOG 11:30:06.427] PartLoader: Compiling Internal Prop 'Squad/Props/PropsGeneric/Seat_Pilot/Seat_Pilot'
[LOG 11:30:06.428] PartLoader: Compiling Internal Prop 'Squad/Props/PropsGeneric/Seat_Pilot_Helmet/Seat_Pilot_Helmet'
[LOG 11:30:06.428] PartLoader: Compiling Internal Prop 'Squad/Props/PropsGeneric/SideStick/SideStick'
[LOG 11:30:06.429] PartLoader: Compiling Internal Prop 'Squad/Props/pullSwitch/prop/pullSwitch'
[LOG 11:30:06.429] PartLoader: Compiling Internal Prop 'Squad/Props/radarAltitude/prop/RadarAltimeter'
[LOG 11:30:06.431] PartLoader: Compiling Internal Prop 'Squad/Props/squareButton/prop/squareButton'
[LOG 11:30:06.432] PartLoader: Compiling Internal Prop 'Squad/Props/standingSwitch/prop/standingSwitch'
[LOG 11:30:06.432] PartLoader: Compiling Internal Prop 'Squad/Props/switch/prop/switch'
[LOG 11:30:06.433] PartLoader: Compiling Internal Prop 'Squad/Props/switchGuard/prop/switchGuard'
[LOG 11:30:06.433] PartLoader: Compiling Internal Prop 'Squad/Props/switchWithGuards/prop/switchWithGuards'
[LOG 11:30:06.434] PartLoader: Compiling Internal Prop 'Squad/Props/throttle/prop/throttle'
[LOG 11:30:06.435] PartLoader: Compiling Internal Prop 'Squad/Props/VSI/prop/VSI'
[LOG 11:30:06.437] PartLoader: Compiling Internal Space 'Squad/Spaces/crewCabinInternals/internal/crewCabinInternals'
[LOG 11:30:06.446] PartLoader: Compiling Internal Space 'Squad/Spaces/cupolaInternal/internal/cupolaInternal'
[LOG 11:30:06.458] PartLoader: Compiling Internal Space 'Squad/Spaces/GenericSpace1/internal/GenericSpace1'
[LOG 11:30:06.459] PartLoader: Compiling Internal Space 'Squad/Spaces/GenericSpace3/internal/GenericSpace3'
[LOG 11:30:06.461] PartLoader: Compiling Internal Space 'Squad/Spaces/landerCabinInternals/internal/landerCabinInternals'
[LOG 11:30:06.464] PartLoader: Compiling Internal Space 'Squad/Spaces/landerCabinSmallInternal/internal/landerCabinSmallInternal'
[LOG 11:30:06.467] PartLoader: Compiling Internal Space 'Squad/Spaces/LargeCrewedLabInternals/internal/Mobile_Processing_Lab_Int'
[LOG 11:30:06.469] PartLoader: Compiling Internal Space 'Squad/Spaces/Mk1-3/internal/Mk1-3'
[LOG 11:30:06.477] PartLoader: Compiling Internal Space 'Squad/Spaces/mk1CabinInternal/internal/mk1CabinInternal'
[LOG 11:30:06.482] PartLoader: Compiling Internal Space 'Squad/Spaces/mk1CockpitInternal/internal/mk1CockpitInternal'
[LOG 11:30:06.489] PartLoader: Compiling Internal Space 'Squad/Spaces/mk1InlineInternal/internal/mk1InlineInternal'
[LOG 11:30:06.495] PartLoader: Compiling Internal Space 'Squad/Spaces/mk1PodCockpit/internal/mk1PodCockpit'
[LOG 11:30:06.498] PartLoader: Compiling Internal Space 'Squad/Spaces/mk1pod_IVA/mk1pod_Internal/mk1pod_IVA'
[LOG 11:30:06.504] PartLoader: Compiling Internal Space 'Squad/Spaces/mk2CockpitStandardInternal/internal/mk2CockpitStandardInternals'
[LOG 11:30:06.512] PartLoader: Compiling Internal Space 'Squad/Spaces/Mk2CrewCabinInternal/internal_MK2_CrewCab/MK2_CrewCab_Int'
[LOG 11:30:06.517] PartLoader: Compiling Internal Space 'Squad/Spaces/mk2InlineInternal/internal/mk2InlineInternal'
[LOG 11:30:06.528] PartLoader: Compiling Internal Space 'Squad/Spaces/mk2LanderCanInternal/internal/mk2LanderCanInternal'
[LOG 11:30:06.534] PartLoader: Compiling Internal Space 'Squad/Spaces/MK3CockpitInternal/internal_MK3/MK3_Cockpit_Int'
[LOG 11:30:06.547] PartLoader: Compiling Internal Space 'Squad/Spaces/MK3_CrewCab_Int/internal_MK3_CrewCab/MK3_CrewCab_Int'
[LOG 11:30:06.551] InternalSeat: Cannot find portraitCamera of name 'Camera_Left003'
[LOG 11:30:06.558] PartLoader: Compiling Internal Space 'Squad/Spaces/Placeholder/internal/Placeholder'
[LOG 11:30:06.567] PartLoader: Compiling Internal Space 'Squad/Spaces/PodCockpit/internal/PodCockpit'
[LOG 11:30:06.575] PartLoader: Compiling Internal Space 'SquadExpansion/MakingHistory/Spaces/KVPods/Airlock_Internal/Airlock_IVA'
[LOG 11:30:06.576] PartLoader: Compiling Internal Space 'SquadExpansion/MakingHistory/Spaces/KVPods/KV1_Internal/KV1_IVA'
[LOG 11:30:06.580] PartLoader: Compiling Internal Space 'SquadExpansion/MakingHistory/Spaces/KVPods/KV2_Internal/KV2_IVA'
[LOG 11:30:06.588] PartLoader: Compiling Internal Space 'SquadExpansion/MakingHistory/Spaces/KVPods/KV3_Internal/KV3_IVA'
[LOG 11:30:06.596] PartLoader: Compiling Internal Space 'SquadExpansion/MakingHistory/Spaces/MEM/MEM_IVA/MEM_IVA'
[LOG 11:30:06.606] PartLoader: Compiling Internal Space 'SquadExpansion/MakingHistory/Spaces/Mk2Pod/Mk2Pod_Internal/MK2POD_IVA'
[LOG 11:30:11.084] Assets:
[LOG 11:30:11.085] anim_missionsapp_idle.anim
[LOG 11:30:11.085] anim_missionsapp_idle_warning.anim
[LOG 11:30:11.085] anim_missionsapp_warning.anim
[LOG 11:30:11.085] anim_missionssapp.anim
[LOG 11:30:11.085] animcontroller_missionsappmaster.controller
[LOG 11:30:11.085] app_bg.tif
[LOG 11:30:11.085] app_bottom_gray.tif
[LOG 11:30:11.085] app_divider_pulldown_body.tif
[LOG 11:30:11.085] app_divider_pulldown_footer.tif
[LOG 11:30:11.085] app_divider_pulldown_header.tif
[LOG 11:30:11.085] app_divider_pulldown_header_over.tif
[LOG 11:30:11.085] app_header_gray.tif
[LOG 11:30:11.085] app_missions_icon_active.tif
[LOG 11:30:11.085] app_missions_icon_complete.tif
[LOG 11:30:11.085] app_missions_icon_failed.tif
[LOG 11:30:11.085] app_missions_icon_inactive.tif
[LOG 11:30:11.085] spritesheet_missionsapp.tif
[LOG 11:30:11.085] spritesheet_missionsappwarning.tif
[LOG 11:30:11.085] missionbriefingdialog.prefab
[LOG 11:30:11.085] missionbriefingtag.prefab
[LOG 11:30:11.085] awardwidget.prefab
[LOG 11:30:11.086] missionenddialog.prefab
[LOG 11:30:11.086] missionitemwidget.prefab
[LOG 11:30:11.086] missionplaybutton.prefab
[LOG 11:30:11.086] missionplaydialog.prefab
[LOG 11:30:11.086] missionsteamitemwidget.prefab
[LOG 11:30:11.086] missionvalidationdialog.prefab
[LOG 11:30:11.086] validationentry.prefab
[LOG 11:30:11.086] comettoken.fbx
[LOG 11:30:11.086] comettoken.jpg
[LOG 11:30:11.086] placementegizmo_comet.mat
[LOG 11:30:11.086] placementegizmo_comet_tail.mat
[LOG 11:30:11.086] femalevintagepreview.prefab
[LOG 11:30:11.086] malevintagepreview.prefab
[LOG 11:30:11.086] checkpointentrywidget.prefab
[LOG 11:30:11.086] crewmanagementdialog.prefab
[LOG 11:30:11.086] listitem_vesseltitle.prefab
[LOG 11:30:11.086] missionbrowser.prefab
[LOG 11:30:11.086] missioncheckpointbrowser.prefab
[LOG 11:30:11.086] missioncrewlistitem.prefab
[LOG 11:30:11.086] missionentrywidget.prefab
[LOG 11:30:11.086] missiontemplateentrywidget.prefab
[LOG 11:30:11.086] partcategorizerbutton.prefab
[LOG 11:30:11.086] partselectorbrowser.prefab
[LOG 11:30:11.086] partselectorentry.prefab
[LOG 11:30:11.086] gaputil_vesselframe.prefab
[LOG 11:30:11.087] meguiconnector.prefab
[LOG 11:30:11.087] meguinode.prefab
[LOG 11:30:11.087] meguinodecategorybutton.prefab
[LOG 11:30:11.087] meguinodeicon.prefab
[LOG 11:30:11.087] meguinodeicongroup.prefab
[LOG 11:30:11.087] meguiscrollviewitem.prefab
[LOG 11:30:11.087] meiconloaderbasicnode.prefab
[LOG 11:30:11.087] meiconloadergap.prefab
[LOG 11:30:11.087] meiconloadernodecategorizer.prefab
[LOG 11:30:11.087] menodecanvas.prefab
[LOG 11:30:11.087] missioneditorscreen.prefab
[LOG 11:30:11.087] nodelisttooltip.prefab
[LOG 11:30:11.087] nodelisttooltipextinfolistspacer.prefab
[LOG 11:30:11.087] orbitgizmo.prefab
[LOG 11:30:11.087] biomeshighlight.shader
[LOG 11:30:11.087] projector-surfacegizmo.shader
[LOG 11:30:11.087] scaledplanetbiomeshighlight.shader
[LOG 11:30:11.087] sprites-alwaysover.shader
[LOG 11:30:11.087] ui-unlit-infinite.shader
[LOG 11:30:11.087] ui-unlit-solid.shader
[LOG 11:30:11.087] assetgraph_connectionpoint_inputmark.png
[LOG 11:30:11.087] assetgraph_inputbg.png
[LOG 11:30:11.087] boldly.png
[LOG 11:30:11.087] carpool.png
[LOG 11:30:11.087] frugal.png
[LOG 11:30:11.087] homesick.png
[LOG 11:30:11.087] keys.png
[LOG 11:30:11.087] saint.png
[LOG 11:30:11.088] sinner.png
[LOG 11:30:11.088] thespot.png
[LOG 11:30:11.088] timekeeper.png
[LOG 11:30:11.088] helmetbronze.png
[LOG 11:30:11.088] helmetgold.png
[LOG 11:30:11.088] helmetsilver.png
[LOG 11:30:11.088] action-part-resource-drain.png
[LOG 11:30:11.088] change-part-resource-levels.png
[LOG 11:30:11.088] create-asteroid.png
[LOG 11:30:11.088] create-kerbal.png
[LOG 11:30:11.088] create-vessel.png
[LOG 11:30:11.088] crew-assignment.png
[LOG 11:30:11.088] dialog-message.png
[LOG 11:30:11.088] display-message.png
[LOG 11:30:11.088] fail-part.png
[LOG 11:30:11.088] fly-through.png
[LOG 11:30:11.088] funds-recovery.png
[LOG 11:30:11.088] generic-node.png
[LOG 11:30:11.088] go-to.png
[LOG 11:30:11.088] kerbal-boarded.png
[LOG 11:30:11.088] kerbal-recovery.png
[LOG 11:30:11.088] kerbal-rescue.png
[LOG 11:30:11.088] launch-site.png
[LOG 11:30:11.088] leave-soi.png
[LOG 11:30:11.088] orbit.png
[LOG 11:30:11.088] part-explode.png
[LOG 11:30:11.088] plant-flag.png
[LOG 11:30:11.088] reach-soi.png
[LOG 11:30:11.088] repair-part.png
[LOG 11:30:11.089] resource-amount.png
[LOG 11:30:11.089] resource-recovery.png
[LOG 11:30:11.089] science-experiment.png
[LOG 11:30:11.089] score.png
[LOG 11:30:11.089] take-tourist.png
[LOG 11:30:11.089] test-altitude.png
[LOG 11:30:11.089] test-eva.png
[LOG 11:30:11.089] test-grapple.png
[LOG 11:30:11.089] time-of-flight.png
[LOG 11:30:11.089] time-of-mission.png
[LOG 11:30:11.089] time-since-node.png
[LOG 11:30:11.089] vessel-crashed.png
[LOG 11:30:11.089] vessel-crew-count.png
[LOG 11:30:11.089] vessel-explode.png
[LOG 11:30:11.089] vessel-flying.png
[LOG 11:30:11.089] vessel-landed.png
[LOG 11:30:11.089] vessel-mass.png
[LOG 11:30:11.089] vessel-splashed.png
[LOG 11:30:11.089] vessel-stage-activated.png
[LOG 11:30:11.089] vessel-stage.png
[LOG 11:30:11.089] arrange-graph.png
[LOG 11:30:11.089] builderbuttons_briefing.png
[LOG 11:30:11.089] builderbuttons_reset.png
[LOG 11:30:11.089] builderbuttons_trackingstation.png
[LOG 11:30:11.089] frame-graph.png
[LOG 11:30:11.089] lock.png
[LOG 11:30:11.089] maximize.png
[LOG 11:30:11.089] minimize.png
[LOG 11:30:11.089] pin.png
[LOG 11:30:11.090] pin_down.png
[LOG 11:30:11.090] redo.png
[LOG 11:30:11.090] reset.png
[LOG 11:30:11.090] tracking-station.png
[LOG 11:30:11.090] undo.png
[LOG 11:30:11.090] visible-in-gap.png
[LOG 11:30:11.090] location.png
[LOG 11:30:11.090] logic.png
[LOG 11:30:11.090] science.png
[LOG 11:30:11.090] utility.png
[LOG 11:30:11.090] vessel.png
[LOG 11:30:11.090] eye.png
[LOG 11:30:11.090] iconmb.png
[LOG 11:30:11.090] me_btn_generic_normal.tif
[LOG 11:30:11.090] me_button_generic_normal.tif
[LOG 11:30:11.090] nodecat_bg.png
[LOG 11:30:11.090] nodecat_divider.tif
[LOG 11:30:11.090] nodecat_divider_bottom.tif
[LOG 11:30:11.090] pholderwarningicon.png
[LOG 11:30:11.090] reseticon.png
[LOG 11:30:11.090] validityindicator.controller
[LOG 11:30:11.090] validtyinidicatorpulse.anim
[LOG 11:30:11.090] broadorbittoggle button.png
[LOG 11:30:11.090] maneuvertoggle button.png
[LOG 11:30:11.090] orbitalgizmoicons.png
[LOG 11:30:11.090] reset orbit button.png
[LOG 11:30:11.090] nodelabel.prefab
[LOG 11:30:11.090] kerbaleva_female_exp.prefab
[LOG 11:30:11.090] kerbaleva_rd_exp.prefab
[LOG 11:30:11.091] missioneditorevabody.mat
[LOG 11:30:11.091] missioneditorevabodyalternate.mat
[LOG 11:30:11.091] missioneditorevabodybrown.mat
[LOG 11:30:11.091] missioneditorevaeyeballs.mat
[LOG 11:30:11.091] missioneditorevaeyes.mat
[LOG 11:30:11.091] missioneditorevahead.mat
[LOG 11:30:11.091] missioneditorevahelmet.mat
[LOG 11:30:11.091] missioneditorevahelmetred.mat
[LOG 11:30:11.091] missioneditorevajetpack.mat
[LOG 11:30:11.091] missioneditorevalight.mat
[LOG 11:30:11.091] kbevafemalevintage.prefab
[LOG 11:30:11.091] kbevavintage.prefab
[LOG 11:30:11.091] evalight.fbx
[LOG 11:30:11.091] kbeva@new.fbx
[LOG 11:30:11.091] kbeva@newfem.fbx
[LOG 11:30:11.091] mevahelmetlight.fbx
[LOG 11:30:11.091] evajetpackscondary.dds
[LOG 11:30:11.091] evajetpacksecondary_n.dds
[LOG 11:30:11.091] evalight.png
[LOG 11:30:11.091] kerbalmainnrm.dds
[LOG 11:30:11.091] me_suit_difuse_blue.dds
[LOG 11:30:11.091] me_suit_difuse_low_polybrown.dds
[LOG 11:30:11.091] me_suit_difuse_orange.dds
[LOG 11:30:11.091] kerbalfemalevintage.prefab
[LOG 11:30:11.091] kerbalmalevintage.prefab
[LOG 11:30:11.091] evahelmet.mat
[LOG 11:30:11.091] evatexture.mat
[LOG 11:30:11.091] kerbalgirl_06_basecolor.mat
[LOG 11:30:11.091] kerbalhead.mat
[LOG 11:30:11.091] lambert6.mat
[LOG 11:30:11.092] mat_eyeballs.mat
[LOG 11:30:11.092] mat_eyes01.mat
[LOG 11:30:11.092] material #4.mat
[LOG 11:30:11.092] mesh_female_kerbalastronaut01_kerbalgirl_export_15_lambert20.mat
[LOG 11:30:11.092] mesh_female_kerbalastronaut01_kerbalgirl_export_15_lambert21.mat
[LOG 11:30:11.092] kbfemale_iva_mecanim.fbx
[LOG 11:30:11.092] kbiva_mecanim.fbx
[LOG 11:30:11.092] kerbalicon_eva_female_vintage.tif
[LOG 11:30:11.092] kerbalicon_eva_vintage.tif
[LOG 11:30:11.092] kerbalicon_suit_female_vintage.tif
[LOG 11:30:11.092] kerbalicon_suit_orange_female_vintage.tif
[LOG 11:30:11.092] kerbalicon_suit_orange_vintage.tif
[LOG 11:30:11.092] kerbalicon_suit_vintage.tif
[LOG 11:30:11.092] gap_celestialbody_camerasetup.prefab
[LOG 11:30:11.092] gap_celestialbody_collisionsphere.prefab
[LOG 11:30:11.092] gap_celestialbody_surfacegizmo_area.prefab
[LOG 11:30:11.092] gap_celestialbody_surfacegizmo_basic.prefab
[LOG 11:30:11.092] gap_celestialbody_surfacegizmo_icon.prefab
[LOG 11:30:11.092] gap_celestialbody_surfacegizmo_vessel.prefab
[LOG 11:30:11.092] gap_celestialbody_surfacegizmo_volume.prefab
[LOG 11:30:11.092] gap_proceduralasteroid.prefab
[LOG 11:30:11.092] gap_proceduralcomet.prefab
[LOG 11:30:11.092] gapbuttonprefab.prefab
[LOG 11:30:11.092] gapkerbal_femaleveteran.prefab
[LOG 11:30:11.092] gapkerbal_femaleveteran_vintage.prefab
[LOG 11:30:11.092] gapkerbal_male_slimsuit.prefab
[LOG 11:30:11.092] gapkerbal_maleveteran.prefab
[LOG 11:30:11.092] gapkerbal_maleveteran_vintage.prefab
[LOG 11:30:11.093] gapscrollablesidebarbutton.prefab
[LOG 11:30:11.093] gapsidebarbutton.prefab
[LOG 11:30:11.093] gaptoggleprefab.prefab
[LOG 11:30:11.093] gaputil_biselector.prefab
[LOG 11:30:11.093] gaputil_celestialbody.prefab
[LOG 11:30:11.093] vesseldisplay_camerasetup.prefab
[LOG 11:30:11.093] desert_airfield.prefab
[LOG 11:30:11.093] desert_groundobjects.prefab
[LOG 11:30:11.093] desert_launch_site.prefab
[LOG 11:30:11.093] larkes.prefab
[LOG 11:30:11.093] floor bottom.mat
[LOG 11:30:11.093] floor top.mat
[LOG 11:30:11.093] legs.mat
[LOG 11:30:11.093] ramp.mat
[LOG 11:30:11.093] stairs grid lights pivot.mat
[LOG 11:30:11.093] supports 1.mat
[LOG 11:30:11.093] supports 2.mat
[LOG 11:30:11.093] tunnels.mat
[LOG 11:30:11.093] floor bottom.dds
[LOG 11:30:11.093] floor top.dds
[LOG 11:30:11.093] floor top_normal.dds
[LOG 11:30:11.093] legs.dds
[LOG 11:30:11.093] ramp.dds
[LOG 11:30:11.093] stairs grid lights pivot.dds
[LOG 11:30:11.093] supports 1.dds
[LOG 11:30:11.093] supports 2.dds
[LOG 11:30:11.093] tunnels.dds
[LOG 11:30:11.093] diffuse.mat
[LOG 11:30:11.093] floor bottom_base_color.mat
[LOG 11:30:11.093] floor top_base_color.mat
[LOG 11:30:11.094] legs_base_color.mat
[LOG 11:30:11.094] ramp_base_color.mat
[LOG 11:30:11.094] stairs grid lights pivot_base_colormodpsd.mat
[LOG 11:30:11.094] stairs_grid_lights_pivot_base_color.mat
[LOG 11:30:11.094] supports 1_base_color.mat
[LOG 11:30:11.094] supports 2_base_color.mat
[LOG 11:30:11.094] tunnels_base_color.mat
[LOG 11:30:11.094] mobilelaunchpad_19.fbx
[LOG 11:30:11.094] pontoons.fbx
[LOG 11:30:11.094] pontoons_diffuse.dds
[LOG 11:30:11.094] ramp_normal.png
[LOG 11:30:11.094] 1001_base_color.mat
[LOG 11:30:11.094] desert groundtransition.mat
[LOG 11:30:11.094] desert groundtransition_highquality.mat
[LOG 11:30:11.094] desert groundtransition_lowquality.mat
[LOG 11:30:11.094] desert groundtransition_mediumquality.mat
[LOG 11:30:11.094] desert groundtransition_ultraquality.mat
[LOG 11:30:11.094] desert runway sand.mat
[LOG 11:30:11.094] desert runway stone.mat
[LOG 11:30:11.094] mobilelaunchpad.prefab
[LOG 11:30:11.094] woomerang_groundobjects.prefab
[LOG 11:30:11.094] woomerang_launch_site.prefab
[LOG 11:30:11.095] Scenes:
[LOG 11:30:11.095] kspMissionEditor.unity
[LOG 11:30:19.954] Assets:
[LOG 11:30:19.954] appanim_missionsapp.prefab
[LOG 11:30:19.954] cascading_body_missionheader.prefab
[LOG 11:30:19.954] cascading_body_missioninfo.prefab
[LOG 11:30:19.954] cascading_body_missionobjective.prefab
[LOG 11:30:19.954] cascading_body_missionsvesselheader.prefab
[LOG 11:30:19.954] cascading_body_missionsvesselitem.prefab
[LOG 11:30:19.954] cascading_body_settingsbutton.prefab
[LOG 11:30:19.954] cascading_body_settingstoggle.prefab
[LOG 11:30:19.954] missionsapp.prefab
[LOG 11:30:19.954] axislimitline.prefab
[LOG 11:30:19.954] controlleraction.prefab
[LOG 11:30:19.954] controlleraxis.prefab
[LOG 11:30:19.954] controllerwindow.prefab
[LOG 11:30:19.954] curvepanelpoint.prefab
[LOG 11:30:19.954] curvepanelpointaction.prefab
[LOG 11:30:19.954] axis_align_ends.png
[LOG 11:30:19.954] axis_clamp_values.png
[LOG 11:30:19.954] axis_copy.png
[LOG 11:30:19.954] axis_flip_horizontal.png
[LOG 11:30:19.954] axis_flip_vertical.png
[LOG 11:30:19.954] axis_move_down-trackrow.png
[LOG 11:30:19.954] axis_move_down.png
[LOG 11:30:19.954] axis_move_up-trackrow.png
[LOG 11:30:19.955] axis_move_up.png
[LOG 11:30:19.955] axis_paste.png
[LOG 11:30:19.955] axis_preset_flat.png
[LOG 11:30:19.955] axis_preset_sawtooth.png
[LOG 11:30:19.955] axis_preset_sine.png
[LOG 11:30:19.955] axis_preset_square.png
[LOG 11:30:19.955] axis_preset_triangle.png
[LOG 11:30:19.955] axis_select_all.png
[LOG 11:30:19.955] background_squared_inset.png
[LOG 11:30:19.955] close.png
[LOG 11:30:19.955] direction_forward.png
[LOG 11:30:19.955] direction_reverse.png
[LOG 11:30:19.955] edit.png
[LOG 11:30:19.955] fieldlimitline.png
[LOG 11:30:19.955] keyframe_add.png
[LOG 11:30:19.955] keyframe_clamp_value.png
[LOG 11:30:19.955] keyframe_delete.png
[LOG 11:30:19.955] keyframe_linear.png
[LOG 11:30:19.955] keyframe_smooth.png
[LOG 11:30:19.955] keyframe_step_backward.png
[LOG 11:30:19.955] keyframe_step_forward.png
[LOG 11:30:19.955] line.png
[LOG 11:30:19.955] line_dashed.png
[LOG 11:30:19.955] loop_pingpong.png
[LOG 11:30:19.955] loop_playonce.png
[LOG 11:30:19.955] loop_repeat.png
[LOG 11:30:19.955] node.png
[LOG 11:30:19.955] node_circle.png
[LOG 11:30:19.955] node_square.png
[LOG 11:30:19.955] pause.png
[LOG 11:30:19.956] play.png
[LOG 11:30:19.956] pointer.png
[LOG 11:30:19.956] remove-axis.png
[LOG 11:30:19.956] remove_key.png
[LOG 11:30:19.956] resize_icon.png
[LOG 11:30:19.956] sequence_resize_button_states.png
[LOG 11:30:19.956] sequence_resize_maintain.png
[LOG 11:30:19.956] sequence_resize_scale.png
[LOG 11:30:19.956] sequence_speed.png
[LOG 11:30:19.956] tracking_editor_button_states.png
[LOG 11:30:19.956] femalefuturepreview.prefab
[LOG 11:30:19.956] malefuturepreview.prefab
[LOG 11:30:19.956] kbfemale@controlpanel_a.fbx
[LOG 11:30:19.956] kbfemale@controlpanel_b.fbx
[LOG 11:30:19.956] kbfemale@controlpanel_c.fbx
[LOG 11:30:19.956] kbfemale@rocksample.fbx
[LOG 11:30:19.956] hammerfemale.fbx
[LOG 11:30:19.956] hammermale.fbx
[LOG 11:30:19.956] kbeva@controlpanel_a.fbx
[LOG 11:30:19.956] kbeva@controlpanel_b.fbx
[LOG 11:30:19.956] kbeva@controlpanel_c.fbx
[LOG 11:30:19.956] kbeva@rocksample.fbx
[LOG 11:30:19.956] kerbaleva_female_future.prefab
[LOG 11:30:19.956] kerbaleva_rd_future.prefab
[LOG 11:30:19.956] futureevabody.mat
[LOG 11:30:19.956] futureevabodyalternate.mat
[LOG 11:30:19.956] futureevajetpack.mat
[LOG 11:30:19.956] futureevalight.mat
[LOG 11:30:19.956] futurehelmet.mat
[LOG 11:30:19.957] kbevafemalefuture.prefab
[LOG 11:30:19.957] kbevafuture.prefab
[LOG 11:30:19.957] kbeva@new.fbx
[LOG 11:30:19.957] kbeva@newfem.fbx
[LOG 11:30:19.957] mevahelmetlight.fbx
[LOG 11:30:19.957] serenityfemaleeva.fbx
[LOG 11:30:19.957] serenityflares.fbx
[LOG 11:30:19.957] serenitymaleeva.fbx
[LOG 11:30:19.957] evajetpacknrm.dds
[LOG 11:30:19.957] futuresuit_diffuse_orange.dds
[LOG 11:30:19.957] futuresuit_diffuse_whiteblue.dds
[LOG 11:30:19.957] futuresuit_diffuse_whiteorange.dds
[LOG 11:30:19.957] futuresuit_emissive.dds
[LOG 11:30:19.957] futuresuit_evalight.png
[LOG 11:30:19.957] futuresuitmainnrm.dds
[LOG 11:30:19.957] ksp_ig_jetpack_diffuse.jpg
[LOG 11:30:19.957] kerbalfemalefuture.prefab
[LOG 11:30:19.957] kerbalmalefuture.prefab
[LOG 11:30:19.957] futuresuit_diffuse.mat
[LOG 11:30:19.957] serenityfemaleiva.fbx
[LOG 11:30:19.957] serenitymaleiva.fbx
[LOG 11:30:19.957] kerbalicon_eva_female_future.tif
[LOG 11:30:19.957] kerbalicon_eva_future.tif
[LOG 11:30:19.957] kerbalicon_suit_female_future.tif
[LOG 11:30:19.957] kerbalicon_suit_future.tif
[LOG 11:30:19.957] kerbalicon_suit_orange_female_future.tif
[LOG 11:30:19.957] kerbalicon_suit_orange_future.tif
[LOG 11:30:19.957] bottom_emissor.mat
[LOG 11:30:19.957] burst_emissor.mat
[LOG 11:30:19.957] burstprojectiles_emissor.mat
[LOG 11:30:19.958] constantburst_emissor.mat
[LOG 11:30:19.958] snowflakes_emissor.mat
[LOG 11:30:19.958] vapor_emissor.mat
[LOG 11:30:19.958] base_0.mat
[LOG 11:30:19.958] base_1.mat
[LOG 11:30:19.958] base_2.mat
[LOG 11:30:19.958] base_3_1.mat
[LOG 11:30:19.958] base_3_2.mat
[LOG 11:30:19.958] vapor.mat
[LOG 11:30:19.958] burst.png
[LOG 11:30:19.958] cloud2.png
[LOG 11:30:19.958] v1.png
[LOG 11:30:19.958] v2.png
[LOG 11:30:19.958] v3.png
[LOG 11:30:19.958] v5.png
[LOG 11:30:19.958] gapkerbal_female_future.prefab
[LOG 11:30:19.958] gapkerbal_male_future.prefab
[LOG 11:30:19.958] hammerfemale.prefab
[LOG 11:30:19.958] hammermale.prefab
[LOG 11:30:19.958] bopgravelpile.prefab
[LOG 11:30:19.958] bopgravelpile.fbx
[LOG 11:30:19.958] bop_gravel pile_d.mat
[LOG 11:30:19.958] lambert1.mat
[LOG 11:30:19.958] bop_gravel pile_d.png
[LOG 11:30:19.958] bop_gravel pile_d.tga
[LOG 11:30:19.958] bop_gravel pile_n.png
[LOG 11:30:19.958] bop_gravel pile_s.png
[LOG 11:30:19.958] drescrater.prefab
[LOG 11:30:19.958] dresmeteorite.prefab
[LOG 11:30:19.958] drescrater.fbx
[LOG 11:30:19.959] dresmeteorite.fbx
[LOG 11:30:19.959] dres_crater_d.mat
[LOG 11:30:19.959] dres_meteorite_d.mat
[LOG 11:30:19.959] lambert1.mat
[LOG 11:30:19.959] dres_crater_d.tga
[LOG 11:30:19.959] dres_crater_n.png
[LOG 11:30:19.959] dres_meteorite_d.tga
[LOG 11:30:19.959] dres_meteorite_n.png
[LOG 11:30:19.959] dunablueberries.prefab
[LOG 11:30:19.959] dunadune.prefab
[LOG 11:30:19.959] dunameteorite.prefab
[LOG 11:30:19.959] dunastone.prefab
[LOG 11:30:19.959] dunaasteroid.fbx
[LOG 11:30:19.959] dunablueberries.fbx
[LOG 11:30:19.959] dunadune.fbx
[LOG 11:30:19.959] dunastone.fbx
[LOG 11:30:19.959] duna_asteroid_d.mat
[LOG 11:30:19.959] duna_dune_d.mat
[LOG 11:30:19.959] duna_stone_d.mat
[LOG 11:30:19.959] dune_blueberries_d.mat
[LOG 11:30:19.959] lambert1.mat
[LOG 11:30:19.959] duna_asteroid_d.tga
[LOG 11:30:19.959] duna_asteroid_n.png
[LOG 11:30:19.959] duna_dune_d.tga
[LOG 11:30:19.959] duna_dune_n.tga
[LOG 11:30:19.959] duna_stone_d.tga
[LOG 11:30:19.959] duna_stone_n.png
[LOG 11:30:19.959] dune_blueberries_d.tga
[LOG 11:30:19.959] dune_blueberries_n.png
[LOG 11:30:19.959] eelooberg.prefab
[LOG 11:30:19.960] eeloobrownboulder.prefab
[LOG 11:30:19.960] eelooicechunk.prefab
[LOG 11:30:19.960] eelooberg.fbx
[LOG 11:30:19.960] eelooboulder.fbx
[LOG 11:30:19.960] eelooicechunk.fbx
[LOG 11:30:19.960] eeloo_alien_glacier_d.mat
[LOG 11:30:19.960] eeloo_brown_ boulder_d.mat
[LOG 11:30:19.960] eeloo_ice chunk_d.mat
[LOG 11:30:19.960] lambert1.mat
[LOG 11:30:19.960] eeloo_alien_glacier_d.tga
[LOG 11:30:19.960] eeloo_alien_glacier_e.tga
[LOG 11:30:19.960] eeloo_alien_glacier_n.png
[LOG 11:30:19.960] eeloo_brown_ boulder_d.tga
[LOG 11:30:19.960] eeloo_brown_ boulder_n.png
[LOG 11:30:19.960] eeloo_ice chunk_d.tga
[LOG 11:30:19.960] eeloo_ice chunk_e.tga
[LOG 11:30:19.960] eeloo_ice chunk_n.png
[LOG 11:30:19.960] eeloo_ice chunk_s.tga
[LOG 11:30:19.960] evebasaltformation.prefab
[LOG 11:30:19.960] evepancakedome.prefab
[LOG 11:30:19.960] evevolcanicrock.prefab
[LOG 11:30:19.960] evebasaltformation.fbx
[LOG 11:30:19.960] evepancakeformation.fbx
[LOG 11:30:19.960] evevolcanicrock.fbx
[LOG 11:30:19.960] eve basalt formation_d.mat
[LOG 11:30:19.960] eve pancake formation_d.mat
[LOG 11:30:19.960] eve volcanic rock_d.mat
[LOG 11:30:19.960] lambert1.mat
[LOG 11:30:19.960] eve basalt formation_d.tga
[LOG 11:30:19.961] eve basalt formation_n.tga
[LOG 11:30:19.961] eve pancake formation_d.tga
[LOG 11:30:19.961] eve pancake formation_e.png
[LOG 11:30:19.961] eve pancake formation_n.png
[LOG 11:30:19.961] eve volcanic rock_d.tga
[LOG 11:30:19.961] eve volcanic rock_n.png
[LOG 11:30:19.961] gillyridgeline.fbx
[LOG 11:30:19.961] gilly ridegeline_d.mat
[LOG 11:30:19.961] lambert1.mat
[LOG 11:30:19.961] gillyridgeline.prefab
[LOG 11:30:19.961] gilly ridegeline_d.tga
[LOG 11:30:19.961] gilly ridegeline_n.png
[LOG 11:30:19.961] dunaejecta.prefab
[LOG 11:30:19.961] ikedunaejecta.fbx
[LOG 11:30:19.961] ike_duna_ejecta_mat.mat
[LOG 11:30:19.961] ike duna ejecta_d.tga
[LOG 11:30:19.961] ike duna ejecta_n.png
[LOG 11:30:19.961] kerbinbaobabtree.fbx
[LOG 11:30:19.961] kerbinquartz.fbx
[LOG 11:30:19.961] baobaptree.mat
[LOG 11:30:19.961] kerbin_baobab_tree_d.mat
[LOG 11:30:19.961] kerbin_boabob_tree_d.mat
[LOG 11:30:19.961] kerbin_giant_quartz_d.mat
[LOG 11:30:19.961] lambert1.mat
[LOG 11:30:19.961] lambert2.mat
[LOG 11:30:19.961] kerbinbaobabtree.prefab
[LOG 11:30:19.961] kerbinquartz.prefab
[LOG 11:30:19.961] kerbin_baobab_tree_alpha.png
[LOG 11:30:19.961] kerbin_baobab_tree_d.tga
[LOG 11:30:19.961] kerbin_baobab_tree_n.png
[LOG 11:30:19.962] kerbin_giant_quartz_d.tga
[LOG 11:30:19.962] kerbin_giant_quartz_e.tga
[LOG 11:30:19.962] kerbin_giant_quartz_n.tga
[LOG 11:30:19.962] kerbin_giant_quartz_s.tga
[LOG 11:30:19.962] laytheboulder.fbx
[LOG 11:30:19.962] laythegeyser.fbx
[LOG 11:30:19.962] laythestone.fbx
[LOG 11:30:19.962] lambert1.mat
[LOG 11:30:19.962] laythe_boulder_d.mat
[LOG 11:30:19.962] laythe_geyser_d.mat
[LOG 11:30:19.962] laythe_stone_d.mat
[LOG 11:30:19.962] laytheboulder.prefab
[LOG 11:30:19.962] laythegeyser.prefab
[LOG 11:30:19.962] laythestone.prefab
[LOG 11:30:19.962] laythe_boulder_d.tga
[LOG 11:30:19.962] laythe_boulder_n.png
[LOG 11:30:19.962] laythe_geyser_d.tga
[LOG 11:30:19.962] laythe_geyser_n.png
[LOG 11:30:19.962] laythe_stone_d.tga
[LOG 11:30:19.962] laythe_stone_n.png
[LOG 11:30:19.962] greensandstone.fbx
[LOG 11:30:19.962] lambert1.mat
[LOG 11:30:19.962] minmus_green_sandstone_d.mat
[LOG 11:30:19.962] minmus_olivine_formation_d.mat
[LOG 11:30:19.962] minmusolivineformation.fbx
[LOG 11:30:19.962] minmus_greensandstone.prefab
[LOG 11:30:19.962] minmus_olivineformation.prefab
[LOG 11:30:19.962] minmus_green_sandstone_d.tga
[LOG 11:30:19.962] minmus_green_sandstone_n.png
[LOG 11:30:19.962] minmus_olivine_formation_d.tga
[LOG 11:30:19.963] minmus_olivine_formation_n.png
[LOG 11:30:19.963] lambert1.mat
[LOG 11:30:19.963] moho wrinkleridge_d.mat
[LOG 11:30:19.963] moho_stone_d.mat
[LOG 11:30:19.963] mohostone.fbx
[LOG 11:30:19.963] mohowrinkleridge.fbx
[LOG 11:30:19.963] mohostone.prefab
[LOG 11:30:19.963] mohowrinkleridge.prefab
[LOG 11:30:19.963] moho wrinkleridge_d.tga
[LOG 11:30:19.963] moho wrinkleridge_e.png
[LOG 11:30:19.963] moho wrinkleridge_n.png
[LOG 11:30:19.963] moho_stone_d.tga
[LOG 11:30:19.963] moho_stone_n.png
[LOG 11:30:19.963] lambert1.mat
[LOG 11:30:19.963] mun_crater_d.mat
[LOG 11:30:19.963] mun_large_crater_d.mat
[LOG 11:30:19.963] mun_stone_d.mat
[LOG 11:30:19.963] muncrater.fbx
[LOG 11:30:19.963] munlargecrater.fbx
[LOG 11:30:19.963] munstone.fbx
[LOG 11:30:19.963] muncrater.prefab
[LOG 11:30:19.963] munlargecrater.prefab
[LOG 11:30:19.963] munstone.prefab
[LOG 11:30:19.963] mun_crater_d.tga
[LOG 11:30:19.963] mun_crater_n.png
[LOG 11:30:19.963] mun_large_crater_d.tga
[LOG 11:30:19.963] mun_large_crater_n.png
[LOG 11:30:19.963] mun_stone_d.tga
[LOG 11:30:19.963] mun_stone_n.png
[LOG 11:30:19.963] lambert1.mat
[LOG 11:30:19.964] pol_yellowstone_d.mat
[LOG 11:30:19.964] polyellowstone.fbx
[LOG 11:30:19.964] pol_yellowstones.prefab
[LOG 11:30:19.964] pol_yellowstone_d.png
[LOG 11:30:19.964] pol_yellowstone_n.png
[LOG 11:30:19.964] lambert1.mat
[LOG 11:30:19.964] tylo_checkerboard_d.mat
[LOG 11:30:19.964] tylo_dark boulder_d.mat
[LOG 11:30:19.964] tylo_light_d.mat
[LOG 11:30:19.964] tyloboulder.fbx
[LOG 11:30:19.964] tylocheckerboard.fbx
[LOG 11:30:19.964] tylolightstone.fbx
[LOG 11:30:19.964] tylo_ checkerboard_n.png
[LOG 11:30:19.964] tylo_checkerboard_d.png
[LOG 11:30:19.964] tylo_dark boulder_d.tga
[LOG 11:30:19.964] tylo_dark boulder_n.png
[LOG 11:30:19.964] tylo_light_d.tga
[LOG 11:30:19.964] tylo_light_n.png
[LOG 11:30:19.964] tylocheckerboard.prefab
[LOG 11:30:19.964] tylodarkboulder.prefab
[LOG 11:30:19.964] tylolightstone.prefab
[LOG 11:30:19.964] cryovolcano_d.mat
[LOG 11:30:19.964] lambert1.mat
[LOG 11:30:19.964] vallicechunk_d.mat
[LOG 11:30:19.964] vallstone_d.mat
[LOG 11:30:19.964] vall_cryovolcano.fbx
[LOG 11:30:19.964] vall_icechunk.fbx
[LOG 11:30:19.964] vall_stone.fbx
[LOG 11:30:19.964] cryovolcano_d.tga
[LOG 11:30:19.964] cryovolcano_e.png
[LOG 11:30:19.965] cryovolcano_n.jpg
[LOG 11:30:19.965] cryovolcano_s.jpg
[LOG 11:30:19.965] vallicechunk_d.jpg
[LOG 11:30:19.965] vallicechunk_e.jpg
[LOG 11:30:19.965] vallicechunk_n.jpg
[LOG 11:30:19.965] vallicechunk_s.jpg
[LOG 11:30:19.965] vallstone_d.jpg
[LOG 11:30:19.965] vallstone_e.jpg
[LOG 11:30:19.965] vallstone_n.jpg
[LOG 11:30:19.965] vallstone_s.jpg
[LOG 11:30:19.965] vallcryovolcano.prefab
[LOG 11:30:19.965] vallicechunk.prefab
[LOG 11:30:19.965] vallstone.prefab
[LOG 11:30:19.965] vfx_spark.mat
[LOG 11:30:19.965] vfx_welding_flare.mat
[LOG 11:30:19.965] cometdustmaterial.mat
[LOG 11:30:19.965] cometgeysermat.mat
[LOG 11:30:19.973] GetTypesOfModulesImplementingInterface2: Found 69 types with IPartModuleAdjuster interface in 8 assemblies.
[LOG 11:30:19.980] GetSubclassesOfParentClass: Found 0 types with ModuleActiveRadiator parent in 8 assemblies.
[LOG 11:30:19.987] GetSubclassesOfParentClass: Found 0 types with ModuleAlternator parent in 8 assemblies.
[LOG 11:30:19.994] GetSubclassesOfParentClass: Found 1 types with ModuleControlSurface parent in 8 assemblies.
[LOG 11:30:20.001] GetSubclassesOfParentClass: Found 0 types with ModuleDataTransmitter parent in 8 assemblies.
[LOG 11:30:20.007] GetSubclassesOfParentClass: Found 0 types with ModuleDeployableSolarPanel parent in 8 assemblies.
[LOG 11:30:20.013] GetSubclassesOfParentClass: Found 1 types with ModuleEngines parent in 8 assemblies.
[LOG 11:30:20.020] GetSubclassesOfParentClass: Found 0 types with ModuleGenerator parent in 8 assemblies.
[LOG 11:30:20.026] GetSubclassesOfParentClass: Found 0 types with ModuleGimbal parent in 8 assemblies.
[LOG 11:30:20.033] GetSubclassesOfParentClass: Found 2 types with ModuleLiftingSurface parent in 8 assemblies.
[LOG 11:30:20.039] GetSubclassesOfParentClass: Found 0 types with ModuleLight parent in 8 assemblies.
[LOG 11:30:20.045] GetSubclassesOfParentClass: Found 0 types with ModuleReactionWheel parent in 8 assemblies.
[LOG 11:30:20.052] GetSubclassesOfParentClass: Found 0 types with ModuleSAS parent in 8 assemblies.
[LOG 11:30:20.059] GetSubclassesOfParentClass: Found 0 types with ModuleWheelBrakes parent in 8 assemblies.
[LOG 11:30:20.065] GetSubclassesOfParentClass: Found 1 types with ModuleWheelMotor parent in 8 assemblies.
[LOG 11:30:20.065] GetSubclassesOfParentClass: Using cached results for ModuleActiveRadiator
[LOG 11:30:20.071] GetSubclassesOfParentClass: Found 0 types with ModuleAnchoredDecoupler parent in 8 assemblies.
[LOG 11:30:20.078] GetSubclassesOfParentClass: Found 0 types with ModuleCargoBay parent in 8 assemblies.
[LOG 11:30:20.078] GetSubclassesOfParentClass: Using cached results for ModuleControlSurface
[LOG 11:30:20.078] GetSubclassesOfParentClass: Using cached results for ModuleDataTransmitter
[LOG 11:30:20.084] GetSubclassesOfParentClass: Found 0 types with ModuleDecouple parent in 8 assemblies.
[LOG 11:30:20.090] GetSubclassesOfParentClass: Found 4 types with ModuleDeployablePart parent in 8 assemblies.
[LOG 11:30:20.097] GetSubclassesOfParentClass: Found 0 types with ModuleDockingNode parent in 8 assemblies.
[LOG 11:30:20.097] GetSubclassesOfParentClass: Using cached results for ModuleEngines
[LOG 11:30:20.103] GetSubclassesOfParentClass: Found 0 types with CModuleFuelLine parent in 8 assemblies.
[LOG 11:30:20.110] GetSubclassesOfParentClass: Found 0 types with ModuleGPS parent in 8 assemblies.
[LOG 11:30:20.116] GetSubclassesOfParentClass: Found 0 types with ModuleGrappleNode parent in 8 assemblies.
[LOG 11:30:20.116] GetSubclassesOfParentClass: Using cached results for ModuleGrappleNode
[LOG 11:30:20.123] GetSubclassesOfParentClass: Found 0 types with ModuleKerbNetAccess parent in 8 assemblies.
[LOG 11:30:20.123] GetSubclassesOfParentClass: Using cached results for ModuleLight
[LOG 11:30:20.123] GetSubclassesOfParentClass: Using cached results for ModuleLight
[LOG 11:30:20.129] GetSubclassesOfParentClass: Found 0 types with ModuleProbeControlPoint parent in 8 assemblies.
[LOG 11:30:20.136] GetSubclassesOfParentClass: Found 1 types with ModuleRCS parent in 8 assemblies.
[LOG 11:30:20.136] GetSubclassesOfParentClass: Using cached results for ModuleRCS
[LOG 11:30:20.136] GetSubclassesOfParentClass: Using cached results for ModuleReactionWheel
[LOG 11:30:20.136] GetSubclassesOfParentClass: Using cached results for ModuleReactionWheel
[LOG 11:30:20.142] GetSubclassesOfParentClass: Found 0 types with ModuleResourceIntake parent in 8 assemblies.
[LOG 11:30:20.149] GetSubclassesOfParentClass: Found 0 types with ModuleScienceExperiment parent in 8 assemblies.
[LOG 11:30:20.155] GetSubclassesOfParentClass: Found 0 types with ModuleToggleCrossfeed parent in 8 assemblies.
[LOG 11:30:20.162] GetSubclassesOfParentClass: Found 0 types with ModuleWheelDeployment parent in 8 assemblies.
[LOG 11:30:20.181] ExpansionsLoader: Expansions loaded in 13.494s
[LOG 11:30:20.181] Loading Systems: Elapsed time is 26.43385s
[LOG 11:30:23.362] [AddonLoader]: Instantiating addon 'KSPCFFastLoaderPSystemSetup' from assembly 'KSPCommunityFixes'
[LOG 11:30:23.676] [Agent]: Found 19 agent mentality types
[LOG 11:30:23.678] [AgentList]: 31 agents parsed and loaded.
[LOG 11:30:23.715] [UIMasterController]: HideUI
[LOG 11:30:23.802] [CelestialBody]: Kerbin's solar day length is 1d, 0h, 0m long. sidereal day length is 5h, 59m, 9s long
[LOG 11:30:24.078] [PQSBench] BENCH sphere;name=Kerbin;radius=600000;minLevel=2;maxLevel=10;highestLevelUnder=9375;subdivisionOffAbove=1200000;maxAnglePerSample=4.602E-005;speedCapAt60Fps=1657
[LOG 11:30:24.079] [PQSBench] BENCH colliders;name=Kerbin;maxLevelOffset=0;lowestLevelWithCollider=10
[LOG 11:30:27.422] [PQSBench] BENCH sphere;name=KerbinOcean;radius=600000;minLevel=2;maxLevel=7;highestLevelUnder=75000;subdivisionOffAbove=1200000;maxAnglePerSample=3.682E-004;speedCapAt60Fps=13254
[LOG 11:30:27.422] [PQSBench] BENCH colliders;name=KerbinOcean;none
[LOG 11:30:29.572] [UIMasterController]: HideUI
[LOG 11:30:29.579] [HighLogic]: =========================== Scene Change : From LOADING to MAINMENU =====================
[LOG 11:30:30.133] [AddonLoader]: Instantiating addon 'ContractDefs' from assembly 'KSP'
[LOG 11:30:30.159] [AddonLoader]: Instantiating addon 'KSPCFFastLoaderReport' from assembly 'KSPCommunityFixes'
[LOG 11:30:30.185] [UIMasterController]: ShowUI
[LOG 11:30:30.440] [GameParameters]: Loaded custom parameter class CommNetParams.
[LOG 11:30:30.440] [GameParameters]: Loaded custom parameter class MissionParamsGeneral.
[LOG 11:30:30.441] [GameParameters]: Loaded custom parameter class MissionParamsFacilities.
[LOG 11:30:30.441] [GameParameters]: Loaded custom parameter class MissionParamsExtras.
[LOG 11:30:30.441] [GameParameters]: Loaded custom parameter class AdvancedParams.
[LOG 11:30:30.461] [ReflectionUtil]: Found 40 types with UpgradeModule attribute in 8 assemblies.
[LOG 11:30:30.479] [KSPCF:FastLoader] Intel(R) Core(TM) i7-4790K CPU @ 4.00GHz | 32687 MB | NVIDIA GeForce GTX 1060 6GB (6029 MB)
Total loading time to main menu : 40.108s
- Configs and assemblies loaded in 5.065s
- Configs reload done in 1.070s
- Configs translated in 0.016s
- 2331 assets loaded in 3.369s :
  - 86 audio assets (79.689 MiB) in 0.608s, 131.108 MiB/s
  - 1618 texture assets (1.293 GiB) in 2.183s, 606.56 MiB/s
  - 626 model assets (64.41 MiB) in 0.576s, 111.818 MiB/s
- Asset bundles loaded in 0.487s
- GameDatabase (configs, resources, traits, upgrades...) loaded in 0.067s
- Built-in parts copied in 0.021s
- Part and internal configs extracted in 0.001s
- 483 parts and 1927 modules compiled in 3.644s
  - 4.0 modules/part, 7.544 ms/part, 1.891 ms/module
  - PartIcon compilation : 1.116s
- 27 internal spaces and 56 props compiled in 0.224s
- 2 DLC (Making History, Breaking Ground) loaded in 13.539s
- Planetary system loaded in 7.465s
[LOG 11:30:30.479] Texture queries : 1709, slow path : 1 (0.06 %)
[LOG 11:30:30.480] [ModuleManager] Total loading Time = 35.291s
[LOG 11:30:30.516] [ScenarioTypes]: List Created 23 scenario types loaded from 8 loaded assemblies.
[WRN 11:30:30.527] File 'D:/KSP-Dev/KSP_x64_Data/../Missions/MissionScoreInfo.cfg' does not exist
[LOG 11:30:30.530] [ApplicationLauncher] Awake False
[LOG 11:30:30.530] [ApplicationLauncher] SpawnSimpleLayout: VerticalTopDown
[LOG 11:30:30.544] [UiApp] Awake: 
[LOG 11:30:30.545] [ApplicationLauncher] OnSceneLoadedGUIReady: scene MAINMENU ShouldBeVisible() True ShouldBeOnTop() True iIsPositionedAtTop True
[LOG 11:30:30.567] [UIApp] Adding  to Application Launcher
[LOG 11:30:30.571] [ApplicationLauncher] SetHidden: 
[LOG 11:30:30.576] [MessageSystem] OnAppInitialized
[LOG 11:30:30.576] [MessageSystem] Reposition 0.0413747 34519
[LOG 11:30:48.456] [KSPUpgradePipeline]: claude (1.12.5) is up to date.
[LOG 11:30:48.464] [ExperienceSystem]: Found 0 trait types
[LOG 11:30:48.471] [ExperienceSystem]: Found 20 effect types
[LOG 11:30:48.503] [ScenarioTypes]: List Created 23 scenario types loaded from 8 loaded assemblies.
[LOG 11:30:48.524] Game State Saved to saves/claude/persistent
[LOG 11:30:48.533] [MessageSystem] Load Messages
[LOG 11:30:48.536] [UIMasterController]: HideUI
[LOG 11:30:48.538] [HighLogic]: =========================== Scene Change : From MAINMENU to SPACECENTER =====================
[LOG 11:30:48.872] [AddonLoader]: Instantiating addon 'CustomConfigsManager' from assembly 'ModuleManager'
[LOG 11:30:51.855] [UIMasterController]: ShowUI
[LOG 11:30:52.141] [SceneLoadSpeedBoost] Save loaded from disk in 1ms
[LOG 11:30:52.153] GetSubclassesOfParentClass: Found 7 types with AlarmTypeBase parent in 8 assemblies.
[LOG 11:30:52.161] Loading Depletion Nodes
[LOG 11:30:52.161] DepNodeCount:  0
[LOG 11:30:52.162] Loading Biome Nodes
[LOG 11:30:52.162] BiomeNodeCount:  0
[LOG 11:30:52.162] Loading Planet Nodes
[LOG 11:30:52.162] PlanetNodeCount:  0
[LOG 11:30:52.177] [ScenarioDestructibles]: Loading... 0 objects registered
[LOG 11:30:52.298] [UiApp] Awake: KSPedia
[LOG 11:30:52.298] [UiApp] Awake: Missions App
[LOG 11:30:52.298] [UiApp] Awake: AlarmClock
[LOG 11:30:52.298] [GenericAppFrame] Reposition 0 36651
[LOG 11:30:52.299] [ApplicationLauncher] OnSceneLoadedGUIReady: scene SPACECENTER ShouldBeVisible() True ShouldBeOnTop() False iIsPositionedAtTop True
[LOG 11:30:52.299] [ApplicationLauncher] SpawnSimpleLayout: HorizontalRightLeft
[LOG 11:30:52.301] [ApplicationLauncher] SetVisible: 
[LOG 11:30:52.351] [UIApp] OnDestroy: Contracts
[LOG 11:30:52.358] [MessageSystem] Reposition 0.02 36652
[LOG 11:30:52.359] [GenericAppFrame] Reposition 0.02 36652
[LOG 11:30:52.359] [GenericAppFrame] Reposition 0.02 36652
[LOG 11:30:52.523] [UIApp] Adding AlarmClock to Application Launcher
[LOG 11:30:52.525] [UIApp] Adding Missions App to Application Launcher
[LOG 11:30:52.563] [GenericAppFrame] Reposition 0.135767 36658
[LOG 11:30:52.567] [MissionsApp] OnAppStarted(): id: -362712
[LOG 11:30:52.567] MissionsApp does not execute in this game mode, destroying this instance
[LOG 11:30:52.567] [UIApp] OnDestroy: Missions App
[LOG 11:30:52.580] [UIApp] Adding KSPedia to Application Launcher
[LOG 11:30:54.074] Game Paused!
[LOG 11:30:54.075] [UIMasterController]: ShowUI
[LOG 11:30:57.593] [KSPUpgradePipeline]: claude (1.12.5) is up to date.
[LOG 11:30:57.603] [ScenarioTypes]: List Created 23 scenario types loaded from 8 loaded assemblies.
[LOG 11:30:57.603] [MessageSystem] Load Messages
[LOG 11:30:57.606] [UIMasterController]: HideUI
[LOG 11:30:57.615] [HighLogic]: =========================== Scene Change : From SPACECENTER to FLIGHT =====================
[LOG 11:30:57.618] Game Unpaused!
[LOG 11:30:57.937] [UIApp] OnDestroy: KSPedia
[LOG 11:30:57.939] [UIApp] OnDestroy: AlarmClock
[LOG 11:30:57.944] [KSPCF:MemoryLeaks] Removed a onPlanetariumTargetChange callback owned by a destroyed Assembly-CSharp:CommNetVessel instance
[LOG 11:30:57.953] [KSPCF:MemoryLeaks] Leaving scene "SpaceCenter", cleaned 5 memory leaks in 0.013s. GameEvents callbacks : 469. Allocated memory : 1.03 GiB (managed heap), 2.182 GiB (unmanaged)
[LOG 11:30:57.964] UICanvasPrefabSpawner FlightUI spawning Flight
[LOG 11:30:57.997] UICanvasPrefabSpawner FlightUI spawning VesselLabels
[LOG 11:30:57.997] [UiApp] Awake: ResourceDisplay
[LOG 11:30:58.081] [AddonLoader]: Instantiating addon 'AeroGUI' from assembly 'KSP'
[LOG 11:30:58.095] [PlanetariumCamera]: Focus: Kerbin
[LOG 11:30:58.096] [UIMasterController]: HideUI
[LOG 11:30:58.390] [UIMasterController]: HideUI
[LOG 11:30:58.391] ------------------- initializing flight mode... ------------------
[LOG 11:30:58.392] GetSubclassesOfParentClass: Using cached results for AlarmTypeBase
[LOG 11:30:58.392] Loading Depletion Nodes
[LOG 11:30:58.393] DepNodeCount:  0
[LOG 11:30:58.393] Loading Biome Nodes
[LOG 11:30:58.393] BiomeNodeCount:  0
[LOG 11:30:58.393] Loading Planet Nodes
[LOG 11:30:58.393] PlanetNodeCount:  0
[LOG 11:30:58.395] [ScenarioDestructibles]: Loading... 0 objects registered
[LOG 11:30:58.437] Target vessel index: 7  vessel count: 11
[LOG 11:30:58.438] [FLIGHT GLOBALS]: Switching To Vessel Vaisseau sans nom ---------------------- 
[LOG 11:30:58.440] setting new dominant body: Mun
FlightGlobals.mainBody: Mun
[LOG 11:30:58.441] Reference Frame: Rotating
[WRN 11:30:58.452] [Part]: Cannot have ModuleCargoPart and ModuleInventoryPart on same Part [Vaisseau sans nom (unloaded)'. Removed ModuleCargoPart
[LOG 11:30:58.474] Camera Mode: AUTO
[LOG 11:30:58.521] [PQSBench] BENCH sphere;name=Mun;radius=200000;minLevel=2;maxLevel=9;highestLevelUnder=6250;subdivisionOffAbove=20000000;maxAnglePerSample=9.204E-005;speedCapAt60Fps=1104
[LOG 11:30:58.521] [PQSBench] BENCH colliders;name=Mun;maxLevelOffset=0;lowestLevelWithCollider=9
[LOG 11:31:01.181] all systems started
[LOG 11:31:01.181] [UIMasterController]: ShowUI
[LOG 11:31:01.437] [UiApp] Awake: CurrencyWidgetsApp
[LOG 11:31:01.437] [UiApp] Awake: ResourceDisplay
[LOG 11:31:01.437] [UiApp] Awake: KSPedia
[LOG 11:31:01.437] [UiApp] Awake: Missions App
[LOG 11:31:01.437] [UiApp] Awake: DeltaVApp
[LOG 11:31:01.437] [UiApp] Awake: ActionGroupsApp
[LOG 11:31:01.437] [UiApp] Awake: Construction
[LOG 11:31:01.438] [UiApp] Awake: Cargo
[LOG 11:31:01.438] [UiApp] Awake: AlarmClock
[LOG 11:31:01.438] [UiApp] Awake: ManeuverTool
[LOG 11:31:01.438] [ApplicationLauncher] OnSceneLoadedGUIReady: scene FLIGHT ShouldBeVisible() True ShouldBeOnTop() True iIsPositionedAtTop False
[LOG 11:31:01.438] [ApplicationLauncher] SpawnSimpleLayout: VerticalTopDown
[LOG 11:31:01.441] [KnowledgeBase] OnAppLauncherReady 37245
[LOG 11:31:01.464] [UIApp] OnDestroy: Contracts
[LOG 11:31:01.506] [FlightIntegrator]: Reloaded drag cube for zeroed cube root part mk1pod.v2 (Vaisseau sans nom) on vessel Vaisseau sans nom
[LOG 11:31:01.520] [MessageSystem] Reposition 0.02 37246
[LOG 11:31:01.520] [GenericAppFrame] Reposition 0.02 37246
[LOG 11:31:01.520] [GenericAppFrame] Reposition 0.02 37246
[LOG 11:31:01.618] [PlanetariumCamera]: Focus: Vaisseau sans nom
[LOG 11:31:01.643] [UIApp] Adding ResourceDisplay to Application Launcher
[LOG 11:31:01.644] [UIApp] Adding ResourceDisplay to Application Launcher
[LOG 11:31:01.654] [ResourceDisplay] OnAppStarted(): id: -396162
[LOG 11:31:01.654] [GenericAppFrame] Reposition 0.1382667 37250
[LOG 11:31:01.655] [ResourceDisplay] OnAppStarted(): id: 264296
[LOG 11:31:01.655] ResourceDisplay already exist, destroying this instance
[LOG 11:31:01.655] [UIApp] OnDestroy: ResourceDisplay
[LOG 11:31:01.669] [UIApp] Adding AlarmClock to Application Launcher
[LOG 11:31:01.670] [UIApp] Adding ActionGroupsApp to Application Launcher
[LOG 11:31:01.672] [UIApp] Adding Missions App to Application Launcher
[LOG 11:31:01.673] CURRENCY WIDGET False False False
[LOG 11:31:01.674] [UIApp] OnDestroy: CurrencyWidgetsApp
[LOG 11:31:01.695] [GenericAppFrame] Reposition 0.1658788 37252
[LOG 11:31:01.698] [ActionGroupsApp] OnAppStarted(): id: -396186
[LOG 11:31:01.699] [GenericAppFrame] Reposition 0.1658788 37252
[LOG 11:31:01.699] [UIApp] Adding DeltaVApp to Application Launcher
[LOG 11:31:01.701] [MissionsApp] OnAppStarted(): id: -396174
[LOG 11:31:01.701] MissionsApp does not execute in this game mode, destroying this instance
[LOG 11:31:01.701] [UIApp] OnDestroy: Missions App
[LOG 11:31:01.713] [GenericAppFrame] Reposition 0.1952284 37253
[LOG 11:31:01.750] [UIApp] Adding Cargo to Application Launcher
[LOG 11:31:01.751] [UIApp] Adding Construction to Application Launcher
[LOG 11:31:01.752] [UIApp] Adding KSPedia to Application Launcher
[WRN 11:31:01.788] HighlightingSystem : Framebuffer depth data is not available and can't be used to occlude highlighting. Highlighting occluders enabled.
[LOG 11:31:01.802] [UIApp] Adding ManeuverTool to Application Launcher
[LOG 11:31:01.804] [ApplicationLauncher] SetHidden: 
[LOG 11:31:01.820] [GenericAppFrame] Reposition 0.2860274 37256
[LOG 11:31:01.828] [ManeuverTool]: Found 1 transfer types
[LOG 11:31:01.892] Flight State Captured
[LOG 11:31:01.895] Saving Achievements Tree...
[LOG 11:31:01.895] Saving Achievements Tree...
[LOG 11:31:01.896] Saving Achievements Tree...
[LOG 11:31:01.898] [MessageSystem] Save Messages
[LOG 11:31:01.910] Game State Saved as persistent
[LOG 11:31:02.547] Unpacking Vaisseau sans nom
[LOG 11:31:02.564] [UIMasterController]: ShowUI
[LOG 11:31:27.518] [PQSBench] BENCH reset
[LOG 11:31:27.523] [PQSBench] BENCH sphere;name=Mun;radius=200000;minLevel=2;maxLevel=9;highestLevelUnder=6250;subdivisionOffAbove=20000000;maxAnglePerSample=9.204E-005;speedCapAt60Fps=1104
[LOG 11:31:27.524] [PQSBench] BENCH colliders;name=Mun;maxLevelOffset=0;lowestLevelWithCollider=9
[LOG 11:33:57.750] [PQSBench] BENCH begin;mode=Counters;samples=147;verticesPerQuad=225;warpedSeconds=0;vertexPlacementPatchedBy=com.github.lhervier.ksp.stockquadcache;quadBuildPatchedBy=com.github.lhervier.ksp.pqsbench+com.github.lhervier.ksp.stockquadcache
[LOG 11:33:57.751] [PQSBench] BENCH;sample;ut;utSpan;realSeconds;frames;fps;altitude;speed;quads;topLevelQuads;vertices;buildMs;topLevelBuildMs;updateMs;subdivisionAvg;subdivisionMax;speedLevelCap;maxLevel
[LOG 11:33:57.751] [PQSBench] BENCH;0;335.56;1.020;1.021;112;109.7;4999.8;554.4;32;8;7200;86.476;22.149;145.992;6.75;9;9;9
[LOG 11:33:57.751] [PQSBench] BENCH;1;336.58;1.020;1.017;114;112.1;4999.8;554.4;24;8;5400;64.588;22.153;126.282;8.00;9;9;9
[LOG 11:33:57.751] [PQSBench] BENCH;2;337.60;1.020;1.025;117;114.2;4999.8;554.4;16;8;3600;43.191;21.951;104.488;8.50;9;9;9
[LOG 11:33:57.751] [PQSBench] BENCH;3;338.62;1.020;1.033;114;110.3;4999.7;554.4;24;8;5400;64.123;21.690;127.029;6.67;9;9;9
[LOG 11:33:57.751] [PQSBench] BENCH;4;339.64;1.020;1.026;118;115.0;4999.7;554.4;20;8;4500;54.653;22.521;118.433;8.20;9;9;9
[LOG 11:33:57.751] [PQSBench] BENCH;5;340.66;1.020;1.018;120;117.9;4999.7;554.4;8;8;1800;21.745;21.745;84.566;9.00;9;9;9
[LOG 11:33:57.751] [PQSBench] BENCH;6;341.68;1.020;1.034;119;115.1;4999.7;554.4;18;8;4050;49.970;21.669;110.638;8.33;9;9;9
[LOG 11:33:57.751] [PQSBench] BENCH;7;342.70;1.020;1.006;111;110.4;4999.7;554.4;28;8;6300;75.997;22.393;141.973;7.86;9;9;9
[LOG 11:33:57.751] [PQSBench] BENCH;8;343.72;1.020;1.017;120;118.0;4999.7;554.4;8;0;1800;22.016;0.000;80.003;8.00;8;9;9
[LOG 11:33:57.751] [PQSBench] BENCH;9;344.74;1.020;1.025;116;113.2;4999.7;554.4;18;16;4050;49.800;44.409;117.182;8.78;9;9;9
[LOG 11:33:57.751] [PQSBench] BENCH;10;345.76;1.020;1.016;113;111.2;4999.7;554.4;26;0;5850;69.538;0.000;129.568;7.31;8;9;9
[LOG 11:33:57.752] [PQSBench] BENCH;11;346.78;1.020;1.017;112;110.1;4999.7;554.4;26;16;5850;70.576;44.210;136.479;8.54;9;9;9
[LOG 11:33:57.752] [PQSBench] BENCH;12;347.80;1.020;1.022;121;118.5;4999.7;554.4;8;0;1800;21.320;0.000;79.322;8.00;8;9;9
[LOG 11:33:57.752] [PQSBench] BENCH;13;348.82;1.020;1.019;116;113.8;4999.7;554.4;18;16;4050;49.443;44.015;116.491;8.78;9;8;9
[LOG 11:33:57.752] [PQSBench] BENCH;14;349.84;1.020;1.026;121;118.0;4999.7;554.4;10;0;2250;26.585;0.000;86.707;5.40;7;9;9
[LOG 11:33:57.752] [PQSBench] BENCH;15;350.86;1.020;1.017;116;114.1;4999.7;554.4;18;8;4050;48.427;21.984;111.035;8.33;9;9;9
[LOG 11:33:57.752] [PQSBench] BENCH;16;351.88;1.020;1.033;113;109.4;4999.7;554.4;33;8;7425;88.326;21.794;151.766;7.36;9;9;9
[LOG 11:33:57.752] [PQSBench] BENCH;17;352.90;1.020;1.042;118;113.3;4999.7;554.4;18;8;4050;48.847;22.121;114.261;8.33;9;9;9
[LOG 11:33:57.752] [PQSBench] BENCH;18;353.92;1.020;1.017;119;117.1;4999.7;554.4;10;8;2250;27.329;21.863;91.452;8.60;9;9;9
[LOG 11:33:57.752] [PQSBench] BENCH;19;354.94;1.020;1.017;111;109.1;4999.7;554.4;34;8;7650;91.299;22.171;158.786;7.71;9;9;9
[LOG 11:33:57.752] [PQSBench] BENCH;20;355.96;1.020;1.041;117;112.4;4999.7;554.4;24;8;5400;63.724;21.693;130.012;7.67;9;9;9
[LOG 11:33:57.752] [PQSBench] BENCH;21;356.98;1.020;1.016;116;114.2;4999.7;554.4;18;8;4050;48.710;22.074;114.675;8.33;9;9;9
[LOG 11:33:57.752] [PQSBench] BENCH;22;358.00;1.020;1.017;116;114.0;4999.7;554.4;18;8;4050;48.878;21.893;113.099;7.44;9;9;9
[LOG 11:33:57.752] [PQSBench] BENCH;23;359.02;1.020;1.025;117;114.1;4999.7;554.4;18;8;4050;49.487;23.150;116.650;8.33;9;9;9
[LOG 11:33:57.752] [PQSBench] BENCH;24;360.04;1.020;1.017;116;114.1;4999.7;554.4;16;8;3600;43.234;22.092;105.580;8.50;9;9;9
[LOG 11:33:57.752] [PQSBench] BENCH;25;361.06;1.020;1.018;120;117.8;4999.7;554.4;8;0;1800;21.094;0.000;84.531;7.00;7;9;9
[LOG 11:33:57.752] [PQSBench] BENCH;26;362.08;1.020;1.033;112;108.4;4999.7;554.4;28;16;6300;75.857;44.142;145.455;8.43;9;9;9
[LOG 11:33:57.752] [PQSBench] BENCH;27;363.10;1.020;1.007;122;121.2;4999.7;554.4;0;0;0;0.000;0.000;62.370;0.00;0;-1;0
[LOG 11:33:57.752] [PQSBench] BENCH;28;364.12;1.020;1.025;114;111.2;4999.7;554.4;24;8;5400;65.344;22.241;129.418;8.00;9;9;9
[LOG 11:33:57.752] [PQSBench] BENCH;29;365.14;1.020;1.017;113;111.1;4999.7;554.4;24;8;5400;65.015;22.100;132.726;8.00;9;8;9
[LOG 11:33:57.752] [PQSBench] BENCH;30;366.16;1.020;1.026;117;114.0;4999.7;554.4;18;8;4050;48.743;22.047;115.087;8.22;9;9;9
[LOG 11:33:57.752] [PQSBench] BENCH;31;367.18;1.020;1.015;119;117.2;4999.7;554.4;8;8;1800;22.156;22.156;88.264;9.00;9;9;9
[LOG 11:33:57.752] [PQSBench] BENCH;32;368.20;1.020;1.016;115;113.2;4999.7;554.4;16;8;3600;43.305;21.944;108.177;8.50;9;9;9
[LOG 11:33:57.752] [PQSBench] BENCH;33;369.22;1.020;1.026;118;115.1;4999.7;554.4;16;8;3600;43.255;21.863;109.162;8.50;9;9;9
[LOG 11:33:57.752] [PQSBench] BENCH;34;370.24;1.020;1.017;117;115.1;4999.7;554.4;8;8;1800;22.306;22.306;89.806;9.00;9;9;9
[LOG 11:33:57.752] [PQSBench] BENCH;35;371.26;1.020;1.025;115;112.2;4999.7;554.4;24;8;5400;64.652;22.176;130.756;8.00;9;9;9
[LOG 11:33:57.753] [PQSBench] BENCH;36;372.28;1.020;1.017;118;116.1;4999.7;554.4;14;0;3150;37.556;0.000;101.115;5.14;6;9;9
[LOG 11:33:57.753] [PQSBench] BENCH;37;373.30;1.020;1.016;113;111.2;4999.7;554.4;26;8;5850;70.530;21.919;137.450;8.15;9;9;9
[LOG 11:33:57.753] [PQSBench] BENCH;38;374.32;1.020;1.042;117;112.3;4999.7;554.4;24;8;5400;65.751;22.192;134.976;7.67;9;9;9
[LOG 11:33:57.753] [PQSBench] BENCH;39;375.34;1.020;1.016;119;117.1;4999.7;554.4;8;8;1800;22.628;22.628;87.298;9.00;9;9;9
[LOG 11:33:57.753] [PQSBench] BENCH;40;376.36;1.020;1.018;113;111.0;4999.7;554.4;24;8;5400;64.326;21.858;131.559;7.67;9;9;9
[LOG 11:33:57.753] [PQSBench] BENCH;41;377.38;1.020;1.022;119;116.5;4999.7;554.4;10;8;2250;27.428;22.073;93.529;8.40;9;9;9
[LOG 11:33:57.753] [PQSBench] BENCH;42;378.40;1.020;1.023;119;116.4;4999.7;554.4;18;8;4050;48.914;21.957;112.443;7.89;9;9;9
[LOG 11:33:57.753] [PQSBench] BENCH;43;379.42;1.020;1.016;116;114.2;4999.7;554.4;18;0;4050;47.603;0.000;114.629;6.89;8;9;9
[LOG 11:33:57.753] [PQSBench] BENCH;44;380.44;1.020;1.025;110;107.3;4999.7;554.4;34;8;7650;93.029;23.265;158.053;7.18;9;8;9
[LOG 11:33:57.753] [PQSBench] BENCH;45;381.46;1.020;1.014;119;117.3;4999.7;554.4;8;8;1800;21.875;21.875;89.800;9.00;9;9;9
[LOG 11:33:57.753] [PQSBench] BENCH;46;382.48;1.020;1.025;114;111.2;4999.7;554.4;24;8;5400;64.938;22.224;131.040;7.00;9;9;9
[LOG 11:33:57.753] [PQSBench] BENCH;47;383.50;1.020;1.018;116;114.0;4999.7;554.4;16;8;3600;43.462;22.060;111.600;8.50;9;9;9
[LOG 11:33:57.753] [PQSBench] BENCH;48;384.52;1.020;1.017;112;110.1;4999.7;554.4;26;8;5850;70.878;22.708;135.781;7.54;9;9;9
[LOG 11:33:57.753] [PQSBench] BENCH;49;385.54;1.020;1.023;118;115.3;4999.7;554.4;16;0;3600;42.638;0.000;106.364;6.50;8;9;9
[LOG 11:33:57.753] [PQSBench] BENCH;50;386.56;1.020;1.017;119;117.0;4999.7;554.4;10;8;2250;27.627;22.268;93.386;8.40;9;9;9
[LOG 11:33:57.753] [PQSBench] BENCH;51;387.58;1.020;1.025;120;117.1;4999.7;554.4;10;8;2250;32.596;27.225;101.554;8.40;9;9;9
[LOG 11:33:57.753] [PQSBench] BENCH;52;388.60;1.020;1.018;117;114.9;4999.7;554.4;18;8;4050;48.953;21.971;111.830;7.89;9;9;9
[LOG 11:33:57.753] [PQSBench] BENCH;53;389.62;1.020;1.019;117;114.8;4999.7;554.4;16;0;3600;42.611;0.000;106.535;6.00;8;9;9
[LOG 11:33:57.753] [PQSBench] BENCH;54;390.64;1.020;1.021;113;110.6;4999.7;554.4;24;16;5400;64.856;43.710;131.890;8.67;9;9;9
[LOG 11:33:57.753] [PQSBench] BENCH;55;391.66;1.020;1.025;120;117.1;4999.7;554.4;10;0;2250;26.533;0.000;90.552;6.80;7;9;9
[LOG 11:33:57.753] [PQSBench] BENCH;56;392.68;1.020;1.017;119;117.0;4999.7;554.4;8;8;1800;22.091;22.091;86.465;9.00;9;9;9
[LOG 11:33:57.753] [PQSBench] BENCH;57;393.70;1.020;1.017;112;110.1;4999.7;554.4;26;8;5850;69.994;22.130;133.787;7.54;9;9;9
[LOG 11:33:57.753] [PQSBench] BENCH;58;394.72;1.020;1.025;114;111.3;4999.7;554.4;27;8;6075;72.740;21.898;139.517;6.78;9;9;9
[LOG 11:33:57.753] [PQSBench] BENCH;59;395.74;1.020;1.016;109;107.3;4999.7;554.4;40;8;9000;107.123;21.963;173.774;7.20;9;8;9
[LOG 11:33:57.753] [PQSBench] BENCH;60;396.76;1.020;1.021;120;117.6;4999.7;554.4;8;8;1800;21.900;21.900;84.099;9.00;9;9;9
[LOG 11:33:57.753] [PQSBench] BENCH;61;397.78;1.020;1.022;120;117.4;4999.7;554.4;8;0;1800;21.115;0.000;87.276;8.00;8;9;9
[LOG 11:33:57.754] [PQSBench] BENCH;62;398.80;1.020;1.033;116;112.3;4999.7;554.4;24;8;5400;64.901;22.125;132.316;7.67;9;9;9
[LOG 11:33:57.754] [PQSBench] BENCH;63;399.82;1.020;1.025;120;117.1;4999.7;554.4;10;8;2250;27.550;22.144;97.529;8.40;9;9;9
[LOG 11:33:57.754] [PQSBench] BENCH;64;400.84;1.020;1.018;116;114.0;4999.7;554.4;16;8;3600;44.052;22.950;108.795;8.50;9;9;9
[LOG 11:33:57.754] [PQSBench] BENCH;65;401.86;1.020;1.017;112;110.1;4999.7;554.4;26;8;5850;70.349;21.925;138.064;7.23;9;9;9
[LOG 11:33:57.754] [PQSBench] BENCH;66;402.88;1.020;1.018;117;115.0;4999.7;554.4;18;8;4050;49.076;21.848;117.460;8.22;9;9;9
[LOG 11:33:57.754] [PQSBench] BENCH;67;403.90;1.020;1.023;121;118.3;4999.7;554.4;8;0;1800;21.255;0.000;84.257;8.00;8;9;9
[LOG 11:33:57.754] [PQSBench] BENCH;68;404.92;1.020;1.018;117;114.9;4999.7;554.4;16;8;3600;43.642;22.498;113.900;8.00;9;9;9
[LOG 11:33:57.754] [PQSBench] BENCH;69;405.94;1.020;1.024;114;111.3;4999.7;554.4;24;8;5400;64.651;22.279;129.778;8.00;9;9;9
[LOG 11:33:57.754] [PQSBench] BENCH;70;406.96;1.020;1.017;117;115.1;4999.7;554.4;10;8;2250;27.767;22.339;101.536;8.40;9;9;9
[LOG 11:33:57.754] [PQSBench] BENCH;71;407.98;1.020;1.019;116;113.9;4999.7;554.4;16;8;3600;44.929;23.376;116.692;8.50;9;9;9
[LOG 11:33:57.754] [PQSBench] BENCH;72;409.00;1.020;1.023;121;118.3;4999.7;554.4;8;0;1800;21.442;0.000;94.314;8.00;8;9;9
[LOG 11:33:57.754] [PQSBench] BENCH;73;410.02;1.020;1.019;119;116.8;4999.7;554.4;12;8;2700;33.599;22.621;107.078;8.00;9;9;9
[LOG 11:33:57.754] [PQSBench] BENCH;74;411.04;1.020;1.029;115;111.8;4999.7;554.4;16;8;3600;57.516;23.893;126.428;8.50;9;9;9
[LOG 11:33:57.754] [PQSBench] BENCH;75;412.06;1.020;1.019;117;114.8;4999.7;554.4;16;8;3600;44.304;22.590;121.492;8.00;9;9;9
[LOG 11:33:57.754] [PQSBench] BENCH;76;413.08;1.020;1.023;119;116.4;4999.7;554.4;8;0;1800;33.751;0.000;100.266;8.00;8;9;9
[LOG 11:33:57.754] [PQSBench] BENCH;77;414.10;1.020;1.022;113;110.6;4999.7;554.4;16;8;3600;44.446;23.000;122.874;8.50;9;9;9
[LOG 11:33:57.754] [PQSBench] BENCH;78;415.12;1.020;1.024;120;117.2;4999.7;554.4;8;8;1800;23.610;23.610;96.716;9.00;9;9;9
[LOG 11:33:57.754] [PQSBench] BENCH;79;416.14;1.020;1.021;103;100.9;4999.7;554.4;48;8;10800;131.359;22.193;204.054;6.83;9;9;9
[LOG 11:33:57.754] [PQSBench] BENCH;80;417.16;1.020;1.014;119;117.3;4999.7;554.4;10;8;2250;28.187;22.733;97.844;8.40;9;9;9
[LOG 11:33:57.754] [PQSBench] BENCH;81;418.18;1.020;1.022;124;121.4;4999.7;554.4;2;0;450;5.381;0.000;80.607;6.00;6;9;9
[LOG 11:33:57.754] [PQSBench] BENCH;82;419.20;1.020;1.037;117;112.9;4999.7;554.4;16;8;3600;45.142;22.625;124.970;8.50;9;9;9
[LOG 11:33:57.754] [PQSBench] BENCH;83;420.22;1.020;1.022;117;114.4;4999.7;554.4;16;8;3600;44.905;22.374;115.872;8.50;9;9;9
[LOG 11:33:57.754] [PQSBench] BENCH;84;421.24;1.020;1.016;114;112.2;4999.7;554.4;16;8;3600;46.509;23.167;121.387;7.50;9;9;9
[LOG 11:33:57.754] [PQSBench] BENCH;85;422.26;1.020;1.033;116;112.3;4999.7;554.4;20;8;4500;55.191;22.237;129.560;7.40;9;9;9
[LOG 11:33:57.755] [PQSBench] BENCH;86;423.28;1.020;1.011;119;117.7;4999.7;554.4;8;0;1800;21.941;0.000;91.472;7.00;7;9;9
[LOG 11:33:57.755] [PQSBench] BENCH;87;424.30;1.020;1.016;111;109.2;4999.7;554.4;26;8;5850;73.123;24.954;150.757;7.46;9;8;9
[LOG 11:33:57.755] [PQSBench] BENCH;88;425.32;1.020;1.019;115;112.9;4999.7;554.4;16;8;3600;45.482;23.084;125.527;8.50;9;9;9
[LOG 11:33:57.755] [PQSBench] BENCH;89;426.34;1.020;1.024;117;114.2;4999.7;554.4;16;8;3600;45.606;23.609;127.980;7.00;9;9;9
[LOG 11:33:57.755] [PQSBench] BENCH;90;427.36;1.020;1.031;109;105.7;4999.7;554.4;28;0;6300;104.682;0.000;179.273;6.93;8;8;9
[LOG 11:33:57.755] [PQSBench] BENCH;91;428.38;1.020;1.019;119;116.8;4999.7;554.4;8;8;1800;23.579;23.579;106.831;9.00;9;9;9
[LOG 11:33:57.755] [PQSBench] BENCH;92;429.40;1.020;1.023;116;113.4;4999.7;554.4;16;8;3600;44.089;22.551;128.867;8.50;9;9;9
[LOG 11:33:57.755] [PQSBench] BENCH;93;430.42;1.020;1.017;114;112.0;4999.7;554.4;16;8;3600;50.810;22.450;128.624;8.50;9;9;9
[LOG 11:33:57.755] [PQSBench] BENCH;94;431.44;1.040;1.041;118;113.4;4999.7;554.4;10;8;2250;36.818;24.768;119.338;8.20;9;9;9
[LOG 11:33:57.755] [PQSBench] BENCH;95;432.48;1.020;1.019;115;112.9;4999.7;554.4;16;0;3600;43.400;0.000;128.359;6.50;8;9;9
[LOG 11:33:57.755] [PQSBench] BENCH;96;433.50;1.020;1.023;119;116.3;4999.7;554.4;8;8;1800;23.357;23.357;103.963;9.00;9;9;9
[LOG 11:33:57.755] [PQSBench] BENCH;97;434.52;1.020;1.021;112;109.7;4999.7;554.4;18;8;4050;57.204;22.350;141.094;7.67;9;9;9
[LOG 11:33:57.755] [PQSBench] BENCH;98;435.54;1.020;1.021;119;116.6;4999.7;554.4;10;0;2250;28.201;0.000;104.005;7.40;8;9;9
[LOG 11:33:57.755] [PQSBench] BENCH;99;436.56;1.020;1.017;114;112.1;4999.7;554.4;16;8;3600;50.329;23.218;133.123;8.50;9;9;9
[LOG 11:33:57.755] [PQSBench] BENCH;100;437.58;1.020;1.018;117;115.0;4999.7;554.4;10;8;2250;27.855;22.208;106.544;7.80;9;9;9
[LOG 11:33:57.755] [PQSBench] BENCH;101;438.60;1.020;1.024;105;102.5;4999.7;554.4;40;8;9000;123.350;24.390;199.658;7.40;9;9;9
[LOG 11:33:57.755] [PQSBench] BENCH;102;439.62;1.020;1.018;119;116.9;4999.7;554.4;8;8;1800;23.313;23.313;99.362;9.00;9;9;9
[LOG 11:33:57.755] [PQSBench] BENCH;103;440.64;1.020;1.022;120;117.4;4999.7;554.4;8;0;1800;24.380;0.000;98.244;8.00;8;9;9
[LOG 11:33:57.755] [PQSBench] BENCH;104;441.66;1.020;1.021;113;110.6;4999.7;554.4;24;8;5400;67.134;22.347;141.986;7.33;9;9;9
[LOG 11:33:57.755] [PQSBench] BENCH;105;442.68;1.020;1.014;120;118.4;4999.7;554.4;8;8;1800;22.085;22.085;94.643;9.00;9;9;9
[LOG 11:33:57.755] [PQSBench] BENCH;106;443.70;1.020;1.024;121;118.2;4999.7;554.4;10;0;2250;26.590;0.000;89.983;7.40;8;9;9
[LOG 11:33:57.755] [PQSBench] BENCH;107;444.72;1.020;1.016;120;118.1;4999.7;554.4;8;8;1800;21.744;21.744;88.740;9.00;9;9;9
[LOG 11:33:57.755] [PQSBench] BENCH;108;445.74;1.020;1.025;109;106.3;4999.7;554.4;38;8;8550;102.291;21.820;167.275;6.68;9;9;9
[LOG 11:33:57.756] [PQSBench] BENCH;109;446.76;1.020;1.016;117;115.2;4999.7;554.4;18;8;4050;49.474;22.742;115.849;7.22;9;9;9
[LOG 11:33:57.756] [PQSBench] BENCH;110;447.78;1.020;1.026;121;118.0;4999.7;554.4;10;0;2250;26.605;0.000;91.964;7.40;8;9;9
[LOG 11:33:57.756] [PQSBench] BENCH;111;448.80;1.020;1.016;119;117.1;4999.7;554.4;8;8;1800;22.761;22.761;87.187;9.00;9;9;9
[LOG 11:33:57.756] [PQSBench] BENCH;112;449.82;1.020;1.017;117;115.1;4999.7;554.4;16;0;3600;42.322;0.000;104.213;7.50;8;9;9
[LOG 11:33:57.756] [PQSBench] BENCH;113;450.84;1.020;1.026;118;115.1;4999.7;554.4;18;8;4050;48.553;22.051;115.397;7.67;9;9;9
[LOG 11:33:57.756] [PQSBench] BENCH;114;451.86;1.020;1.016;118;116.2;4999.7;554.4;16;8;3600;43.306;22.186;109.574;8.50;9;9;9
[LOG 11:33:57.756] [PQSBench] BENCH;115;452.88;1.020;1.025;117;114.1;4999.7;554.4;16;8;3600;42.840;21.711;110.390;8.50;9;9;9
[LOG 11:33:57.756] [PQSBench] BENCH;116;453.90;1.020;1.017;120;118.0;4999.7;554.4;8;8;1800;22.427;22.427;87.002;9.00;9;9;9
[LOG 11:33:57.756] [PQSBench] BENCH;117;454.92;1.020;1.018;116;114.0;4999.7;554.4;16;8;3600;43.386;21.981;108.837;8.50;9;9;9
[LOG 11:33:57.756] [PQSBench] BENCH;118;455.94;1.020;1.024;123;120.1;4999.7;554.4;2;0;450;5.436;0.000;67.750;5.00;5;9;9
[LOG 11:33:57.756] [PQSBench] BENCH;119;456.96;1.020;1.017;113;111.1;4999.7;554.4;24;8;5400;64.187;21.879;127.433;8.00;9;9;9
[LOG 11:33:57.756] [PQSBench] BENCH;120;457.98;1.020;1.025;120;117.1;4999.7;554.4;8;8;1800;22.383;22.383;91.153;9.00;9;9;9
[LOG 11:33:57.756] [PQSBench] BENCH;121;459.00;1.020;1.017;117;115.1;4999.7;554.4;16;8;3600;43.308;21.970;108.787;8.50;9;9;9
[LOG 11:33:57.756] [PQSBench] BENCH;122;460.02;1.020;1.017;117;115.1;4999.7;554.4;18;0;4050;48.139;0.000;108.877;5.89;8;9;9
[LOG 11:33:57.756] [PQSBench] BENCH;123;461.04;1.020;1.025;114;111.2;4999.6;554.4;26;8;5850;70.627;22.632;140.846;7.46;9;9;9
[LOG 11:33:57.756] [PQSBench] BENCH;124;462.06;1.020;1.019;114;111.9;4999.6;554.4;24;8;5400;66.037;22.066;132.262;7.67;9;9;9
[LOG 11:33:57.756] [PQSBench] BENCH;125;463.08;1.020;1.016;120;118.1;4999.6;554.4;8;8;1800;21.845;21.845;89.925;9.00;9;9;9
[LOG 11:33:57.756] [PQSBench] BENCH;126;464.10;1.020;1.025;118;115.1;4999.6;554.4;16;8;3600;43.524;21.776;109.496;8.50;9;9;9
[LOG 11:33:57.756] [PQSBench] BENCH;127;465.12;1.020;1.015;120;118.2;4999.6;554.4;12;0;2700;32.607;0.000;93.913;6.50;8;9;9
[LOG 11:33:57.756] [PQSBench] BENCH;128;466.14;1.020;1.025;120;117.1;4999.6;554.4;8;8;1800;21.914;21.914;89.099;9.00;9;9;9
[LOG 11:33:57.756] [PQSBench] BENCH;129;467.16;1.020;1.016;116;114.1;4999.6;554.4;16;8;3600;43.725;22.316;108.650;6.50;9;9;9
[LOG 11:33:57.756] [PQSBench] BENCH;130;468.18;1.020;1.026;114;111.1;4999.6;554.4;26;0;5850;68.562;0.000;131.430;6.62;8;9;9
[LOG 11:33:57.756] [PQSBench] BENCH;131;469.20;1.020;1.016;116;114.1;4999.6;554.4;16;8;3600;43.545;22.234;112.407;8.50;9;9;9
[LOG 11:33:57.756] [PQSBench] BENCH;132;470.22;1.020;1.018;116;114.0;4999.6;554.4;18;8;4050;48.708;22.001;114.017;7.22;9;9;9
[LOG 11:33:57.757] [PQSBench] BENCH;133;471.24;1.020;1.024;112;109.4;4999.6;554.4;24;8;5400;64.682;22.226;131.327;7.33;9;9;9
[LOG 11:33:57.757] [PQSBench] BENCH;134;472.26;1.020;1.017;117;115.0;4999.6;554.4;16;0;3600;43.253;0.000;107.866;7.00;7;8;9
[LOG 11:33:57.757] [PQSBench] BENCH;135;473.28;1.020;1.025;118;115.1;4999.6;554.4;16;8;3600;43.004;22.016;108.661;8.50;9;9;9
[LOG 11:33:57.757] [PQSBench] BENCH;136;474.30;1.020;1.018;119;116.9;4999.6;554.4;10;8;2250;27.336;21.845;97.014;8.20;9;9;9
[LOG 11:33:57.757] [PQSBench] BENCH;137;475.32;1.020;1.015;117;115.2;4999.6;554.4;18;8;4050;48.753;22.200;114.282;8.11;9;9;9
[LOG 11:33:57.757] [PQSBench] BENCH;138;476.34;1.020;1.025;121;118.1;4999.6;554.4;8;0;1800;21.147;0.000;81.122;8.00;8;9;9
[LOG 11:33:57.757] [PQSBench] BENCH;139;477.36;1.020;1.016;119;117.1;4999.6;554.4;8;8;1800;21.817;21.817;90.255;9.00;9;9;9
[LOG 11:33:57.757] [PQSBench] BENCH;140;478.38;1.020;1.025;114;111.2;4999.6;554.4;24;8;5400;65.509;21.862;130.242;6.00;9;9;9
[LOG 11:33:57.757] [PQSBench] BENCH;141;479.40;1.020;1.016;117;115.1;4999.6;554.4;18;0;4050;47.512;0.000;111.882;7.22;8;9;9
[LOG 11:33:57.757] [PQSBench] BENCH;142;480.42;1.020;1.033;118;114.3;4999.6;554.4;18;8;4050;48.318;21.842;115.366;7.89;9;8;9
[LOG 11:33:57.757] [PQSBench] BENCH;143;481.44;1.020;1.010;118;116.9;4999.6;554.4;12;8;2700;33.042;21.667;97.337;7.00;9;9;9
[LOG 11:33:57.757] [PQSBench] BENCH;144;482.46;1.020;1.017;120;118.0;4999.6;554.4;8;0;1800;21.337;0.000;84.201;8.00;8;9;9
[LOG 11:33:57.757] [PQSBench] BENCH;145;483.48;1.020;1.018;117;115.0;4999.6;554.4;16;8;3600;44.295;21.843;108.718;8.00;9;9;9
[LOG 11:33:57.757] [PQSBench] BENCH;146;484.50;1.020;1.024;109;106.4;4999.6;554.4;42;8;9450;113.054;21.970;179.762;6.71;9;9;9
[LOG 11:33:57.757] [PQSBench] BENCH end
[LOG 11:33:59.650] Game Paused!
[LOG 11:33:59.652] [UIMasterController]: ShowUI
[LOG 11:34:00.771] Flight State Captured
[LOG 11:34:00.772] Saving Achievements Tree...
[LOG 11:34:00.772] Saving Achievements Tree...
[LOG 11:34:00.772] Saving Achievements Tree...
[LOG 11:34:00.772] [MessageSystem] Save Messages
[LOG 11:34:00.786] Game State Saved to saves/claude/persistent
[LOG 11:34:00.798] [UIMasterController]: HideUI
[LOG 11:34:00.808] [HighLogic]: =========================== Scene Change : From FLIGHT to MAINMENU =====================
[LOG 11:34:01.336] KbApp.OnDestroy Unowned Info
[LOG 11:34:01.336] [UIApp] OnDestroy: KSPedia
[LOG 11:34:01.337] [UIApp] OnDestroy: Cargo
[LOG 11:34:01.343] [UIApp] OnDestroy: ManeuverTool
[LOG 11:34:01.344] KbApp.OnDestroy NullName
[LOG 11:34:01.344] [UIApp] OnDestroy: ActionGroupsApp
[LOG 11:34:01.344] [UIApp] OnDestroy: Construction
[LOG 11:34:01.347] KbApp.OnDestroy Planet Resources
[LOG 11:34:01.348] KbApp.OnDestroy Vessel Info
[LOG 11:34:01.348] [UIApp] OnDestroy: ResourceDisplay
[LOG 11:34:01.349] KbApp.OnDestroy Planet Parameters
[LOG 11:34:01.349] KbApp.OnDestroy Vessel Crew
[LOG 11:34:01.349] [UIApp] OnDestroy: DeltaVApp
[LOG 11:34:01.349] [UIApp] OnDestroy: AlarmClock
[LOG 11:34:01.350] KbApp.OnDestroy Planet Info
[LOG 11:34:01.352] [KSPCF:MemoryLeaks] Removed a OnMapExited callback owned by a destroyed Assembly-CSharp:NavBallToggle instance
[LOG 11:34:01.352] [KSPCF:MemoryLeaks] Removed a OnGameSettingsApplied callback owned by a destroyed Assembly-CSharp:VesselAutopilotUI instance
[LOG 11:34:01.352] [KSPCF:MemoryLeaks] Removed a onPartActionUICreate callback owned by a destroyed Assembly-CSharp:ModuleInventoryPart instance
[LOG 11:34:01.353] [KSPCF:MemoryLeaks] Removed a onModuleInventoryChanged callback owned by a destroyed Assembly-CSharp:ModuleInventoryPart instance
[LOG 11:34:01.354] [KSPCF:MemoryLeaks] Removed a OnDestructibleLoaded callback owned by a destroyed Assembly-CSharp:RunwayCollisionHandler instance
[LOG 11:34:01.354] [KSPCF:MemoryLeaks] Removed a OnClick callback owned by a destroyed Assembly-CSharp:EVAConstructionModeEditor instance
[LOG 11:34:01.354] [KSPCF:MemoryLeaks] Removed a TimingManager.Instance.timing5.onLateUpdate callback owned by a destroyed Assembly-CSharp:MapView instance
[LOG 11:34:01.354] [KSPCF:MemoryLeaks] Leaving scene "Flight", cleaned 23 memory leaks in 0.003s. GameEvents callbacks : 714. Allocated memory : 1.055 GiB (managed heap), 2.145 GiB (unmanaged)
[LOG 11:34:01.492] [UIMasterController]: ShowUI
[LOG 11:34:01.826] [ScenarioTypes]: List Created 23 scenario types loaded from 8 loaded assemblies.
[WRN 11:34:01.831] File 'D:/KSP-Dev/KSP_x64_Data/../Missions/MissionScoreInfo.cfg' does not exist
[LOG 11:34:01.831] [ApplicationLauncher] OnSceneLoadedGUIReady: scene MAINMENU ShouldBeVisible() True ShouldBeOnTop() True iIsPositionedAtTop True
[LOG 11:34:01.831] [ApplicationLauncher] SetHidden: 
[LOG 11:34:01.836] [MessageSystem] Reposition 0.02 57486
[LOG 11:34:01.836] [GenericAppFrame] Reposition 0.02 57486
[LOG 11:34:01.836] [GenericAppFrame] Reposition 0.02 57486
[LOG 11:34:06.348] [UIApp] OnDestroy: 
