[LOG 14:55:41.541] ******* Log Initiated for Kerbal Space Program - 1.12.5.3190 (WindowsPlayer x64) fr-fr *******
Kerbal Space Program - 1.12.5.3190 (WindowsPlayer x64) fr-fr


OS: Windows 10  (10.0.0) 64bit
CPU: Intel(R) Core(TM) i7-4790K CPU @ 4.00GHz (8)
RAM: 32687
GPU: NVIDIA GeForce GTX 1060 6GB (6029MB)
SM: 50 (Direct3D 11.0 [level 11.1])
RT Formats: ARGB32, Depth, ARGBHalf, Shadowmap, RGB565, ARGB4444, ARGB1555, Default, ARGB2101010, DefaultHDR, ARGB64, ARGBFloat, RGFloat, RGHalf, RFloat, RHalf, R8, ARGBInt, RGInt, RInt, BGRA32, RGB111110Float, RG32, RGBAUShort, RG16, BGRA10101010_XR, BGR101010_XR, R16


Log started: Mon, Sep 21, 2026 14:55:41


[LOG 14:55:41.560] ActionCanvas MASK: 3458764513820540928
[LOG 14:55:41.561] AppCanvas MASK: 3458764513820540928
[LOG 14:55:41.563] MainCanvas MASK: 3458764513820540928
[LOG 14:55:42.742] Load(Assembly): /ModuleManager.4.2.3
[LOG 14:55:42.742] AssemblyLoader: Loading assembly at D:\KSP-Dev\GameData\ModuleManager.4.2.3.dll
[LOG 14:55:42.767] AssemblyLoader: KSPAssembly 'ModuleManager' V2.5.0
[LOG 14:55:42.767] Load(Assembly): 000_Harmony/0Harmony
[LOG 14:55:42.767] AssemblyLoader: Loading assembly at D:\KSP-Dev\GameData\000_Harmony\0Harmony.dll
[LOG 14:55:42.769] Load(Assembly): 000_Harmony/HarmonyInstallChecker
[LOG 14:55:42.769] AssemblyLoader: Loading assembly at D:\KSP-Dev\GameData\000_Harmony\HarmonyInstallChecker.dll
[LOG 14:55:42.770] AssemblyLoader: KSPAssembly 'HarmonyKSP' V1.0.0
[LOG 14:55:42.770] Load(Assembly): KSPCommunityFixes/Plugins/0_MultipleModuleInPartAPI
[LOG 14:55:42.770] AssemblyLoader: Loading assembly at D:\KSP-Dev\GameData\KSPCommunityFixes\Plugins\0_MultipleModuleInPartAPI.dll
[LOG 14:55:42.771] AssemblyLoader: KSPAssembly 'MultipleModulePartAPI' V1.0.0
[LOG 14:55:42.771] Load(Assembly): KSPCommunityFixes/Plugins/KSPCommunityFixes
[LOG 14:55:42.771] AssemblyLoader: Loading assembly at D:\KSP-Dev\GameData\KSPCommunityFixes\Plugins\KSPCommunityFixes.dll
[LOG 14:55:42.780] AssemblyLoader: KSPAssembly 'KSPCommunityFixes' V1.41.1
[LOG 14:55:42.781] AssemblyLoader: KSPAssemblyDependency 'HarmonyKSP' V1.0.0
[LOG 14:55:42.781] AssemblyLoader: KSPAssemblyDependency 'ModuleManager' V1.0.0
[LOG 14:55:42.781] AssemblyLoader: KSPAssemblyDependency 'MultipleModulePartAPI' V1.0.0
[LOG 14:55:42.781] Load(Assembly): PQSBenchMod/PQSBenchMod
[LOG 14:55:42.781] AssemblyLoader: Loading assembly at D:\KSP-Dev\GameData\PQSBenchMod\PQSBenchMod.dll
[LOG 14:55:42.782] Load(Assembly): StockQuadCacheMod/StockQuadCacheMod
[LOG 14:55:42.782] AssemblyLoader: Loading assembly at D:\KSP-Dev\GameData\StockQuadCacheMod\StockQuadCacheMod.dll
[LOG 14:55:42.784] AssemblyLoader: Loading assemblies
[LOG 14:55:42.874] VesselModules: Found VesselModule of type AxisGroupsModule with order 999
[LOG 14:55:42.917] VesselModules: Found VesselModule of type CometVessel with order 999
[LOG 14:55:42.919] VesselModules: Found VesselModule of type SuspensionLoadBalancer with order 999
[LOG 14:55:42.920] VesselModules: Found VesselModule of type FlightIntegrator with order 0
[LOG 14:55:42.923] VesselModules: Found VesselModule of type CommNetVessel with order 999
[LOG 14:55:42.928] VesselModules: Found 5 VesselModule types
[LOG 14:55:42.934] 
************************************************************************

Environment Info
Win32NT 7FFFFFFFFFFFFFFF  Args: KSP_x64.exe 

Mod DLLs found:
Stock assembly: Assembly-CSharp v0.0.0.0
ModuleManager v4.2.3.0
0Harmony v2.2.1.0
HarmonyInstallChecker v2.2.1.0
0_MultipleModuleInPartAPI v1.0.0.0 / v1.0.0+7969fdc50bf4e350193abe5ba2e89533b12ca02f
KSPCommunityFixes v1.41.0.0 / v1.41.1+7969fdc50bf4e350193abe5ba2e89533b12ca02f / v1.41.1.0
PQSBenchMod v0.1.0.0 / v0.1.0+6e20ea945c2aaa133a9f50dda0128414ee5c88f6
StockQuadCacheMod v0.1.0.0 / v0.1.0+084e95e6c8781a0c7258ea70c15110ab44474903

Folders and files in GameData:
000_Harmony
KSPCommunityFixes
PQSBenchMod
Stock folder: Squad

Stock folder: SquadExpansion

StockQuadCacheMod
ModuleManager.4.2.3.dll
ModuleManager.ConfigCache
ModuleManager.ConfigSHA
ModuleManager.Physics
ModuleManager.TechTree

************************************************************************

[LOG 14:55:42.954] [AddonLoader]: Instantiating addon 'ModuleManager' from assembly 'ModuleManager'
[LOG 14:55:42.966] [ModuleManager] Adding post patch to the loading screen 4
[LOG 14:55:42.968] [ModuleManager] Patching started on a new thread, all output will be directed to D:\KSP-Dev\Logs\ModuleManager\ModuleManager.log
[LOG 14:55:42.971] [AddonLoader]: Instantiating addon 'HarmonyInstallChecker' from assembly 'HarmonyKSP'
[LOG 14:55:42.972] [AddonLoader]: Instantiating addon 'KSPCommunityFixes' from assembly 'KSPCommunityFixes'
[LOG 14:55:42.974] [AddonLoader]: Instantiating addon 'NoIVA' from assembly 'KSPCommunityFixes'
[LOG 14:55:42.974] [AddonLoader]: Instantiating addon 'ConfigNodePerf' from assembly 'KSPCommunityFixes'
[LOG 14:55:43.206] [AddonLoader]: Instantiating addon 'KSPCFFastLoader' from assembly 'KSPCommunityFixes'
[LOG 14:55:43.208] [KSPCF] Injecting FastLoader...
[LOG 14:55:43.232] [KSPCommunityFixes] Patch GameDatabasePerf applied.
[LOG 14:55:43.327] [AddonLoader]: Instantiating addon 'ReflectionTypeLoadExceptionHandler' from assembly 'KSPCommunityFixes'
[LOG 14:55:43.330] [AddonLoader]: Instantiating addon 'PQSBenchMod' from assembly 'PQSBenchMod'
[LOG 14:55:43.332] [AddonLoader]: Instantiating addon 'CalibrateBenchAddon' from assembly 'PQSBenchMod'
[LOG 14:55:43.332] [AddonLoader]: Instantiating addon 'StockQuadCacheMod' from assembly 'StockQuadCacheMod'
[LOG 14:55:44.428] [KSPCF] Taking over stock loader. An exception will follow, this is intended.
[EXC 14:55:44.433] Exception: Terminating stock loader coroutine, this is intended and not an error
	KSPCommunityFixes.Performance.KSPCFFastLoader.GameDatabase_SetupMainLoaders_Prefix () (at <62bb7f5420994f409a34377c091e8538>:0)
	(wrapper dynamic-method) GameDatabase.GameDatabase.SetupMainLoaders_Patch1(GameDatabase)
	GameDatabase+<LoadObjects>d__90.MoveNext () (at <4b449f2841f84227adfaad3149c8fdba>:0)
	UnityEngine.SetupCoroutine.InvokeMoveNext (System.Collections.IEnumerator enumerator, System.IntPtr returnValueAddress) (at <12e76cd50cc64cf19e759e981cb725af>:0)
	UnityEngine.DebugLogHandler:LogException(Exception, Object)
	ModuleManager.UnityLogHandle.InterceptLogHandler:LogException(Exception, Object)
	UnityEngine.MonoBehaviour:StartCoroutine(IEnumerator)
	<CreateDatabase>d__71:MoveNext()
	UnityEngine.MonoBehaviour:StartCoroutine(IEnumerator)
	GameDatabase:StartLoad()
	<LoadSystems>d__11:MoveNext()
	UnityEngine.MonoBehaviour:StartCoroutine(IEnumerator)
	LoadingScreen:Start()
[LOG 14:55:44.510] [PQSBench] Version 0.1.0.0 installed, measuring. Alt+F8 dumps what has been recorded, Alt+F7 throws it away.
[LOG 14:55:44.536] [StockQuadCache] Version 0.1.0.0 installed, log level Info
[LOG 14:55:44.659] Preloading Asset Bundle Definitions
[LOG 14:55:45.060] Load Audio: Squad/Alarms/Sounds/Chirps
[LOG 14:55:45.082] Load Audio: Squad/Alarms/Sounds/Classic
[LOG 14:55:45.088] Load Audio: Squad/Alarms/Sounds/ClockTower
[LOG 14:55:45.088] Load Audio: Squad/Alarms/Sounds/ComputerGlass1
[LOG 14:55:45.088] Load Audio: Squad/Alarms/Sounds/ComputerGlass2
[LOG 14:55:45.088] Load Audio: Squad/Alarms/Sounds/ComputerShort
[LOG 14:55:45.088] Load Audio: Squad/Alarms/Sounds/ComputerTriad
[LOG 14:55:45.088] Load Audio: Squad/Alarms/Sounds/DoorBell
[LOG 14:55:45.088] Load Audio: Squad/Alarms/Sounds/Glass
[LOG 14:55:45.089] Load Audio: Squad/Alarms/Sounds/Klaxon
[LOG 14:55:45.089] Load Audio: Squad/Alarms/Sounds/Mobile
[LOG 14:55:45.089] Load Audio: Squad/Alarms/Sounds/Morning
[LOG 14:55:45.089] Load Audio: Squad/Alarms/Sounds/OldClock
[LOG 14:55:45.089] Load Audio: Squad/Alarms/Sounds/OldHorn
[LOG 14:55:45.089] Load Audio: Squad/Alarms/Sounds/Ripple
[LOG 14:55:45.089] Load Audio: Squad/Sounds/editorLoop01
[LOG 14:55:45.089] Load Audio: Squad/Sounds/elev_loop
[LOG 14:55:45.090] Load Audio: Squad/Sounds/elev_start
[LOG 14:55:45.090] Load Audio: Squad/Sounds/elev_stop
[LOG 14:55:45.090] Load Audio: Squad/Sounds/fireworks_explosion_2
[LOG 14:55:45.090] Load Audio: Squad/Sounds/fireworks_explosion_3
[LOG 14:55:45.090] Load Audio: Squad/Sounds/fireworks_explosion_4
[LOG 14:55:45.090] Load Audio: Squad/Sounds/fireworks_launch_boom
[LOG 14:55:45.090] Load Audio: Squad/Sounds/fireworks_only_crackle_crackle_1
[LOG 14:55:45.091] Load Audio: Squad/Sounds/fireworks_only_crackle_dragon_1
[LOG 14:55:45.571] Load Audio: Squad/Sounds/fireworks_only_crackle_palm_1
[LOG 14:55:45.571] Load Audio: Squad/Sounds/fireworks_whistle
[LOG 14:55:45.571] Load Audio: Squad/Sounds/ksp1_banana_V2_01
[LOG 14:55:45.571] Load Audio: Squad/Sounds/ksp1_banana_V2_04
[LOG 14:55:45.571] Load Audio: Squad/Sounds/ksp1_banana_V2_05
[LOG 14:55:45.572] Load Audio: Squad/Sounds/ksp1_golf_swing_normal
[LOG 14:55:45.572] Load Audio: Squad/Sounds/ksp1_ground_anchor_v2_1
[LOG 14:55:45.572] Load Audio: Squad/Sounds/ksp1_strunts_disconnect_v3_pitched2
[LOG 14:55:45.572] Load Audio: Squad/Sounds/repairKit_repair1
[LOG 14:55:45.572] Load Audio: Squad/Sounds/repairKit_repair2
[LOG 14:55:45.572] Load Audio: Squad/Sounds/sound_ambience_nature
[LOG 14:55:45.573] Load Audio: Squad/Sounds/sound_click_flick
[LOG 14:55:45.573] Load Audio: Squad/Sounds/sound_click_latch
[LOG 14:55:45.573] Load Audio: Squad/Sounds/sound_click_sharp
[LOG 14:55:45.573] Load Audio: Squad/Sounds/sound_click_tick
[LOG 14:55:45.573] Load Audio: Squad/Sounds/sound_click_tock
[LOG 14:55:45.573] Load Audio: Squad/Sounds/sound_decoupler_fire
[LOG 14:55:45.573] Load Audio: Squad/Sounds/sound_delete_bin
[LOG 14:55:45.574] Load Audio: Squad/Sounds/sound_explosion_debris1
[LOG 14:55:45.574] Load Audio: Squad/Sounds/sound_explosion_debris2
[LOG 14:55:45.574] Load Audio: Squad/Sounds/sound_explosion_large
[LOG 14:55:45.574] Load Audio: Squad/Sounds/sound_rocket_mini
[LOG 14:55:45.574] Load Audio: Squad/Sounds/sound_rocket_spurts
[LOG 14:55:45.575] Load Audio: Squad/Sounds/sound_servomotor
[LOG 14:55:45.575] Load Audio: Squad/Sounds/sound_tab_extend
[LOG 14:55:45.584] Load Audio: Squad/Sounds/sound_tab_retreat
[LOG 14:55:45.584] Load Audio: SquadExpansion/Serenity/Sounds/robo_arm_large_end
[LOG 14:55:45.584] Load Audio: SquadExpansion/Serenity/Sounds/robo_arm_large_motor_00
[LOG 14:55:45.584] Load Audio: SquadExpansion/Serenity/Sounds/robo_arm_large_scan
[LOG 14:55:45.585] Load Audio: SquadExpansion/Serenity/Sounds/robo_arm_large_start
[LOG 14:55:45.585] Load Audio: SquadExpansion/Serenity/Sounds/robo_arm_medium_end
[LOG 14:55:45.585] Load Audio: SquadExpansion/Serenity/Sounds/robo_arm_medium_motor_00
[LOG 14:55:45.585] Load Audio: SquadExpansion/Serenity/Sounds/robo_arm_medium_scan
[LOG 14:55:45.585] Load Audio: SquadExpansion/Serenity/Sounds/robo_arm_medium_start
[LOG 14:55:45.585] Load Audio: SquadExpansion/Serenity/Sounds/robo_arm_small_end
[LOG 14:55:45.586] Load Audio: SquadExpansion/Serenity/Sounds/robo_arm_small_motor_00
[LOG 14:55:45.586] Load Audio: SquadExpansion/Serenity/Sounds/robo_arm_small_scan
[LOG 14:55:45.586] Load Audio: SquadExpansion/Serenity/Sounds/robo_arm_small_start
[LOG 14:55:45.586] Load Audio: SquadExpansion/Serenity/Sounds/sfx_cryoVolcano_burst
[LOG 14:55:45.586] Load Audio: SquadExpansion/Serenity/Sounds/sfx_cryoVolcano_idle
[LOG 14:55:45.587] Load Audio: SquadExpansion/Serenity/Sounds/sfx_deployable_booster_antena_end
[LOG 14:55:45.587] Load Audio: SquadExpansion/Serenity/Sounds/sfx_deployable_booster_antena_start
[LOG 14:55:45.587] Load Audio: SquadExpansion/Serenity/Sounds/sfx_deployable_central_station_end
[LOG 14:55:45.587] Load Audio: SquadExpansion/Serenity/Sounds/sfx_deployable_central_station_loop
[LOG 14:55:45.587] Load Audio: SquadExpansion/Serenity/Sounds/sfx_deployable_central_station_start
[LOG 14:55:45.588] Load Audio: SquadExpansion/Serenity/Sounds/sfx_deployable_detector_end
[LOG 14:55:45.588] Load Audio: SquadExpansion/Serenity/Sounds/sfx_deployable_detector_start
[LOG 14:55:45.588] Load Audio: SquadExpansion/Serenity/Sounds/sfx_deployable_GoObEd_end
[LOG 14:55:45.588] Load Audio: SquadExpansion/Serenity/Sounds/sfx_deployable_GoObEd_loop
[LOG 14:55:45.588] Load Audio: SquadExpansion/Serenity/Sounds/sfx_deployable_GoObEd_start
[LOG 14:55:45.626] Load Audio: SquadExpansion/Serenity/Sounds/sfx_deployable_rtg_end
[LOG 14:55:45.626] Load Audio: SquadExpansion/Serenity/Sounds/sfx_deployable_rtg_start
[LOG 14:55:45.626] Load Audio: SquadExpansion/Serenity/Sounds/sfx_deployable_seismometer_end
[LOG 14:55:45.626] Load Audio: SquadExpansion/Serenity/Sounds/sfx_deployable_seismometer_start
[LOG 14:55:45.626] Load Audio: SquadExpansion/Serenity/Sounds/sfx_deployable_solar_panel_end
[LOG 14:55:45.627] Load Audio: SquadExpansion/Serenity/Sounds/sfx_deployable_solar_panel_start
[LOG 14:55:45.627] Load Audio: SquadExpansion/Serenity/Sounds/sfx_deployable_weather_station_end
[LOG 14:55:45.627] Load Audio: SquadExpansion/Serenity/Sounds/sfx_deployable_weather_station_loop
[LOG 14:55:45.627] Load Audio: SquadExpansion/Serenity/Sounds/sfx_deployable_weather_station_start
[LOG 14:55:45.627] Load Audio: SquadExpansion/Serenity/Sounds/sfx_geyser_burst
[LOG 14:55:45.628] Load Audio: SquadExpansion/Serenity/Sounds/sfx_geyser_idle
[LOG 14:55:45.647] Load DDS texture: KSPCommunityFixes/MMPatches/StockTweaks/Icons/Clamp-O-Tron
[LOG 14:55:45.654] Load TRUECOLOR texture: KSPCommunityFixes/MMPatches/StockTweaks/Icons/Clamp-O-Tron_scaled
[LOG 14:55:45.655] Load DDS texture: KSPCommunityFixes/MMPatches/StockTweaks/Icons/FreeFallParachutes
[LOG 14:55:45.655] Load TRUECOLOR texture: KSPCommunityFixes/MMPatches/StockTweaks/Icons/FreeFallParachutes_scaled
[LOG 14:55:45.655] Load DDS texture: KSPCommunityFixes/MMPatches/StockTweaks/Icons/LightYearTireCompany
[LOG 14:55:45.655] Load TRUECOLOR texture: KSPCommunityFixes/MMPatches/StockTweaks/Icons/LightYearTireCompany_scaled
[LOG 14:55:45.655] Load DDS texture: KSPCommunityFixes/MMPatches/StockTweaks/Icons/StratusCorporation
[LOG 14:55:45.656] Load TRUECOLOR texture: KSPCommunityFixes/MMPatches/StockTweaks/Icons/StratusCorporation_scaled
[LOG 14:55:45.656] Load DDS texture: Squad/Agencies/C7AerospaceDivision
[LOG 14:55:45.656] Load TRUECOLOR texture: Squad/Agencies/C7AerospaceDivision_scaled
[LOG 14:55:45.656] Load DDS texture: Squad/Agencies/DinkelsteinKermansConstructionEmporium
[LOG 14:55:45.656] Load TRUECOLOR texture: Squad/Agencies/DinkelsteinKermansConstructionEmporium_scaled
[LOG 14:55:45.657] Load DDS texture: Squad/Agencies/ExperimentalEngineering
[LOG 14:55:45.657] Load TRUECOLOR texture: Squad/Agencies/ExperimentalEngineering_scaled
[LOG 14:55:45.657] Load DDS texture: Squad/Agencies/FlooydResearchLab
[LOG 14:55:45.657] Load TRUECOLOR texture: Squad/Agencies/FlooydResearchLab_scaled
[LOG 14:55:45.657] Load DDS texture: Squad/Agencies/GoliathNationalProducts
[LOG 14:55:45.658] Load TRUECOLOR texture: Squad/Agencies/GoliathNationalProducts_scaled
[LOG 14:55:45.658] Load DDS texture: Squad/Agencies/IntegratedIntegrals
[LOG 14:55:45.658] Load TRUECOLOR texture: Squad/Agencies/IntegratedIntegrals_scaled
[LOG 14:55:45.658] Load DDS texture: Squad/Agencies/IonicSymphonicProtonicElectronics
[LOG 14:55:45.658] Load TRUECOLOR texture: Squad/Agencies/IonicSymphonicProtonicElectronics_scaled
[LOG 14:55:45.658] Load DDS texture: Squad/Agencies/JebsJunkyard
[LOG 14:55:45.659] Load TRUECOLOR texture: Squad/Agencies/JebsJunkyard_scaled
[LOG 14:55:45.659] Load DDS texture: Squad/Agencies/KerbalMotion
[LOG 14:55:45.659] Load TRUECOLOR texture: Squad/Agencies/KerbalMotion_scaled
[LOG 14:55:45.659] Load DDS texture: Squad/Agencies/KerbinWorldFirstRecordKeepingSociety
[LOG 14:55:45.659] Load TRUECOLOR texture: Squad/Agencies/KerbinWorldFirstRecordKeepingSociety_scaled
[LOG 14:55:45.659] Load DDS texture: Squad/Agencies/Kerbodyne
[LOG 14:55:45.660] Load TRUECOLOR texture: Squad/Agencies/Kerbodyne_scaled
[LOG 14:55:45.660] Load DDS texture: Squad/Agencies/Kerlington
[LOG 14:55:45.660] Load TRUECOLOR texture: Squad/Agencies/Kerlington_scaled
[LOG 14:55:45.660] Load DDS texture: Squad/Agencies/MaxoConstructionToys
[LOG 14:55:45.660] Load TRUECOLOR texture: Squad/Agencies/MaxoConstructionToys_scaled
[LOG 14:55:45.661] Load DDS texture: Squad/Agencies/MovingPartsExpertsGroup
[LOG 14:55:45.661] Load TRUECOLOR texture: Squad/Agencies/MovingPartsExpertsGroup_scaled
[LOG 14:55:45.661] Load DDS texture: Squad/Agencies/OMBDemolition
[LOG 14:55:45.662] Load TRUECOLOR texture: Squad/Agencies/OMBDemolition_scaled
[LOG 14:55:45.663] Load DDS texture: Squad/Agencies/PeriapsisCo
[LOG 14:55:45.663] Load TRUECOLOR texture: Squad/Agencies/PeriapsisCo_scaled
[LOG 14:55:45.663] Load DDS texture: Squad/Agencies/Probodobodyne
[LOG 14:55:45.663] Load TRUECOLOR texture: Squad/Agencies/Probodobodyne_scaled
[LOG 14:55:45.664] Load DDS texture: Squad/Agencies/R&D
[LOG 14:55:45.664] Load TRUECOLOR texture: Squad/Agencies/R&D_scaled
[LOG 14:55:45.665] Load DDS texture: Squad/Agencies/ReactionSystemsLtd
[LOG 14:55:45.665] Load TRUECOLOR texture: Squad/Agencies/ReactionSystemsLtd_scaled
[LOG 14:55:45.665] Load DDS texture: Squad/Agencies/Rockomax
[LOG 14:55:45.665] Load TRUECOLOR texture: Squad/Agencies/Rockomax_scaled
[LOG 14:55:45.666] Load DDS texture: Squad/Agencies/Rokea
[LOG 14:55:45.666] Load TRUECOLOR texture: Squad/Agencies/Rokea_scaled
[LOG 14:55:45.666] Load DDS texture: Squad/Agencies/SeansCannery
[LOG 14:55:45.667] Load TRUECOLOR texture: Squad/Agencies/SeansCannery_scaled
[LOG 14:55:45.667] Load DDS texture: Squad/Agencies/SteadlerEngineeringCorps
[LOG 14:55:45.667] Load TRUECOLOR texture: Squad/Agencies/SteadlerEngineeringCorps_scaled
[LOG 14:55:45.667] Load DDS texture: Squad/Agencies/StrutCo
[LOG 14:55:45.668] Load TRUECOLOR texture: Squad/Agencies/StrutCo_scaled
[LOG 14:55:45.668] Load DDS texture: Squad/Agencies/Vac-Co
[LOG 14:55:45.668] Load TRUECOLOR texture: Squad/Agencies/Vac-Co_scaled
[LOG 14:55:45.668] Load DDS texture: Squad/Agencies/WinterOwl
[LOG 14:55:45.669] Load TRUECOLOR texture: Squad/Agencies/WinterOwl_scaled
[LOG 14:55:45.669] Load DDS texture: Squad/Agencies/ZaltonicElectronics
[LOG 14:55:45.669] Load TRUECOLOR texture: Squad/Agencies/ZaltonicElectronics_scaled
[LOG 14:55:45.669] Load Cached PNG Texture: Squad/Alarms/Icons/ap
[LOG 14:55:45.670] Load Cached PNG Texture: Squad/Alarms/Icons/default
[LOG 14:55:45.671] Load Cached PNG Texture: Squad/Alarms/Icons/maneuver
[LOG 14:55:45.671] Load Cached PNG Texture: Squad/Alarms/Icons/pe
[LOG 14:55:45.671] Load Cached PNG Texture: Squad/Alarms/Icons/raw
[LOG 14:55:45.671] Load Cached PNG Texture: Squad/Alarms/Icons/soi
[LOG 14:55:45.671] Load Cached PNG Texture: Squad/Alarms/Icons/xfer
[LOG 14:55:45.671] Load DDS texture: Squad/Contracts/Icons/balloon
[LOG 14:55:45.671] Load DDS texture: Squad/Contracts/Icons/custom
[LOG 14:55:45.671] Load DDS texture: Squad/Contracts/Icons/default
[LOG 14:55:45.671] Load DDS texture: Squad/Contracts/Icons/dish
[LOG 14:55:45.671] Load DDS texture: Squad/Contracts/Icons/eva
[LOG 14:55:45.672] Load DDS texture: Squad/Contracts/Icons/gravity
[LOG 14:55:45.672] Load Cached PNG Texture: Squad/Contracts/Icons/ksc
[LOG 14:55:45.672] Load DDS texture: Squad/Contracts/Icons/launchsite
[LOG 14:55:45.672] Load DDS texture: Squad/Contracts/Icons/marker
[LOG 14:55:45.672] Load DDS texture: Squad/Contracts/Icons/pressure
[LOG 14:55:45.672] Load DDS texture: Squad/Contracts/Icons/report
[LOG 14:55:45.672] Load DDS texture: Squad/Contracts/Icons/runway
[LOG 14:55:45.672] Load DDS texture: Squad/Contracts/Icons/sample
[LOG 14:55:45.672] Load DDS texture: Squad/Contracts/Icons/seismic
[LOG 14:55:45.672] Load DDS texture: Squad/Contracts/Icons/thermometer
[LOG 14:55:45.672] Load DDS texture: Squad/Contracts/Icons/vessel
[LOG 14:55:45.673] Load Cached PNG Texture: Squad/Flags/09
[LOG 14:55:45.673] Load Cached PNG Texture: Squad/Flags/blorbs
[LOG 14:55:45.673] Load Cached PNG Texture: Squad/Flags/bullseye
[LOG 14:55:45.673] Load Cached PNG Texture: Squad/Flags/capsule
[LOG 14:55:45.674] Load Cached PNG Texture: Squad/Flags/circles
[LOG 14:55:45.674] Load Cached PNG Texture: Squad/Flags/default
[LOG 14:55:45.674] Load Cached PNG Texture: Squad/Flags/hexagon
[LOG 14:55:45.674] Load Cached PNG Texture: Squad/Flags/hexagonCircles
[LOG 14:55:45.674] Load Cached PNG Texture: Squad/Flags/kerbal1
[LOG 14:55:45.674] Load Cached PNG Texture: Squad/Flags/kerbal2
[LOG 14:55:45.675] Load Cached PNG Texture: Squad/Flags/kerbin
[LOG 14:55:45.675] Load Cached PNG Texture: Squad/Flags/kerbinmunflag
[LOG 14:55:45.675] Load Cached PNG Texture: Squad/Flags/line
[LOG 14:55:45.675] Load Cached PNG Texture: Squad/Flags/minimalistic
[LOG 14:55:45.675] Load Cached PNG Texture: Squad/Flags/orbit
[LOG 14:55:45.676] Load Cached PNG Texture: Squad/Flags/orbs
[LOG 14:55:45.676] Load Cached PNG Texture: Squad/Flags/retro
[LOG 14:55:45.676] Load Cached PNG Texture: Squad/Flags/rings
[LOG 14:55:45.684] Load Cached PNG Texture: Squad/Flags/rocketScience
[LOG 14:55:45.684] Load Cached PNG Texture: Squad/Flags/satellite
[LOG 14:55:45.684] Load Cached PNG Texture: Squad/Flags/Sentinel_Flag
[LOG 14:55:45.684] Load Cached PNG Texture: Squad/Flags/spheres
[LOG 14:55:45.684] Load Cached PNG Texture: Squad/Flags/squadLogo
[LOG 14:55:45.684] Load Cached PNG Texture: Squad/Flags/squadLogo2
[LOG 14:55:45.685] Load Cached PNG Texture: Squad/Flags/stripes
[LOG 14:55:45.685] Load Cached PNG Texture: Squad/Flags/trees
[LOG 14:55:45.685] Load Cached PNG Texture: Squad/Flags/trippy
[LOG 14:55:45.685] Load Cached PNG Texture: Squad/FlagsAgency/esa_dark_blue
[LOG 14:55:45.685] Load Cached PNG Texture: Squad/FlagsAgency/NASA
[LOG 14:55:45.690] Load Cached PNG Texture: Squad/FlagsAgency/uk_space_agency
[LOG 14:55:45.690] Load Cached PNG Texture: Squad/FlagsOrganization/B612_Foundation_flag
[LOG 14:55:45.693] Load Cached PNG Texture: Squad/FlagsOrganization/electron
[LOG 14:55:45.694] Load Cached PNG Texture: Squad/FlagsOrganization/ESA_Arianespace
[LOG 14:55:45.694] Load Cached PNG Texture: Squad/FlagsOrganization/rocketlab
[LOG 14:55:45.694] Load DDS texture: Squad/FX/DiamondBlue
[LOG 14:55:45.694] Load DDS texture: Squad/FX/FlameBlueOrange
[LOG 14:55:45.694] Load DDS texture: Squad/FX/FlamePurple
[LOG 14:55:45.694] Load DDS texture: Squad/FX/FlameRed
[LOG 14:55:45.694] Load DDS texture: Squad/FX/FlameRedOrange
[LOG 14:55:45.695] Load DDS texture: Squad/FX/Monoprop
[LOG 14:55:45.695] Load DDS texture: Squad/FX/plasma2
[LOG 14:55:45.695] Load DDS texture: Squad/FX/rocketplume2
[LOG 14:55:45.695] Load DDS texture: Squad/FX/shockDiamond2
[LOG 14:55:45.696] Load DDS texture: Squad/FX/smokepuff1
[LOG 14:55:45.696] Load DDS texture: Squad/Interiors/Administration/AdminBuilding_Lvl1
[LOG 14:55:45.700] Load DDS texture: Squad/Interiors/Administration/AdminBuilding_Lvl2
[LOG 14:55:45.706] Load DDS texture: Squad/Interiors/Administration/AdminBuilding_Lvl3
[LOG 14:55:45.715] Load DDS texture: Squad/MenuProps/MunOrBust
[LOG 14:55:45.716] Load Cached PNG Texture: Squad/Missions/Banners/Fail/default
[LOG 14:55:45.716] Load PNG texture: Squad/Missions/Banners/Menu/default
[WRN 14:55:45.722] Texture isn't eligible for DXT compression, width and height must be multiples of 4
[LOG 14:55:45.722] Load Cached PNG Texture: Squad/Missions/Banners/Success/default
[LOG 14:55:45.722] Load PNG texture: Squad/Missions/ESA-BepiColombo/Banners/Fail/ESA_MB_Fail_01
[WRN 14:55:45.726] Texture isn't eligible for DXT compression, width and height must be multiples of 4
[LOG 14:55:45.726] Load PNG texture: Squad/Missions/ESA-BepiColombo/Banners/Menu/ESA_MB_Select_01
[WRN 14:55:45.730] Texture isn't eligible for DXT compression, width and height must be multiples of 4
[LOG 14:55:45.731] Load PNG texture: Squad/Missions/ESA-BepiColombo/Banners/Success/ESA_MB_Success_01
[WRN 14:55:45.735] Texture isn't eligible for DXT compression, width and height must be multiples of 4
[LOG 14:55:45.735] Load PNG texture: Squad/Missions/ESA-BepiColombo-Short/Banners/Fail/ESA_MB_Fail_01
[WRN 14:55:45.742] Texture isn't eligible for DXT compression, width and height must be multiples of 4
[LOG 14:55:45.742] Load PNG texture: Squad/Missions/ESA-BepiColombo-Short/Banners/Menu/ESA_MB_Select_01
[WRN 14:55:45.748] Texture isn't eligible for DXT compression, width and height must be multiples of 4
[LOG 14:55:45.749] Load PNG texture: Squad/Missions/ESA-BepiColombo-Short/Banners/Success/ESA_MB_Success_01
[WRN 14:55:45.758] Texture isn't eligible for DXT compression, width and height must be multiples of 4
[LOG 14:55:45.759] Load PNG texture: Squad/Missions/ESA-Rosetta/Banners/Fail/ESA_MB_Fail_02
[WRN 14:55:45.767] Texture isn't eligible for DXT compression, width and height must be multiples of 4
[LOG 14:55:45.767] Load PNG texture: Squad/Missions/ESA-Rosetta/Banners/Menu/ESA_MB_Select_02
[WRN 14:55:45.770] Texture isn't eligible for DXT compression, width and height must be multiples of 4
[LOG 14:55:45.770] Load PNG texture: Squad/Missions/ESA-Rosetta/Banners/Success/ESA_MB_Success_02
[WRN 14:55:45.775] Texture isn't eligible for DXT compression, width and height must be multiples of 4
[LOG 14:55:45.775] Load Cached PNG Texture: Squad/PartList/SimpleIcons/ablator
[LOG 14:55:45.775] Load Cached PNG Texture: Squad/PartList/SimpleIcons/active_radiator
[LOG 14:55:45.775] Load Cached PNG Texture: Squad/PartList/SimpleIcons/asteroid_drill
[LOG 14:55:45.775] Load Cached PNG Texture: Squad/PartList/SimpleIcons/cargo_part
[LOG 14:55:45.775] Load Cached PNG Texture: Squad/PartList/SimpleIcons/comet_drill
[LOG 14:55:45.775] Load Cached PNG Texture: Squad/PartList/SimpleIcons/core_heat
[LOG 14:55:45.775] Load Cached PNG Texture: Squad/PartList/SimpleIcons/cs_main
[LOG 14:55:45.775] Load Cached PNG Texture: Squad/PartList/SimpleIcons/cs_mk2
[LOG 14:55:45.775] Load Cached PNG Texture: Squad/PartList/SimpleIcons/cs_mk3
[LOG 14:55:45.776] Load Cached PNG Texture: Squad/PartList/SimpleIcons/cs_size0
[LOG 14:55:45.776] Load Cached PNG Texture: Squad/PartList/SimpleIcons/cs_size1
[LOG 14:55:45.776] Load Cached PNG Texture: Squad/PartList/SimpleIcons/cs_size1p5
[LOG 14:55:45.776] Load Cached PNG Texture: Squad/PartList/SimpleIcons/cs_size2
[LOG 14:55:45.776] Load Cached PNG Texture: Squad/PartList/SimpleIcons/cs_size3
[LOG 14:55:45.776] Load Cached PNG Texture: Squad/PartList/SimpleIcons/cs_size4
[LOG 14:55:45.776] Load Cached PNG Texture: Squad/PartList/SimpleIcons/cs_surface
[LOG 14:55:45.776] Load Cached PNG Texture: Squad/PartList/SimpleIcons/custom_built_fairing
[LOG 14:55:45.776] Load Cached PNG Texture: Squad/PartList/SimpleIcons/deployable_antenna
[LOG 14:55:45.776] Load Cached PNG Texture: Squad/PartList/SimpleIcons/deployable_comms_part
[LOG 14:55:45.776] Load Cached PNG Texture: Squad/PartList/SimpleIcons/deployable_ground_part
[LOG 14:55:45.776] Load Cached PNG Texture: Squad/PartList/SimpleIcons/deployable_part
[LOG 14:55:45.776] Load Cached PNG Texture: Squad/PartList/SimpleIcons/deployable_radiator
[LOG 14:55:45.777] Load Cached PNG Texture: Squad/PartList/SimpleIcons/deployed_science_control_unit
[LOG 14:55:45.777] Load Cached PNG Texture: Squad/PartList/SimpleIcons/deployed_science_experiment
[LOG 14:55:45.777] Load Cached PNG Texture: Squad/PartList/SimpleIcons/deployed_science_part
[LOG 14:55:45.777] Load Cached PNG Texture: Squad/PartList/SimpleIcons/enviro_sensor
[LOG 14:55:45.777] Load Cached PNG Texture: Squad/PartList/SimpleIcons/experience_management
[LOG 14:55:45.777] Load Cached PNG Texture: Squad/PartList/SimpleIcons/fuels_monopropellant
[LOG 14:55:45.777] Load Cached PNG Texture: Squad/PartList/SimpleIcons/fuels_ore
[LOG 14:55:45.777] Load Cached PNG Texture: Squad/PartList/SimpleIcons/fuels_oxidizer
[LOG 14:55:45.777] Load Cached PNG Texture: Squad/PartList/SimpleIcons/fuels_solidfuel
[LOG 14:55:45.777] Load Cached PNG Texture: Squad/PartList/SimpleIcons/fuels_xenongas
[LOG 14:55:45.778] Load Cached PNG Texture: Squad/PartList/SimpleIcons/inventory_part
[LOG 14:55:45.778] Load Cached PNG Texture: Squad/PartList/SimpleIcons/kerbnet_access
[LOG 14:55:45.778] Load Cached PNG Texture: Squad/PartList/SimpleIcons/number1
[LOG 14:55:45.778] Load Cached PNG Texture: Squad/PartList/SimpleIcons/number2
[LOG 14:55:45.778] Load Cached PNG Texture: Squad/PartList/SimpleIcons/number3
[LOG 14:55:45.778] Load Cached PNG Texture: Squad/PartList/SimpleIcons/number4
[LOG 14:55:45.778] Load Cached PNG Texture: Squad/PartList/SimpleIcons/number5
[LOG 14:55:45.778] Load Cached PNG Texture: Squad/PartList/SimpleIcons/number6
[LOG 14:55:45.778] Load Cached PNG Texture: Squad/PartList/SimpleIcons/number7
[LOG 14:55:45.778] Load Cached PNG Texture: Squad/PartList/SimpleIcons/number8
[LOG 14:55:45.778] Load Cached PNG Texture: Squad/PartList/SimpleIcons/number9
[LOG 14:55:45.778] Load Cached PNG Texture: Squad/PartList/SimpleIcons/probe_control_unit
[LOG 14:55:45.778] Load Cached PNG Texture: Squad/PartList/SimpleIcons/R&D_node_icon_advaerodynamics
[LOG 14:55:45.779] Load Cached PNG Texture: Squad/PartList/SimpleIcons/R&D_node_icon_advancedmotors
[LOG 14:55:45.779] Load Cached PNG Texture: Squad/PartList/SimpleIcons/R&D_node_icon_advconstruction
[LOG 14:55:45.779] Load Cached PNG Texture: Squad/PartList/SimpleIcons/R&D_node_icon_advelectrics
[LOG 14:55:45.779] Load Cached PNG Texture: Squad/PartList/SimpleIcons/R&D_node_icon_advexploration
[LOG 14:55:45.779] Load Cached PNG Texture: Squad/PartList/SimpleIcons/R&D_node_icon_advflightcontrol
[LOG 14:55:45.779] Load Cached PNG Texture: Squad/PartList/SimpleIcons/R&D_node_icon_advlanding
[LOG 14:55:45.779] Load Cached PNG Texture: Squad/PartList/SimpleIcons/R&D_node_icon_advmetalworks
[LOG 14:55:45.779] Load Cached PNG Texture: Squad/PartList/SimpleIcons/R&D_node_icon_advrocketry
[LOG 14:55:45.779] Load Cached PNG Texture: Squad/PartList/SimpleIcons/R&D_node_icon_advsciencetech
[LOG 14:55:45.779] Load Cached PNG Texture: Squad/PartList/SimpleIcons/R&D_node_icon_advunmanned
[LOG 14:55:45.779] Load Cached PNG Texture: Squad/PartList/SimpleIcons/R&D_node_icon_aerodynamicsystems
[LOG 14:55:45.780] Load Cached PNG Texture: Squad/PartList/SimpleIcons/R&D_node_icon_aerospacetech
[LOG 14:55:45.780] Load Cached PNG Texture: Squad/PartList/SimpleIcons/R&D_node_icon_automation
[LOG 14:55:45.780] Load Cached PNG Texture: Squad/PartList/SimpleIcons/R&D_node_icon_basicprobes
[LOG 14:55:45.780] Load Cached PNG Texture: Squad/PartList/SimpleIcons/R&D_node_icon_basicrocketry
[LOG 14:55:45.780] Load Cached PNG Texture: Squad/PartList/SimpleIcons/R&D_node_icon_composites
[LOG 14:55:45.780] Load Cached PNG Texture: Squad/PartList/SimpleIcons/R&D_node_icon_electrics
[LOG 14:55:45.780] Load Cached PNG Texture: Squad/PartList/SimpleIcons/R&D_node_icon_electronics
[LOG 14:55:45.780] Load Cached PNG Texture: Squad/PartList/SimpleIcons/R&D_node_icon_evatech
[LOG 14:55:45.780] Load Cached PNG Texture: Squad/PartList/SimpleIcons/R&D_node_icon_experimentalaerodynamics
[LOG 14:55:45.780] Load Cached PNG Texture: Squad/PartList/SimpleIcons/R&D_node_icon_experimentalelectrics
[LOG 14:55:45.780] Load Cached PNG Texture: Squad/PartList/SimpleIcons/R&D_node_icon_experimentalmotors
[LOG 14:55:45.780] Load Cached PNG Texture: Squad/PartList/SimpleIcons/R&D_node_icon_experimentalrocketry
[LOG 14:55:45.785] Load Cached PNG Texture: Squad/PartList/SimpleIcons/R&D_node_icon_experimentalscience
[LOG 14:55:45.785] Load Cached PNG Texture: Squad/PartList/SimpleIcons/R&D_node_icon_fieldscience
[LOG 14:55:45.785] Load Cached PNG Texture: Squad/PartList/SimpleIcons/R&D_node_icon_flightcontrol
[LOG 14:55:45.785] Load Cached PNG Texture: Squad/PartList/SimpleIcons/R&D_node_icon_fuelsystems
[LOG 14:55:45.785] Load Cached PNG Texture: Squad/PartList/SimpleIcons/R&D_node_icon_generalconstruction
[LOG 14:55:45.785] Load Cached PNG Texture: Squad/PartList/SimpleIcons/R&D_node_icon_generalrocketry
[LOG 14:55:45.785] Load Cached PNG Texture: Squad/PartList/SimpleIcons/R&D_node_icon_generic
[LOG 14:55:45.785] Load Cached PNG Texture: Squad/PartList/SimpleIcons/R&D_node_icon_heavierrocketry
[LOG 14:55:45.785] Load Cached PNG Texture: Squad/PartList/SimpleIcons/R&D_node_icon_heavyaerodynamics
[LOG 14:55:45.786] Load Cached PNG Texture: Squad/PartList/SimpleIcons/R&D_node_icon_heavyrocketry
[LOG 14:55:45.786] Load Cached PNG Texture: Squad/PartList/SimpleIcons/R&D_node_icon_highaltitudeflight
[LOG 14:55:45.786] Load Cached PNG Texture: Squad/PartList/SimpleIcons/R&D_node_icon_highaltitudepropulsion
[LOG 14:55:45.786] Load Cached PNG Texture: Squad/PartList/SimpleIcons/R&D_node_icon_hypersonicflight
[LOG 14:55:45.786] Load Cached PNG Texture: Squad/PartList/SimpleIcons/R&D_node_icon_ionpropulsion
[LOG 14:55:45.786] Load Cached PNG Texture: Squad/PartList/SimpleIcons/R&D_node_icon_landing
[LOG 14:55:45.787] Load Cached PNG Texture: Squad/PartList/SimpleIcons/R&D_node_icon_largecontrol
[LOG 14:55:45.787] Load Cached PNG Texture: Squad/PartList/SimpleIcons/R&D_node_icon_largeelectrics
[LOG 14:55:45.787] Load Cached PNG Texture: Squad/PartList/SimpleIcons/R&D_node_icon_largeprobes
[LOG 14:55:45.790] Load Cached PNG Texture: Squad/PartList/SimpleIcons/R&D_node_icon_metamaterials
[LOG 14:55:45.790] Load Cached PNG Texture: Squad/PartList/SimpleIcons/R&D_node_icon_nanolathing
[LOG 14:55:45.790] Load Cached PNG Texture: Squad/PartList/SimpleIcons/R&D_node_icon_nuclearpropulsion
[LOG 14:55:45.790] Load Cached PNG Texture: Squad/PartList/SimpleIcons/R&D_node_icon_precisionengineering
[LOG 14:55:45.790] Load Cached PNG Texture: Squad/PartList/SimpleIcons/R&D_node_icon_robotics
[LOG 14:55:45.790] Load Cached PNG Texture: Squad/PartList/SimpleIcons/R&D_node_icon_sciencetech
[LOG 14:55:45.790] Load Cached PNG Texture: Squad/PartList/SimpleIcons/R&D_node_icon_specializedconstruction
[LOG 14:55:45.790] Load Cached PNG Texture: Squad/PartList/SimpleIcons/R&D_node_icon_specializedcontrol
[LOG 14:55:45.790] Load Cached PNG Texture: Squad/PartList/SimpleIcons/R&D_node_icon_specializedelectrics
[LOG 14:55:45.791] Load Cached PNG Texture: Squad/PartList/SimpleIcons/R&D_node_icon_stability
[LOG 14:55:45.791] Load Cached PNG Texture: Squad/PartList/SimpleIcons/R&D_node_icon_start
[LOG 14:55:45.791] Load Cached PNG Texture: Squad/PartList/SimpleIcons/R&D_node_icon_supersonicflight
[LOG 14:55:45.791] Load Cached PNG Texture: Squad/PartList/SimpleIcons/R&D_node_icon_survivability
[LOG 14:55:45.791] Load Cached PNG Texture: Squad/PartList/SimpleIcons/R&D_node_icon_unmannedtech
[LOG 14:55:45.791] Load Cached PNG Texture: Squad/PartList/SimpleIcons/R&D_node_icon_veryheavyrocketry
[LOG 14:55:45.791] Load Cached PNG Texture: Squad/PartList/SimpleIcons/rcsfx
[LOG 14:55:45.791] Load Cached PNG Texture: Squad/PartList/SimpleIcons/RDicon_aerospaceTech2
[LOG 14:55:45.791] Load Cached PNG Texture: Squad/PartList/SimpleIcons/RDicon_commandmodules
[LOG 14:55:45.791] Load Cached PNG Texture: Squad/PartList/SimpleIcons/RDicon_fuelSystems-advanced
[LOG 14:55:45.792] Load Cached PNG Texture: Squad/PartList/SimpleIcons/RDicon_fuelSystems-highPerformance
[LOG 14:55:45.792] Load Cached PNG Texture: Squad/PartList/SimpleIcons/RDicon_largeVolumeContainment
[LOG 14:55:45.792] Load Cached PNG Texture: Squad/PartList/SimpleIcons/RDicon_miniaturization
[LOG 14:55:45.792] Load Cached PNG Texture: Squad/PartList/SimpleIcons/RDicon_propulsion-precision
[LOG 14:55:45.792] Load Cached PNG Texture: Squad/PartList/SimpleIcons/RDicon_propulsionSystems
[LOG 14:55:45.792] Load Cached PNG Texture: Squad/PartList/SimpleIcons/RDicon_telescope
[LOG 14:55:45.792] Load Cached PNG Texture: Squad/PartList/SimpleIcons/robotic_controller
[LOG 14:55:45.792] Load Cached PNG Texture: Squad/PartList/SimpleIcons/robotic_rotation_servo
[LOG 14:55:45.792] Load Cached PNG Texture: Squad/PartList/SimpleIcons/robotic_servo_hinge
[LOG 14:55:45.792] Load Cached PNG Texture: Squad/PartList/SimpleIcons/robotic_servo_piston
[LOG 14:55:45.792] Load Cached PNG Texture: Squad/PartList/SimpleIcons/robotic_servo_rotor
[LOG 14:55:45.792] Load Cached PNG Texture: Squad/PartList/SimpleIcons/scanner_arm
[LOG 14:55:45.792] Load Cached PNG Texture: Squad/PartList/SimpleIcons/variant
[LOG 14:55:45.792] Load Cached PNG Texture: Squad/Parts/@thumbs/adapterSmallMiniShort_icon0
[LOG 14:55:45.793] Load Cached PNG Texture: Squad/Parts/@thumbs/adapterSmallMiniShort_icon1
[LOG 14:55:45.793] Load Cached PNG Texture: Squad/Parts/@thumbs/adapterSmallMiniTall_icon0
[LOG 14:55:45.793] Load Cached PNG Texture: Squad/Parts/@thumbs/adapterSmallMiniTall_icon1
[LOG 14:55:45.793] Load Cached PNG Texture: Squad/Parts/@thumbs/AdvancedCanard_icon
[LOG 14:55:45.793] Load Cached PNG Texture: Squad/Parts/@thumbs/advSasModule_icon
[LOG 14:55:45.793] Load Cached PNG Texture: Squad/Parts/@thumbs/airbrake1_icon
[LOG 14:55:45.793] Load Cached PNG Texture: Squad/Parts/@thumbs/airScoop_icon
[LOG 14:55:45.793] Load Cached PNG Texture: Squad/Parts/@thumbs/avionicsNoseCone_icon
[LOG 14:55:45.793] Load Cached PNG Texture: Squad/Parts/@thumbs/basicFin_icon
[LOG 14:55:45.793] Load Cached PNG Texture: Squad/Parts/@thumbs/batteryBankMini_icon
[LOG 14:55:45.794] Load Cached PNG Texture: Squad/Parts/@thumbs/batteryBank_icon
[LOG 14:55:45.794] Load Cached PNG Texture: Squad/Parts/@thumbs/batteryPack_icon
[LOG 14:55:45.794] Load Cached PNG Texture: Squad/Parts/@thumbs/cargoContainer_icon
[LOG 14:55:45.794] Load Cached PNG Texture: Squad/Parts/@thumbs/CargoStorageUnit_icon
[LOG 14:55:45.794] Load Cached PNG Texture: Squad/Parts/@thumbs/CircularIntake_icon
[LOG 14:55:45.794] Load Cached PNG Texture: Squad/Parts/@thumbs/commDish_icon
[LOG 14:55:45.794] Load Cached PNG Texture: Squad/Parts/@thumbs/Decoupler.0_icon0
[LOG 14:55:45.794] Load Cached PNG Texture: Squad/Parts/@thumbs/Decoupler.0_icon1
[LOG 14:55:45.794] Load Cached PNG Texture: Squad/Parts/@thumbs/Decoupler.1_icon0
[LOG 14:55:45.795] Load Cached PNG Texture: Squad/Parts/@thumbs/Decoupler.1_icon1
[LOG 14:55:45.795] Load Cached PNG Texture: Squad/Parts/@thumbs/dockingPort1_icon
[LOG 14:55:45.795] Load Cached PNG Texture: Squad/Parts/@thumbs/dockingPort2_icon
[LOG 14:55:45.795] Load Cached PNG Texture: Squad/Parts/@thumbs/dockingPort3_icon
[LOG 14:55:45.795] Load Cached PNG Texture: Squad/Parts/@thumbs/domeLight1_icon0
[LOG 14:55:45.795] Load Cached PNG Texture: Squad/Parts/@thumbs/domeLight1_icon1
[LOG 14:55:45.795] Load Cached PNG Texture: Squad/Parts/@thumbs/elevon2_icon
[LOG 14:55:45.795] Load Cached PNG Texture: Squad/Parts/@thumbs/elevon3_icon
[LOG 14:55:45.795] Load Cached PNG Texture: Squad/Parts/@thumbs/elevon5_icon
[LOG 14:55:45.795] Load Cached PNG Texture: Squad/Parts/@thumbs/evaChute_icon
[LOG 14:55:45.796] Load Cached PNG Texture: Squad/Parts/@thumbs/evaCylinder_icon
[LOG 14:55:45.796] Load Cached PNG Texture: Squad/Parts/@thumbs/evaJetpack_icon
[LOG 14:55:45.796] Load Cached PNG Texture: Squad/Parts/@thumbs/evaRepairKit_icon
[LOG 14:55:45.796] Load Cached PNG Texture: Squad/Parts/@thumbs/evaScienceKit_icon
[LOG 14:55:45.796] Load Cached PNG Texture: Squad/Parts/@thumbs/externalTankCapsule_icon0
[LOG 14:55:45.796] Load Cached PNG Texture: Squad/Parts/@thumbs/externalTankCapsule_icon1
[LOG 14:55:45.796] Load Cached PNG Texture: Squad/Parts/@thumbs/externalTankRound_icon0
[LOG 14:55:45.796] Load Cached PNG Texture: Squad/Parts/@thumbs/externalTankRound_icon1
[LOG 14:55:45.796] Load Cached PNG Texture: Squad/Parts/@thumbs/externalTankToroid_icon0
[LOG 14:55:45.797] Load Cached PNG Texture: Squad/Parts/@thumbs/externalTankToroid_icon1
[LOG 14:55:45.797] Load Cached PNG Texture: Squad/Parts/@thumbs/fireworksLauncherBig_icon
[LOG 14:55:45.797] Load Cached PNG Texture: Squad/Parts/@thumbs/fireworksLauncherSmall_icon
[LOG 14:55:45.797] Load Cached PNG Texture: Squad/Parts/@thumbs/foldingRadMed_icon
[LOG 14:55:45.797] Load Cached PNG Texture: Squad/Parts/@thumbs/foldingRadSmall_icon
[LOG 14:55:45.797] Load Cached PNG Texture: Squad/Parts/@thumbs/FuelCellArray_icon
[LOG 14:55:45.797] Load Cached PNG Texture: Squad/Parts/@thumbs/FuelCell_icon
[LOG 14:55:45.797] Load Cached PNG Texture: Squad/Parts/@thumbs/fuelTankSmallFlat_icon0
[LOG 14:55:45.797] Load Cached PNG Texture: Squad/Parts/@thumbs/fuelTankSmallFlat_icon1
[LOG 14:55:45.797] Load Cached PNG Texture: Squad/Parts/@thumbs/fuelTankSmallFlat_icon2
[LOG 14:55:45.798] Load Cached PNG Texture: Squad/Parts/@thumbs/fuelTankSmallFlat_icon3
[LOG 14:55:45.798] Load Cached PNG Texture: Squad/Parts/@thumbs/fuelTankSmall_icon0
[LOG 14:55:45.798] Load Cached PNG Texture: Squad/Parts/@thumbs/fuelTankSmall_icon1
[LOG 14:55:45.798] Load Cached PNG Texture: Squad/Parts/@thumbs/fuelTankSmall_icon2
[LOG 14:55:45.798] Load Cached PNG Texture: Squad/Parts/@thumbs/fuelTankSmall_icon3
[LOG 14:55:45.798] Load Cached PNG Texture: Squad/Parts/@thumbs/GearFixed_icon
[LOG 14:55:45.798] Load Cached PNG Texture: Squad/Parts/@thumbs/GearFree_icon
[LOG 14:55:45.798] Load Cached PNG Texture: Squad/Parts/@thumbs/GearSmall_icon
[LOG 14:55:45.798] Load Cached PNG Texture: Squad/Parts/@thumbs/GooExperiment_icon
[LOG 14:55:45.799] Load Cached PNG Texture: Squad/Parts/@thumbs/groundAnchor_icon
[LOG 14:55:45.799] Load Cached PNG Texture: Squad/Parts/@thumbs/groundLight1_icon
[LOG 14:55:45.799] Load Cached PNG Texture: Squad/Parts/@thumbs/groundLight2_icon
[LOG 14:55:45.799] Load Cached PNG Texture: Squad/Parts/@thumbs/HeatShield0_icon
[LOG 14:55:45.799] Load Cached PNG Texture: Squad/Parts/@thumbs/HeatShield1_icon
[LOG 14:55:45.799] Load Cached PNG Texture: Squad/Parts/@thumbs/HECS2.ProbeCore_icon
[LOG 14:55:45.799] Load Cached PNG Texture: Squad/Parts/@thumbs/HighGainAntenna5.v2_icon
[LOG 14:55:45.799] Load Cached PNG Texture: Squad/Parts/@thumbs/HighGainAntenna5_icon
[LOG 14:55:45.799] Load Cached PNG Texture: Squad/Parts/@thumbs/HighGainAntenna_icon
[LOG 14:55:45.799] Load Cached PNG Texture: Squad/Parts/@thumbs/IntakeRadialLong_icon
[LOG 14:55:45.799] Load Cached PNG Texture: Squad/Parts/@thumbs/ionEngine_icon
[LOG 14:55:45.800] Load Cached PNG Texture: Squad/Parts/@thumbs/ksp.r.largeBatteryPack_icon
[LOG 14:55:45.800] Load Cached PNG Texture: Squad/Parts/@thumbs/ladder1_icon
[LOG 14:55:45.800] Load Cached PNG Texture: Squad/Parts/@thumbs/landingLeg1-2_icon
[LOG 14:55:45.800] Load Cached PNG Texture: Squad/Parts/@thumbs/landingLeg1_icon
[LOG 14:55:45.800] Load Cached PNG Texture: Squad/Parts/@thumbs/LgRadialSolarPanel_icon
[LOG 14:55:45.800] Load Cached PNG Texture: Squad/Parts/@thumbs/linearRcs_icon
[LOG 14:55:45.800] Load Cached PNG Texture: Squad/Parts/@thumbs/liquidEngine3.v2_icon0
[LOG 14:55:45.800] Load Cached PNG Texture: Squad/Parts/@thumbs/liquidEngine3.v2_icon1
[LOG 14:55:45.801] Load Cached PNG Texture: Squad/Parts/@thumbs/liquidEngine3.v2_icon2
[LOG 14:55:45.801] Load Cached PNG Texture: Squad/Parts/@thumbs/liquidEngineMini.v2_icon0
[LOG 14:55:45.801] Load Cached PNG Texture: Squad/Parts/@thumbs/liquidEngineMini.v2_icon1
[LOG 14:55:45.801] Load Cached PNG Texture: Squad/Parts/@thumbs/liquidEngineMini.v2_icon2
[LOG 14:55:45.801] Load Cached PNG Texture: Squad/Parts/@thumbs/longAntenna_icon
[LOG 14:55:45.801] Load Cached PNG Texture: Squad/Parts/@thumbs/Magnetometer_icon
[LOG 14:55:45.801] Load Cached PNG Texture: Squad/Parts/@thumbs/mediumDishAntenna_icon
[LOG 14:55:45.801] Load Cached PNG Texture: Squad/Parts/@thumbs/microEngine.v2_icon0
[LOG 14:55:45.801] Load Cached PNG Texture: Squad/Parts/@thumbs/microEngine.v2_icon1
[LOG 14:55:45.801] Load Cached PNG Texture: Squad/Parts/@thumbs/MiniDrill_icon
[LOG 14:55:45.801] Load Cached PNG Texture: Squad/Parts/@thumbs/miniFuelTank_icon
[LOG 14:55:45.801] Load Cached PNG Texture: Squad/Parts/@thumbs/miniFuselage_icon
[LOG 14:55:45.802] Load Cached PNG Texture: Squad/Parts/@thumbs/miniIntake_icon
[LOG 14:55:45.802] Load Cached PNG Texture: Squad/Parts/@thumbs/miniJetEngine_icon
[LOG 14:55:45.802] Load Cached PNG Texture: Squad/Parts/@thumbs/miniLandingLeg_icon
[LOG 14:55:45.805] Load Cached PNG Texture: Squad/Parts/@thumbs/Mite_icon
[LOG 14:55:45.805] Load Cached PNG Texture: Squad/Parts/@thumbs/mk1pod.v2_icon0
[LOG 14:55:45.805] Load Cached PNG Texture: Squad/Parts/@thumbs/mk2DroneCore_icon
[LOG 14:55:45.805] Load Cached PNG Texture: Squad/Parts/@thumbs/MpoProbe_icon
[LOG 14:55:45.805] Load Cached PNG Texture: Squad/Parts/@thumbs/navLight1_icon0
[LOG 14:55:45.806] Load Cached PNG Texture: Squad/Parts/@thumbs/navLight1_icon1
[LOG 14:55:45.806] Load Cached PNG Texture: Squad/Parts/@thumbs/noseCone_icon0
[LOG 14:55:45.806] Load Cached PNG Texture: Squad/Parts/@thumbs/noseCone_icon1
[LOG 14:55:45.806] Load Cached PNG Texture: Squad/Parts/@thumbs/noseCone_icon2
[LOG 14:55:45.809] Load Cached PNG Texture: Squad/Parts/@thumbs/omsEngine_icon
[LOG 14:55:45.809] Load Cached PNG Texture: Squad/Parts/@thumbs/OrbitalScanner_icon
[LOG 14:55:45.810] Load Cached PNG Texture: Squad/Parts/@thumbs/parachuteDrogue_icon
[LOG 14:55:45.810] Load Cached PNG Texture: Squad/Parts/@thumbs/parachuteLarge_icon
[LOG 14:55:45.810] Load Cached PNG Texture: Squad/Parts/@thumbs/parachuteRadial_icon
[LOG 14:55:45.810] Load Cached PNG Texture: Squad/Parts/@thumbs/parachuteSingle_icon
[LOG 14:55:45.810] Load Cached PNG Texture: Squad/Parts/@thumbs/probeCoreCube_icon
[LOG 14:55:45.810] Load Cached PNG Texture: Squad/Parts/@thumbs/probeCoreHex.v2_icon
[LOG 14:55:45.810] Load Cached PNG Texture: Squad/Parts/@thumbs/probeCoreOcto.v2_icon
[LOG 14:55:45.810] Load Cached PNG Texture: Squad/Parts/@thumbs/probeCoreOcto2.v2_icon
[LOG 14:55:45.810] Load Cached PNG Texture: Squad/Parts/@thumbs/probeCoreSphere.v2_icon
[LOG 14:55:45.810] Load Cached PNG Texture: Squad/Parts/@thumbs/probeStackLarge_icon
[LOG 14:55:45.810] Load Cached PNG Texture: Squad/Parts/@thumbs/probeStackSmall_icon
[LOG 14:55:45.810] Load Cached PNG Texture: Squad/Parts/@thumbs/R8winglet_icon
[LOG 14:55:45.810] Load Cached PNG Texture: Squad/Parts/@thumbs/radialDecoupler1-2_icon
[LOG 14:55:45.810] Load Cached PNG Texture: Squad/Parts/@thumbs/radialDecoupler2_icon
[LOG 14:55:45.811] Load Cached PNG Texture: Squad/Parts/@thumbs/radialDecoupler_icon
[LOG 14:55:45.811] Load Cached PNG Texture: Squad/Parts/@thumbs/radialDrogue_icon
[LOG 14:55:45.811] Load Cached PNG Texture: Squad/Parts/@thumbs/radialEngineMini.v2_icon0
[LOG 14:55:45.811] Load Cached PNG Texture: Squad/Parts/@thumbs/radialEngineMini.v2_icon1
[LOG 14:55:45.811] Load Cached PNG Texture: Squad/Parts/@thumbs/radialLiquidEngine1-2_icon
[LOG 14:55:45.811] Load Cached PNG Texture: Squad/Parts/@thumbs/RadialOreTank_icon
[LOG 14:55:45.811] Load Cached PNG Texture: Squad/Parts/@thumbs/radialRCSTank_icon
[LOG 14:55:45.811] Load Cached PNG Texture: Squad/Parts/@thumbs/radPanelEdge_icon
[LOG 14:55:45.811] Load Cached PNG Texture: Squad/Parts/@thumbs/radPanelLg_icon
[LOG 14:55:45.811] Load Cached PNG Texture: Squad/Parts/@thumbs/radPanelSm_icon
[LOG 14:55:45.811] Load Cached PNG Texture: Squad/Parts/@thumbs/RCSblock.01.small_icon0
[LOG 14:55:45.811] Load Cached PNG Texture: Squad/Parts/@thumbs/RCSblock.01.small_icon1
[LOG 14:55:45.811] Load Cached PNG Texture: Squad/Parts/@thumbs/RCSblock.01.small_icon2
[LOG 14:55:45.812] Load Cached PNG Texture: Squad/Parts/@thumbs/RCSblock.01.small_icon3
[LOG 14:55:45.812] Load Cached PNG Texture: Squad/Parts/@thumbs/RCSblock.01.small_icon4
[LOG 14:55:45.812] Load Cached PNG Texture: Squad/Parts/@thumbs/RCSBlock.v2_icon
[LOG 14:55:45.812] Load Cached PNG Texture: Squad/Parts/@thumbs/RCSBlock.v2_icon0
[LOG 14:55:45.812] Load Cached PNG Texture: Squad/Parts/@thumbs/RCSBlock.v2_icon1
[LOG 14:55:45.812] Load Cached PNG Texture: Squad/Parts/@thumbs/RCSBlock.v2_icon2
[LOG 14:55:45.812] Load Cached PNG Texture: Squad/Parts/@thumbs/RCSBlock.v2_icon3
[LOG 14:55:45.812] Load Cached PNG Texture: Squad/Parts/@thumbs/RCSBlock.v2_icon4
[LOG 14:55:45.812] Load Cached PNG Texture: Squad/Parts/@thumbs/RCSFuelTank_icon
[LOG 14:55:45.812] Load Cached PNG Texture: Squad/Parts/@thumbs/RCSLinearSmall_icon
[LOG 14:55:45.813] Load Cached PNG Texture: Squad/Parts/@thumbs/rcsTankMini_icon
[LOG 14:55:45.813] Load Cached PNG Texture: Squad/Parts/@thumbs/RelayAntenna5_icon
[LOG 14:55:45.813] Load Cached PNG Texture: Squad/Parts/@thumbs/ReleaseValve_icon
[LOG 14:55:45.813] Load Cached PNG Texture: Squad/Parts/@thumbs/roverBody.v2_icon0
[LOG 14:55:45.813] Load Cached PNG Texture: Squad/Parts/@thumbs/roverBody.v2_icon1
[LOG 14:55:45.813] Load Cached PNG Texture: Squad/Parts/@thumbs/roverBody.v2_icon2
[LOG 14:55:45.813] Load Cached PNG Texture: Squad/Parts/@thumbs/roverWheel1_icon
[LOG 14:55:45.813] Load Cached PNG Texture: Squad/Parts/@thumbs/roverWheel2_icon
[LOG 14:55:45.813] Load Cached PNG Texture: Squad/Parts/@thumbs/rtg_icon
[LOG 14:55:45.813] Load Cached PNG Texture: Squad/Parts/@thumbs/sasModule_icon
[LOG 14:55:45.814] Load Cached PNG Texture: Squad/Parts/@thumbs/science.module_icon
[LOG 14:55:45.814] Load Cached PNG Texture: Squad/Parts/@thumbs/ScienceBox_icon
[LOG 14:55:45.814] Load Cached PNG Texture: Squad/Parts/@thumbs/seatExternalCmd_icon
[LOG 14:55:45.814] Load Cached PNG Texture: Squad/Parts/@thumbs/sensorAccelerometer_icon
[LOG 14:55:45.814] Load Cached PNG Texture: Squad/Parts/@thumbs/sensorAtmosphere_icon
[LOG 14:55:45.814] Load Cached PNG Texture: Squad/Parts/@thumbs/sensorBarometer_icon
[LOG 14:55:45.814] Load Cached PNG Texture: Squad/Parts/@thumbs/sensorGravimeter_icon
[LOG 14:55:45.814] Load Cached PNG Texture: Squad/Parts/@thumbs/sensorThermometer_icon
[LOG 14:55:45.814] Load Cached PNG Texture: Squad/Parts/@thumbs/Separator.0_icon0
[LOG 14:55:45.814] Load Cached PNG Texture: Squad/Parts/@thumbs/Separator.0_icon1
[LOG 14:55:45.814] Load Cached PNG Texture: Squad/Parts/@thumbs/Separator.1_icon0
[LOG 14:55:45.815] Load Cached PNG Texture: Squad/Parts/@thumbs/Separator.1_icon1
[LOG 14:55:45.815] Load Cached PNG Texture: Squad/Parts/@thumbs/sepMotor1_icon
[LOG 14:55:45.815] Load Cached PNG Texture: Squad/Parts/@thumbs/ServiceBay.125.v2_icon
[LOG 14:55:45.815] Load Cached PNG Texture: Squad/Parts/@thumbs/shockConeIntake_icon
[LOG 14:55:45.815] Load Cached PNG Texture: Squad/Parts/@thumbs/Shrimp_icon
[LOG 14:55:45.820] Load Cached PNG Texture: Squad/Parts/@thumbs/smallCargoContainer_icon
[LOG 14:55:45.820] Load Cached PNG Texture: Squad/Parts/@thumbs/smallClaw_icon0
[LOG 14:55:45.820] Load Cached PNG Texture: Squad/Parts/@thumbs/smallClaw_icon1
[LOG 14:55:45.821] Load Cached PNG Texture: Squad/Parts/@thumbs/smallCtrlSrf_icon
[LOG 14:55:45.821] Load Cached PNG Texture: Squad/Parts/@thumbs/SmallGearBay_icon
[LOG 14:55:45.821] Load Cached PNG Texture: Squad/Parts/@thumbs/smallHardpoint_icon
[LOG 14:55:45.821] Load Cached PNG Texture: Squad/Parts/@thumbs/smallRadialEngine.v2_icon0
[LOG 14:55:45.821] Load Cached PNG Texture: Squad/Parts/@thumbs/smallRadialEngine.v2_icon1
[LOG 14:55:45.821] Load Cached PNG Texture: Squad/Parts/@thumbs/solarPanelOX10C_icon
[LOG 14:55:45.821] Load Cached PNG Texture: Squad/Parts/@thumbs/solarPanelOX10L_icon
[LOG 14:55:45.822] Load Cached PNG Texture: Squad/Parts/@thumbs/solarPanels1_icon
[LOG 14:55:45.822] Load Cached PNG Texture: Squad/Parts/@thumbs/solarPanels2_icon
[LOG 14:55:45.822] Load Cached PNG Texture: Squad/Parts/@thumbs/solarPanels3_icon
[LOG 14:55:45.822] Load Cached PNG Texture: Squad/Parts/@thumbs/solarPanels4_icon
[LOG 14:55:45.822] Load Cached PNG Texture: Squad/Parts/@thumbs/solarPanels5_icon
[LOG 14:55:45.824] Load Cached PNG Texture: Squad/Parts/@thumbs/solarPanelSP10C_icon
[LOG 14:55:45.824] Load Cached PNG Texture: Squad/Parts/@thumbs/solarPanelSP10L_icon
[LOG 14:55:45.824] Load Cached PNG Texture: Squad/Parts/@thumbs/spotLight1_icon
[LOG 14:55:45.825] Load Cached PNG Texture: Squad/Parts/@thumbs/spotLight2_icon
[LOG 14:55:45.825] Load Cached PNG Texture: Squad/Parts/@thumbs/spotLight3_icon0
[LOG 14:55:45.825] Load Cached PNG Texture: Squad/Parts/@thumbs/spotLight3_icon1
[LOG 14:55:45.825] Load Cached PNG Texture: Squad/Parts/@thumbs/stackPoint1_icon
[LOG 14:55:45.826] Load Cached PNG Texture: Squad/Parts/@thumbs/StandardCtrlSrf_icon
[LOG 14:55:45.826] Load Cached PNG Texture: Squad/Parts/@thumbs/standardNoseCone_icon
[LOG 14:55:45.826] Load Cached PNG Texture: Squad/Parts/@thumbs/stripLight1_icon0
[LOG 14:55:45.826] Load Cached PNG Texture: Squad/Parts/@thumbs/stripLight1_icon1
[LOG 14:55:45.828] Load Cached PNG Texture: Squad/Parts/@thumbs/structuralIBeam1_icon
[LOG 14:55:45.828] Load Cached PNG Texture: Squad/Parts/@thumbs/structuralIBeam3_icon
[LOG 14:55:45.828] Load Cached PNG Texture: Squad/Parts/@thumbs/structuralMiniNode_icon
[LOG 14:55:45.830] Load Cached PNG Texture: Squad/Parts/@thumbs/structuralPanel1_icon
[LOG 14:55:45.830] Load Cached PNG Texture: Squad/Parts/@thumbs/structuralPanel2_icon
[LOG 14:55:45.830] Load Cached PNG Texture: Squad/Parts/@thumbs/structuralWing4_icon
[LOG 14:55:45.830] Load Cached PNG Texture: Squad/Parts/@thumbs/strutCube_icon
[LOG 14:55:45.830] Load Cached PNG Texture: Squad/Parts/@thumbs/strutOcto_icon
[LOG 14:55:45.830] Load Cached PNG Texture: Squad/Parts/@thumbs/SurfaceScanner_icon
[LOG 14:55:45.830] Load Cached PNG Texture: Squad/Parts/@thumbs/SurfAntenna_icon
[LOG 14:55:45.831] Load Cached PNG Texture: Squad/Parts/@thumbs/telescopicLadderBay_icon
[LOG 14:55:45.832] Load Cached PNG Texture: Squad/Parts/@thumbs/telescopicLadder_icon
[LOG 14:55:45.832] Load Cached PNG Texture: Squad/Parts/@thumbs/toroidalAerospike_icon
[LOG 14:55:45.833] Load Cached PNG Texture: Squad/Parts/@thumbs/trussAdapter_icon
[LOG 14:55:45.833] Load Cached PNG Texture: Squad/Parts/@thumbs/trussPiece1x_icon
[LOG 14:55:45.834] Load Cached PNG Texture: Squad/Parts/@thumbs/trussPiece3x_icon
[LOG 14:55:45.834] Load Cached PNG Texture: Squad/Parts/@thumbs/vernierEngine_icon
[LOG 14:55:45.835] Load Cached PNG Texture: Squad/Parts/@thumbs/wheelMed_icon
[LOG 14:55:45.835] Load Cached PNG Texture: Squad/Parts/@thumbs/wingConnector4_icon
[LOG 14:55:45.836] Load Cached PNG Texture: Squad/Parts/@thumbs/wingConnector5_icon
[LOG 14:55:45.837] Load Cached PNG Texture: Squad/Parts/@thumbs/winglet3_icon
[LOG 14:55:45.837] Load Cached PNG Texture: Squad/Parts/@thumbs/winglet_icon
[LOG 14:55:45.837] Load Cached PNG Texture: Squad/Parts/@thumbs/wingShuttleElevon1_icon
[LOG 14:55:45.839] Load Cached PNG Texture: Squad/Parts/@thumbs/xenonTankLarge_icon
[LOG 14:55:45.839] Load Cached PNG Texture: Squad/Parts/@thumbs/xenonTankRadial_icon
[LOG 14:55:45.839] Load Cached PNG Texture: Squad/Parts/@thumbs/xenonTank_icon
[LOG 14:55:45.841] Load DDS texture: Squad/Parts/Aero/aerodynamicNoseCone/Rockomax_Adapters_diffuse
[LOG 14:55:45.841] Load DDS texture: Squad/Parts/Aero/aerodynamicNoseCone/Rockomax_Adapters_normal
[LOG 14:55:45.842] Load DDS texture: Squad/Parts/Aero/airbrake/airbrake
[LOG 14:55:45.843] Load DDS texture: Squad/Parts/Aero/airIntakeRadialXM-G50/RadialIntake
[LOG 14:55:45.844] Load DDS texture: Squad/Parts/Aero/airlinerWings/AirlinerWings
[LOG 14:55:45.865] Load DDS texture: Squad/Parts/Aero/airplaneFins/AirplaneFins
[LOG 14:55:45.867] Load DDS texture: Squad/Parts/Aero/basicFin/BasicFin
[LOG 14:55:45.867] Load DDS texture: Squad/Parts/Aero/circularIntake/CircluarIntakes
[LOG 14:55:45.868] Load DDS texture: Squad/Parts/Aero/circularIntake/CircluarIntakes_Heat
[LOG 14:55:45.868] Load DDS texture: Squad/Parts/Aero/cones/Assets/Cones
[LOG 14:55:45.868] Load DDS texture: Squad/Parts/Aero/cones/Assets/ConesDiffuse
[LOG 14:55:45.870] Load DDS texture: Squad/Parts/Aero/cones/Assets/ConesDiffuse_Orange
[LOG 14:55:45.871] Load DDS texture: Squad/Parts/Aero/cones/Assets/ConesDiffuse_White
[LOG 14:55:45.873] Load DDS texture: Squad/Parts/Aero/cones/Assets/ConesHeat
[LOG 14:55:45.876] Load DDS texture: Squad/Parts/Aero/cones/Assets/ConesHeat_Orange
[LOG 14:55:45.878] Load DDS texture: Squad/Parts/Aero/cones/Assets/ConesHeat_White
[LOG 14:55:45.880] Load DDS texture: Squad/Parts/Aero/cones/Assets/Cones_Heat
[LOG 14:55:45.880] Load Cached PNG Texture: Squad/Parts/Aero/cones/Assets/rocketNoseCones_O
[LOG 14:55:45.897] Load Cached PNG Texture: Squad/Parts/Aero/cones/Assets/rocketNoseCones_O_Normal
[LOG 14:55:45.899] Load DDS texture: Squad/Parts/Aero/cones/Assets/rocketNoseCones_W
[LOG 14:55:45.907] Load DDS texture: Squad/Parts/Aero/cones/Assets/Rockomax_Adapters_diffuse
[LOG 14:55:45.908] Load DDS texture: Squad/Parts/Aero/cones/Assets/Rockomax_Adapters_normal
[LOG 14:55:45.908] Load DDS texture: Squad/Parts/Aero/fairings/AutoTruss
[LOG 14:55:45.908] Load DDS texture: Squad/Parts/Aero/fairings/FairingBase
[LOG 14:55:45.909] Load DDS texture: Squad/Parts/Aero/fairings/FairingBaseNormals
[LOG 14:55:45.909] Load DDS texture: Squad/Parts/Aero/fairings/FairingBaseNormals_bw
[LOG 14:55:45.909] Load DDS texture: Squad/Parts/Aero/fairings/FairingBaseNormals_goldSilver
[LOG 14:55:45.909] Load DDS texture: Squad/Parts/Aero/fairings/FairingBaseNormals_orange
[LOG 14:55:45.910] Load Cached PNG Texture: Squad/Parts/Aero/fairings/FairingBase_black
[LOG 14:55:45.911] Load DDS texture: Squad/Parts/Aero/fairings/FairingBase_bw
[LOG 14:55:45.911] Load DDS texture: Squad/Parts/Aero/fairings/FairingBase_goldDiffuse
[LOG 14:55:45.911] Load DDS texture: Squad/Parts/Aero/fairings/FairingBase_goldSpecular
[LOG 14:55:45.912] Load DDS texture: Squad/Parts/Aero/fairings/FairingBase_orange
[LOG 14:55:45.912] Load DDS texture: Squad/Parts/Aero/fairings/FairingBase_silverDiffuse
[LOG 14:55:45.912] Load DDS texture: Squad/Parts/Aero/fairings/FairingBase_silverSpecular
[LOG 14:55:45.917] Load DDS texture: Squad/Parts/Aero/fairings/fairingsCap
[LOG 14:55:45.917] Load DDS texture: Squad/Parts/Aero/fairings/FairingsMat_silverSpecular
[LOG 14:55:45.918] Load DDS texture: Squad/Parts/Aero/fairings/fairings_diff
[LOG 14:55:45.919] Load DDS texture: Squad/Parts/Aero/fairings/fairings_diff_grey
[LOG 14:55:45.920] Load DDS texture: Squad/Parts/Aero/fairings/fairings_diff_orange
[LOG 14:55:45.921] Load DDS texture: Squad/Parts/Aero/fairings/fairings_grey_normals
[LOG 14:55:45.922] Load DDS texture: Squad/Parts/Aero/fairings/fairings_normals
[LOG 14:55:45.922] Load DDS texture: Squad/Parts/Aero/fairings/fairings_normals_silver
[LOG 14:55:45.926] Load DDS texture: Squad/Parts/Aero/fairings/fairings_orange_normals
[LOG 14:55:45.928] Load DDS texture: Squad/Parts/Aero/fairings/fairings_silverDiffuse
[LOG 14:55:45.929] Load DDS texture: Squad/Parts/Aero/HeatShield/Fairing
[LOG 14:55:45.930] Load DDS texture: Squad/Parts/Aero/HeatShield/heatshield
[LOG 14:55:45.930] Load DDS texture: Squad/Parts/Aero/InflatableHeatShield/HeatShield
[LOG 14:55:45.931] Load DDS texture: Squad/Parts/Aero/InflatableHeatShield/HeatShieldFairing
[LOG 14:55:45.931] Load DDS texture: Squad/Parts/Aero/InflatableHeatShield/HeatShield_NRM
[LOG 14:55:45.933] Load DDS texture: Squad/Parts/Aero/intakeRadialLong/Radial_long
[LOG 14:55:45.933] Load DDS texture: Squad/Parts/Aero/miniIntake/SmallIntake
[LOG 14:55:45.933] Load DDS texture: Squad/Parts/Aero/ramAirIntake/RampIntake
[LOG 14:55:45.934] Load DDS texture: Squad/Parts/Aero/ramAirIntake/RampIntake_Heat
[LOG 14:55:45.934] Load DDS texture: Squad/Parts/Aero/shuttleWings/ShuttleWings
[LOG 14:55:45.942] Load DDS texture: Squad/Parts/Aero/wingletAV-R8/model000
[LOG 14:55:45.942] Load DDS texture: Squad/Parts/Aero/wingletAV-R8/model001
[LOG 14:55:45.943] Load DDS texture: Squad/Parts/Aero/wingletAV-T1/model000
[LOG 14:55:45.943] Load DDS texture: Squad/Parts/Aero/wingletAV-T1/model001
[LOG 14:55:45.943] Load DDS texture: Squad/Parts/Aero/wingletDeltaDeluxe/model000
[LOG 14:55:45.944] Load DDS texture: Squad/Parts/Aero/wings/Wings
[LOG 14:55:45.945] Load DDS texture: Squad/Parts/Cargo/CargoContainers/cargoContainer_diff
[LOG 14:55:45.945] Load DDS texture: Squad/Parts/Cargo/CargoContainers/smallCargoContainer_diffuse
[LOG 14:55:45.946] Load DDS texture: Squad/Parts/Cargo/CargoContainers/smallCargoContainer_nrm
[LOG 14:55:45.951] Load DDS texture: Squad/Parts/Cargo/CargoContainers/smallCargoContainer_specular
[LOG 14:55:45.952] Load DDS texture: Squad/Parts/Cargo/Cylinder/EVAcylinder_diffuse
[LOG 14:55:45.952] Load DDS texture: Squad/Parts/Cargo/Cylinder/EVAcylinder_nrm
[LOG 14:55:45.952] Load DDS texture: Squad/Parts/Cargo/GroundAnchor/groundAnchor_diffuse
[LOG 14:55:45.953] Load DDS texture: Squad/Parts/Cargo/GroundAnchor/groundAnchor_nrm
[LOG 14:55:45.970] Load DDS texture: Squad/Parts/Cargo/Jetpack/EVAjetpack
[LOG 14:55:45.971] Load DDS texture: Squad/Parts/Cargo/Jetpack/EVAjetpackEmmisive
[LOG 14:55:45.971] Load DDS texture: Squad/Parts/Cargo/Jetpack/EVAjetpackNRM
[LOG 14:55:45.972] Load DDS texture: Squad/Parts/Cargo/Parachute/backpack_Diff
[LOG 14:55:45.979] Load DDS texture: Squad/Parts/Cargo/Parachute/backpack_NM
[LOG 14:55:45.985] Load DDS texture: Squad/Parts/Cargo/RepairKit/RepairKit_Diffuse
[LOG 14:55:45.986] Load DDS texture: Squad/Parts/Cargo/RepairKit/RepairKit_Normal
[LOG 14:55:45.987] Load DDS texture: Squad/Parts/Cargo/ScienceKit/ExperimentKit_Material_Diffuse
[LOG 14:55:45.990] Load DDS texture: Squad/Parts/Cargo/ScienceKit/ExperimentKit_Material_Emissive
[LOG 14:55:45.996] Load DDS texture: Squad/Parts/Cargo/ScienceKit/ExperimentKit_Material_Normal
[LOG 14:55:45.997] Load DDS texture: Squad/Parts/Cargo/StorageUnits/Assets/Cargo_Material_Diffuse
[LOG 14:55:46.003] Load DDS texture: Squad/Parts/Cargo/StorageUnits/Assets/Cargo_Material_Normal
[LOG 14:55:46.009] Load DDS texture: Squad/Parts/Command/advancedSasModuleLarge/model000
[LOG 14:55:46.011] Load DDS texture: Squad/Parts/Command/advancedSasModuleLarge/model001
[LOG 14:55:46.011] Load DDS texture: Squad/Parts/Command/cupola/cupola_Emissive
[LOG 14:55:46.012] Load DDS texture: Squad/Parts/Command/cupola/ksp_l_cupola_diff
[LOG 14:55:46.012] Load DDS texture: Squad/Parts/Command/cupola/ksp_l_cupola_normal
[LOG 14:55:46.014] Load DDS texture: Squad/Parts/Command/cupola/window
[LOG 14:55:46.014] Load DDS texture: Squad/Parts/Command/externalCommandSeat/model000
[LOG 14:55:46.016] Load DDS texture: Squad/Parts/Command/hitchhikerStorageContainer/cabin
[LOG 14:55:46.018] Load DDS texture: Squad/Parts/Command/hitchhikerStorageContainer/cabin_Illum
[LOG 14:55:46.019] Load DDS texture: Squad/Parts/Command/hitchhikerStorageContainer/cabin_n
[LOG 14:55:46.021] Load DDS texture: Squad/Parts/Command/hitchhikerStorageContainer/window
[LOG 14:55:46.021] Load DDS texture: Squad/Parts/Command/inlineAdvancedStabilizer/model000
[LOG 14:55:46.022] Load DDS texture: Squad/Parts/Command/inlineAdvancedStabilizer/model001
[LOG 14:55:46.022] Load DDS texture: Squad/Parts/Command/inlineReactionWheel/model000
[LOG 14:55:46.022] Load DDS texture: Squad/Parts/Command/inlineReactionWheel/model001
[LOG 14:55:46.022] Load DDS texture: Squad/Parts/Command/inlineReactionWheel/model002
[LOG 14:55:46.022] Load DDS texture: Squad/Parts/Command/Mk1-2Pod/mk 1-2 external shell Variant-Hatch
[LOG 14:55:46.023] Load DDS texture: Squad/Parts/Command/Mk1-3Pod/M1-3 Pod
[LOG 14:55:46.026] Load DDS texture: Squad/Parts/Command/Mk1-3Pod/M1-3 Pod_GLOW
[LOG 14:55:46.026] Load DDS texture: Squad/Parts/Command/mk1Cockpits/GLOW
[LOG 14:55:46.027] Load DDS texture: Squad/Parts/Command/mk1Cockpits/Mk1Cockpit
[LOG 14:55:46.029] Load DDS texture: Squad/Parts/Command/mk1LanderCan/ksp_s_landerCan_diff
[LOG 14:55:46.031] Load DDS texture: Squad/Parts/Command/mk1LanderCan/ksp_s_landerCan_normal
[LOG 14:55:46.032] Load DDS texture: Squad/Parts/Command/mk1LanderCan/ksp_s_landerCan_psd_illum
[LOG 14:55:46.032] Load DDS texture: Squad/Parts/Command/mk1pod/outer shell
[LOG 14:55:46.032] Load DDS texture: Squad/Parts/Command/mk1pod_v2/Mk1_v2
[LOG 14:55:46.033] Load DDS texture: Squad/Parts/Command/mk1pod_v2/Mk1_v2_GLOW
[LOG 14:55:46.038] Load DDS texture: Squad/Parts/Command/mk1pod_v2/Mk1_v2_GW
[LOG 14:55:46.041] Load DDS texture: Squad/Parts/Command/mk1pod_v2/Mk1_v2_N
[LOG 14:55:46.044] Load DDS texture: Squad/Parts/Command/mk1pod_v2/Mk1_v2_W
[LOG 14:55:46.046] Load DDS texture: Squad/Parts/Command/mk1pod_v2/Mk1_v2_W_N
[LOG 14:55:46.048] Load DDS texture: Squad/Parts/Command/mk2CockpitInline/Cockpit_inline_A
[LOG 14:55:46.050] Load DDS texture: Squad/Parts/Command/mk2CockpitInline/Cockpit_inline_Emissive
[LOG 14:55:46.051] Load DDS texture: Squad/Parts/Command/mk2CockpitInline/Cockpit_inline_normal
[LOG 14:55:46.052] Load DDS texture: Squad/Parts/Command/mk2CockpitStandard/Cockpit
[LOG 14:55:46.055] Load DDS texture: Squad/Parts/Command/mk2CockpitStandard/Cockpit_Lum
[LOG 14:55:46.056] Load DDS texture: Squad/Parts/Command/mk2CockpitStandard/Cockpit_NRM
[LOG 14:55:46.070] Load DDS texture: Squad/Parts/Command/mk2DroneCore/mk2Dronecore
[LOG 14:55:46.070] Load DDS texture: Squad/Parts/Command/mk2LanderCan/Illum
[LOG 14:55:46.071] Load DDS texture: Squad/Parts/Command/mk2LanderCan/ladder
[LOG 14:55:46.071] Load DDS texture: Squad/Parts/Command/mk2LanderCan/outershell
[LOG 14:55:46.071] Load DDS texture: Squad/Parts/Command/mk2LanderCan/outershell_n
[LOG 14:55:46.072] Load DDS texture: Squad/Parts/Command/mk2LanderCan/window
[LOG 14:55:46.072] Load DDS texture: Squad/Parts/Command/mk2LanderCan_v2/Mk2Can
[LOG 14:55:46.079] Load DDS texture: Squad/Parts/Command/mk2LanderCan_v2/Mk2Can_glow
[LOG 14:55:46.087] Load DDS texture: Squad/Parts/Command/mk3CockpitShuttle/Mk3CockpitShuttle
[LOG 14:55:46.090] Load DDS texture: Squad/Parts/Command/mk3CockpitShuttle/Mk3CockpitShuttle_LUM
[LOG 14:55:46.091] Load DDS texture: Squad/Parts/Command/MpoProbe/MpoProbe_diffuse
[LOG 14:55:46.091] Load DDS texture: Squad/Parts/Command/MpoProbe/MpoProbe_nrm
[LOG 14:55:46.105] Load DDS texture: Squad/Parts/Command/MpoProbe/MpoProbe_specular
[LOG 14:55:46.105] Load DDS texture: Squad/Parts/Command/MtmStage/mtmStage_diffuse
[LOG 14:55:46.106] Load DDS texture: Squad/Parts/Command/MtmStage/mtmStage_nrm
[LOG 14:55:46.108] Load DDS texture: Squad/Parts/Command/MtmStage/mtmStage_specular
[LOG 14:55:46.108] Load DDS texture: Squad/Parts/Command/probeCoreCube/QBE_New_diffuse
[LOG 14:55:46.110] Load Cached PNG Texture: Squad/Parts/Command/probeCoreCube/QBE_New_NRM
[LOG 14:55:46.111] Load DDS texture: Squad/Parts/Command/probeCoreCube/QBE_New_specular
[LOG 14:55:46.112] Load DDS texture: Squad/Parts/Command/probeCoreHex/ksp_m_hexProbe_diff
[LOG 14:55:46.113] Load DDS texture: Squad/Parts/Command/probeCoreHex/ksp_m_hexProbe_normal
[LOG 14:55:46.114] Load DDS texture: Squad/Parts/Command/probeCoreHex_v2/hecsDiffuse
[LOG 14:55:46.114] Load DDS texture: Squad/Parts/Command/probeCoreHex_v2/hecsNormal
[LOG 14:55:46.114] Load DDS texture: Squad/Parts/Command/probeCoreOcto2_v2/octoDiffuse
[LOG 14:55:46.114] Load DDS texture: Squad/Parts/Command/probeCoreOcto2_v2/octoNormal
[LOG 14:55:46.114] Load DDS texture: Squad/Parts/Command/probeCoreOcto2_v2/octoSpecular
[LOG 14:55:46.115] Load DDS texture: Squad/Parts/Command/probeCoreOcto_v2/octoDiffuse
[LOG 14:55:46.115] Load DDS texture: Squad/Parts/Command/probeCoreOcto_v2/octoNormal
[LOG 14:55:46.115] Load DDS texture: Squad/Parts/Command/probeCoreOcto_v2/octoSpecular
[LOG 14:55:46.115] Load DDS texture: Squad/Parts/Command/probeRoverBody/model000
[LOG 14:55:46.115] Load DDS texture: Squad/Parts/Command/probeRoverBody/model001
[LOG 14:55:46.115] Load DDS texture: Squad/Parts/Command/probeRoverBody_v2/probeRoverBody_v2_gold_diffuse
[LOG 14:55:46.117] Load Cached PNG Texture: Squad/Parts/Command/probeRoverBody_v2/probeRoverBody_v2_gold_NRM
[LOG 14:55:46.119] Load DDS texture: Squad/Parts/Command/probeRoverBody_v2/probeRoverBody_v2_gold_specular
[LOG 14:55:46.121] Load DDS texture: Squad/Parts/Command/probeRoverBody_v2/probeRoverBody_v2_silver_diffuse
[LOG 14:55:46.122] Load Cached PNG Texture: Squad/Parts/Command/probeRoverBody_v2/probeRoverBody_v2_silver_NRM
[LOG 14:55:46.124] Load DDS texture: Squad/Parts/Command/probeRoverBody_v2/probeRoverBody_v2_silver_specular
[LOG 14:55:46.126] Load DDS texture: Squad/Parts/Command/probeRoverBody_v2/QBE_New_diffuse
[LOG 14:55:46.126] Load DDS texture: Squad/Parts/Command/probeRoverBody_v2/QBE_New_NRM
[LOG 14:55:46.127] Load DDS texture: Squad/Parts/Command/probeRoverBody_v2/QBE_New_specular
[LOG 14:55:46.127] Load DDS texture: Squad/Parts/Command/probeStackLarge/model000
[LOG 14:55:46.128] Load DDS texture: Squad/Parts/Command/probeStackLarge/model001
[LOG 14:55:46.130] Load DDS texture: Squad/Parts/Command/probeStackSmall/model000
[LOG 14:55:46.131] Load DDS texture: Squad/Parts/Command/probeStackSmall/model001
[LOG 14:55:46.134] Load DDS texture: Squad/Parts/Command/probeStackSphere_v2/probeStackSphere_diffuse
[LOG 14:55:46.138] Load DDS texture: Squad/Parts/Command/probeStackSphere_v2/probeStackSphere_normal
[LOG 14:55:46.139] Load DDS texture: Squad/Parts/Command/probeStackSphere_v2/probeStackSphere_specular
[LOG 14:55:46.141] Load Cached PNG Texture: Squad/Parts/CompoundParts/@thumbs/fuelLine_icon0
[LOG 14:55:46.142] Load Cached PNG Texture: Squad/Parts/CompoundParts/@thumbs/fuelLine_icon1
[LOG 14:55:46.142] Load Cached PNG Texture: Squad/Parts/CompoundParts/@thumbs/strutConnector_icon0
[LOG 14:55:46.142] Load Cached PNG Texture: Squad/Parts/CompoundParts/@thumbs/strutConnector_icon1
[LOG 14:55:46.142] Load DDS texture: Squad/Parts/CompoundParts/FuelLine/FTX-2 External Fuel Duct
[LOG 14:55:46.143] Load DDS texture: Squad/Parts/CompoundParts/FuelLine/FTX-2 External Fuel Duct_ESA
[LOG 14:55:46.143] Load DDS texture: Squad/Parts/CompoundParts/strutConnector/EAS-4 Strut Connector
[LOG 14:55:46.143] Load DDS texture: Squad/Parts/CompoundParts/strutConnector/EAS-4 Strut Connector_white
[LOG 14:55:46.143] Load DDS texture: Squad/Parts/Coupling/Assets/Decouplers
[LOG 14:55:46.146] Load DDS texture: Squad/Parts/Coupling/Assets/Decouplers_N
[LOG 14:55:46.150] Load DDS texture: Squad/Parts/Coupling/Assets/Decouplers_whiteYellow
[LOG 14:55:46.153] Load DDS texture: Squad/Parts/Coupling/Assets/Decouplers_whiteYellow_N
[LOG 14:55:46.161] Load DDS texture: Squad/Parts/Electrical/10CSolarPanels/assets/circularSolarPanel_diffuse
[LOG 14:55:46.173] Load DDS texture: Squad/Parts/Electrical/10CSolarPanels/assets/circularSolarPanel_nrm
[LOG 14:55:46.174] Load DDS texture: Squad/Parts/Electrical/10LSolarPanels/assets/retractableSolarPanel_diffuse
[LOG 14:55:46.176] Load DDS texture: Squad/Parts/Electrical/10LSolarPanels/assets/retractableSolarPanel_nrm
[LOG 14:55:46.177] Load DDS texture: Squad/Parts/Electrical/1x6ShroudSolarPanels/model000
[LOG 14:55:46.177] Load DDS texture: Squad/Parts/Electrical/1x6ShroudSolarPanels/model001
[LOG 14:55:46.177] Load DDS texture: Squad/Parts/Electrical/1x6ShroudSolarPanels/model002
[LOG 14:55:46.177] Load DDS texture: Squad/Parts/Electrical/1x6SolarPanels/model000
[LOG 14:55:46.178] Load DDS texture: Squad/Parts/Electrical/1x6SolarPanels/model001
[LOG 14:55:46.178] Load DDS texture: Squad/Parts/Electrical/1x6SolarPanels/model002
[LOG 14:55:46.178] Load DDS texture: Squad/Parts/Electrical/3x2ShroudSolarPanels/model000
[LOG 14:55:46.178] Load DDS texture: Squad/Parts/Electrical/3x2ShroudSolarPanels/model001
[LOG 14:55:46.178] Load DDS texture: Squad/Parts/Electrical/3x2ShroudSolarPanels/model002
[LOG 14:55:46.178] Load DDS texture: Squad/Parts/Electrical/3x2SolarPanels/model000
[LOG 14:55:46.178] Load DDS texture: Squad/Parts/Electrical/3x2SolarPanels/model001
[LOG 14:55:46.178] Load DDS texture: Squad/Parts/Electrical/3x2SolarPanels/model002
[LOG 14:55:46.179] Load DDS texture: Squad/Parts/Electrical/gigantorXlSolarArray/panel
[LOG 14:55:46.179] Load DDS texture: Squad/Parts/Electrical/radialFlatSolarPanel/model000
[LOG 14:55:46.179] Load DDS texture: Squad/Parts/Electrical/RTG/model000
[LOG 14:55:46.179] Load DDS texture: Squad/Parts/Electrical/z-100Battery/model000
[LOG 14:55:46.179] Load DDS texture: Squad/Parts/Electrical/z-1kBattery/model000
[LOG 14:55:46.179] Load DDS texture: Squad/Parts/Electrical/z-1kBattery/model001
[LOG 14:55:46.180] Load DDS texture: Squad/Parts/Electrical/z-200Battery/ksp_m_batteryPack_diff
[LOG 14:55:46.180] Load DDS texture: Squad/Parts/Electrical/z-400Battery/model000
[LOG 14:55:46.180] Load DDS texture: Squad/Parts/Electrical/z-4kBattery/ksp_l_batteryPack_diff
[LOG 14:55:46.180] Load DDS texture: Squad/Parts/Electrical/z-4kBattery/ksp_l_batteryPack_normal
[LOG 14:55:46.180] Load DDS texture: Squad/Parts/Engine/ionEngine/model000
[LOG 14:55:46.180] Load DDS texture: Squad/Parts/Engine/jetEngines/Jet Engines
[LOG 14:55:46.181] Load DDS texture: Squad/Parts/Engine/jetEngines/Jet_Heat
[LOG 14:55:46.182] Load DDS texture: Squad/Parts/Engine/liquidEngine24-77/engine
[LOG 14:55:46.182] Load DDS texture: Squad/Parts/Engine/liquidEngine24-77_v2/Twitch
[LOG 14:55:46.183] Load DDS texture: Squad/Parts/Engine/liquidEngine24-77_v2/Twitch_G
[LOG 14:55:46.183] Load DDS texture: Squad/Parts/Engine/liquidEngine24-77_v2/Twitch_GLOW
[LOG 14:55:46.184] Load DDS texture: Squad/Parts/Engine/liquidEngine48-7S/ksp_m_liquidEngine_diff
[LOG 14:55:46.184] Load DDS texture: Squad/Parts/Engine/liquidEngine48-7S_v2/Spark
[LOG 14:55:46.184] Load DDS texture: Squad/Parts/Engine/liquidEngine48-7S_v2/Spark_Glow
[LOG 14:55:46.184] Load DDS texture: Squad/Parts/Engine/liquidEngineAerospike/Aerospike
[LOG 14:55:46.184] Load DDS texture: Squad/Parts/Engine/liquidEngineAerospike/Aerospike_Heat
[LOG 14:55:46.185] Load DDS texture: Squad/Parts/Engine/liquidEngineLV-1_v2/Assets/Ant_and_Spider_diffuse
[LOG 14:55:46.185] Load DDS texture: Squad/Parts/Engine/liquidEngineLV-1_v2/Assets/Ant_and_Spider_emissive
[LOG 14:55:46.190] Load DDS texture: Squad/Parts/Engine/liquidEngineLV-1_v2/Assets/Ant_and_Spider_normal
[LOG 14:55:46.190] Load DDS texture: Squad/Parts/Engine/liquidEngineLV-1_v2/Assets/Ant_and_Spider_specular
[LOG 14:55:46.190] Load DDS texture: Squad/Parts/Engine/liquidEngineLV-909_v2/Terrier
[LOG 14:55:46.204] Load DDS texture: Squad/Parts/Engine/liquidEngineLV-909_v2/TerrierFairing
[LOG 14:55:46.204] Load DDS texture: Squad/Parts/Engine/liquidEngineLV-909_v2/Terrier_glow
[LOG 14:55:46.206] Load DDS texture: Squad/Parts/Engine/liquidEngineLV-N/model000
[LOG 14:55:46.207] Load DDS texture: Squad/Parts/Engine/liquidEngineLV-N/model001
[LOG 14:55:46.207] Load DDS texture: Squad/Parts/Engine/liquidEngineLV-N/model002
[LOG 14:55:46.207] Load DDS texture: Squad/Parts/Engine/liquidEngineLV-N/model003
[LOG 14:55:46.208] Load DDS texture: Squad/Parts/Engine/liquidEngineLV-T30/model000
[LOG 14:55:46.208] Load DDS texture: Squad/Parts/Engine/liquidEngineLV-T30/model001
[LOG 14:55:46.208] Load DDS texture: Squad/Parts/Engine/liquidEngineLV-T30/model002
[LOG 14:55:46.208] Load DDS texture: Squad/Parts/Engine/liquidEngineLV-T30_v2/Engine_Emissive
[LOG 14:55:46.214] Load DDS texture: Squad/Parts/Engine/liquidEngineLV-T30_v2/Engine_Normal
[LOG 14:55:46.223] Load DDS texture: Squad/Parts/Engine/liquidEngineLV-T30_v2/Fairing
[LOG 14:55:46.224] Load DDS texture: Squad/Parts/Engine/liquidEngineLV-T30_v2/Reliant_v2-shroud_Diffuse
[LOG 14:55:46.230] Load DDS texture: Squad/Parts/Engine/liquidEngineLV-T30_v2/Reliant_v2_Diffuse
[LOG 14:55:46.238] Load DDS texture: Squad/Parts/Engine/liquidEngineLV-T45/model000
[LOG 14:55:46.243] Load DDS texture: Squad/Parts/Engine/liquidEngineLV-T45/model001
[LOG 14:55:46.243] Load DDS texture: Squad/Parts/Engine/liquidEngineLV-T45/model002
[LOG 14:55:46.243] Load DDS texture: Squad/Parts/Engine/liquidEngineLV-T45/model003
[LOG 14:55:46.244] Load DDS texture: Squad/Parts/Engine/liquidEngineLV-T45_v2/Engine_Emissive
[LOG 14:55:46.251] Load DDS texture: Squad/Parts/Engine/liquidEngineLV-T45_v2/Fairing
[LOG 14:55:46.252] Load DDS texture: Squad/Parts/Engine/liquidEngineLV-T45_v2/Swivel_v2_Diffuse
[LOG 14:55:46.259] Load DDS texture: Squad/Parts/Engine/liquidEngineLV-T45_v2/Swivel_v2_Normal
[LOG 14:55:46.265] Load DDS texture: Squad/Parts/Engine/liquidEngineMainsail_v2/mainsail_diffuse
[LOG 14:55:46.272] Load DDS texture: Squad/Parts/Engine/liquidEngineMainsail_v2/mainsail_emissive
[LOG 14:55:46.275] Load DDS texture: Squad/Parts/Engine/liquidEngineMainsail_v2/mainsail_nrm
[LOG 14:55:46.282] Load DDS texture: Squad/Parts/Engine/liquidEngineMainsail_v2/mainsail_specular
[LOG 14:55:46.295] Load DDS texture: Squad/Parts/Engine/liquidEngineMainsail_v2/Shroud
[LOG 14:55:46.296] Load DDS texture: Squad/Parts/Engine/liquidEngineMk55/Thud
[LOG 14:55:46.297] Load DDS texture: Squad/Parts/Engine/liquidEngineMk55/Thud_Heat
[LOG 14:55:46.297] Load DDS texture: Squad/Parts/Engine/liquidEnginePoodle_v2/poodle
[LOG 14:55:46.298] Load DDS texture: Squad/Parts/Engine/liquidEnginePoodle_v2/PoodleShroud
[LOG 14:55:46.298] Load DDS texture: Squad/Parts/Engine/liquidEnginePoodle_v2/poodle_Glow
[LOG 14:55:46.300] Load DDS texture: Squad/Parts/Engine/liquidEnginePoodle_v2/Poodle_SingleBell_Poodle_Diffuse
[LOG 14:55:46.302] Load DDS texture: Squad/Parts/Engine/liquidEnginePoodle_v2/Poodle_SingleBell_Poodle_Emissive
[LOG 14:55:46.304] Load DDS texture: Squad/Parts/Engine/liquidEnginePoodle_v2/Poodle_SingleBell_Poodle_Normal
[LOG 14:55:46.307] Load DDS texture: Squad/Parts/Engine/liquidEngineSkipper_v2/Shroud
[LOG 14:55:46.308] Load DDS texture: Squad/Parts/Engine/liquidEngineSkipper_v2/skipper_v2_diffuse
[LOG 14:55:46.320] Load DDS texture: Squad/Parts/Engine/liquidEngineSkipper_v2/skipper_v2_emissive
[LOG 14:55:46.327] Load DDS texture: Squad/Parts/Engine/liquidEngineSkipper_v2/skipper_v2_normal
[LOG 14:55:46.338] Load DDS texture: Squad/Parts/Engine/liquidEngineSSME/SSME
[LOG 14:55:46.340] Load DDS texture: Squad/Parts/Engine/liquidEngineSSME/SSME_GLOW
[LOG 14:55:46.340] Load DDS texture: Squad/Parts/Engine/liquidEngineSSME/SSME_NRM
[LOG 14:55:46.340] Load DDS texture: Squad/Parts/Engine/MassiveSRB/solid_booster_cm
[LOG 14:55:46.343] Load DDS texture: Squad/Parts/Engine/MassiveSRB/solid_booster_cm_esa
[LOG 14:55:46.343] Load DDS texture: Squad/Parts/Engine/MassiveSRB/solid_booster_em
[LOG 14:55:46.345] Load DDS texture: Squad/Parts/Engine/MassiveSRB/solid_booster_nm
[LOG 14:55:46.350] Load DDS texture: Squad/Parts/Engine/miniJet/SmallJet
[LOG 14:55:46.350] Load DDS texture: Squad/Parts/Engine/OMSEngine/Puff_diffuse
[LOG 14:55:46.351] Load DDS texture: Squad/Parts/Engine/OMSEngine/Puff_emissive
[LOG 14:55:46.352] Load DDS texture: Squad/Parts/Engine/OMSEngine/Puff_normal
[LOG 14:55:46.352] Load DDS texture: Squad/Parts/Engine/OMSEngine/Puff_specular
[LOG 14:55:46.352] Load DDS texture: Squad/Parts/Engine/rapierEngine/rapierDiffuse
[LOG 14:55:46.371] Load DDS texture: Squad/Parts/Engine/rapierEngine/rapieremit
[LOG 14:55:46.372] Load DDS texture: Squad/Parts/Engine/Size1_SRBs/SRB_O
[LOG 14:55:46.372] Load DDS texture: Squad/Parts/Engine/Size1_SRBs/SRB_W
[LOG 14:55:46.372] Load DDS texture: Squad/Parts/Engine/Size1_SRBs/SRB_Y
[LOG 14:55:46.372] Load DDS texture: Squad/Parts/Engine/Size2LFB/Size2LFBEmissive
[LOG 14:55:46.372] Load DDS texture: Squad/Parts/Engine/Size2LFB/twin_nozzle_booster_cm
[LOG 14:55:46.374] Load DDS texture: Squad/Parts/Engine/Size2LFB/twin_nozzle_booster_nm
[LOG 14:55:46.376] Load DDS texture: Squad/Parts/Engine/Size2LFB_v2/Size2LFBEmissive
[LOG 14:55:46.377] Load DDS texture: Squad/Parts/Engine/Size2LFB_v2/twin_nozzle_booster_cm
[LOG 14:55:46.378] Load DDS texture: Squad/Parts/Engine/Size2LFB_v2/twin_nozzle_booster_nm
[LOG 14:55:46.379] Load DDS texture: Squad/Parts/Engine/Size3AdvancedEngine/decoupler_and_adaptor_cm
[LOG 14:55:46.382] Load DDS texture: Squad/Parts/Engine/Size3AdvancedEngine/Size3AdvancedEngineDiffuse
[LOG 14:55:46.383] Load DDS texture: Squad/Parts/Engine/Size3AdvancedEngine/Size3AdvancedEngineEmissive
[LOG 14:55:46.384] Load DDS texture: Squad/Parts/Engine/Size3AdvancedEngine/Size3AdvancedEngineNormal
[LOG 14:55:46.384] Load DDS texture: Squad/Parts/Engine/Size3EngineCluster/ClusterEngineEmit
[LOG 14:55:46.384] Load DDS texture: Squad/Parts/Engine/Size3EngineCluster/four_nozzle_engine_cm
[LOG 14:55:46.389] Load DDS texture: Squad/Parts/Engine/Size3EngineCluster/four_nozzle_engine_nm
[LOG 14:55:46.389] Load DDS texture: Squad/Parts/Engine/solidBoosterBACC/model000
[LOG 14:55:46.395] Load DDS texture: Squad/Parts/Engine/solidBoosterBACC/model001
[LOG 14:55:46.396] Load DDS texture: Squad/Parts/Engine/solidBoosterBACC/model002
[LOG 14:55:46.397] Load DDS texture: Squad/Parts/Engine/solidBoosterRT-5/RT5
[LOG 14:55:46.397] Load DDS texture: Squad/Parts/Engine/solidBoosterS2-17/solidBoosterS2-17_diffuse
[LOG 14:55:46.412] Load DDS texture: Squad/Parts/Engine/solidBoosterS2-17/solidBoosterS2-17_emissive
[LOG 14:55:46.427] Load DDS texture: Squad/Parts/Engine/solidBoosterS2-17/solidBoosterS2-17_normal
[LOG 14:55:46.442] Load DDS texture: Squad/Parts/Engine/solidBoosterS2-33/solidBoosterS2-33_diffuse
[LOG 14:55:46.478] Load DDS texture: Squad/Parts/Engine/solidBoosterS2-33/solidBoosterS2-33_emissive
[LOG 14:55:46.540] Load DDS texture: Squad/Parts/Engine/solidBoosterS2-33/solidBoosterS2-33_normal
[LOG 14:55:46.596] Load DDS texture: Squad/Parts/Engine/solidBoosterSep/model000
[LOG 14:55:46.601] Load DDS texture: Squad/Parts/Engine/solidBoosterSep/motor
[LOG 14:55:46.603] Load DDS texture: Squad/Parts/Engine/SolidBoostersF/Assets/SolidBoosterF3S0_diffuse
[LOG 14:55:46.604] Load DDS texture: Squad/Parts/Engine/SolidBoostersF/Assets/SolidBoosterF3S0_emissive
[LOG 14:55:46.604] Load DDS texture: Squad/Parts/Engine/SolidBoostersF/Assets/SolidBoosterF3S0_normal
[LOG 14:55:46.604] Load DDS texture: Squad/Parts/FuelTank/adapterTanks/Mk3Adapters
[LOG 14:55:46.606] Load DDS texture: Squad/Parts/FuelTank/drainTankFTE-1/fuelValve_diffuse
[LOG 14:55:46.607] Load DDS texture: Squad/Parts/FuelTank/drainTankFTE-1/fuelValve_nrm
[LOG 14:55:46.607] Load DDS texture: Squad/Parts/FuelTank/FoilTanks/RadialTanks
[LOG 14:55:46.608] Load DDS texture: Squad/Parts/FuelTank/FoilTanks/RadialTanksGold_specular
[LOG 14:55:46.609] Load DDS texture: Squad/Parts/FuelTank/FoilTanks/RadialTanksSilver_specular
[LOG 14:55:46.611] Load DDS texture: Squad/Parts/FuelTank/FoilTanks/RadialTanks_N
[LOG 14:55:46.616] Load DDS texture: Squad/Parts/FuelTank/FoilTanks/RadialTanks_silver
[LOG 14:55:46.617] Load DDS texture: Squad/Parts/FuelTank/fuelTankOscarB/model000
[LOG 14:55:46.617] Load DDS texture: Squad/Parts/FuelTank/fuelTankOscarB/model001
[LOG 14:55:46.617] Load DDS texture: Squad/Parts/FuelTank/fuelTankOscarB/tank
[LOG 14:55:46.617] Load DDS texture: Squad/Parts/FuelTank/fuelTankOscarB/tank_n
[LOG 14:55:46.617] Load DDS texture: Squad/Parts/FuelTank/miniFuselage/Fuselage
[LOG 14:55:46.618] Load DDS texture: Squad/Parts/FuelTank/mk2Adapters/mk2adapters1m
[LOG 14:55:46.624] Load DDS texture: Squad/Parts/FuelTank/mk2FuselageLong/mk2Fuselage
[LOG 14:55:46.625] Load DDS texture: Squad/Parts/FuelTank/mk2FuselageShort/mk2FuselageShort
[LOG 14:55:46.627] Load DDS texture: Squad/Parts/FuelTank/mk3Fuselage/Mk3Fuselage
[LOG 14:55:46.629] Load DDS texture: Squad/Parts/FuelTank/mk3Fuselage/Mk3Fuselage_LUM
[LOG 14:55:46.629] Load DDS texture: Squad/Parts/FuelTank/RCSFuelTankR1/RCSFuelTankR1_01
[LOG 14:55:46.632] Load DDS texture: Squad/Parts/FuelTank/RCSFuelTankR1/RCSFuelTankR1_02
[LOG 14:55:46.632] Load DDS texture: Squad/Parts/FuelTank/RCSFuelTankR1/RCSFuelTankR1_N
[LOG 14:55:46.632] Load DDS texture: Squad/Parts/FuelTank/RCSFuelTankR10/ksp_m_rcsTank_diff
[LOG 14:55:46.633] Load DDS texture: Squad/Parts/FuelTank/RCSFuelTankR10/ksp_m_rcsTank_normal
[LOG 14:55:46.633] Load DDS texture: Squad/Parts/FuelTank/RCSFuelTankR25/FL-R25 RCS Fuel Tank_D
[LOG 14:55:46.633] Load DDS texture: Squad/Parts/FuelTank/RCSFuelTankR25/FL-R25 RCS Fuel Tank_N
[LOG 14:55:46.633] Load DDS texture: Squad/Parts/FuelTank/RCSTankRadial/model000
[LOG 14:55:46.633] Load DDS texture: Squad/Parts/FuelTank/RCStankRadialLong/ksp_r_rcsCylTank_diff
[LOG 14:55:46.633] Load DDS texture: Squad/Parts/FuelTank/RockomaxTanks/Assets/rockomax_16 [AlbedoM] BW
[LOG 14:55:46.639] Load DDS texture: Squad/Parts/FuelTank/RockomaxTanks/Assets/rockomax_16 [AlbedoM] ESA
[LOG 14:55:46.648] Load DDS texture: Squad/Parts/FuelTank/RockomaxTanks/Assets/rockomax_16 [AlbedoM] O
[LOG 14:55:46.654] Load DDS texture: Squad/Parts/FuelTank/RockomaxTanks/Assets/rockomax_16 [Normal] BW
[LOG 14:55:46.661] Load DDS texture: Squad/Parts/FuelTank/RockomaxTanks/Assets/rockomax_16 [Normal]ESA
[LOG 14:55:46.675] Load DDS texture: Squad/Parts/FuelTank/RockomaxTanks/Assets/rockomax_16 [Normal]O
[LOG 14:55:46.683] Load DDS texture: Squad/Parts/FuelTank/RockomaxTanks/Assets/rockomax_32 [AlbedoM] ESA
[LOG 14:55:46.684] Load DDS texture: Squad/Parts/FuelTank/RockomaxTanks/Assets/rockomax_32 [Normal]ESA
[LOG 14:55:46.685] Load DDS texture: Squad/Parts/FuelTank/Size1_Tanks/125Tanks_BW
[LOG 14:55:46.688] Load DDS texture: Squad/Parts/FuelTank/Size1_Tanks/125Tanks_D
[LOG 14:55:46.691] Load DDS texture: Squad/Parts/FuelTank/Size1_Tanks/125Tanks_N
[LOG 14:55:46.695] Load DDS texture: Squad/Parts/FuelTank/Size1_Tanks/125Tanks_O
[LOG 14:55:46.697] Load DDS texture: Squad/Parts/FuelTank/Size1_Tanks/125Tanks_W
[LOG 14:55:46.700] Load DDS texture: Squad/Parts/FuelTank/Size3Tanks/fueltTanks_cm
[LOG 14:55:46.701] Load Cached PNG Texture: Squad/Parts/FuelTank/Size3Tanks/Size3Tanks
[LOG 14:55:46.702] Load Cached PNG Texture: Squad/Parts/FuelTank/Size3Tanks/Size3Tanks_Norm
[LOG 14:55:46.702] Load Cached PNG Texture: Squad/Parts/FuelTank/Size3Tanks/Size3Tanks_Orange
[LOG 14:55:46.703] Load Cached PNG Texture: Squad/Parts/FuelTank/Size3Tanks/Size3Tanks_Orange_Norm
[LOG 14:55:46.704] Load DDS texture: Squad/Parts/FuelTank/xenonTank/model000
[LOG 14:55:46.705] Load DDS texture: Squad/Parts/FuelTank/xenonTank/model001
[LOG 14:55:46.705] Load DDS texture: Squad/Parts/FuelTank/xenonTankLarge/tank
[LOG 14:55:46.705] Load DDS texture: Squad/Parts/FuelTank/xenonTankRadial/ksp_r_xenonTank_diff
[LOG 14:55:46.705] Load DDS texture: Squad/Parts/Misc/AsteroidDay/CamSat
[LOG 14:55:46.706] Load DDS texture: Squad/Parts/Misc/AsteroidDay/CamSat_glow
[LOG 14:55:46.706] Load DDS texture: Squad/Parts/Misc/AsteroidDay/CamSat_N_NRM
[LOG 14:55:46.708] Load DDS texture: Squad/Parts/Misc/AsteroidDay/default
[LOG 14:55:46.708] Load DDS texture: Squad/Parts/Misc/AsteroidDay/hecsDiffuse
[LOG 14:55:46.708] Load DDS texture: Squad/Parts/Misc/AsteroidDay/hecsNormal
[LOG 14:55:46.708] Load DDS texture: Squad/Parts/Misc/AsteroidDay/hecsSpecular
[LOG 14:55:46.708] Load DDS texture: Squad/Parts/Misc/AsteroidDay/JumboHexProbe
[LOG 14:55:46.708] Load DDS texture: Squad/Parts/Misc/AsteroidDay/JumboHexProbe_NORM_NRM
[LOG 14:55:46.709] Load DDS texture: Squad/Parts/Resources/FuelCell/FCLamp
[LOG 14:55:46.709] Load DDS texture: Squad/Parts/Resources/FuelCell/FuelCellRack
[LOG 14:55:46.709] Load DDS texture: Squad/Parts/Resources/FuelCell/fuellcell
[LOG 14:55:46.709] Load DDS texture: Squad/Parts/Resources/ISRU/Processor_Large
[LOG 14:55:46.709] Load DDS texture: Squad/Parts/Resources/LargeTank/ksp_l_resourceContainer_diff
[LOG 14:55:46.710] Load DDS texture: Squad/Parts/Resources/LargeTank/ksp_l_resourceContainer_norm
[LOG 14:55:46.712] Load DDS texture: Squad/Parts/Resources/MiniDrill/DustParticle
[LOG 14:55:46.712] Load DDS texture: Squad/Parts/Resources/MiniDrill/ksp_r_rockProbe_diff
[LOG 14:55:46.714] Load DDS texture: Squad/Parts/Resources/MiniDrill/RockParticle
[LOG 14:55:46.714] Load DDS texture: Squad/Parts/Resources/MiniISRU/ksp_s_processorSmall_diff
[LOG 14:55:46.716] Load DDS texture: Squad/Parts/Resources/OrbitalScanner/detector
[LOG 14:55:46.716] Load DDS texture: Squad/Parts/Resources/RadialDrill/DustParticle
[LOG 14:55:46.716] Load DDS texture: Squad/Parts/Resources/RadialDrill/RockParticle
[LOG 14:55:46.717] Load DDS texture: Squad/Parts/Resources/RadialDrill/TriBitDrill
[LOG 14:55:46.717] Load DDS texture: Squad/Parts/Resources/RadialTank/ksp_r_resourceContainer_psd_2
[LOG 14:55:46.717] Load DDS texture: Squad/Parts/Resources/SmallTank/ksp_s_resourceContainer_diff
[LOG 14:55:46.718] Load DDS texture: Squad/Parts/Resources/SmallTank/ksp_s_resourceContainer_normal
[LOG 14:55:46.720] Load DDS texture: Squad/Parts/Resources/SurfaceScanner/ksp_r_samplerAir_diff
[LOG 14:55:46.722] Load DDS texture: Squad/Parts/Resources/SurveyScanner/dish
[LOG 14:55:46.723] Load DDS texture: Squad/Parts/Resources/SurveyScanner/dish_n
[LOG 14:55:46.725] Load DDS texture: Squad/Parts/Science/AtmosphereSensor/ksp_r_hydroscoop_diff
[LOG 14:55:46.725] Load DDS texture: Squad/Parts/Science/GooExperiment/GooExperiment
[LOG 14:55:46.726] Load DDS texture: Squad/Parts/Science/LargeCrewedLab/Large_Crewed_Lab
[LOG 14:55:46.728] Load DDS texture: Squad/Parts/Science/LargeCrewedLab/Large_Crewed_Lab_glow
[LOG 14:55:46.732] Load DDS texture: Squad/Parts/Science/LargeCrewedLab/window
[LOG 14:55:46.733] Load DDS texture: Squad/Parts/Science/Magnetometer/Magnetometer_diffuse
[LOG 14:55:46.733] Load DDS texture: Squad/Parts/Science/Magnetometer/Magnetometer_nrm
[LOG 14:55:46.733] Load DDS texture: Squad/Parts/Science/MaterialBay/science_module_small
[LOG 14:55:46.734] Load DDS texture: Squad/Parts/Science/MaterialBay/science_module_small_emit
[LOG 14:55:46.734] Load DDS texture: Squad/Parts/Science/MaterialBay/science_module_small_nrm
[LOG 14:55:46.734] Load DDS texture: Squad/Parts/Science/MaterialBay/wires
[LOG 14:55:46.735] Load DDS texture: Squad/Parts/Science/ScienceBox/Container
[LOG 14:55:46.735] Load DDS texture: Squad/Parts/Science/sensorAccelerometer/model000
[LOG 14:55:46.735] Load DDS texture: Squad/Parts/Science/sensorBarometer/model000
[LOG 14:55:46.735] Load DDS texture: Squad/Parts/Science/sensorGravimeter/model000
[LOG 14:55:46.735] Load DDS texture: Squad/Parts/Science/sensorThermometer/model000
[LOG 14:55:46.735] Load DDS texture: Squad/Parts/Structural/FLAdapters/Assets/FLA-Adapters_diffuse
[LOG 14:55:46.737] Load DDS texture: Squad/Parts/Structural/FLAdapters/Assets/FLA-Adapters_diffuse_O
[LOG 14:55:46.739] Load DDS texture: Squad/Parts/Structural/FLAdapters/Assets/FLA-Adapters_normal
[LOG 14:55:46.741] Load DDS texture: Squad/Parts/Structural/FLAdapters/Assets/FLA-Adapters_normal_O
[LOG 14:55:46.742] Load DDS texture: Squad/Parts/Structural/mk1Parts/Mk1Structural
[LOG 14:55:46.744] Load DDS texture: Squad/Parts/Structural/mk1Parts/Mk1StructuralHeat
[LOG 14:55:46.745] Load Cached PNG Texture: Squad/Parts/Structural/mk1Parts/@thumbs/MK1Fuselage_icon
[LOG 14:55:46.745] Load DDS texture: Squad/Parts/Structural/Size3To2Adapter_v2/Size2to3_BW_Diffuse
[LOG 14:55:46.754] Load DDS texture: Squad/Parts/Structural/Size3To2Adapter_v2/Size2to3_DUMMY_NRM
[LOG 14:55:46.754] Load DDS texture: Squad/Parts/Structural/Size3To2Adapter_v2/Size2to3_O_Diffuse
[LOG 14:55:46.761] Load DDS texture: Squad/Parts/Structural/Size3To2Adapter_v2/Size2to3_W_Diffuse
[LOG 14:55:46.767] Load DDS texture: Squad/Parts/Structural/Size3To2Adapter_v2/Size2to3_W_NRM
[LOG 14:55:46.775] Load DDS texture: Squad/Parts/Structural/stackAdapters/Assets/stackAdapters_diffuse
[LOG 14:55:46.776] Load DDS texture: Squad/Parts/Structural/stackAdapters/Assets/stackAdapters_diffuse_Dark
[LOG 14:55:46.777] Load DDS texture: Squad/Parts/Structural/stackAdapters/Assets/stackAdapters_diffuse_Orange
[LOG 14:55:46.780] Load DDS texture: Squad/Parts/Structural/stackAdapters/Assets/stackAdapters_normal
[LOG 14:55:46.780] Load DDS texture: Squad/Parts/Structural/stackAdapters/Assets/stackAdapters_normal_Orange
[LOG 14:55:46.782] Load DDS texture: Squad/Parts/Structural/stationHub/model000
[LOG 14:55:46.783] Load DDS texture: Squad/Parts/Structural/stationHub/model001
[LOG 14:55:46.783] Load DDS texture: Squad/Parts/Structural/structuralIBeam200/model000
[LOG 14:55:46.783] Load DDS texture: Squad/Parts/Structural/structuralIBeam200Pocket/model000
[LOG 14:55:46.783] Load DDS texture: Squad/Parts/Structural/structuralIBeam650/model000
[LOG 14:55:46.784] Load DDS texture: Squad/Parts/Structural/structuralMicronode/model000
[LOG 14:55:46.784] Load DDS texture: Squad/Parts/Structural/structuralPanel1x1/model000
[LOG 14:55:46.785] Load DDS texture: Squad/Parts/Structural/structuralPanel1x1/model001
[LOG 14:55:46.785] Load DDS texture: Squad/Parts/Structural/structuralPanel2x2/model000
[LOG 14:55:46.785] Load DDS texture: Squad/Parts/Structural/structuralPanel2x2/model001
[LOG 14:55:46.787] Load DDS texture: Squad/Parts/Structural/structuralPylons/Pylons
[LOG 14:55:46.787] Load DDS texture: Squad/Parts/Structural/strutCubicOcto/cubestrut
[LOG 14:55:46.787] Load DDS texture: Squad/Parts/Structural/strutOcto/model000
[LOG 14:55:46.787] Load DDS texture: Squad/Parts/Structural/trussGirderAdapter/model000
[LOG 14:55:46.787] Load DDS texture: Squad/Parts/Structural/trussGirderAdapter/model001
[LOG 14:55:46.787] Load DDS texture: Squad/Parts/Structural/trussGirderL/model000
[LOG 14:55:46.788] Load DDS texture: Squad/Parts/Structural/trussGirderXL/model000
[LOG 14:55:46.788] Load DDS texture: Squad/Parts/Thermal/FoldingRadiators/radiator
[LOG 14:55:46.788] Load DDS texture: Squad/Parts/Thermal/FoldingRadiators/radiator_N_NRM
[LOG 14:55:46.791] Load DDS texture: Squad/Parts/Thermal/RadiatorPanels/radPanel
[LOG 14:55:46.793] Load DDS texture: Squad/Parts/Thermal/RadiatorPanels/radPanel_N_NRM
[LOG 14:55:46.794] Load DDS texture: Squad/Parts/Utility/commDish88-88/comm_dish_array
[LOG 14:55:46.794] Load DDS texture: Squad/Parts/Utility/commDish88-88/comm_dish_v2_diff
[LOG 14:55:46.794] Load DDS texture: Squad/Parts/Utility/commDish88-88/model000
[LOG 14:55:46.795] Load DDS texture: Squad/Parts/Utility/commsAntennaDTS-M1/mediumDishAntenna
[LOG 14:55:46.796] Load DDS texture: Squad/Parts/Utility/commsAntennaDTS-M1/mediumDishAntenna_Emit
[LOG 14:55:46.796] Load DDS texture: Squad/Parts/Utility/commsDish16/model000
[LOG 14:55:46.796] Load DDS texture: Squad/Parts/Utility/decouplerRadialHDM/model000
[LOG 14:55:46.796] Load DDS texture: Squad/Parts/Utility/decouplerRadialTT-38K/model000
[LOG 14:55:46.797] Load DDS texture: Squad/Parts/Utility/decouplerRadialTT-38K/model001
[LOG 14:55:46.797] Load DDS texture: Squad/Parts/Utility/decouplerRadialTT-70/model000
[LOG 14:55:46.797] Load DDS texture: Squad/Parts/Utility/DirectAntennas/MiniAntenna
[LOG 14:55:46.797] Load DDS texture: Squad/Parts/Utility/dockingPort/Arrow Pointer
[LOG 14:55:46.797] Load DDS texture: Squad/Parts/Utility/dockingPort/DockingPorts_Clampotron_Diffuse
[LOG 14:55:46.804] Load DDS texture: Squad/Parts/Utility/dockingPort/DockingPorts_Clampotron_Emissive
[LOG 14:55:46.805] Load DDS texture: Squad/Parts/Utility/dockingPort/DockingPorts_Clampotron_Normal
[LOG 14:55:46.811] Load DDS texture: Squad/Parts/Utility/dockingPortInline/Arrow Pointer
[LOG 14:55:46.815] Load DDS texture: Squad/Parts/Utility/dockingPortInline/ClampotronLinear_ClampotronLinear_Diffuse
[LOG 14:55:46.822] Load DDS texture: Squad/Parts/Utility/dockingPortInline/ClampotronLinear_ClampotronLinear_Emissive
[LOG 14:55:46.823] Load DDS texture: Squad/Parts/Utility/dockingPortInline/ClampotronLinear_ClampotronLinear_Normal
[LOG 14:55:46.832] Load DDS texture: Squad/Parts/Utility/dockingPortInline/DockingPorts_Clampotron_Diffuse
[LOG 14:55:46.839] Load DDS texture: Squad/Parts/Utility/dockingPortInline/DockingPorts_Clampotron_Emissive
[LOG 14:55:46.839] Load DDS texture: Squad/Parts/Utility/dockingPortInline/DockingPorts_Clampotron_Normal
[LOG 14:55:46.846] Load DDS texture: Squad/Parts/Utility/dockingPortJr/Arrow Pointer
[LOG 14:55:46.847] Load DDS texture: Squad/Parts/Utility/dockingPortJr/DockingPorts_ClampotronJR_Diffuse
[LOG 14:55:46.847] Load DDS texture: Squad/Parts/Utility/dockingPortJr/DockingPorts_ClampotronJR_Normal
[LOG 14:55:46.849] Load DDS texture: Squad/Parts/Utility/dockingPortJr/model000
[LOG 14:55:46.849] Load DDS texture: Squad/Parts/Utility/dockingPortShielded/Arrow Pointer
[LOG 14:55:46.849] Load DDS texture: Squad/Parts/Utility/dockingPortShielded/Clamp-O-Tron Shielded Docking Port_ClampotronShielded_Diffuse
[LOG 14:55:46.856] Load DDS texture: Squad/Parts/Utility/dockingPortShielded/Clamp-O-Tron Shielded Docking Port_ClampotronShielded_Normal
[LOG 14:55:46.862] Load DDS texture: Squad/Parts/Utility/dockingPortShielded/DockingPorts_Clampotron_Diffuse
[LOG 14:55:46.869] Load DDS texture: Squad/Parts/Utility/dockingPortShielded/DockingPorts_Clampotron_Emissive
[LOG 14:55:46.871] Load DDS texture: Squad/Parts/Utility/dockingPortShielded/DockingPorts_Clampotron_Normal
[LOG 14:55:46.878] Load DDS texture: Squad/Parts/Utility/dockingPortSr/Arrow Pointer
[LOG 14:55:46.878] Load DDS texture: Squad/Parts/Utility/dockingPortSr/ClampotronSr_ClampotronSr_Diffuse
[LOG 14:55:46.886] Load DDS texture: Squad/Parts/Utility/dockingPortSr/ClampotronSr_ClampotronSr_Diffuse_gray
[LOG 14:55:46.894] Load DDS texture: Squad/Parts/Utility/dockingPortSr/ClampotronSr_ClampotronSr_Emissive
[LOG 14:55:46.895] Load DDS texture: Squad/Parts/Utility/dockingPortSr/ClampotronSr_ClampotronSr_Normal
[LOG 14:55:46.902] Load Cached PNG Texture: Squad/Parts/Utility/Fireworks/Assets/fireworks_launcher_big 1
[LOG 14:55:46.908] Load Cached PNG Texture: Squad/Parts/Utility/Fireworks/Assets/fireworks_launcher_big
[LOG 14:55:46.913] Load Cached PNG Texture: Squad/Parts/Utility/flags/backgroundTextures/dark_background
[LOG 14:55:46.914] Load Cached PNG Texture: Squad/Parts/Utility/flags/backgroundTextures/orange_background
[LOG 14:55:46.914] Load Cached PNG Texture: Squad/Parts/Utility/flags/backgroundTextures/white_background
[LOG 14:55:46.915] Load DDS texture: Squad/Parts/Utility/GrapplingDevice/grabberDiffuse
[LOG 14:55:46.915] Load DDS texture: Squad/Parts/Utility/GrapplingDevice/grabberDiffuse_dark
[LOG 14:55:46.917] Load DDS texture: Squad/Parts/Utility/GrapplingDevice/grabberNRM
[LOG 14:55:46.918] Load DDS texture: Squad/Parts/Utility/GrapplingDevice/window
[LOG 14:55:46.918] Load DDS texture: Squad/Parts/Utility/ladderRadial/model000
[LOG 14:55:46.918] Load DDS texture: Squad/Parts/Utility/ladderTelescopic/model000
[LOG 14:55:46.918] Load DDS texture: Squad/Parts/Utility/ladderTelescopic/model001
[LOG 14:55:46.920] Load DDS texture: Squad/Parts/Utility/ladderTelescopic/model002
[LOG 14:55:46.923] Load DDS texture: Squad/Parts/Utility/ladderTelescopicBay/model000
[LOG 14:55:46.924] Load DDS texture: Squad/Parts/Utility/ladderTelescopicBay/model001
[LOG 14:55:46.924] Load DDS texture: Squad/Parts/Utility/landingLegLT-1/ksp_r_landingStrut_diff
[LOG 14:55:46.924] Load DDS texture: Squad/Parts/Utility/landingLegLT-2/landingLeg
[LOG 14:55:46.924] Load DDS texture: Squad/Parts/Utility/landingLegLT-5/leg
[LOG 14:55:46.925] Load DDS texture: Squad/Parts/Utility/landingLegLT-5/model000
[LOG 14:55:46.925] Load DDS texture: Squad/Parts/Utility/launchClamp1/model000
[LOG 14:55:46.925] Load DDS texture: Squad/Parts/Utility/launchClamp1/model001
[LOG 14:55:46.925] Load DDS texture: Squad/Parts/Utility/launchEscapeSystem/LES_Diffuse
[LOG 14:55:46.925] Load DDS texture: Squad/Parts/Utility/Lights/Assets/Lights_Attacheable_Lights_Diffuse
[LOG 14:55:46.926] Load DDS texture: Squad/Parts/Utility/Lights/Assets/Lights_Attacheable_Lights_Diffuse_white
[LOG 14:55:46.926] Load DDS texture: Squad/Parts/Utility/Lights/Assets/Lights_Attacheable_Lights_Emissive
[LOG 14:55:46.927] Load DDS texture: Squad/Parts/Utility/Lights/Assets/Lights_Attacheable_Lights_Normal
[LOG 14:55:46.927] Load DDS texture: Squad/Parts/Utility/Lights/Assets/Lights_Rectangle_Light_Diffuse
[LOG 14:55:46.935] Load DDS texture: Squad/Parts/Utility/Lights/Assets/Lights_Rectangle_Light_Diffuse_white
[LOG 14:55:46.941] Load DDS texture: Squad/Parts/Utility/Lights/Assets/Lights_Rectangle_Light_Emissive
[LOG 14:55:46.948] Load DDS texture: Squad/Parts/Utility/Lights/Assets/Lights_Rectangle_Light_Normal
[LOG 14:55:46.957] Load DDS texture: Squad/Parts/Utility/Lights/Assets/Lights_Worklights_Diffuse
[LOG 14:55:46.959] Load DDS texture: Squad/Parts/Utility/Lights/Assets/Lights_Worklights_Emissive
[LOG 14:55:46.961] Load DDS texture: Squad/Parts/Utility/Lights/Assets/Lights_Worklights_Normal
[LOG 14:55:46.962] Load DDS texture: Squad/Parts/Utility/Lights/Assets/Spotlight_Attacheable_Lights_Diffuse
[LOG 14:55:46.962] Load DDS texture: Squad/Parts/Utility/Lights/Assets/Spotlight_Attacheable_Lights_Diffuse_white
[LOG 14:55:46.962] Load DDS texture: Squad/Parts/Utility/Lights/Assets/Spotlight_Attacheable_Lights_Emissive
[LOG 14:55:46.963] Load DDS texture: Squad/Parts/Utility/Lights/Assets/Spotlight_Attacheable_Lights_Normal
[LOG 14:55:46.963] Load DDS texture: Squad/Parts/Utility/linearVernorRCS/Assets/linear_vernor_diffuse
[LOG 14:55:46.963] Load DDS texture: Squad/Parts/Utility/linearVernorRCS/Assets/linear_vernor_emissive
[LOG 14:55:46.963] Load DDS texture: Squad/Parts/Utility/linearVernorRCS/Assets/linear_vernor_normalDummy
[LOG 14:55:46.963] Load DDS texture: Squad/Parts/Utility/linearVernorRCS/Assets/linear_vernor_specular
[LOG 14:55:46.963] Load DDS texture: Squad/Parts/Utility/mk2CargoBay/mk2CargoBay
[LOG 14:55:46.964] Load DDS texture: Squad/Parts/Utility/mk2CrewCabin/mk2CrewCabin
[LOG 14:55:46.965] Load DDS texture: Squad/Parts/Utility/mk2CrewCabin/mk2CrewCabin_LUM
[LOG 14:55:46.965] Load DDS texture: Squad/Parts/Utility/mk2DockingPort/Arrow Pointer
[LOG 14:55:46.965] Load DDS texture: Squad/Parts/Utility/mk2DockingPort/Mk2Clampotron_Caps_Diffuse
[LOG 14:55:46.965] Load DDS texture: Squad/Parts/Utility/mk2DockingPort/Mk2Clampotron_Caps_Emmisive
[LOG 14:55:46.965] Load DDS texture: Squad/Parts/Utility/mk2DockingPort/Mk2Clampotron_Caps_Normal
[LOG 14:55:46.965] Load DDS texture: Squad/Parts/Utility/mk2DockingPort/Mk2Clampotron_Mk2Clampotron_Diffuse
[LOG 14:55:46.972] Load DDS texture: Squad/Parts/Utility/mk2DockingPort/Mk2Clampotron_Mk2Clampotron_Emissive
[LOG 14:55:46.973] Load DDS texture: Squad/Parts/Utility/mk2DockingPort/Mk2Clampotron_Mk2Clampotron_Normal
[LOG 14:55:46.980] Load DDS texture: Squad/Parts/Utility/mk2DockingPort/mk2DockingPort
[LOG 14:55:46.981] Load DDS texture: Squad/Parts/Utility/mk3CargoBay/Mk3CargoBay
[LOG 14:55:46.982] Load DDS texture: Squad/Parts/Utility/parachuteMk1/model000
[LOG 14:55:46.982] Load DDS texture: Squad/Parts/Utility/parachuteMk1/model001
[LOG 14:55:46.983] Load DDS texture: Squad/Parts/Utility/parachuteMk12-R/model000
[LOG 14:55:46.983] Load DDS texture: Squad/Parts/Utility/parachuteMk12-R/model001
[LOG 14:55:46.983] Load DDS texture: Squad/Parts/Utility/parachuteMk16-XL/model000
[LOG 14:55:46.983] Load DDS texture: Squad/Parts/Utility/parachuteMk16-XL/model001
[LOG 14:55:46.983] Load DDS texture: Squad/Parts/Utility/parachuteMk2-R/model000
[LOG 14:55:46.983] Load DDS texture: Squad/Parts/Utility/parachuteMk2-R/model001
[LOG 14:55:46.983] Load DDS texture: Squad/Parts/Utility/parachuteMk25/model000
[LOG 14:55:46.984] Load DDS texture: Squad/Parts/Utility/parachuteMk25/model001
[LOG 14:55:46.984] Load DDS texture: Squad/Parts/Utility/radialAttachmentPoint/model000
[LOG 14:55:46.984] Load DDS texture: Squad/Parts/Utility/radialAttachmentPoint/model001
[LOG 14:55:46.984] Load DDS texture: Squad/Parts/Utility/rcsBlockRV-105_v2/rcsBlock_diffuse
[LOG 14:55:46.984] Load DDS texture: Squad/Parts/Utility/rcsBlockRV-105_v2/rcsThrusterBlock_normal
[LOG 14:55:46.984] Load DDS texture: Squad/Parts/Utility/rcsBlockRV-105_v2/rcsThruster_emissive
[LOG 14:55:46.984] Load DDS texture: Squad/Parts/Utility/rcsBlockRV-105_v2/rcsThruster_specular
[LOG 14:55:46.985] Load DDS texture: Squad/Parts/Utility/rcsBlockRV-105_v2/RCS_Block_Diffuse
[LOG 14:55:46.985] Load DDS texture: Squad/Parts/Utility/rcsBlockRV-105_v2/RCS_Block_Emissive
[LOG 14:55:46.985] Load DDS texture: Squad/Parts/Utility/rcsBlockRV-105_v2/RCS_Block_Normal
[LOG 14:55:46.985] Load DDS texture: Squad/Parts/Utility/rcsBlockRV-105_v2/RCS_Block_Specular
[LOG 14:55:46.985] Load DDS texture: Squad/Parts/Utility/rcsSmallLinear/Assets/RCS_Linear_Base_Diffuse
[LOG 14:55:46.985] Load DDS texture: Squad/Parts/Utility/rcsSmallLinear/Assets/RCS_Linear_Diffuse
[LOG 14:55:46.985] Load DDS texture: Squad/Parts/Utility/rcsSmallLinear/Assets/RCS_Linear_Emissive
[LOG 14:55:46.986] Load DDS texture: Squad/Parts/Utility/rcsSmallLinear/Assets/RCS_Linear_Normal
[LOG 14:55:46.986] Load DDS texture: Squad/Parts/Utility/rcsSmallLinear/Assets/RCS_Linear_Specular
[LOG 14:55:46.986] Load DDS texture: Squad/Parts/Utility/RelayAntennas/DishAntenna
[LOG 14:55:46.986] Load DDS texture: Squad/Parts/Utility/RelayAntennas/MiniAntenna
[LOG 14:55:46.986] Load DDS texture: Squad/Parts/Utility/rockomaxAdapters/Assets/Rockomax_Adapters_diffuse
[LOG 14:55:46.988] Load DDS texture: Squad/Parts/Utility/rockomaxAdapters/Assets/Rockomax_Adapters_diffuse_O
[LOG 14:55:46.989] Load DDS texture: Squad/Parts/Utility/rockomaxAdapters/Assets/Rockomax_Adapters_diffuse_W
[LOG 14:55:46.991] Load DDS texture: Squad/Parts/Utility/rockomaxAdapters/Assets/Rockomax_Adapters_normal
[LOG 14:55:46.992] Load DDS texture: Squad/Parts/Utility/rockomaxAdapters/Assets/Rockomax_Adapters_normal_O
[LOG 14:55:46.994] Load DDS texture: Squad/Parts/Utility/ServiceBay/ServiceBay
[LOG 14:55:46.994] Load Cached PNG Texture: Squad/Parts/Utility/ServiceBay_v2/Assets/Scratch
[LOG 14:55:46.996] Load Cached PNG Texture: Squad/Parts/Utility/ServiceBay_v2/Assets/ServiceBay_bump
[LOG 14:55:46.997] Load Cached PNG Texture: Squad/Parts/Utility/ServiceBay_v2/Assets/ServiceBay_v2
[LOG 14:55:46.998] Load DDS texture: Squad/Parts/Utility/smallClaw/grabberSmallDiffuse
[LOG 14:55:46.999] Load DDS texture: Squad/Parts/Utility/smallClaw/grabberSmallDiffuseDark
[LOG 14:55:46.999] Load DDS texture: Squad/Parts/Utility/smallClaw/grabberSmallNRM
[LOG 14:55:46.999] Load DDS texture: Squad/Parts/Utility/smallClaw/window
[LOG 14:55:46.999] Load DDS texture: Squad/Parts/Utility/spotLightMk1/light1
[LOG 14:55:46.999] Load DDS texture: Squad/Parts/Utility/spotLightMk1/light1_em
[LOG 14:55:46.999] Load DDS texture: Squad/Parts/Utility/spotLightMk1_v2/spotLightMk1_Diffuse
[LOG 14:55:46.999] Load DDS texture: Squad/Parts/Utility/spotLightMk1_v2/spotLightMk1_Diffuse_white
[LOG 14:55:47.000] Load DDS texture: Squad/Parts/Utility/spotLightMk1_v2/spotLightMk1_Emissive
[LOG 14:55:47.000] Load DDS texture: Squad/Parts/Utility/spotLightMk1_v2/spotLightMk1_Normal
[LOG 14:55:47.000] Load DDS texture: Squad/Parts/Utility/spotLightMk2/light2
[LOG 14:55:47.000] Load DDS texture: Squad/Parts/Utility/spotLightMk2/light2_em
[LOG 14:55:47.000] Load DDS texture: Squad/Parts/Utility/spotLightMk2_v2/spotLightMk2_Diffuse
[LOG 14:55:47.001] Load DDS texture: Squad/Parts/Utility/spotLightMk2_v2/spotLightMk2_Diffuse_white
[LOG 14:55:47.001] Load DDS texture: Squad/Parts/Utility/spotLightMk2_v2/spotLightMk2_Emissive
[LOG 14:55:47.001] Load DDS texture: Squad/Parts/Utility/spotLightMk2_v2/spotLightMk2_Normal
[LOG 14:55:47.002] Load DDS texture: Squad/Parts/Utility/stackCouplers/Assets/stackCouplersDiffuse
[LOG 14:55:47.002] Load DDS texture: Squad/Parts/Utility/stackCouplers/Assets/stackCouplersDiffuse_Dark
[LOG 14:55:47.004] Load DDS texture: Squad/Parts/Utility/stackCouplers/Assets/stackCouplersDiffuse_Orange
[LOG 14:55:47.005] Load DDS texture: Squad/Parts/Utility/stackCouplers/Assets/stackCouplers_NRM
[LOG 14:55:47.006] Load DDS texture: Squad/Parts/Utility/stackCouplers/Assets/stackCouplers_Orange_NRM
[LOG 14:55:47.008] Load DDS texture: Squad/Parts/Wheel/LandingGear/Flare
[LOG 14:55:47.008] Load DDS texture: Squad/Parts/Wheel/LandingGear/LandingGear
[LOG 14:55:47.009] Load DDS texture: Squad/Parts/Wheel/LandingGear/LandingGear_Emissive
[LOG 14:55:47.011] Load DDS texture: Squad/Parts/Wheel/roverWheelM1/model000
[LOG 14:55:47.011] Load DDS texture: Squad/Parts/Wheel/roverWheelM1/roverwheel1
[LOG 14:55:47.011] Load DDS texture: Squad/Parts/Wheel/roverWheelS2/model000
[LOG 14:55:47.011] Load DDS texture: Squad/Parts/Wheel/roverWheelS2/model001
[LOG 14:55:47.012] Load DDS texture: Squad/Parts/Wheel/roverWheelS2/roverwheel2
[LOG 14:55:47.012] Load DDS texture: Squad/Parts/Wheel/roverWheelS2/roverwheel2_n
[LOG 14:55:47.012] Load DDS texture: Squad/Parts/Wheel/roverWheelTR-2L/ksp_r_medWheel_diff
[LOG 14:55:47.014] Load DDS texture: Squad/Parts/Wheel/roverWheelTR-2L/ksp_r_medWheel_normal
[LOG 14:55:47.014] Load DDS texture: Squad/Parts/Wheel/roverWheelTR-2L/ksp_r_medWheel_wheel_diff
[LOG 14:55:47.016] Load DDS texture: Squad/Parts/Wheel/roverWheelTR-2L/ksp_r_medWheel_wheel_normal
[LOG 14:55:47.017] Load DDS texture: Squad/Parts/Wheel/roverWheelXL3/mount
[LOG 14:55:47.019] Load DDS texture: Squad/Parts/Wheel/roverWheelXL3/mount_n
[LOG 14:55:47.019] Load DDS texture: Squad/Parts/Wheel/roverWheelXL3/wheel
[LOG 14:55:47.019] Load DDS texture: Squad/Parts/Wheel/roverWheelXL3/wheel_n
[LOG 14:55:47.020] Load DDS texture: Squad/Props/AltimeterThreeHands/model000
[LOG 14:55:47.020] Load DDS texture: Squad/Props/AltimeterThreeHands/model001
[LOG 14:55:47.020] Load DDS texture: Squad/Props/AtmosphereDepth/model000
[LOG 14:55:47.020] Load DDS texture: Squad/Props/AtmosphereDepth/model001
[LOG 14:55:47.020] Load DDS texture: Squad/Props/AxisIndicator/model000
[LOG 14:55:47.020] Load DDS texture: Squad/Props/buttonsGeneric/ButtonsAndSwitches
[LOG 14:55:47.020] Load DDS texture: Squad/Props/ButtonSquare/model000
[LOG 14:55:47.021] Load DDS texture: Squad/Props/circularButton/model000
[LOG 14:55:47.021] Load DDS texture: Squad/Props/Compass/model000
[LOG 14:55:47.021] Load DDS texture: Squad/Props/directionalKnob/model000
[LOG 14:55:47.021] Load DDS texture: Squad/Props/directionalKnob2/model000
[LOG 14:55:47.021] Load DDS texture: Squad/Props/IndicatorPanel/model000
[LOG 14:55:47.022] Load DDS texture: Squad/Props/IndicatorPanel/model001
[LOG 14:55:47.022] Load DDS texture: Squad/Props/IVANavBall/Arrows8dir
[LOG 14:55:47.022] Load DDS texture: Squad/Props/IVANavBall/IVANavBall
[LOG 14:55:47.022] Load DDS texture: Squad/Props/IVANavBall/IVANavBall_Glow
[LOG 14:55:47.022] Load DDS texture: Squad/Props/IVANavBall/ManeuverNode_vectors
[LOG 14:55:47.022] Load DDS texture: Squad/Props/IVANavBall/navball2
[LOG 14:55:47.022] Load DDS texture: Squad/Props/IVANavBall/navBall_DV_IVA
[LOG 14:55:47.022] Load DDS texture: Squad/Props/IVANavBall/navBall_vectors_IVA
[LOG 14:55:47.023] Load Cached PNG Texture: Squad/Props/IVANavBallNoBase/Arrows8dir
[LOG 14:55:47.023] Load Cached PNG Texture: Squad/Props/IVANavBallNoBase/IVANavBall
[LOG 14:55:47.023] Load Cached PNG Texture: Squad/Props/IVANavBallNoBase/ManeuverNode_vectors
[LOG 14:55:47.023] Load Cached PNG Texture: Squad/Props/IVANavBallNoBase/navball2
[LOG 14:55:47.023] Load Cached PNG Texture: Squad/Props/IVANavBallNoBase/navBall_DV_IVA
[LOG 14:55:47.023] Load Cached PNG Texture: Squad/Props/IVANavBallNoBase/navBall_vectors_IVA
[LOG 14:55:47.023] Load DDS texture: Squad/Props/ledPanelSpeed/circularButton
[LOG 14:55:47.023] Load DDS texture: Squad/Props/ledPanelSpeed/ledPanel
[LOG 14:55:47.023] Load DDS texture: Squad/Props/Monitor/Emissives
[LOG 14:55:47.024] Load DDS texture: Squad/Props/Monitor/Emissives_glow
[LOG 14:55:47.024] Load DDS texture: Squad/Props/Monitor/Monitor
[LOG 14:55:47.024] Load DDS texture: Squad/Props/NavBall/GaugeGee
[LOG 14:55:47.024] Load DDS texture: Squad/Props/NavBall/GaugeThrottle
[LOG 14:55:47.024] Load DDS texture: Squad/Props/NavBall/model000
[LOG 14:55:47.025] Load DDS texture: Squad/Props/NavBall/model001
[LOG 14:55:47.025] Load DDS texture: Squad/Props/NavBall/model002
[LOG 14:55:47.025] Load DDS texture: Squad/Props/NavBall/model003
[LOG 14:55:47.025] Load DDS texture: Squad/Props/PropsGeneric/propsGeneric
[LOG 14:55:47.026] Load DDS texture: Squad/Props/pullSwitch/model000
[LOG 14:55:47.026] Load DDS texture: Squad/Props/pullSwitch/model001
[LOG 14:55:47.026] Load DDS texture: Squad/Props/radarAltitude/model000
[LOG 14:55:47.027] Load DDS texture: Squad/Props/squareButton/model000
[LOG 14:55:47.027] Load DDS texture: Squad/Props/standingSwitch/model000
[LOG 14:55:47.027] Load DDS texture: Squad/Props/standingSwitch/model001
[LOG 14:55:47.027] Load DDS texture: Squad/Props/switch/model000
[LOG 14:55:47.030] Load DDS texture: Squad/Props/switchGuard/model000
[LOG 14:55:47.030] Load DDS texture: Squad/Props/switchWithGuards/model000
[LOG 14:55:47.030] Load DDS texture: Squad/Props/switchWithGuards/model001
[LOG 14:55:47.030] Load DDS texture: Squad/Props/switchWithGuards/model002
[LOG 14:55:47.031] Load DDS texture: Squad/Props/throttle/model000
[LOG 14:55:47.031] Load DDS texture: Squad/Props/throttle/model001
[LOG 14:55:47.032] Load DDS texture: Squad/Props/VSI/model000
[LOG 14:55:47.032] Load DDS texture: Squad/Spaces/crewCabinInternals/model000
[LOG 14:55:47.032] Load DDS texture: Squad/Spaces/crewCabinInternals/model001
[LOG 14:55:47.038] Load DDS texture: Squad/Spaces/crewCabinInternals/model002
[LOG 14:55:47.039] Load DDS texture: Squad/Spaces/crewCabinInternals/model003
[LOG 14:55:47.039] Load DDS texture: Squad/Spaces/crewCabinInternals/model004
[LOG 14:55:47.039] Load DDS texture: Squad/Spaces/crewCabinInternals/model005
[LOG 14:55:47.041] Load DDS texture: Squad/Spaces/cupolaInternal/ksp_l_cupola_internal_diff
[LOG 14:55:47.046] Load DDS texture: Squad/Spaces/cupolaInternal/ksp_l_cupola_internal_normal
[LOG 14:55:47.054] Load DDS texture: Squad/Spaces/cupolaInternal/ksp_l_cupola_internal_windows_alpha
[LOG 14:55:47.056] Load DDS texture: Squad/Spaces/cupolaInternal/pilot Seat
[LOG 14:55:47.058] Load DDS texture: Squad/Spaces/GenericSpace1/model000
[LOG 14:55:47.061] Load DDS texture: Squad/Spaces/GenericSpace1/model001
[LOG 14:55:47.065] Load DDS texture: Squad/Spaces/GenericSpace1/model002
[LOG 14:55:47.066] Load DDS texture: Squad/Spaces/GenericSpace1/model003
[LOG 14:55:47.068] Load DDS texture: Squad/Spaces/GenericSpace1/model004
[LOG 14:55:47.069] Load DDS texture: Squad/Spaces/GenericSpace1/model005
[LOG 14:55:47.072] Load DDS texture: Squad/Spaces/GenericSpace3/model000
[LOG 14:55:47.075] Load DDS texture: Squad/Spaces/GenericSpace3/model001
[LOG 14:55:47.075] Load DDS texture: Squad/Spaces/GenericSpace3/model002
[LOG 14:55:47.076] Load DDS texture: Squad/Spaces/GenericSpace3/model003
[LOG 14:55:47.077] Load DDS texture: Squad/Spaces/GenericSpace3/model004
[LOG 14:55:47.078] Load DDS texture: Squad/Spaces/GenericSpace3/model005
[LOG 14:55:47.079] Load DDS texture: Squad/Spaces/GenericSpace3/model006
[LOG 14:55:47.080] Load DDS texture: Squad/Spaces/GenericSpace3/model007
[LOG 14:55:47.081] Load DDS texture: Squad/Spaces/landerCabinInternals/model000
[LOG 14:55:47.082] Load DDS texture: Squad/Spaces/landerCabinInternals/model001
[LOG 14:55:47.084] Load DDS texture: Squad/Spaces/landerCabinInternals/model002
[LOG 14:55:47.086] Load DDS texture: Squad/Spaces/landerCabinInternals/model003
[LOG 14:55:47.091] Load DDS texture: Squad/Spaces/landerCabinInternals/model004
[LOG 14:55:47.092] Load DDS texture: Squad/Spaces/landerCabinInternals/model005
[LOG 14:55:47.093] Load DDS texture: Squad/Spaces/landerCabinInternals/model006
[LOG 14:55:47.094] Load DDS texture: Squad/Spaces/landerCabinInternals/model007
[LOG 14:55:47.094] Load DDS texture: Squad/Spaces/landerCabinSmallInternal/ksp_s_landerCan_internal_diff
[LOG 14:55:47.101] Load DDS texture: Squad/Spaces/landerCabinSmallInternal/ksp_s_landerCan_internal_normal
[LOG 14:55:47.108] Load DDS texture: Squad/Spaces/landerCabinSmallInternal/ksp_s_landerCan_internal_window_alpha
[LOG 14:55:47.109] Load DDS texture: Squad/Spaces/landerCabinSmallInternal/pilot Seat
[LOG 14:55:47.112] Load DDS texture: Squad/Spaces/LargeCrewedLabInternals/Glass
[LOG 14:55:47.112] Load DDS texture: Squad/Spaces/LargeCrewedLabInternals/MPL_Int
[LOG 14:55:47.117] Load DDS texture: Squad/Spaces/LargeCrewedLabInternals/MPL_Int_n_NRM
[LOG 14:55:47.118] Load DDS texture: Squad/Spaces/Mk1-3/Mk1_3_IvaProps_Diffuse
[LOG 14:55:47.122] Load DDS texture: Squad/Spaces/Mk1-3/Mk1_3_IvaProps_Normal
[LOG 14:55:47.127] Load DDS texture: Squad/Spaces/Mk1-3/Mk1_3_IvaShell_Diffuse
[LOG 14:55:47.132] Load DDS texture: Squad/Spaces/Mk1-3/Mk1_3_IvaShell_Emissive
[LOG 14:55:47.140] Load DDS texture: Squad/Spaces/Mk1-3/Mk1_3_IvaShell_Normal
[LOG 14:55:47.145] Load DDS texture: Squad/Spaces/Mk1-3/pilot Seat
[LOG 14:55:47.147] Load DDS texture: Squad/Spaces/mk1CabinInternal/Cabin_Lightmap
[LOG 14:55:47.149] Load DDS texture: Squad/Spaces/mk1CabinInternal/CockpitGeneric
[LOG 14:55:47.149] Load DDS texture: Squad/Spaces/mk1CabinInternal/CockpitGeneric_NRM
[LOG 14:55:47.149] Load DDS texture: Squad/Spaces/mk1CockpitInternal/CockpitGeneric
[LOG 14:55:47.149] Load DDS texture: Squad/Spaces/mk1CockpitInternal/CockpitGeneric_NRM
[LOG 14:55:47.149] Load DDS texture: Squad/Spaces/mk1CockpitInternal/IVAMAP
[LOG 14:55:47.149] Load DDS texture: Squad/Spaces/mk1CockpitInternal/Windows
[LOG 14:55:47.150] Load DDS texture: Squad/Spaces/mk1InlineInternal/Canopy
[LOG 14:55:47.151] Load DDS texture: Squad/Spaces/mk1InlineInternal/CockpitGeneric
[LOG 14:55:47.151] Load DDS texture: Squad/Spaces/mk1InlineInternal/CockpitGeneric_NRM
[LOG 14:55:47.151] Load DDS texture: Squad/Spaces/mk1InlineInternal/Mk1Inline_Lightmap
[LOG 14:55:47.151] Load DDS texture: Squad/Spaces/mk1PodCockpit/model000
[LOG 14:55:47.152] Load DDS texture: Squad/Spaces/mk1PodCockpit/model001
[LOG 14:55:47.154] Load DDS texture: Squad/Spaces/mk1PodCockpit/model002
[LOG 14:55:47.156] Load DDS texture: Squad/Spaces/mk1PodCockpit/model003
[LOG 14:55:47.158] Load DDS texture: Squad/Spaces/mk1PodCockpit/model004
[LOG 14:55:47.162] Load DDS texture: Squad/Spaces/mk1PodCockpit/model005
[LOG 14:55:47.165] Load DDS texture: Squad/Spaces/mk1PodCockpit/model006
[LOG 14:55:47.165] Load DDS texture: Squad/Spaces/mk1PodCockpit/model007
[LOG 14:55:47.166] Load DDS texture: Squad/Spaces/mk1pod_IVA/mk1pod_iva_props_diffuse
[LOG 14:55:47.174] Load DDS texture: Squad/Spaces/mk1pod_IVA/mk1pod_iva_props_emissive
[LOG 14:55:47.175] Load DDS texture: Squad/Spaces/mk1pod_IVA/mk1pod_iva_props_normal
[LOG 14:55:47.180] Load DDS texture: Squad/Spaces/mk1pod_IVA/mk1pod_iva_shell_diffuse
[LOG 14:55:47.187] Load DDS texture: Squad/Spaces/mk1pod_IVA/mk1pod_iva_shell_normal
[LOG 14:55:47.195] Load MBM texture: Squad/Spaces/mk1pod_IVA/pilot Seat
[LOG 14:55:47.245] Load DDS texture: Squad/Spaces/mk2CockpitStandardInternal/CargoBagA
[LOG 14:55:47.246] Load DDS texture: Squad/Spaces/mk2CockpitStandardInternal/Mk2StandardIVA
[LOG 14:55:47.246] Load DDS texture: Squad/Spaces/mk2CockpitStandardInternal/Pilotseat
[LOG 14:55:47.246] Load DDS texture: Squad/Spaces/mk2CockpitStandardInternal/Windows
[LOG 14:55:47.246] Load DDS texture: Squad/Spaces/Mk2CrewCabinInternal/CargoBagA
[LOG 14:55:47.247] Load DDS texture: Squad/Spaces/Mk2CrewCabinInternal/Glass
[LOG 14:55:47.247] Load DDS texture: Squad/Spaces/Mk2CrewCabinInternal/Mk2StandardIVA
[LOG 14:55:47.247] Load DDS texture: Squad/Spaces/Mk2CrewCabinInternal/Pilotseat
[LOG 14:55:47.247] Load DDS texture: Squad/Spaces/mk2InlineInternal/CockpitGeneric
[LOG 14:55:47.249] Load DDS texture: Squad/Spaces/mk2InlineInternal/CockpitGeneric_NRM
[LOG 14:55:47.250] Load DDS texture: Squad/Spaces/mk2InlineInternal/Mk2InlineLightmap
[LOG 14:55:47.251] Load DDS texture: Squad/Spaces/mk2InlineInternal/propsGeneric
[LOG 14:55:47.253] Load DDS texture: Squad/Spaces/mk2LanderCanInternal/mk2LanderCan_props_diffuse
[LOG 14:55:47.258] Load DDS texture: Squad/Spaces/mk2LanderCanInternal/mk2LanderCan_props_normal
[LOG 14:55:47.265] Load DDS texture: Squad/Spaces/mk2LanderCanInternal/mk2LanderCan_shell_diffuse
[LOG 14:55:47.272] Load DDS texture: Squad/Spaces/mk2LanderCanInternal/mk2LanderCan_shell_normal
[LOG 14:55:47.280] Load MBM texture: Squad/Spaces/mk2LanderCanInternal/pilot Seat
[LOG 14:55:47.329] Load DDS texture: Squad/Spaces/MK3CockpitInternal/Glass
[LOG 14:55:47.329] Load DDS texture: Squad/Spaces/MK3CockpitInternal/Mk2StandardIVA
[LOG 14:55:47.329] Load DDS texture: Squad/Spaces/MK3_CrewCab_Int/Glass
[LOG 14:55:47.329] Load DDS texture: Squad/Spaces/MK3_CrewCab_Int/GlassMK3CC
[LOG 14:55:47.330] Load DDS texture: Squad/Spaces/MK3_CrewCab_Int/Mk2StandardIVA
[LOG 14:55:47.330] Load DDS texture: Squad/Spaces/MK3_CrewCab_Int/MK3_CrewCab_Int
[LOG 14:55:47.338] Load DDS texture: Squad/Spaces/MK3_CrewCab_Int/MK3_CrewCab_Int_n
[LOG 14:55:47.338] Load DDS texture: Squad/Spaces/MK3_CrewCab_Int/Pilotseat
[LOG 14:55:47.338] Load DDS texture: Squad/Spaces/Placeholder/PlaceholderIVA
[LOG 14:55:47.338] Load DDS texture: Squad/Spaces/PodCockpit/model000
[LOG 14:55:47.339] Load DDS texture: Squad/Spaces/PodCockpit/model001
[LOG 14:55:47.340] Load DDS texture: Squad/Spaces/PodCockpit/model002
[LOG 14:55:47.342] Load DDS texture: Squad/Spaces/PodCockpit/model003
[LOG 14:55:47.343] Load DDS texture: Squad/Spaces/PodCockpit/model004
[LOG 14:55:47.344] Load DDS texture: Squad/Spaces/PodCockpit/model005
[LOG 14:55:47.345] Load DDS texture: Squad/Spaces/PodCockpit/model006
[LOG 14:55:47.346] Load DDS texture: Squad/Spaces/PodCockpit/model007
[LOG 14:55:47.347] Load DDS texture: Squad/Spaces/sharedAssets/CockpitGeneric
[LOG 14:55:47.349] Load DDS texture: Squad/Spaces/sharedAssets/CockpitGeneric_NRM
[LOG 14:55:47.350] Load Cached PNG Texture: Squad/Strategies/Icons/AggressiveNegotiations
[LOG 14:55:47.352] Load Cached PNG Texture: Squad/Strategies/Icons/AppreciationCampaign
[LOG 14:55:47.352] Load Cached PNG Texture: Squad/Strategies/Icons/BailOutGrant
[LOG 14:55:47.352] Load Cached PNG Texture: Squad/Strategies/Icons/FundraisingCampaign
[LOG 14:55:47.352] Load Cached PNG Texture: Squad/Strategies/Icons/LeadershipInitiative
[LOG 14:55:47.352] Load Cached PNG Texture: Squad/Strategies/Icons/OpenSourceTechProgram
[LOG 14:55:47.352] Load Cached PNG Texture: Squad/Strategies/Icons/OutsourcedResearch
[LOG 14:55:47.352] Load Cached PNG Texture: Squad/Strategies/Icons/PatentsLicensing
[LOG 14:55:47.352] Load Cached PNG Texture: Squad/Strategies/Icons/RecoveryTransponderFitting
[LOG 14:55:47.352] Load Cached PNG Texture: Squad/Strategies/Icons/ResearchRightsSellOut
[LOG 14:55:47.352] Load Cached PNG Texture: Squad/Strategies/Icons/UnpaidResearchProgram
[LOG 14:55:47.352] Load Cached PNG Texture: Squad/Tutorials/ChuteColors
[LOG 14:55:47.353] Load DDS texture: Squad/Tutorials/EditorCoM
[LOG 14:55:47.353] Load Cached PNG Texture: Squad/Tutorials/EditorSnap
[LOG 14:55:47.353] Load Cached PNG Texture: Squad/Tutorials/EditorSnap4x
[LOG 14:55:47.353] Load Cached PNG Texture: Squad/Tutorials/EditorSymm
[LOG 14:55:47.353] Load Cached PNG Texture: Squad/Tutorials/StagingStack
[LOG 14:55:47.353] Load PNG texture: Squad/Tutorials/YPRDiagram
[WRN 14:55:47.354] Texture isn't eligible for DXT compression, width and height must be multiples of 4
[LOG 14:55:47.354] Load Cached PNG Texture: SquadExpansion/MakingHistory/Banners/Fail/default
[LOG 14:55:47.354] Load Cached PNG Texture: SquadExpansion/MakingHistory/Banners/Fail/fail01
[LOG 14:55:47.354] Load Cached PNG Texture: SquadExpansion/MakingHistory/Banners/Fail/fail02
[LOG 14:55:47.354] Load PNG texture: SquadExpansion/MakingHistory/Banners/Menu/default
[WRN 14:55:47.357] Texture isn't eligible for DXT compression, width and height must be multiples of 4
[LOG 14:55:47.357] Load PNG texture: SquadExpansion/MakingHistory/Banners/Menu/MBanner_01
[WRN 14:55:47.361] Texture isn't eligible for DXT compression, width and height must be multiples of 4
[LOG 14:55:47.361] Load PNG texture: SquadExpansion/MakingHistory/Banners/Menu/MBanner_02
[WRN 14:55:47.365] Texture isn't eligible for DXT compression, width and height must be multiples of 4
[LOG 14:55:47.366] Load PNG texture: SquadExpansion/MakingHistory/Banners/Menu/MBanner_03
[WRN 14:55:47.370] Texture isn't eligible for DXT compression, width and height must be multiples of 4
[LOG 14:55:47.373] Load Cached PNG Texture: SquadExpansion/MakingHistory/Banners/Success/default
[LOG 14:55:47.373] Load Cached PNG Texture: SquadExpansion/MakingHistory/Banners/Success/success01
[LOG 14:55:47.373] Load Cached PNG Texture: SquadExpansion/MakingHistory/Banners/Success/success02
[LOG 14:55:47.373] Load Cached PNG Texture: SquadExpansion/MakingHistory/Missions/Acapello 13/Banners/Fail/fail01
[LOG 14:55:47.373] Load PNG texture: SquadExpansion/MakingHistory/Missions/Acapello 13/Banners/Menu/Mun
[WRN 14:55:47.376] Texture isn't eligible for DXT compression, width and height must be multiples of 4
[LOG 14:55:47.376] Load Cached PNG Texture: SquadExpansion/MakingHistory/Missions/Acapello 13/Banners/Success/success01
[LOG 14:55:47.376] Load Cached PNG Texture: SquadExpansion/MakingHistory/Missions/Acapello 15/Banners/Fail/default
[LOG 14:55:47.376] Load Cached PNG Texture: SquadExpansion/MakingHistory/Missions/Acapello 15/Banners/Fail/fail02
[LOG 14:55:47.376] Load PNG texture: SquadExpansion/MakingHistory/Missions/Acapello 15/Banners/Menu/default
[WRN 14:55:47.379] Texture isn't eligible for DXT compression, width and height must be multiples of 4
[LOG 14:55:47.379] Load Cached PNG Texture: SquadExpansion/MakingHistory/Missions/Acapello 15/Banners/Success/default
[LOG 14:55:47.379] Load Cached PNG Texture: SquadExpansion/MakingHistory/Missions/Blue Mun/Banners/Fail/fail01
[LOG 14:55:47.379] Load PNG texture: SquadExpansion/MakingHistory/Missions/Blue Mun/Banners/Menu/default
[WRN 14:55:47.382] Texture isn't eligible for DXT compression, width and height must be multiples of 4
[LOG 14:55:47.382] Load Cached PNG Texture: SquadExpansion/MakingHistory/Missions/Blue Mun/Banners/Success/success02
[LOG 14:55:47.382] Load Cached PNG Texture: SquadExpansion/MakingHistory/Missions/Dawn of the Space Age/Banners/Fail/default
[LOG 14:55:47.382] Load PNG texture: SquadExpansion/MakingHistory/Missions/Dawn of the Space Age/Banners/Menu/default
[WRN 14:55:47.385] Texture isn't eligible for DXT compression, width and height must be multiples of 4
[LOG 14:55:47.385] Load Cached PNG Texture: SquadExpansion/MakingHistory/Missions/Dawn of the Space Age/Banners/Success/default
[LOG 14:55:47.385] Load Cached PNG Texture: SquadExpansion/MakingHistory/Missions/Meet Me in Zero G/Banners/Fail/default
[LOG 14:55:47.385] Load Cached PNG Texture: SquadExpansion/MakingHistory/Missions/Meet Me in Zero G/Banners/Fail/fail01
[LOG 14:55:47.385] Load PNG texture: SquadExpansion/MakingHistory/Missions/Meet Me in Zero G/Banners/Menu/default
[WRN 14:55:47.388] Texture isn't eligible for DXT compression, width and height must be multiples of 4
[LOG 14:55:47.388] Load Cached PNG Texture: SquadExpansion/MakingHistory/Missions/Meet Me in Zero G/Banners/Success/default
[LOG 14:55:47.388] Load Cached PNG Texture: SquadExpansion/MakingHistory/Missions/Meet Me in Zero G/Banners/Success/success02
[LOG 14:55:47.388] Load Cached PNG Texture: SquadExpansion/MakingHistory/Missions/Munar 1/Banners/Fail/default
[LOG 14:55:47.388] Load Cached PNG Texture: SquadExpansion/MakingHistory/Missions/Munar 1/Banners/Fail/fail02
[LOG 14:55:47.388] Load PNG texture: SquadExpansion/MakingHistory/Missions/Munar 1/Banners/Menu/default
[WRN 14:55:47.391] Texture isn't eligible for DXT compression, width and height must be multiples of 4
[LOG 14:55:47.391] Load Cached PNG Texture: SquadExpansion/MakingHistory/Missions/Munar 1/Banners/Success/default
[LOG 14:55:47.391] Load Cached PNG Texture: SquadExpansion/MakingHistory/Missions/Munar 1/Banners/Success/success01
[LOG 14:55:47.391] Load Cached PNG Texture: SquadExpansion/MakingHistory/Missions/Sally-Hut 1/Banners/Fail/default
[LOG 14:55:47.391] Load Cached PNG Texture: SquadExpansion/MakingHistory/Missions/Sally-Hut 1/Banners/Fail/fail01
[LOG 14:55:47.391] Load Cached PNG Texture: SquadExpansion/MakingHistory/Missions/Sally-Hut 1/Banners/Menu/bannerSatellite
[LOG 14:55:47.392] Load Cached PNG Texture: SquadExpansion/MakingHistory/Missions/Sally-Hut 1/Banners/Success/default
[LOG 14:55:47.392] Load Cached PNG Texture: SquadExpansion/MakingHistory/Missions/Sally-Hut 1/Banners/Success/success02
[LOG 14:55:47.392] Load Cached PNG Texture: SquadExpansion/MakingHistory/Missions/To the Mun Via Minmus/Banners/Fail/fail02
[LOG 14:55:47.392] Load PNG texture: SquadExpansion/MakingHistory/Missions/To the Mun Via Minmus/Banners/Menu/MissionBannerKerbin
[WRN 14:55:47.395] Texture isn't eligible for DXT compression, width and height must be multiples of 4
[LOG 14:55:47.395] Load Cached PNG Texture: SquadExpansion/MakingHistory/Missions/To the Mun Via Minmus/Banners/Success/success01
[LOG 14:55:47.396] Load Cached PNG Texture: SquadExpansion/MakingHistory/Missions/Trouble in the Void/Banners/Fail/fail01
[LOG 14:55:47.396] Load PNG texture: SquadExpansion/MakingHistory/Missions/Trouble in the Void/Banners/Menu/default
[WRN 14:55:47.398] Texture isn't eligible for DXT compression, width and height must be multiples of 4
[LOG 14:55:47.398] Load Cached PNG Texture: SquadExpansion/MakingHistory/Missions/Trouble in the Void/Banners/Success/success02
[LOG 14:55:47.398] Load Cached PNG Texture: SquadExpansion/MakingHistory/Missions/Ziggy Kerman and the Spiders from Duna/Banners/Fail/fail02
[LOG 14:55:47.398] Load Cached PNG Texture: SquadExpansion/MakingHistory/Missions/Ziggy Kerman and the Spiders from Duna/Banners/Menu/bannerSatellite
[LOG 14:55:47.400] Load Cached PNG Texture: SquadExpansion/MakingHistory/Missions/Ziggy Kerman and the Spiders from Duna/Banners/Success/success01
[LOG 14:55:47.401] Load Cached PNG Texture: SquadExpansion/MakingHistory/Parts/@thumbs/Decoupler.1p5_icon0
[LOG 14:55:47.401] Load Cached PNG Texture: SquadExpansion/MakingHistory/Parts/@thumbs/Decoupler.1p5_icon1
[LOG 14:55:47.401] Load Cached PNG Texture: SquadExpansion/MakingHistory/Parts/@thumbs/EquiTriangle0_icon0
[LOG 14:55:47.401] Load Cached PNG Texture: SquadExpansion/MakingHistory/Parts/@thumbs/EquiTriangle0_icon1
[LOG 14:55:47.401] Load Cached PNG Texture: SquadExpansion/MakingHistory/Parts/@thumbs/EquiTriangle0_icon2
[LOG 14:55:47.401] Load Cached PNG Texture: SquadExpansion/MakingHistory/Parts/@thumbs/EquiTriangle0_icon3
[LOG 14:55:47.401] Load Cached PNG Texture: SquadExpansion/MakingHistory/Parts/@thumbs/EquiTriangle1p5_icon0
[LOG 14:55:47.401] Load Cached PNG Texture: SquadExpansion/MakingHistory/Parts/@thumbs/EquiTriangle1p5_icon1
[LOG 14:55:47.401] Load Cached PNG Texture: SquadExpansion/MakingHistory/Parts/@thumbs/EquiTriangle1p5_icon2
[LOG 14:55:47.403] Load Cached PNG Texture: SquadExpansion/MakingHistory/Parts/@thumbs/EquiTriangle1p5_icon3
[LOG 14:55:47.403] Load Cached PNG Texture: SquadExpansion/MakingHistory/Parts/@thumbs/EquiTriangle1_icon0
[LOG 14:55:47.403] Load Cached PNG Texture: SquadExpansion/MakingHistory/Parts/@thumbs/EquiTriangle1_icon1
[LOG 14:55:47.403] Load Cached PNG Texture: SquadExpansion/MakingHistory/Parts/@thumbs/EquiTriangle1_icon2
[LOG 14:55:47.403] Load Cached PNG Texture: SquadExpansion/MakingHistory/Parts/@thumbs/EquiTriangle1_icon3
[LOG 14:55:47.403] Load Cached PNG Texture: SquadExpansion/MakingHistory/Parts/@thumbs/EquiTriangle2_icon0
[LOG 14:55:47.403] Load Cached PNG Texture: SquadExpansion/MakingHistory/Parts/@thumbs/EquiTriangle2_icon1
[LOG 14:55:47.403] Load Cached PNG Texture: SquadExpansion/MakingHistory/Parts/@thumbs/EquiTriangle2_icon2
[LOG 14:55:47.403] Load Cached PNG Texture: SquadExpansion/MakingHistory/Parts/@thumbs/EquiTriangle2_icon3
[LOG 14:55:47.403] Load Cached PNG Texture: SquadExpansion/MakingHistory/Parts/@thumbs/HeatShield1p5_icon
[LOG 14:55:47.403] Load Cached PNG Texture: SquadExpansion/MakingHistory/Parts/@thumbs/InflatableAirlock_icon
[LOG 14:55:47.404] Load Cached PNG Texture: SquadExpansion/MakingHistory/Parts/@thumbs/LiquidEngineRV-1_icon
[LOG 14:55:47.404] Load Cached PNG Texture: SquadExpansion/MakingHistory/Parts/@thumbs/monopropMiniSphere_icon
[LOG 14:55:47.404] Load Cached PNG Texture: SquadExpansion/MakingHistory/Parts/@thumbs/Panel0_icon0
[LOG 14:55:47.404] Load Cached PNG Texture: SquadExpansion/MakingHistory/Parts/@thumbs/Panel0_icon1
[LOG 14:55:47.404] Load Cached PNG Texture: SquadExpansion/MakingHistory/Parts/@thumbs/Panel0_icon2
[LOG 14:55:47.404] Load Cached PNG Texture: SquadExpansion/MakingHistory/Parts/@thumbs/Panel0_icon3
[LOG 14:55:47.404] Load Cached PNG Texture: SquadExpansion/MakingHistory/Parts/@thumbs/Panel1p5_icon0
[LOG 14:55:47.404] Load Cached PNG Texture: SquadExpansion/MakingHistory/Parts/@thumbs/Panel1p5_icon1
[LOG 14:55:47.404] Load Cached PNG Texture: SquadExpansion/MakingHistory/Parts/@thumbs/Panel1p5_icon2
[LOG 14:55:47.404] Load Cached PNG Texture: SquadExpansion/MakingHistory/Parts/@thumbs/Panel1p5_icon3
[LOG 14:55:47.404] Load Cached PNG Texture: SquadExpansion/MakingHistory/Parts/@thumbs/Panel1_icon0
[LOG 14:55:47.404] Load Cached PNG Texture: SquadExpansion/MakingHistory/Parts/@thumbs/Panel1_icon1
[LOG 14:55:47.404] Load Cached PNG Texture: SquadExpansion/MakingHistory/Parts/@thumbs/Panel1_icon2
[LOG 14:55:47.404] Load Cached PNG Texture: SquadExpansion/MakingHistory/Parts/@thumbs/Panel1_icon3
[LOG 14:55:47.406] Load Cached PNG Texture: SquadExpansion/MakingHistory/Parts/@thumbs/roverWheelM1-F_icon0
[LOG 14:55:47.406] Load Cached PNG Texture: SquadExpansion/MakingHistory/Parts/@thumbs/roverWheelM1-F_icon1
[LOG 14:55:47.406] Load Cached PNG Texture: SquadExpansion/MakingHistory/Parts/@thumbs/Separator.1p5_icon0
[LOG 14:55:47.406] Load Cached PNG Texture: SquadExpansion/MakingHistory/Parts/@thumbs/Separator.1p5_icon1
[LOG 14:55:47.406] Load Cached PNG Texture: SquadExpansion/MakingHistory/Parts/@thumbs/Size1p5.Strut.Decoupler_icon0
[LOG 14:55:47.406] Load Cached PNG Texture: SquadExpansion/MakingHistory/Parts/@thumbs/Size1p5.Strut.Decoupler_icon1
[LOG 14:55:47.406] Load Cached PNG Texture: SquadExpansion/MakingHistory/Parts/@thumbs/Size1to0ServiceModule_icon
[LOG 14:55:47.406] Load Cached PNG Texture: SquadExpansion/MakingHistory/Parts/@thumbs/Triangle0_icon0
[LOG 14:55:47.406] Load Cached PNG Texture: SquadExpansion/MakingHistory/Parts/@thumbs/Triangle0_icon1
[LOG 14:55:47.406] Load Cached PNG Texture: SquadExpansion/MakingHistory/Parts/@thumbs/Triangle0_icon2
[LOG 14:55:47.406] Load Cached PNG Texture: SquadExpansion/MakingHistory/Parts/@thumbs/Triangle0_icon3
[LOG 14:55:47.406] Load Cached PNG Texture: SquadExpansion/MakingHistory/Parts/@thumbs/Triangle1p5_icon0
[LOG 14:55:47.406] Load Cached PNG Texture: SquadExpansion/MakingHistory/Parts/@thumbs/Triangle1p5_icon1
[LOG 14:55:47.407] Load Cached PNG Texture: SquadExpansion/MakingHistory/Parts/@thumbs/Triangle1p5_icon2
[LOG 14:55:47.407] Load Cached PNG Texture: SquadExpansion/MakingHistory/Parts/@thumbs/Triangle1p5_icon3
[LOG 14:55:47.407] Load Cached PNG Texture: SquadExpansion/MakingHistory/Parts/@thumbs/Triangle1_icon0
[LOG 14:55:47.407] Load Cached PNG Texture: SquadExpansion/MakingHistory/Parts/@thumbs/Triangle1_icon1
[LOG 14:55:47.407] Load Cached PNG Texture: SquadExpansion/MakingHistory/Parts/@thumbs/Triangle1_icon2
[LOG 14:55:47.407] Load Cached PNG Texture: SquadExpansion/MakingHistory/Parts/@thumbs/Triangle1_icon3
[LOG 14:55:47.407] Load Cached PNG Texture: SquadExpansion/MakingHistory/Parts/@thumbs/Triangle2_icon0
[LOG 14:55:47.407] Load Cached PNG Texture: SquadExpansion/MakingHistory/Parts/@thumbs/Triangle2_icon1
[LOG 14:55:47.407] Load Cached PNG Texture: SquadExpansion/MakingHistory/Parts/@thumbs/Triangle2_icon2
[LOG 14:55:47.407] Load Cached PNG Texture: SquadExpansion/MakingHistory/Parts/@thumbs/Triangle2_icon3
[LOG 14:55:47.407] Load Cached PNG Texture: SquadExpansion/MakingHistory/Parts/@thumbs/Tube1_icon0
[LOG 14:55:47.407] Load Cached PNG Texture: SquadExpansion/MakingHistory/Parts/@thumbs/Tube1_icon1
[LOG 14:55:47.408] Load Cached PNG Texture: SquadExpansion/MakingHistory/Parts/@thumbs/Tube1_icon2
[LOG 14:55:47.408] Load Cached PNG Texture: SquadExpansion/MakingHistory/Parts/@thumbs/Tube1_icon3
[LOG 14:55:47.408] Load Cached PNG Texture: SquadExpansion/MakingHistory/Parts/@thumbs/Tube1_icon4
[LOG 14:55:47.408] Load Cached PNG Texture: SquadExpansion/MakingHistory/Parts/Aero/protectiveRocketNoseMk5A/s1p5_cone
[LOG 14:55:47.409] Load Cached PNG Texture: SquadExpansion/MakingHistory/Parts/Aero/protectiveRocketNoseMk5A/s1p5_cone_Orange
[LOG 14:55:47.410] Load DDS texture: SquadExpansion/MakingHistory/Parts/Coupling/Assets/airlock
[LOG 14:55:47.411] Load DDS texture: SquadExpansion/MakingHistory/Parts/Coupling/Assets/airlock_N
[LOG 14:55:47.411] Load DDS texture: SquadExpansion/MakingHistory/Parts/Coupling/Assets/EnginePlate
[LOG 14:55:47.411] Load DDS texture: SquadExpansion/MakingHistory/Parts/Coupling/Assets/Size1_5_Decoupler_grey
[LOG 14:55:47.412] Load DDS texture: SquadExpansion/MakingHistory/Parts/Coupling/Assets/Size1_5_Decoupler_orange
[LOG 14:55:47.412] Load DDS texture: SquadExpansion/MakingHistory/Parts/Engine/Assets/KE-1
[LOG 14:55:47.413] Load DDS texture: SquadExpansion/MakingHistory/Parts/Engine/Assets/KE-1_BASE
[LOG 14:55:47.414] Load DDS texture: SquadExpansion/MakingHistory/Parts/Engine/Assets/LV-T87
[LOG 14:55:47.415] Load DDS texture: SquadExpansion/MakingHistory/Parts/Engine/Assets/LV-T91
[LOG 14:55:47.415] Load DDS texture: SquadExpansion/MakingHistory/Parts/Engine/Assets/RE-I2
[LOG 14:55:47.421] Load DDS texture: SquadExpansion/MakingHistory/Parts/Engine/Assets/RE-J10
[LOG 14:55:47.421] Load DDS texture: SquadExpansion/MakingHistory/Parts/Engine/Assets/RE-J10_N
[LOG 14:55:47.423] Load DDS texture: SquadExpansion/MakingHistory/Parts/Engine/Assets/RK-7
[LOG 14:55:47.426] Load DDS texture: SquadExpansion/MakingHistory/Parts/Engine/Assets/RK-7_N
[LOG 14:55:47.427] Load DDS texture: SquadExpansion/MakingHistory/Parts/Engine/solidBoosterTHK/SolidBoosterS2-17_emissive
[LOG 14:55:47.432] Load DDS texture: SquadExpansion/MakingHistory/Parts/Engine/solidBoosterTHK/solidBoosterTHK_diffuse
[LOG 14:55:47.440] Load DDS texture: SquadExpansion/MakingHistory/Parts/FuelTank/Assets/Size1p5_02
[LOG 14:55:47.441] Load DDS texture: SquadExpansion/MakingHistory/Parts/FuelTank/Assets/Size1p5_02_ALT01
[LOG 14:55:47.442] Load DDS texture: SquadExpansion/MakingHistory/Parts/FuelTank/Assets/Size1p5_02_ALT02
[LOG 14:55:47.443] Load DDS texture: SquadExpansion/MakingHistory/Parts/FuelTank/Assets/Size1p5_02_ALT02_normal
[LOG 14:55:47.444] Load DDS texture: SquadExpansion/MakingHistory/Parts/FuelTank/Assets/Size1p5_mono
[LOG 14:55:47.446] Load DDS texture: SquadExpansion/MakingHistory/Parts/FuelTank/Assets/Size1p5_mono_2
[LOG 14:55:47.447] Load DDS texture: SquadExpansion/MakingHistory/Parts/FuelTank/Assets/Size1p5_mono_N
[LOG 14:55:47.448] Load DDS texture: SquadExpansion/MakingHistory/Parts/FuelTank/Assets/Size1_5_TankAdapters
[LOG 14:55:47.450] Load DDS texture: SquadExpansion/MakingHistory/Parts/FuelTank/Assets/Size1_5_TankAdapters_ALT01
[LOG 14:55:47.450] Load DDS texture: SquadExpansion/MakingHistory/Parts/FuelTank/Assets/Size1_5_TankAdapters_ALT02
[LOG 14:55:47.452] Load DDS texture: SquadExpansion/MakingHistory/Parts/FuelTank/Assets/Size1_5_TankAdapters_ALT02nm
[LOG 14:55:47.453] Load DDS texture: SquadExpansion/MakingHistory/Parts/FuelTank/Assets/Size1_5_TankAdapters_N
[LOG 14:55:47.454] Load DDS texture: SquadExpansion/MakingHistory/Parts/FuelTank/Assets/Size1_5_Tanks
[LOG 14:55:47.455] Load DDS texture: SquadExpansion/MakingHistory/Parts/FuelTank/Assets/Size1_5_Tanks_ALT02
[LOG 14:55:47.456] Load DDS texture: SquadExpansion/MakingHistory/Parts/FuelTank/Assets/Size1_5_Tanks_ALT02_nm
[LOG 14:55:47.458] Load DDS texture: SquadExpansion/MakingHistory/Parts/FuelTank/Assets/Size1_5_Tanks_grey
[LOG 14:55:47.458] Load DDS texture: SquadExpansion/MakingHistory/Parts/FuelTank/Assets/Size4_Tanks
[LOG 14:55:47.466] Load DDS texture: SquadExpansion/MakingHistory/Parts/FuelTank/Assets/Size4_Tanks_N
[LOG 14:55:47.474] Load DDS texture: SquadExpansion/MakingHistory/Parts/Ground/Assets/RoverWheel
[LOG 14:55:47.474] Load DDS texture: SquadExpansion/MakingHistory/Parts/Ground/Assets/RoverWheelG
[LOG 14:55:47.474] Load DDS texture: SquadExpansion/MakingHistory/Parts/Payload/Assets/Size1to0ServiceBay
[LOG 14:55:47.475] Load DDS texture: SquadExpansion/MakingHistory/Parts/Payload/Assets/Size1to0ServiceBay_n
[LOG 14:55:47.482] Load DDS texture: SquadExpansion/MakingHistory/Parts/Payload/Assets/SM18_diffuse
[LOG 14:55:47.487] Load Cached PNG Texture: SquadExpansion/MakingHistory/Parts/Payload/Assets/SM18_NRM
[LOG 14:55:47.493] Load DDS texture: SquadExpansion/MakingHistory/Parts/Payload/Assets/SM18_specular
[LOG 14:55:47.499] Load DDS texture: SquadExpansion/MakingHistory/Parts/Payload/Assets/SM25_diffuse
[LOG 14:55:47.508] Load DDS texture: SquadExpansion/MakingHistory/Parts/Payload/Assets/SM25_normals
[LOG 14:55:47.508] Load DDS texture: SquadExpansion/MakingHistory/Parts/Pods/Assets/KV1
[LOG 14:55:47.511] Load DDS texture: SquadExpansion/MakingHistory/Parts/Pods/Assets/KV1_GLOW
[LOG 14:55:47.511] Load DDS texture: SquadExpansion/MakingHistory/Parts/Pods/Assets/KV2
[LOG 14:55:47.512] Load DDS texture: SquadExpansion/MakingHistory/Parts/Pods/Assets/KV3
[LOG 14:55:47.514] Load DDS texture: SquadExpansion/MakingHistory/Parts/Pods/Assets/Mk2Pod
[LOG 14:55:47.515] Load DDS texture: SquadExpansion/MakingHistory/Parts/Pods/Assets/Mk2Pod_GLOW
[LOG 14:55:47.516] Load DDS texture: SquadExpansion/MakingHistory/Parts/Pods/Assets/Mk2Pod_n
[LOG 14:55:47.517] Load DDS texture: SquadExpansion/MakingHistory/Parts/Pods/Assets/Size1_5_Lander
[LOG 14:55:47.517] Load DDS texture: SquadExpansion/MakingHistory/Parts/Pods/Assets/Size1_5_Lander_GLOW
[LOG 14:55:47.518] Load DDS texture: SquadExpansion/MakingHistory/Parts/SharedAssets/Shrouds
[LOG 14:55:47.521] Load DDS texture: SquadExpansion/MakingHistory/Parts/SharedAssets/Shrouds_N
[LOG 14:55:47.521] Load DDS texture: SquadExpansion/MakingHistory/Parts/Structural/Assets/NormalMap
[LOG 14:55:47.524] Load DDS texture: SquadExpansion/MakingHistory/Parts/Structural/Assets/Panels
[LOG 14:55:47.527] Load DDS texture: SquadExpansion/MakingHistory/Parts/Structural/Assets/Panels_Dark_D
[LOG 14:55:47.533] Load DDS texture: SquadExpansion/MakingHistory/Parts/Structural/Assets/Panels_Gold_D
[LOG 14:55:47.534] Load Cached PNG Texture: SquadExpansion/MakingHistory/Parts/Structural/Assets/Panels_Gold_NRM
[LOG 14:55:47.537] Load DDS texture: SquadExpansion/MakingHistory/Parts/Structural/Assets/Panels_Gold_S
[LOG 14:55:47.539] Load DDS texture: SquadExpansion/MakingHistory/Parts/Structural/Assets/Panels_Silver_D
[LOG 14:55:47.545] Load DDS texture: SquadExpansion/MakingHistory/Parts/Structural/Assets/Panels_Silver_S
[LOG 14:55:47.547] Load Cached PNG Texture: SquadExpansion/MakingHistory/Ships/@thumbs/VAB/Acapello
[LOG 14:55:47.547] Load Cached PNG Texture: SquadExpansion/MakingHistory/Ships/@thumbs/VAB/Beta Centaurus
[LOG 14:55:47.548] Load Cached PNG Texture: SquadExpansion/MakingHistory/Ships/@thumbs/VAB/Goliath II HLV
[LOG 14:55:47.548] Load Cached PNG Texture: SquadExpansion/MakingHistory/Ships/@thumbs/VAB/Muna 1
[LOG 14:55:47.548] Load Cached PNG Texture: SquadExpansion/MakingHistory/Ships/@thumbs/VAB/Sally-Hut 1
[LOG 14:55:47.548] Load Cached PNG Texture: SquadExpansion/MakingHistory/Ships/@thumbs/VAB/SWM-94 Communications Satellite
[LOG 14:55:47.548] Load Cached PNG Texture: SquadExpansion/MakingHistory/Ships/@thumbs/VAB/Valshkod 2
[LOG 14:55:47.548] Load DDS texture: SquadExpansion/MakingHistory/Spaces/KVPods/airlock
[LOG 14:55:47.549] Load DDS texture: SquadExpansion/MakingHistory/Spaces/KVPods/airlock_N
[LOG 14:55:47.549] Load DDS texture: SquadExpansion/MakingHistory/Spaces/KVPods/KV1_Props_Diffuse
[LOG 14:55:47.564] Load DDS texture: SquadExpansion/MakingHistory/Spaces/KVPods/KV1_Props_Normal
[LOG 14:55:47.570] Load DDS texture: SquadExpansion/MakingHistory/Spaces/KVPods/KV1_Shell_Diffuse
[LOG 14:55:47.578] Load DDS texture: SquadExpansion/MakingHistory/Spaces/KVPods/KV1_Shell_Emissive
[LOG 14:55:47.580] Load DDS texture: SquadExpansion/MakingHistory/Spaces/KVPods/KV1_Shell_Normal
[LOG 14:55:47.587] Load DDS texture: SquadExpansion/MakingHistory/Spaces/KVPods/KV1_Vzor_Diffuse
[LOG 14:55:47.588] Load DDS texture: SquadExpansion/MakingHistory/Spaces/KVPods/KV2_Props_Diffuse
[LOG 14:55:47.593] Load DDS texture: SquadExpansion/MakingHistory/Spaces/KVPods/KV2_Props_Emissive
[LOG 14:55:47.598] Load DDS texture: SquadExpansion/MakingHistory/Spaces/KVPods/KV2_Props_Normal
[LOG 14:55:47.605] Load DDS texture: SquadExpansion/MakingHistory/Spaces/KVPods/KV2_Shell_Diffuse
[LOG 14:55:47.613] Load DDS texture: SquadExpansion/MakingHistory/Spaces/KVPods/KV2_Shell_Normal
[LOG 14:55:47.620] Load DDS texture: SquadExpansion/MakingHistory/Spaces/KVPods/KV3_Props_Diffuse
[LOG 14:55:47.626] Load DDS texture: SquadExpansion/MakingHistory/Spaces/KVPods/KV3_Props_Normal
[LOG 14:55:47.631] Load DDS texture: SquadExpansion/MakingHistory/Spaces/KVPods/KV3_Shell_Diffuse
[LOG 14:55:47.636] Load DDS texture: SquadExpansion/MakingHistory/Spaces/KVPods/KV3_Shell_Normal
[LOG 14:55:47.640] Load DDS texture: SquadExpansion/MakingHistory/Spaces/KVPods/motor
[LOG 14:55:47.641] Load DDS texture: SquadExpansion/MakingHistory/Spaces/KVPods/pilot Seat
[LOG 14:55:47.642] Load DDS texture: SquadExpansion/MakingHistory/Spaces/MEM/PANELS_AO
[LOG 14:55:47.649] Load DDS texture: SquadExpansion/MakingHistory/Spaces/MEM/PANELS_EMISSIVE
[LOG 14:55:47.656] Load DDS texture: SquadExpansion/MakingHistory/Spaces/MEM/PANELS_NORMAL
[LOG 14:55:47.661] Load DDS texture: SquadExpansion/MakingHistory/Spaces/MEM/pilot Seat
[LOG 14:55:47.662] Load DDS texture: SquadExpansion/MakingHistory/Spaces/MEM/propsGeneric
[LOG 14:55:47.663] Load DDS texture: SquadExpansion/MakingHistory/Spaces/MEM/PROPS_AO
[LOG 14:55:47.668] Load DDS texture: SquadExpansion/MakingHistory/Spaces/MEM/PROPS_EMISSIVE
[LOG 14:55:47.668] Load DDS texture: SquadExpansion/MakingHistory/Spaces/MEM/PROPS_NORMAL
[LOG 14:55:47.673] Load DDS texture: SquadExpansion/MakingHistory/Spaces/Mk2Pod/DIfuse_controlboard
[LOG 14:55:47.679] Load DDS texture: SquadExpansion/MakingHistory/Spaces/Mk2Pod/Normal_controlbard
[LOG 14:55:47.687] Load DDS texture: SquadExpansion/MakingHistory/Spaces/Mk2Pod/Outershell_Base_Color
[LOG 14:55:47.694] Load DDS texture: SquadExpansion/MakingHistory/Spaces/Mk2Pod/Outershell_Normal
[LOG 14:55:47.701] Load DDS texture: SquadExpansion/MakingHistory/Spaces/Mk2Pod/pilot Seat
[LOG 14:55:47.702] Load Cached PNG Texture: SquadExpansion/Serenity/Parts/@thumbs/controller1000_icon
[LOG 14:55:47.702] Load Cached PNG Texture: SquadExpansion/Serenity/Parts/@thumbs/DeployedCentralStation_icon
[LOG 14:55:47.702] Load Cached PNG Texture: SquadExpansion/Serenity/Parts/@thumbs/DeployedGoExOb_icon
[LOG 14:55:47.702] Load Cached PNG Texture: SquadExpansion/Serenity/Parts/@thumbs/DeployedIONExp_icon
[LOG 14:55:47.703] Load Cached PNG Texture: SquadExpansion/Serenity/Parts/@thumbs/DeployedRTG_icon
[LOG 14:55:47.703] Load Cached PNG Texture: SquadExpansion/Serenity/Parts/@thumbs/DeployedSatDish_icon
[LOG 14:55:47.703] Load Cached PNG Texture: SquadExpansion/Serenity/Parts/@thumbs/DeployedSeismicSensor_icon
[LOG 14:55:47.703] Load Cached PNG Texture: SquadExpansion/Serenity/Parts/@thumbs/DeployedSolarPanel_icon
[LOG 14:55:47.704] Load Cached PNG Texture: SquadExpansion/Serenity/Parts/@thumbs/DeployedWeatherStn_icon
[LOG 14:55:47.704] Load Cached PNG Texture: SquadExpansion/Serenity/Parts/@thumbs/FanShroud.01_icon0
[LOG 14:55:47.704] Load Cached PNG Texture: SquadExpansion/Serenity/Parts/@thumbs/FanShroud.01_icon1
[LOG 14:55:47.704] Load Cached PNG Texture: SquadExpansion/Serenity/Parts/@thumbs/FanShroud.02_icon0
[LOG 14:55:47.704] Load Cached PNG Texture: SquadExpansion/Serenity/Parts/@thumbs/FanShroud.02_icon1
[LOG 14:55:47.704] Load Cached PNG Texture: SquadExpansion/Serenity/Parts/@thumbs/hinge.01.s_icon0
[LOG 14:55:47.704] Load Cached PNG Texture: SquadExpansion/Serenity/Parts/@thumbs/hinge.01.s_icon1
[LOG 14:55:47.704] Load Cached PNG Texture: SquadExpansion/Serenity/Parts/@thumbs/hinge.01_icon0
[LOG 14:55:47.704] Load Cached PNG Texture: SquadExpansion/Serenity/Parts/@thumbs/hinge.01_icon1
[LOG 14:55:47.704] Load Cached PNG Texture: SquadExpansion/Serenity/Parts/@thumbs/hinge.03.s_icon0
[LOG 14:55:47.704] Load Cached PNG Texture: SquadExpansion/Serenity/Parts/@thumbs/hinge.03.s_icon1
[LOG 14:55:47.704] Load Cached PNG Texture: SquadExpansion/Serenity/Parts/@thumbs/hinge.03_icon0
[LOG 14:55:47.705] Load Cached PNG Texture: SquadExpansion/Serenity/Parts/@thumbs/hinge.03_icon1
[LOG 14:55:47.705] Load Cached PNG Texture: SquadExpansion/Serenity/Parts/@thumbs/largeFanBlade_icon0
[LOG 14:55:47.705] Load Cached PNG Texture: SquadExpansion/Serenity/Parts/@thumbs/largeFanBlade_icon1
[LOG 14:55:47.705] Load Cached PNG Texture: SquadExpansion/Serenity/Parts/@thumbs/largePropeller_icon0
[LOG 14:55:47.705] Load Cached PNG Texture: SquadExpansion/Serenity/Parts/@thumbs/largePropeller_icon1
[LOG 14:55:47.706] Load Cached PNG Texture: SquadExpansion/Serenity/Parts/@thumbs/lGripPad_icon0
[LOG 14:55:47.706] Load Cached PNG Texture: SquadExpansion/Serenity/Parts/@thumbs/lGripPad_icon1
[LOG 14:55:47.706] Load Cached PNG Texture: SquadExpansion/Serenity/Parts/@thumbs/lGripStrip_icon
[LOG 14:55:47.706] Load Cached PNG Texture: SquadExpansion/Serenity/Parts/@thumbs/mediumFanBlade_icon0
[LOG 14:55:47.706] Load Cached PNG Texture: SquadExpansion/Serenity/Parts/@thumbs/mediumFanBlade_icon1
[LOG 14:55:47.706] Load Cached PNG Texture: SquadExpansion/Serenity/Parts/@thumbs/mediumPropeller_icon0
[LOG 14:55:47.706] Load Cached PNG Texture: SquadExpansion/Serenity/Parts/@thumbs/mediumPropeller_icon1
[LOG 14:55:47.707] Load Cached PNG Texture: SquadExpansion/Serenity/Parts/@thumbs/mGripPad_icon0
[LOG 14:55:47.707] Load Cached PNG Texture: SquadExpansion/Serenity/Parts/@thumbs/mGripPad_icon1
[LOG 14:55:47.707] Load Cached PNG Texture: SquadExpansion/Serenity/Parts/@thumbs/noseconeTiny_icon
[LOG 14:55:47.707] Load Cached PNG Texture: SquadExpansion/Serenity/Parts/@thumbs/noseconeVS_icon
[LOG 14:55:47.707] Load Cached PNG Texture: SquadExpansion/Serenity/Parts/@thumbs/piston.01_icon0
[LOG 14:55:47.707] Load Cached PNG Texture: SquadExpansion/Serenity/Parts/@thumbs/piston.01_icon1
[LOG 14:55:47.707] Load Cached PNG Texture: SquadExpansion/Serenity/Parts/@thumbs/piston.02_icon0
[LOG 14:55:47.707] Load Cached PNG Texture: SquadExpansion/Serenity/Parts/@thumbs/piston.02_icon1
[LOG 14:55:47.707] Load Cached PNG Texture: SquadExpansion/Serenity/Parts/@thumbs/piston.03_icon0
[LOG 14:55:47.707] Load Cached PNG Texture: SquadExpansion/Serenity/Parts/@thumbs/piston.03_icon1
[LOG 14:55:47.708] Load Cached PNG Texture: SquadExpansion/Serenity/Parts/@thumbs/piston.04_icon0
[LOG 14:55:47.708] Load Cached PNG Texture: SquadExpansion/Serenity/Parts/@thumbs/piston.04_icon1
[LOG 14:55:47.708] Load Cached PNG Texture: SquadExpansion/Serenity/Parts/@thumbs/RobotArmScanner.S1_icon
[LOG 14:55:47.708] Load Cached PNG Texture: SquadExpansion/Serenity/Parts/@thumbs/RobotArmScanner.S2_icon
[LOG 14:55:47.708] Load Cached PNG Texture: SquadExpansion/Serenity/Parts/@thumbs/RobotArmScanner.S3_icon
[LOG 14:55:47.708] Load Cached PNG Texture: SquadExpansion/Serenity/Parts/@thumbs/rotor.01s_icon0
[LOG 14:55:47.708] Load Cached PNG Texture: SquadExpansion/Serenity/Parts/@thumbs/rotor.01s_icon1
[LOG 14:55:47.708] Load Cached PNG Texture: SquadExpansion/Serenity/Parts/@thumbs/rotor.01_icon0
[LOG 14:55:47.708] Load Cached PNG Texture: SquadExpansion/Serenity/Parts/@thumbs/rotor.01_icon1
[LOG 14:55:47.708] Load Cached PNG Texture: SquadExpansion/Serenity/Parts/@thumbs/rotor.02s_icon0
[LOG 14:55:47.709] Load Cached PNG Texture: SquadExpansion/Serenity/Parts/@thumbs/rotor.02s_icon1
[LOG 14:55:47.709] Load Cached PNG Texture: SquadExpansion/Serenity/Parts/@thumbs/rotor.02_icon0
[LOG 14:55:47.709] Load Cached PNG Texture: SquadExpansion/Serenity/Parts/@thumbs/rotor.02_icon1
[LOG 14:55:47.709] Load Cached PNG Texture: SquadExpansion/Serenity/Parts/@thumbs/RotorEngine.02_icon
[LOG 14:55:47.709] Load Cached PNG Texture: SquadExpansion/Serenity/Parts/@thumbs/rotoServo.00_icon0
[LOG 14:55:47.709] Load Cached PNG Texture: SquadExpansion/Serenity/Parts/@thumbs/rotoServo.00_icon1
[LOG 14:55:47.709] Load Cached PNG Texture: SquadExpansion/Serenity/Parts/@thumbs/rotoServo.02_icon0
[LOG 14:55:47.709] Load Cached PNG Texture: SquadExpansion/Serenity/Parts/@thumbs/rotoServo.02_icon1
[LOG 14:55:47.709] Load Cached PNG Texture: SquadExpansion/Serenity/Parts/@thumbs/rotoServo.03_icon0
[LOG 14:55:47.710] Load Cached PNG Texture: SquadExpansion/Serenity/Parts/@thumbs/rotoServo.03_icon1
[LOG 14:55:47.710] Load Cached PNG Texture: SquadExpansion/Serenity/Parts/@thumbs/sGripPad_icon0
[LOG 14:55:47.710] Load Cached PNG Texture: SquadExpansion/Serenity/Parts/@thumbs/sGripPad_icon1
[LOG 14:55:47.710] Load Cached PNG Texture: SquadExpansion/Serenity/Parts/@thumbs/sGripStrip_icon
[LOG 14:55:47.710] Load Cached PNG Texture: SquadExpansion/Serenity/Parts/@thumbs/smallFanBlade_icon0
[LOG 14:55:47.710] Load Cached PNG Texture: SquadExpansion/Serenity/Parts/@thumbs/smallFanBlade_icon1
[LOG 14:55:47.710] Load Cached PNG Texture: SquadExpansion/Serenity/Parts/@thumbs/smallHeliBlade_icon0
[LOG 14:55:47.710] Load Cached PNG Texture: SquadExpansion/Serenity/Parts/@thumbs/smallHeliBlade_icon1
[LOG 14:55:47.710] Load Cached PNG Texture: SquadExpansion/Serenity/Parts/@thumbs/smallPropeller_icon0
[LOG 14:55:47.710] Load Cached PNG Texture: SquadExpansion/Serenity/Parts/@thumbs/smallPropeller_icon1
[LOG 14:55:47.711] Load DDS texture: SquadExpansion/Serenity/Parts/Aero/Assets/copterBlades_diffuse
[LOG 14:55:47.711] Load DDS texture: SquadExpansion/Serenity/Parts/Aero/Assets/shroudsDiffuse_color
[LOG 14:55:47.711] Load DDS texture: SquadExpansion/Serenity/Parts/Aero/Assets/shroudsDiffuse_plain
[LOG 14:55:47.711] Load Cached PNG Texture: SquadExpansion/Serenity/Parts/DeployedScience/MockupTexture
[LOG 14:55:47.711] Load DDS texture: SquadExpansion/Serenity/Parts/DeployedScience/Assets/centralStation_diffuse
[LOG 14:55:47.713] Load DDS texture: SquadExpansion/Serenity/Parts/DeployedScience/Assets/centralStation_emissive
[LOG 14:55:47.739] Load DDS texture: SquadExpansion/Serenity/Parts/DeployedScience/Assets/GenericParts_diffuse
[LOG 14:55:47.739] Load DDS texture: SquadExpansion/Serenity/Parts/DeployedScience/Assets/GenericParts_emissive
[LOG 14:55:47.744] Load DDS texture: SquadExpansion/Serenity/Parts/DeployedScience/Assets/GenericParts_normal
[LOG 14:55:47.744] Load DDS texture: SquadExpansion/Serenity/Parts/DeployedScience/Assets/goex_diffuse
[LOG 14:55:47.747] Load DDS texture: SquadExpansion/Serenity/Parts/DeployedScience/Assets/goex_specMapped
[LOG 14:55:47.750] Load DDS texture: SquadExpansion/Serenity/Parts/DeployedScience/Assets/Grid
[LOG 14:55:47.751] Load DDS texture: SquadExpansion/Serenity/Parts/DeployedScience/Assets/IonExperiment_diffuse
[LOG 14:55:47.752] Load DDS texture: SquadExpansion/Serenity/Parts/DeployedScience/Assets/RTGCask_diffuse
[LOG 14:55:47.753] Load DDS texture: SquadExpansion/Serenity/Parts/DeployedScience/Assets/satDish_diffuse
[LOG 14:55:47.755] Load Cached PNG Texture: SquadExpansion/Serenity/Parts/DeployedScience/Assets/Scratch
[LOG 14:55:47.756] Load DDS texture: SquadExpansion/Serenity/Parts/DeployedScience/Assets/Screen2
[LOG 14:55:47.756] Load DDS texture: SquadExpansion/Serenity/Parts/DeployedScience/Assets/Screen3
[LOG 14:55:47.757] Load DDS texture: SquadExpansion/Serenity/Parts/DeployedScience/Assets/ScreenReadout
[LOG 14:55:47.757] Load DDS texture: SquadExpansion/Serenity/Parts/DeployedScience/Assets/seismicSensor_diffuse
[LOG 14:55:47.757] Load DDS texture: SquadExpansion/Serenity/Parts/DeployedScience/Assets/seismicSensor_nrm
[LOG 14:55:47.760] Load DDS texture: SquadExpansion/Serenity/Parts/DeployedScience/Assets/seismicSensor_specularMapped
[LOG 14:55:47.760] Load DDS texture: SquadExpansion/Serenity/Parts/DeployedScience/Assets/SolarGraph
[LOG 14:55:47.761] Load DDS texture: SquadExpansion/Serenity/Parts/DeployedScience/Assets/solarPanel_diffuse
[LOG 14:55:47.761] Load DDS texture: SquadExpansion/Serenity/Parts/DeployedScience/Assets/Waveleght3
[LOG 14:55:47.762] Load DDS texture: SquadExpansion/Serenity/Parts/DeployedScience/Assets/Wavelenght
[LOG 14:55:47.762] Load DDS texture: SquadExpansion/Serenity/Parts/DeployedScience/Assets/Wavelenght2
[LOG 14:55:47.762] Load DDS texture: SquadExpansion/Serenity/Parts/DeployedScience/Assets/wavelenght4
[LOG 14:55:47.762] Load DDS texture: SquadExpansion/Serenity/Parts/DeployedScience/Assets/wavelenght5
[LOG 14:55:47.762] Load DDS texture: SquadExpansion/Serenity/Parts/DeployedScience/Assets/WeatherStation [Normal]
[LOG 14:55:47.790] Load DDS texture: SquadExpansion/Serenity/Parts/DeployedScience/Assets/Weather_Station_diffuse
[LOG 14:55:47.799] Load DDS texture: SquadExpansion/Serenity/Parts/DeployedScience/Assets/Weather_Station_normal
[LOG 14:55:47.806] Load DDS texture: SquadExpansion/Serenity/Parts/Propellers/Assets/blade_diffuse
[LOG 14:55:47.807] Load DDS texture: SquadExpansion/Serenity/Parts/Propellers/Assets/copterBlades_diffuse
[LOG 14:55:47.808] Load DDS texture: SquadExpansion/Serenity/Parts/Propellers/Assets/fan_diffuse
[LOG 14:55:47.808] Load DDS texture: SquadExpansion/Serenity/Parts/Robotics/Assets/hinges-03-s_diffuse_Color
[LOG 14:55:47.808] Load DDS texture: SquadExpansion/Serenity/Parts/Robotics/Assets/hinges-03_diffuse_color
[LOG 14:55:47.809] Load DDS texture: SquadExpansion/Serenity/Parts/Robotics/Assets/hinges-03_diffuse_plain
[LOG 14:55:47.810] Load DDS texture: SquadExpansion/Serenity/Parts/Robotics/Assets/hinges_diffuse
[LOG 14:55:47.810] Load DDS texture: SquadExpansion/Serenity/Parts/Robotics/Assets/Hinge_diffuse_G-00_Color
[LOG 14:55:47.810] Load DDS texture: SquadExpansion/Serenity/Parts/Robotics/Assets/Hinge_diffuse_G-11_Color
[LOG 14:55:47.811] Load DDS texture: SquadExpansion/Serenity/Parts/Robotics/Assets/Hinge_diffuse_G-11_plain
[LOG 14:55:47.811] Load DDS texture: SquadExpansion/Serenity/Parts/Robotics/Assets/Hinge_normal
[LOG 14:55:47.811] Load DDS texture: SquadExpansion/Serenity/Parts/Robotics/Assets/RotorEngine_02_diffuse
[LOG 14:55:47.811] Load DDS texture: SquadExpansion/Serenity/Parts/Robotics/Assets/RotorEngine_03_diffuse
[LOG 14:55:47.813] Load DDS texture: SquadExpansion/Serenity/Parts/Robotics/Assets/RotorEngine_03_normal
[LOG 14:55:47.814] Load DDS texture: SquadExpansion/Serenity/Parts/Robotics/Assets/Rotor_01_diffuse_color
[LOG 14:55:47.815] Load DDS texture: SquadExpansion/Serenity/Parts/Robotics/Assets/Rotor_01_diffuse_plain
[LOG 14:55:47.816] Load DDS texture: SquadExpansion/Serenity/Parts/Robotics/Assets/Rotor_01_normal
[LOG 14:55:47.816] Load DDS texture: SquadExpansion/Serenity/Parts/Robotics/Assets/Rotor_01_specular_D
[LOG 14:55:47.816] Load DDS texture: SquadExpansion/Serenity/Parts/Robotics/Assets/Rotor_02_diffuse_color
[LOG 14:55:47.817] Load DDS texture: SquadExpansion/Serenity/Parts/Robotics/Assets/Rotor_03_diffuse_color
[LOG 14:55:47.818] Load DDS texture: SquadExpansion/Serenity/Parts/Robotics/Assets/Rotor_03_diffuse_plain
[LOG 14:55:47.820] Load DDS texture: SquadExpansion/Serenity/Parts/Robotics/Assets/Rotor_03_normal
[LOG 14:55:47.822] Load DDS texture: SquadExpansion/Serenity/Parts/Robotics/Assets/rotoServos_diffuse_color
[LOG 14:55:47.823] Load DDS texture: SquadExpansion/Serenity/Parts/Robotics/Assets/rotoServos_diffuse_plain
[LOG 14:55:47.824] Load DDS texture: SquadExpansion/Serenity/Parts/Robotics/Assets/rotoServos_nrm
[LOG 14:55:47.825] Load DDS texture: SquadExpansion/Serenity/Parts/Robotics/Controllers/roboController_diffuse
[LOG 14:55:47.826] Load DDS texture: SquadExpansion/Serenity/Parts/Robotics/Controllers/roboController_emissive
[LOG 14:55:47.826] Load Cached PNG Texture: SquadExpansion/Serenity/Parts/Science/RobotArmScanner/Assets/DrillBits
[LOG 14:55:47.826] Load DDS texture: SquadExpansion/Serenity/Parts/Science/RobotArmScanner/Assets/DustParticle
[WRN 14:55:47.826] Duplicate PNG texture 'SquadExpansion/Serenity/Parts/Science/RobotArmScanner/Assets/DustParticle' with extension 'png' won't be loaded
[LOG 14:55:47.826] Load DDS texture: SquadExpansion/Serenity/Parts/Science/RobotArmScanner/Assets/GenericParts_diffuse
[LOG 14:55:47.831] Load DDS texture: SquadExpansion/Serenity/Parts/Science/RobotArmScanner/Assets/GenericParts_normal
[LOG 14:55:47.837] Load DDS texture: SquadExpansion/Serenity/Parts/Science/RobotArmScanner/Assets/ROCArm3_diffuse
[LOG 14:55:47.843] Load DDS texture: SquadExpansion/Serenity/Parts/Science/RobotArmScanner/Assets/ROCArm3_normal
[LOG 14:55:47.849] Load DDS texture: SquadExpansion/Serenity/Parts/Science/RobotArmScanner/Assets/ROCArm_2_diffuse
[LOG 14:55:47.852] Load DDS texture: SquadExpansion/Serenity/Parts/Science/RobotArmScanner/Assets/ROCArm_2_normal
[LOG 14:55:47.855] Load Cached PNG Texture: SquadExpansion/Serenity/Parts/Science/RobotArmScanner/Assets/Scratch
[LOG 14:55:47.856] Load DDS texture: SquadExpansion/Serenity/Parts/Science/RobotArmScanner/Assets/SmallArm_diffuse
[LOG 14:55:47.857] Load DDS texture: SquadExpansion/Serenity/Parts/Science/RobotArmScanner/Assets/SmallArm_normal
[LOG 14:55:47.859] Load DDS texture: SquadExpansion/Serenity/Parts/Structural/gripPads/Assets/gripPads_diffuse
[LOG 14:55:47.860] Load DDS texture: SquadExpansion/Serenity/Parts/Structural/gripPads/Assets/gripPads_nrm
[LOG 14:55:47.862] Load Cached PNG Texture: SquadExpansion/Serenity/Ships/@thumbs/SPH/Arrow-E
[LOG 14:55:47.862] Load Cached PNG Texture: SquadExpansion/Serenity/Ships/@thumbs/SPH/Butterfly Rover
[LOG 14:55:47.863] Load Cached PNG Texture: SquadExpansion/Serenity/Ships/@thumbs/SPH/Jeb_s Quadtaxi
[LOG 14:55:47.863] Load Cached PNG Texture: SquadExpansion/Serenity/Ships/@thumbs/SPH/Kerbodyne Rotodyne
[LOG 14:55:47.863] Load Cached PNG Texture: SquadExpansion/Serenity/Ships/@thumbs/SPH/Seahawk
[LOG 14:55:47.863] Load Cached PNG Texture: SquadExpansion/Serenity/Ships/@thumbs/SPH/Val-Thopter
[LOG 14:55:47.865] Load MU model: Squad/FX/afterburner_flame
[LOG 14:55:47.873] Load MU model: Squad/FX/afterburner_shock
[LOG 14:55:47.874] Load MU model: Squad/FX/diamondBlue
[LOG 14:55:47.874] Load MU model: Squad/FX/exhaustFlames_blue
[LOG 14:55:47.990] Load MU model: Squad/FX/hydroLOXFlame
[LOG 14:55:47.991] Load MU model: Squad/FX/IonPlume
[LOG 14:55:47.991] Load MU model: Squad/FX/ks1_Exhaust
[LOG 14:55:47.991] Load MU model: Squad/FX/ks25_Exhaust
[LOG 14:55:47.992] Load MU model: Squad/FX/ksX_Exhaust
[LOG 14:55:47.992] Load MU model: Squad/FX/LES_Thruster
[LOG 14:55:47.992] Load MU model: Squad/FX/Monoprop_big
[LOG 14:55:47.993] Load MU model: Squad/FX/Monoprop_medium
[LOG 14:55:47.993] Load MU model: Squad/FX/Monoprop_small
[LOG 14:55:47.994] Load MU model: Squad/FX/shockExhaust_blue
[LOG 14:55:47.994] Load MU model: Squad/FX/shockExhaust_blue_small
[LOG 14:55:47.994] Load MU model: Squad/FX/shockExhaust_red_small
[LOG 14:55:47.998] Load MU model: Squad/FX/SRB_Large
[LOG 14:55:47.998] Load MU model: Squad/FX/SRB_LargeSparks
[LOG 14:55:47.998] Load MU model: Squad/Parts/Aero/aerodynamicNoseCone/aerodynamicNoseCone
[LOG 14:55:48.001] Load MU model: Squad/Parts/Aero/airbrake/Airbrake
[LOG 14:55:48.001] Load MU model: Squad/Parts/Aero/airIntakeRadialXM-G50/RadialIntake
[LOG 14:55:48.002] Load MU model: Squad/Parts/Aero/airlinerWings/ControlSurface
[LOG 14:55:48.002] Load MU model: Squad/Parts/Aero/airlinerWings/MainWing
[LOG 14:55:48.002] Load MU model: Squad/Parts/Aero/airlinerWings/TailFin
[LOG 14:55:48.004] Load MU model: Squad/Parts/Aero/airplaneFins/AdvCanard
[LOG 14:55:48.007] Load MU model: Squad/Parts/Aero/airplaneFins/Canard
[LOG 14:55:48.008] Load MU model: Squad/Parts/Aero/airplaneFins/Swept
[LOG 14:55:48.008] Load MU model: Squad/Parts/Aero/airplaneFins/TailFin
[LOG 14:55:48.008] Load MU model: Squad/Parts/Aero/basicFin/basicFin
[LOG 14:55:48.008] Load MU model: Squad/Parts/Aero/circularIntake/CircularIntake
[LOG 14:55:48.010] Load MU model: Squad/Parts/Aero/circularIntake/ConeIntake
[LOG 14:55:48.010] Load MU model: Squad/Parts/Aero/cones/Assets/AvioCone
[LOG 14:55:48.011] Load MU model: Squad/Parts/Aero/cones/Assets/ConeA
[LOG 14:55:48.011] Load MU model: Squad/Parts/Aero/cones/Assets/ConeB
[LOG 14:55:48.011] Load MU model: Squad/Parts/Aero/cones/Assets/NCS
[LOG 14:55:48.012] Load MU model: Squad/Parts/Aero/cones/Assets/orangeNoseCone
[LOG 14:55:48.012] Load MU model: Squad/Parts/Aero/cones/Assets/rocketNoseCone
[LOG 14:55:48.012] Load MU model: Squad/Parts/Aero/cones/Assets/rocketNoseCone_v2
[LOG 14:55:48.014] Load MU model: Squad/Parts/Aero/cones/Assets/rocketNoseCone_v3
[LOG 14:55:48.016] Load MU model: Squad/Parts/Aero/cones/Assets/TailA
[LOG 14:55:48.016] Load MU model: Squad/Parts/Aero/cones/Assets/TailB
[LOG 14:55:48.016] Load MU model: Squad/Parts/Aero/cones/Assets/TinyCone
[LOG 14:55:48.019] Load MU model: Squad/Parts/Aero/fairings/AutoTruss
[LOG 14:55:48.019] Load MU model: Squad/Parts/Aero/fairings/fairingSize1
[LOG 14:55:48.019] Load MU model: Squad/Parts/Aero/fairings/fairingSize2
[LOG 14:55:48.020] Load MU model: Squad/Parts/Aero/fairings/fairingSize3
[LOG 14:55:48.030] Load MU model: Squad/Parts/Aero/HeatShield/HeatShield0
[LOG 14:55:48.031] Load MU model: Squad/Parts/Aero/HeatShield/HeatShield1
[LOG 14:55:48.031] Load MU model: Squad/Parts/Aero/HeatShield/HeatShield2
[LOG 14:55:48.032] Load MU model: Squad/Parts/Aero/HeatShield/HeatShield3
[LOG 14:55:48.032] Load MU model: Squad/Parts/Aero/InflatableHeatShield/HeatShield
[LOG 14:55:48.037] Load MU model: Squad/Parts/Aero/intakeRadialLong/IntakeRadial
[LOG 14:55:48.037] Load MU model: Squad/Parts/Aero/miniIntake/SmallIntake
[LOG 14:55:48.037] Load MU model: Squad/Parts/Aero/ramAirIntake/RampIntake
[LOG 14:55:48.038] Load MU model: Squad/Parts/Aero/shuttleWings/ShuttleDeltaWing
[LOG 14:55:48.038] Load MU model: Squad/Parts/Aero/shuttleWings/ShuttleElevonA
[LOG 14:55:48.038] Load MU model: Squad/Parts/Aero/shuttleWings/ShuttleElevonB
[LOG 14:55:48.038] Load MU model: Squad/Parts/Aero/shuttleWings/ShuttleRudder
[LOG 14:55:48.038] Load MU model: Squad/Parts/Aero/shuttleWings/ShuttleStrake
[LOG 14:55:48.039] Load MU model: Squad/Parts/Aero/wingletAV-R8/model
[LOG 14:55:48.039] Load MU model: Squad/Parts/Aero/wingletAV-T1/model
[LOG 14:55:48.039] Load MU model: Squad/Parts/Aero/wingletDeltaDeluxe/model
[LOG 14:55:48.039] Load MU model: Squad/Parts/Aero/wings/connector1
[LOG 14:55:48.040] Load MU model: Squad/Parts/Aero/wings/connector2
[LOG 14:55:48.040] Load MU model: Squad/Parts/Aero/wings/connector3
[LOG 14:55:48.040] Load MU model: Squad/Parts/Aero/wings/connector4
[LOG 14:55:48.040] Load MU model: Squad/Parts/Aero/wings/connector5
[LOG 14:55:48.040] Load MU model: Squad/Parts/Aero/wings/delta
[LOG 14:55:48.040] Load MU model: Squad/Parts/Aero/wings/delta_small
[LOG 14:55:48.041] Load MU model: Squad/Parts/Aero/wings/elevon1
[LOG 14:55:48.041] Load MU model: Squad/Parts/Aero/wings/elevon2
[LOG 14:55:48.041] Load MU model: Squad/Parts/Aero/wings/elevon3
[LOG 14:55:48.041] Load MU model: Squad/Parts/Aero/wings/elevon4
[LOG 14:55:48.041] Load MU model: Squad/Parts/Aero/wings/elevon5
[LOG 14:55:48.041] Load MU model: Squad/Parts/Aero/wings/strake
[LOG 14:55:48.042] Load MU model: Squad/Parts/Aero/wings/structural1
[LOG 14:55:48.042] Load MU model: Squad/Parts/Aero/wings/structural2
[LOG 14:55:48.042] Load MU model: Squad/Parts/Aero/wings/structural3
[LOG 14:55:48.042] Load MU model: Squad/Parts/Aero/wings/structural4
[LOG 14:55:48.045] Load MU model: Squad/Parts/Aero/wings/swept1
[LOG 14:55:48.045] Load MU model: Squad/Parts/Aero/wings/swept2
[LOG 14:55:48.045] Load MU model: Squad/Parts/Cargo/CargoContainers/cargoContainer
[LOG 14:55:48.045] Load MU model: Squad/Parts/Cargo/CargoContainers/smallCargoContainer
[LOG 14:55:48.045] Load MU model: Squad/Parts/Cargo/Cylinder/EVAcylinder
[LOG 14:55:48.046] Load MU model: Squad/Parts/Cargo/GroundAnchor/groundAnchor
[LOG 14:55:48.046] Load MU model: Squad/Parts/Cargo/Jetpack/Jetpack
[LOG 14:55:48.051] Load MU model: Squad/Parts/Cargo/Parachute/Parachute
[LOG 14:55:48.051] Load MU model: Squad/Parts/Cargo/RepairKit/RepairKit
[LOG 14:55:48.070] Load MU model: Squad/Parts/Cargo/ScienceKit/ExperimentKit
[LOG 14:55:48.072] Load MU model: Squad/Parts/Cargo/StorageUnits/Assets/CargoStorageUnit
[LOG 14:55:48.072] Load MU model: Squad/Parts/Cargo/StorageUnits/Assets/ConformalStorageUnit
[LOG 14:55:48.073] Load MU model: Squad/Parts/Command/advancedSasModuleLarge/model
[LOG 14:55:48.073] Load MU model: Squad/Parts/Command/cupola/model
[LOG 14:55:48.077] Load MU model: Squad/Parts/Command/externalCommandSeat/model
[LOG 14:55:48.077] Load MU model: Squad/Parts/Command/hitchhikerStorageContainer/model
[LOG 14:55:48.077] Load MU model: Squad/Parts/Command/inlineAdvancedStabilizer/model
[LOG 14:55:48.078] Load MU model: Squad/Parts/Command/inlineReactionWheel/model
[LOG 14:55:48.078] Load MU model: Squad/Parts/Command/Mk1-3Pod/Mk1-3
[LOG 14:55:48.078] Load MU model: Squad/Parts/Command/mk1Cockpits/Cabin
[LOG 14:55:48.079] Load MU model: Squad/Parts/Command/mk1Cockpits/CockpitInline
[LOG 14:55:48.080] Load MU model: Squad/Parts/Command/mk1Cockpits/CockpitStandard
[LOG 14:55:48.098] Load MU model: Squad/Parts/Command/mk1LanderCan/model
[LOG 14:55:48.098] Load MU model: Squad/Parts/Command/mk1pod_v2/Mk1Pod_v2
[LOG 14:55:48.099] Load MU model: Squad/Parts/Command/mk2CockpitInline/model
[LOG 14:55:48.099] Load MU model: Squad/Parts/Command/mk2CockpitStandard/model
[LOG 14:55:48.100] Load MU model: Squad/Parts/Command/mk2DroneCore/model
[LOG 14:55:48.100] Load MU model: Squad/Parts/Command/mk2LanderCan/model
[LOG 14:55:48.103] Load MU model: Squad/Parts/Command/mk2LanderCan_v2/mk2LanderCan
[LOG 14:55:48.104] Load MU model: Squad/Parts/Command/mk3CockpitShuttle/model
[LOG 14:55:48.105] Load MU model: Squad/Parts/Command/MpoProbe/MpoProbe
[LOG 14:55:48.106] Load MU model: Squad/Parts/Command/MtmStage/MTM_Stage
[LOG 14:55:48.106] Load MU model: Squad/Parts/Command/probeCoreCube/probeCoreCube
[LOG 14:55:48.106] Load MU model: Squad/Parts/Command/probeCoreHex/model
[LOG 14:55:48.107] Load MU model: Squad/Parts/Command/probeCoreHex_v2/model
[LOG 14:55:48.107] Load MU model: Squad/Parts/Command/probeCoreOcto2_v2/probeCoreOcto2_v2
[LOG 14:55:48.107] Load MU model: Squad/Parts/Command/probeCoreOcto_v2/probeCoreOcto_v2
[LOG 14:55:48.107] Load MU model: Squad/Parts/Command/probeRoverBody/model
[LOG 14:55:48.108] Load MU model: Squad/Parts/Command/probeRoverBody_v2/probeRoverBody_v2
[LOG 14:55:48.108] Load MU model: Squad/Parts/Command/probeStackLarge/model
[LOG 14:55:48.108] Load MU model: Squad/Parts/Command/probeStackSmall/model
[LOG 14:55:48.108] Load MU model: Squad/Parts/Command/probeStackSphere_v2/probeStackSphere_v2
[LOG 14:55:48.108] Load MU model: Squad/Parts/CompoundParts/FuelLine/model
[LOG 14:55:48.109] Load MU model: Squad/Parts/CompoundParts/strutConnector/model
[LOG 14:55:48.111] Load MU model: Squad/Parts/Coupling/Assets/Decoupler_0
[LOG 14:55:48.111] Load MU model: Squad/Parts/Coupling/Assets/Decoupler_1
[LOG 14:55:48.112] Load MU model: Squad/Parts/Coupling/Assets/Decoupler_1p5
[LOG 14:55:48.112] Load MU model: Squad/Parts/Coupling/Assets/Decoupler_2
[LOG 14:55:48.112] Load MU model: Squad/Parts/Coupling/Assets/Decoupler_3
[LOG 14:55:48.113] Load MU model: Squad/Parts/Coupling/Assets/Decoupler_4
[LOG 14:55:48.113] Load MU model: Squad/Parts/Coupling/Assets/Separator_0
[LOG 14:55:48.114] Load MU model: Squad/Parts/Coupling/Assets/Separator_1
[LOG 14:55:48.114] Load MU model: Squad/Parts/Coupling/Assets/Separator_1p5
[LOG 14:55:48.115] Load MU model: Squad/Parts/Coupling/Assets/Separator_2
[LOG 14:55:48.115] Load MU model: Squad/Parts/Coupling/Assets/Separator_3
[LOG 14:55:48.116] Load MU model: Squad/Parts/Coupling/Assets/Separator_4
[LOG 14:55:48.116] Load MU model: Squad/Parts/Electrical/10CSolarPanels/assets/OX-10C
[LOG 14:55:48.119] Load MU model: Squad/Parts/Electrical/10CSolarPanels/assets/SP-10C
[LOG 14:55:48.122] Load MU model: Squad/Parts/Electrical/10LSolarPanels/assets/OX-10L
[LOG 14:55:48.123] Load MU model: Squad/Parts/Electrical/10LSolarPanels/assets/SP-10L
[LOG 14:55:48.125] Load MU model: Squad/Parts/Electrical/1x6ShroudSolarPanels/model
[LOG 14:55:48.125] Load MU model: Squad/Parts/Electrical/1x6SolarPanels/model
[LOG 14:55:48.126] Load MU model: Squad/Parts/Electrical/3x2ShroudSolarPanels/model
[LOG 14:55:48.126] Load MU model: Squad/Parts/Electrical/3x2SolarPanels/model
[LOG 14:55:48.127] Load MU model: Squad/Parts/Electrical/gigantorXlSolarArray/model
[LOG 14:55:48.128] Load MU model: Squad/Parts/Electrical/radialFlatSolarPanel/model
[LOG 14:55:48.128] Load MU model: Squad/Parts/Electrical/RTG/model
[LOG 14:55:48.128] Load MU model: Squad/Parts/Electrical/z-100Battery/model
[LOG 14:55:48.128] Load MU model: Squad/Parts/Electrical/z-1kBattery/model
[LOG 14:55:48.128] Load MU model: Squad/Parts/Electrical/z-200Battery/model
[LOG 14:55:48.129] Load MU model: Squad/Parts/Electrical/z-400Battery/model
[LOG 14:55:48.129] Load MU model: Squad/Parts/Electrical/z-4kBattery/model
[LOG 14:55:48.129] Load MU model: Squad/Parts/Engine/ionEngine/model
[LOG 14:55:48.129] Load MU model: Squad/Parts/Engine/jetEngines/turbineInside
[LOG 14:55:48.129] Load MU model: Squad/Parts/Engine/jetEngines/turboFanSize1
[LOG 14:55:48.130] Load MU model: Squad/Parts/Engine/jetEngines/turboFanSize2
[LOG 14:55:48.131] Load MU model: Squad/Parts/Engine/jetEngines/turboJet
[LOG 14:55:48.132] Load MU model: Squad/Parts/Engine/jetEngines/turboRamJet
[LOG 14:55:48.132] Load MU model: Squad/Parts/Engine/liquidEngine24-77/model
[LOG 14:55:48.132] Load MU model: Squad/Parts/Engine/liquidEngine24-77_v2/Twitch_v2
[LOG 14:55:48.133] Load MU model: Squad/Parts/Engine/liquidEngine48-7S_v2/SparkV2
[LOG 14:55:48.134] Load MU model: Squad/Parts/Engine/liquidEngineAerospike/AeroSpike
[LOG 14:55:48.134] Load MU model: Squad/Parts/Engine/liquidEngineLV-1_v2/Assets/Ant
[LOG 14:55:48.135] Load MU model: Squad/Parts/Engine/liquidEngineLV-1_v2/Assets/Spider
[LOG 14:55:48.135] Load MU model: Squad/Parts/Engine/liquidEngineLV-909_v2/TerrierV2
[LOG 14:55:48.136] Load MU model: Squad/Parts/Engine/liquidEngineLV-N/model
[LOG 14:55:48.137] Load MU model: Squad/Parts/Engine/liquidEngineLV-T30/model
[LOG 14:55:48.138] Load MU model: Squad/Parts/Engine/liquidEngineLV-T30_v2/Reliant_v2
[LOG 14:55:48.141] Load MU model: Squad/Parts/Engine/liquidEngineLV-T45/model
[LOG 14:55:48.141] Load MU model: Squad/Parts/Engine/liquidEngineLV-T45_v2/Swivel_v2
[LOG 14:55:48.144] Load MU model: Squad/Parts/Engine/liquidEngineMainsail_v2/liquidEngineMainsail_v2
[LOG 14:55:48.145] Load MU model: Squad/Parts/Engine/liquidEngineMk55/Thud
[LOG 14:55:48.146] Load MU model: Squad/Parts/Engine/liquidEnginePoodle_v2/LqdEnginePoodle_v2
[LOG 14:55:48.149] Load MU model: Squad/Parts/Engine/liquidEngineSkipper_v2/skipper_v2
[LOG 14:55:48.151] Load MU model: Squad/Parts/Engine/liquidEngineSSME/SSME
[LOG 14:55:48.152] Load MU model: Squad/Parts/Engine/MassiveSRB/MassiveSRB
[LOG 14:55:48.153] Load MU model: Squad/Parts/Engine/miniJet/SmallJet
[LOG 14:55:48.154] Load MU model: Squad/Parts/Engine/OMSEngine/Puff_v2
[LOG 14:55:48.154] Load MU model: Squad/Parts/Engine/rapierEngine/rapier
[LOG 14:55:48.155] Load MU model: Squad/Parts/Engine/Size1_SRBs/SRB10
[LOG 14:55:48.156] Load MU model: Squad/Parts/Engine/Size1_SRBs/SRB5
[LOG 14:55:48.157] Load MU model: Squad/Parts/Engine/Size2LFB/Size2LFB
[LOG 14:55:48.158] Load MU model: Squad/Parts/Engine/Size2LFB_v2/Size2LFB_v2
[LOG 14:55:48.160] Load MU model: Squad/Parts/Engine/Size3AdvancedEngine/Size3AdvancedEngine
[LOG 14:55:48.162] Load MU model: Squad/Parts/Engine/Size3EngineCluster/Size3EngineCluster
[LOG 14:55:48.163] Load MU model: Squad/Parts/Engine/solidBoosterBACC/model
[LOG 14:55:48.164] Load MU model: Squad/Parts/Engine/solidBoosterS2-17/solidBoosterS2-17
[LOG 14:55:48.164] Load MU model: Squad/Parts/Engine/solidBoosterS2-33/solidBoosterS2-33
[LOG 14:55:48.165] Load MU model: Squad/Parts/Engine/solidBoosterSep/model
[LOG 14:55:48.165] Load MU model: Squad/Parts/Engine/SolidBoostersF/Assets/SolidBoosterF3S0
[LOG 14:55:48.166] Load MU model: Squad/Parts/Engine/SolidBoostersF/Assets/SolidBoosterFM1
[LOG 14:55:48.166] Load MU model: Squad/Parts/FuelTank/adapterTanks/Mk3-Mk2
[LOG 14:55:48.167] Load MU model: Squad/Parts/FuelTank/adapterTanks/Mk3-Size2
[LOG 14:55:48.167] Load MU model: Squad/Parts/FuelTank/adapterTanks/Mk3-Size2Slant
[LOG 14:55:48.167] Load MU model: Squad/Parts/FuelTank/adapterTanks/ShuttleAdapter
[LOG 14:55:48.168] Load MU model: Squad/Parts/FuelTank/adapterTanks/Size2-Mk2
[LOG 14:55:48.168] Load MU model: Squad/Parts/FuelTank/adapterTanks/Size2-Size1
[LOG 14:55:48.168] Load MU model: Squad/Parts/FuelTank/adapterTanks/Size2-Size1Slant
[LOG 14:55:48.168] Load MU model: Squad/Parts/FuelTank/adapterTanks/Size3-Mk3
[LOG 14:55:48.169] Load MU model: Squad/Parts/FuelTank/drainTankFTE-1/fuelValve
[LOG 14:55:48.169] Load MU model: Squad/Parts/FuelTank/FoilTanks/RadialTank_Capsule
[LOG 14:55:48.169] Load MU model: Squad/Parts/FuelTank/FoilTanks/RadialTank_Round
[LOG 14:55:48.169] Load MU model: Squad/Parts/FuelTank/FoilTanks/ToroidTank
[LOG 14:55:48.170] Load MU model: Squad/Parts/FuelTank/fuelTankOscarB/model
[LOG 14:55:48.170] Load MU model: Squad/Parts/FuelTank/miniFuselage/Fuselage
[LOG 14:55:48.171] Load MU model: Squad/Parts/FuelTank/mk2Adapters/bicoupler
[LOG 14:55:48.172] Load MU model: Squad/Parts/FuelTank/mk2Adapters/long
[LOG 14:55:48.173] Load MU model: Squad/Parts/FuelTank/mk2Adapters/standard
[LOG 14:55:48.174] Load MU model: Squad/Parts/FuelTank/mk2FuselageLong/FuselageLongLFO
[LOG 14:55:48.174] Load MU model: Squad/Parts/FuelTank/mk2FuselageLong/FuselageLongLiquid
[LOG 14:55:48.174] Load MU model: Squad/Parts/FuelTank/mk2FuselageShort/FuselageShortLFO
[LOG 14:55:48.174] Load MU model: Squad/Parts/FuelTank/mk2FuselageShort/FuselageShortLiquid
[LOG 14:55:48.175] Load MU model: Squad/Parts/FuelTank/mk2FuselageShort/FuselageShortMono
[LOG 14:55:48.175] Load MU model: Squad/Parts/FuelTank/mk3Fuselage/CREW
[LOG 14:55:48.175] Load MU model: Squad/Parts/FuelTank/mk3Fuselage/LFO_100
[LOG 14:55:48.175] Load MU model: Squad/Parts/FuelTank/mk3Fuselage/LFO_25
[LOG 14:55:48.176] Load MU model: Squad/Parts/FuelTank/mk3Fuselage/LFO_50
[LOG 14:55:48.176] Load MU model: Squad/Parts/FuelTank/mk3Fuselage/LF_100
[LOG 14:55:48.176] Load MU model: Squad/Parts/FuelTank/mk3Fuselage/LF_25
[LOG 14:55:48.176] Load MU model: Squad/Parts/FuelTank/mk3Fuselage/LF_50
[LOG 14:55:48.176] Load MU model: Squad/Parts/FuelTank/mk3Fuselage/MONO
[LOG 14:55:48.176] Load MU model: Squad/Parts/FuelTank/RCSFuelTankR1/RCSFuelTankR1_01
[LOG 14:55:48.177] Load MU model: Squad/Parts/FuelTank/RCSFuelTankR10/model
[LOG 14:55:48.177] Load MU model: Squad/Parts/FuelTank/RCSFuelTankR25/RCSFuelTankR25
[LOG 14:55:48.177] Load MU model: Squad/Parts/FuelTank/RCSTankRadial/model
[LOG 14:55:48.178] Load MU model: Squad/Parts/FuelTank/RCStankRadialLong/model
[LOG 14:55:48.178] Load MU model: Squad/Parts/FuelTank/RockomaxTanks/Assets/Rockomax16
[LOG 14:55:48.178] Load MU model: Squad/Parts/FuelTank/RockomaxTanks/Assets/Rockomax32
[LOG 14:55:48.178] Load MU model: Squad/Parts/FuelTank/RockomaxTanks/Assets/Rockomax64
[LOG 14:55:48.179] Load MU model: Squad/Parts/FuelTank/RockomaxTanks/Assets/Rockomax8
[LOG 14:55:48.179] Load MU model: Squad/Parts/FuelTank/Size1_Tanks/Size1Tank_01
[LOG 14:55:48.180] Load MU model: Squad/Parts/FuelTank/Size1_Tanks/Size1Tank_02
[LOG 14:55:48.180] Load MU model: Squad/Parts/FuelTank/Size1_Tanks/Size1Tank_03
[LOG 14:55:48.180] Load MU model: Squad/Parts/FuelTank/Size1_Tanks/Size1Tank_04
[LOG 14:55:48.180] Load MU model: Squad/Parts/FuelTank/Size3Tanks/Size3LargeTank
[LOG 14:55:48.181] Load MU model: Squad/Parts/FuelTank/Size3Tanks/Size3MediumTank
[LOG 14:55:48.181] Load MU model: Squad/Parts/FuelTank/Size3Tanks/Size3SmallTank
[LOG 14:55:48.181] Load MU model: Squad/Parts/FuelTank/xenonTank/model
[LOG 14:55:48.181] Load MU model: Squad/Parts/FuelTank/xenonTankLarge/model
[LOG 14:55:48.182] Load MU model: Squad/Parts/FuelTank/xenonTankRadial/model
[LOG 14:55:48.182] Load MU model: Squad/Parts/Misc/AsteroidDay/CamSat
[LOG 14:55:48.182] Load MU model: Squad/Parts/Misc/AsteroidDay/HECS2
[LOG 14:55:48.183] Load MU model: Squad/Parts/Misc/AsteroidDay/HighGainAntenna
[LOG 14:55:48.184] Load MU model: Squad/Parts/Misc/AsteroidDay/LgRadialSolar
[LOG 14:55:48.184] Load MU model: Squad/Parts/Misc/PotatoComet/Cube
[LOG 14:55:48.184] Load MU model: Squad/Parts/Misc/PotatoRoid/Cube
[LOG 14:55:48.184] Load MU model: Squad/Parts/Resources/FuelCell/FuelCell
[LOG 14:55:48.184] Load MU model: Squad/Parts/Resources/FuelCell/FuelCellArray
[LOG 14:55:48.185] Load MU model: Squad/Parts/Resources/ISRU/ISRU
[LOG 14:55:48.186] Load MU model: Squad/Parts/Resources/LargeTank/LargeTank
[LOG 14:55:48.186] Load MU model: Squad/Parts/Resources/MiniDrill/MiniDrill
[LOG 14:55:48.187] Load MU model: Squad/Parts/Resources/MiniISRU/MiniISRU
[LOG 14:55:48.188] Load MU model: Squad/Parts/Resources/OrbitalScanner/OrbitalScanner
[LOG 14:55:48.188] Load MU model: Squad/Parts/Resources/RadialDrill/TriBitDrill
[LOG 14:55:48.191] Load MU model: Squad/Parts/Resources/RadialTank/RadialOreTank
[LOG 14:55:48.191] Load MU model: Squad/Parts/Resources/SmallTank/SmallTank
[LOG 14:55:48.191] Load MU model: Squad/Parts/Resources/SurfaceScanner/SurfaceScanner
[LOG 14:55:48.191] Load MU model: Squad/Parts/Resources/SurveyScanner/SurveyScanner
[LOG 14:55:48.192] Load MU model: Squad/Parts/Science/AtmosphereSensor/model
[LOG 14:55:48.192] Load MU model: Squad/Parts/Science/GooExperiment/GooExperiment
[LOG 14:55:48.192] Load MU model: Squad/Parts/Science/LargeCrewedLab/large_crewed_lab
[LOG 14:55:48.193] Load MU model: Squad/Parts/Science/Magnetometer/Magnetometer
[LOG 14:55:48.198] Load MU model: Squad/Parts/Science/MaterialBay/science_module_small
[LOG 14:55:48.198] Load MU model: Squad/Parts/Science/ScienceBox/ScienceBox
[LOG 14:55:48.198] Load MU model: Squad/Parts/Science/sensorAccelerometer/model
[LOG 14:55:48.199] Load MU model: Squad/Parts/Science/sensorBarometer/model
[LOG 14:55:48.199] Load MU model: Squad/Parts/Science/sensorGravimeter/model
[LOG 14:55:48.199] Load MU model: Squad/Parts/Science/sensorThermometer/model
[LOG 14:55:48.199] Load MU model: Squad/Parts/Structural/FLAdapters/Assets/adapterSmallMiniShort_v2
[LOG 14:55:48.199] Load MU model: Squad/Parts/Structural/FLAdapters/Assets/adapterSmallMiniTall_v2
[LOG 14:55:48.199] Load MU model: Squad/Parts/Structural/mk1Parts/Fuselage
[LOG 14:55:48.200] Load MU model: Squad/Parts/Structural/mk1Parts/IntakeFuselage
[LOG 14:55:48.200] Load MU model: Squad/Parts/Structural/mk1Parts/Nacelle1
[LOG 14:55:48.200] Load MU model: Squad/Parts/Structural/mk1Parts/Nacelle2
[LOG 14:55:48.201] Load MU model: Squad/Parts/Structural/mk1Parts/Structural
[LOG 14:55:48.201] Load MU model: Squad/Parts/Structural/mk1Parts/StructuralHollow
[LOG 14:55:48.201] Load MU model: Squad/Parts/Structural/Size3To2Adapter_v2/Size2to3_v2
[LOG 14:55:48.201] Load MU model: Squad/Parts/Structural/stackAdapters/Assets/adapterLargeSmallBi
[LOG 14:55:48.202] Load MU model: Squad/Parts/Structural/stackAdapters/Assets/adapterLargeSmallQuad
[LOG 14:55:48.202] Load MU model: Squad/Parts/Structural/stackAdapters/Assets/adapterLargeSmallTri
[LOG 14:55:48.202] Load MU model: Squad/Parts/Structural/stationHub/model
[LOG 14:55:48.203] Load MU model: Squad/Parts/Structural/structuralIBeam200/model
[LOG 14:55:48.203] Load MU model: Squad/Parts/Structural/structuralIBeam200Pocket/model
[LOG 14:55:48.203] Load MU model: Squad/Parts/Structural/structuralIBeam650/model
[LOG 14:55:48.203] Load MU model: Squad/Parts/Structural/structuralMicronode/model
[LOG 14:55:48.203] Load MU model: Squad/Parts/Structural/structuralPanel1x1/model
[LOG 14:55:48.203] Load MU model: Squad/Parts/Structural/structuralPanel2x2/model
[LOG 14:55:48.203] Load MU model: Squad/Parts/Structural/structuralPylons/PylonBig
[LOG 14:55:48.204] Load MU model: Squad/Parts/Structural/structuralPylons/PylonSmall
[LOG 14:55:48.204] Load MU model: Squad/Parts/Structural/strutCubicOcto/model
[LOG 14:55:48.205] Load MU model: Squad/Parts/Structural/strutOcto/model
[LOG 14:55:48.205] Load MU model: Squad/Parts/Structural/trussGirderAdapter/model
[LOG 14:55:48.206] Load MU model: Squad/Parts/Structural/trussGirderL/model
[LOG 14:55:48.206] Load MU model: Squad/Parts/Structural/trussGirderXL/model
[LOG 14:55:48.206] Load MU model: Squad/Parts/Thermal/FoldingRadiators/foldingRadLarge
[LOG 14:55:48.211] Load MU model: Squad/Parts/Thermal/FoldingRadiators/foldingRadMed
[LOG 14:55:48.213] Load MU model: Squad/Parts/Thermal/FoldingRadiators/foldingRadSmall
[LOG 14:55:48.215] Load MU model: Squad/Parts/Thermal/RadiatorPanels/radPanelEdge
[LOG 14:55:48.215] Load MU model: Squad/Parts/Thermal/RadiatorPanels/radPanelLg
[LOG 14:55:48.216] Load MU model: Squad/Parts/Thermal/RadiatorPanels/radPanelSm
[LOG 14:55:48.216] Load MU model: Squad/Parts/Utility/commDish88-88/model
[LOG 14:55:48.221] Load MU model: Squad/Parts/Utility/commsAntennaDTS-M1/mediumDishAntenna
[LOG 14:55:48.222] Load MU model: Squad/Parts/Utility/commsDish16/model
[LOG 14:55:48.222] Load MU model: Squad/Parts/Utility/decouplerRadialHDM/model
[LOG 14:55:48.223] Load MU model: Squad/Parts/Utility/decouplerRadialTT-38K/model
[LOG 14:55:48.223] Load MU model: Squad/Parts/Utility/decouplerRadialTT-70/model
[LOG 14:55:48.223] Load MU model: Squad/Parts/Utility/DirectAntennas/HGAntenna
[LOG 14:55:48.224] Load MU model: Squad/Parts/Utility/DirectAntennas/HGAntenna_v2
[LOG 14:55:48.225] Load MU model: Squad/Parts/Utility/DirectAntennas/SurfAntenna
[LOG 14:55:48.225] Load MU model: Squad/Parts/Utility/dockingPort/dockingPort
[LOG 14:55:48.226] Load MU model: Squad/Parts/Utility/dockingPortInline/dockingPortInline
[LOG 14:55:48.226] Load MU model: Squad/Parts/Utility/dockingPortJr/dockingPortJr
[LOG 14:55:48.227] Load MU model: Squad/Parts/Utility/dockingPortShielded/dockingPortShielded
[LOG 14:55:48.228] Load MU model: Squad/Parts/Utility/dockingPortSr/dockingPortSr
[LOG 14:55:48.228] Load MU model: Squad/Parts/Utility/Fireworks/Assets/fireworksLauncherBig
[LOG 14:55:48.228] Load MU model: Squad/Parts/Utility/Fireworks/Assets/fireworksLauncherSmall
[LOG 14:55:48.229] Load MU model: Squad/Parts/Utility/flags/flagFlat/flagFlatMeshes
[LOG 14:55:48.232] Load MU model: Squad/Parts/Utility/flags/flagSize0/flagSize0Meshes
[LOG 14:55:48.233] Load MU model: Squad/Parts/Utility/flags/flagSize1/flagSize1Meshes
[LOG 14:55:48.235] Load MU model: Squad/Parts/Utility/flags/flagSize2/flagSize2Meshes
[LOG 14:55:48.236] Load MU model: Squad/Parts/Utility/flags/flagSize3/flagSize3Meshes
[LOG 14:55:48.238] Load MU model: Squad/Parts/Utility/GrapplingDevice/GrapplingArm
[LOG 14:55:48.243] Load MU model: Squad/Parts/Utility/ladderRadial/model
[LOG 14:55:48.243] Load MU model: Squad/Parts/Utility/ladderTelescopic/model
[LOG 14:55:48.245] Load MU model: Squad/Parts/Utility/ladderTelescopicBay/model
[LOG 14:55:48.246] Load MU model: Squad/Parts/Utility/landingLegLT-1/model
[LOG 14:55:48.247] Load MU model: Squad/Parts/Utility/landingLegLT-2/model
[LOG 14:55:48.247] Load MU model: Squad/Parts/Utility/landingLegLT-5/model
[WRN 14:55:48.249] WheelCollider requires an attached Rigidbody to function.
[WRN 14:55:48.249] WheelCollider requires an attached Rigidbody to function.
[LOG 14:55:48.249] Load MU model: Squad/Parts/Utility/launchClamp1/model
[LOG 14:55:48.250] Load MU model: Squad/Parts/Utility/launchEscapeSystem/LaunchEscapeSystem
[LOG 14:55:48.251] Load MU model: Squad/Parts/Utility/Lights/Assets/light_02
[LOG 14:55:48.251] Load MU model: Squad/Parts/Utility/Lights/Assets/light_03
[LOG 14:55:48.251] Load MU model: Squad/Parts/Utility/Lights/Assets/light_04
[LOG 14:55:48.252] Load MU model: Squad/Parts/Utility/Lights/Assets/light_07
[LOG 14:55:48.252] Load MU model: Squad/Parts/Utility/Lights/Assets/light_08
[LOG 14:55:48.253] Load MU model: Squad/Parts/Utility/Lights/Assets/light_12
[LOG 14:55:48.253] Load MU model: Squad/Parts/Utility/linearVernorRCS/Assets/linearRCS
[LOG 14:55:48.253] Load MU model: Squad/Parts/Utility/linearVernorRCS/Assets/vernorEngine
[LOG 14:55:48.254] Load MU model: Squad/Parts/Utility/mk2CargoBay/BayLarge
[LOG 14:55:48.254] Load MU model: Squad/Parts/Utility/mk2CargoBay/BaySmall
[LOG 14:55:48.255] Load MU model: Squad/Parts/Utility/mk2CrewCabin/model
[LOG 14:55:48.255] Load MU model: Squad/Parts/Utility/mk2DockingPort/mk2Dockingport
[LOG 14:55:48.256] Load MU model: Squad/Parts/Utility/mk3CargoBay/long
[LOG 14:55:48.257] Load MU model: Squad/Parts/Utility/mk3CargoBay/medium
[LOG 14:55:48.257] Load MU model: Squad/Parts/Utility/mk3CargoBay/ramp
[LOG 14:55:48.259] Load MU model: Squad/Parts/Utility/mk3CargoBay/short
[LOG 14:55:48.259] Load MU model: Squad/Parts/Utility/parachuteMk1/model
[LOG 14:55:48.260] Load MU model: Squad/Parts/Utility/parachuteMk12-R/model
[LOG 14:55:48.260] Load MU model: Squad/Parts/Utility/parachuteMk16-XL/model
[LOG 14:55:48.260] Load MU model: Squad/Parts/Utility/parachuteMk2-R/model
[LOG 14:55:48.261] Load MU model: Squad/Parts/Utility/parachuteMk25/model
[LOG 14:55:48.261] Load MU model: Squad/Parts/Utility/radialAttachmentPoint/model
[LOG 14:55:48.262] Load MU model: Squad/Parts/Utility/rcsBlockRV-105_v2/rcsBlock105
[LOG 14:55:48.263] Load MU model: Squad/Parts/Utility/rcsSmallLinear/Assets/RCSLinearSmall
[LOG 14:55:48.263] Load MU model: Squad/Parts/Utility/RelayAntennas/HGAntenna
[LOG 14:55:48.264] Load MU model: Squad/Parts/Utility/RelayAntennas/RA-100
[LOG 14:55:48.264] Load MU model: Squad/Parts/Utility/RelayAntennas/RA-5
[LOG 14:55:48.265] Load MU model: Squad/Parts/Utility/RelayAntennas/RA-50
[LOG 14:55:48.265] Load MU model: Squad/Parts/Utility/rockomaxAdapters/Assets/brandAdapter
[LOG 14:55:48.265] Load MU model: Squad/Parts/Utility/rockomaxAdapters/Assets/brandAdapter02
[LOG 14:55:48.265] Load MU model: Squad/Parts/Utility/ServiceBay_v2/Assets/ServiceBay_125_v2
[LOG 14:55:48.267] Load MU model: Squad/Parts/Utility/ServiceBay_v2/Assets/ServiceBay_250_v2
[LOG 14:55:48.268] Load MU model: Squad/Parts/Utility/smallClaw/smallClaw
[LOG 14:55:48.273] Load MU model: Squad/Parts/Utility/spotLightMk1/model
[LOG 14:55:48.273] Load MU model: Squad/Parts/Utility/spotLightMk1_v2/model
[LOG 14:55:48.274] Load MU model: Squad/Parts/Utility/spotLightMk2/model
[LOG 14:55:48.274] Load MU model: Squad/Parts/Utility/spotLightMk2_v2/model
[LOG 14:55:48.274] Load MU model: Squad/Parts/Utility/stackCouplers/Assets/stackBiCoupler_v2
[LOG 14:55:48.275] Load MU model: Squad/Parts/Utility/stackCouplers/Assets/stackQuadCoupler
[LOG 14:55:48.275] Load MU model: Squad/Parts/Utility/stackCouplers/Assets/stackTriCoupler_v2
[LOG 14:55:48.275] Load MU model: Squad/Parts/Wheel/LandingGear/GearExtraLarge
[WRN 14:55:48.277] WheelCollider requires an attached Rigidbody to function.
[WRN 14:55:48.277] WheelCollider requires an attached Rigidbody to function.
[LOG 14:55:48.278] Load MU model: Squad/Parts/Wheel/LandingGear/GearFixed
[WRN 14:55:48.278] WheelCollider requires an attached Rigidbody to function.
[WRN 14:55:48.278] WheelCollider requires an attached Rigidbody to function.
[LOG 14:55:48.278] Load MU model: Squad/Parts/Wheel/LandingGear/GearFree
[WRN 14:55:48.278] WheelCollider requires an attached Rigidbody to function.
[WRN 14:55:48.278] WheelCollider requires an attached Rigidbody to function.
[LOG 14:55:48.278] Load MU model: Squad/Parts/Wheel/LandingGear/GearLarge
[WRN 14:55:48.279] WheelCollider requires an attached Rigidbody to function.
[WRN 14:55:48.279] WheelCollider requires an attached Rigidbody to function.
[LOG 14:55:48.279] Load MU model: Squad/Parts/Wheel/LandingGear/GearMedium
[WRN 14:55:48.280] WheelCollider requires an attached Rigidbody to function.
[WRN 14:55:48.280] WheelCollider requires an attached Rigidbody to function.
[LOG 14:55:48.280] Load MU model: Squad/Parts/Wheel/LandingGear/GearSmall
[WRN 14:55:48.280] WheelCollider requires an attached Rigidbody to function.
[WRN 14:55:48.280] WheelCollider requires an attached Rigidbody to function.
[LOG 14:55:48.281] Load MU model: Squad/Parts/Wheel/roverWheelM1/model
[WRN 14:55:48.281] WheelCollider requires an attached Rigidbody to function.
[WRN 14:55:48.281] WheelCollider requires an attached Rigidbody to function.
[LOG 14:55:48.281] Load MU model: Squad/Parts/Wheel/roverWheelS2/model
[WRN 14:55:48.281] WheelCollider requires an attached Rigidbody to function.
[WRN 14:55:48.281] WheelCollider requires an attached Rigidbody to function.
[LOG 14:55:48.282] Load MU model: Squad/Parts/Wheel/roverWheelTR-2L/model
[WRN 14:55:48.282] WheelCollider requires an attached Rigidbody to function.
[WRN 14:55:48.282] WheelCollider requires an attached Rigidbody to function.
[LOG 14:55:48.283] Load MU model: Squad/Parts/Wheel/roverWheelXL3/model
[WRN 14:55:48.284] WheelCollider requires an attached Rigidbody to function.
[WRN 14:55:48.284] WheelCollider requires an attached Rigidbody to function.
[LOG 14:55:48.284] Load MU model: Squad/Props/AltimeterThreeHands/model
[LOG 14:55:48.284] Load MU model: Squad/Props/AtmosphereDepth/model
[LOG 14:55:48.284] Load MU model: Squad/Props/AxisIndicator/model
[LOG 14:55:48.285] Load MU model: Squad/Props/buttonsGeneric/circularButton
[LOG 14:55:48.285] Load MU model: Squad/Props/buttonsGeneric/clusterButtons
[LOG 14:55:48.285] Load MU model: Squad/Props/buttonsGeneric/clusterButtons2
[LOG 14:55:48.285] Load MU model: Squad/Props/buttonsGeneric/clusterKnob
[LOG 14:55:48.285] Load MU model: Squad/Props/buttonsGeneric/clusterKnob2
[LOG 14:55:48.285] Load MU model: Squad/Props/buttonsGeneric/clusterMixed
[LOG 14:55:48.285] Load MU model: Squad/Props/buttonsGeneric/clusterSwitches01
[LOG 14:55:48.286] Load MU model: Squad/Props/buttonsGeneric/clusterSwitches02
[LOG 14:55:48.286] Load MU model: Squad/Props/buttonsGeneric/clusterSwitches03
[LOG 14:55:48.287] Load MU model: Squad/Props/buttonsGeneric/clusterSwitches04
[LOG 14:55:48.287] Load MU model: Squad/Props/buttonsGeneric/clusterSwitches05
[LOG 14:55:48.287] Load MU model: Squad/Props/buttonsGeneric/clusterSwitches06
[LOG 14:55:48.287] Load MU model: Squad/Props/buttonsGeneric/clusterSwitches07
[LOG 14:55:48.287] Load MU model: Squad/Props/buttonsGeneric/directionalKnob
[LOG 14:55:48.287] Load MU model: Squad/Props/buttonsGeneric/directionalKnob2
[LOG 14:55:48.288] Load MU model: Squad/Props/buttonsGeneric/pullSwitch
[LOG 14:55:48.288] Load MU model: Squad/Props/buttonsGeneric/squareButton
[LOG 14:55:48.288] Load MU model: Squad/Props/buttonsGeneric/standingSwitch
[LOG 14:55:48.288] Load MU model: Squad/Props/buttonsGeneric/switch
[LOG 14:55:48.288] Load MU model: Squad/Props/buttonsGeneric/switchWithGuards
[LOG 14:55:48.288] Load MU model: Squad/Props/ButtonSquare/model
[LOG 14:55:48.288] Load MU model: Squad/Props/circularButton/model
[LOG 14:55:48.288] Load MU model: Squad/Props/Compass/model
[LOG 14:55:48.289] Load MU model: Squad/Props/directionalKnob/model
[LOG 14:55:48.289] Load MU model: Squad/Props/directionalKnob2/model
[LOG 14:55:48.289] Load MU model: Squad/Props/IndicatorPanel/model
[LOG 14:55:48.289] Load MU model: Squad/Props/IVANavBall/model
[LOG 14:55:48.290] Load MU model: Squad/Props/IVANavBallNoBase/model
[LOG 14:55:48.290] Load MU model: Squad/Props/ledPanelSpeed/model
[LOG 14:55:48.291] Load MU model: Squad/Props/Monitor/MonitorDockingMode
[LOG 14:55:48.291] Load MU model: Squad/Props/NavBall/model
[LOG 14:55:48.291] Load MU model: Squad/Props/PropsGeneric/Button_DockingMode
[LOG 14:55:48.291] Load MU model: Squad/Props/PropsGeneric/CargoBagA
[LOG 14:55:48.294] Load MU model: Squad/Props/PropsGeneric/CargoBagB
[LOG 14:55:48.294] Load MU model: Squad/Props/PropsGeneric/CargoBagC
[LOG 14:55:48.294] Load MU model: Squad/Props/PropsGeneric/Hatch_Plane
[LOG 14:55:48.294] Load MU model: Squad/Props/PropsGeneric/Hatch_Plane_Curve90
[LOG 14:55:48.294] Load MU model: Squad/Props/PropsGeneric/Hatch_Plane_Frame
[LOG 14:55:48.294] Load MU model: Squad/Props/PropsGeneric/Seat_Passenger
[LOG 14:55:48.294] Load MU model: Squad/Props/PropsGeneric/Seat_Pilot
[LOG 14:55:48.295] Load MU model: Squad/Props/PropsGeneric/Seat_Pilot_Helmet
[LOG 14:55:48.295] Load MU model: Squad/Props/PropsGeneric/SideStick
[LOG 14:55:48.295] Load MU model: Squad/Props/pullSwitch/model
[LOG 14:55:48.295] Load MU model: Squad/Props/radarAltitude/model
[LOG 14:55:48.295] Load MU model: Squad/Props/squareButton/model
[LOG 14:55:48.295] Load MU model: Squad/Props/standingSwitch/model
[LOG 14:55:48.296] Load MU model: Squad/Props/switch/model
[LOG 14:55:48.296] Load MU model: Squad/Props/switchGuard/model
[LOG 14:55:48.296] Load MU model: Squad/Props/switchWithGuards/model
[LOG 14:55:48.296] Load MU model: Squad/Props/throttle/model
[LOG 14:55:48.296] Load MU model: Squad/Props/VSI/model
[LOG 14:55:48.296] Load MU model: Squad/Spaces/crewCabinInternals/model
[LOG 14:55:48.298] Load MU model: Squad/Spaces/cupolaInternal/model
[LOG 14:55:48.299] Load MU model: Squad/Spaces/GenericSpace1/model
[LOG 14:55:48.300] Load MU model: Squad/Spaces/GenericSpace3/model
[LOG 14:55:48.302] Load MU model: Squad/Spaces/landerCabinInternals/model
[LOG 14:55:48.303] Load MU model: Squad/Spaces/landerCabinSmallInternal/model
[LOG 14:55:48.304] Load MU model: Squad/Spaces/LargeCrewedLabInternals/Large_Crewed_lab_Int
[LOG 14:55:48.307] Load MU model: Squad/Spaces/Mk1-3/model
[LOG 14:55:48.310] Load MU model: Squad/Spaces/mk1CabinInternal/mk1cabin
[LOG 14:55:48.313] Load MU model: Squad/Spaces/mk1CockpitInternal/Mk1StandardIVA
[LOG 14:55:48.315] Load MU model: Squad/Spaces/mk1InlineInternal/Mk1InlineIVA
[LOG 14:55:48.316] Load MU model: Squad/Spaces/mk1PodCockpit/model
[LOG 14:55:48.317] Load MU model: Squad/Spaces/mk1pod_IVA/mk1pod_IVA
[LOG 14:55:48.318] Load MU model: Squad/Spaces/mk2CockpitStandardInternal/model
[LOG 14:55:48.319] Load MU model: Squad/Spaces/Mk2CrewCabinInternal/MK2_CrewCab_Int
[LOG 14:55:48.320] Load MU model: Squad/Spaces/mk2InlineInternal/mk2InlineIVA
[LOG 14:55:48.322] Load MU model: Squad/Spaces/mk2LanderCanInternal/mk2LanderCanInternal
[LOG 14:55:48.324] Load MU model: Squad/Spaces/MK3CockpitInternal/MK3_Cockpit_Int
[LOG 14:55:48.325] Load MU model: Squad/Spaces/MK3_CrewCab_Int/MK3_CrewCab_Int
[LOG 14:55:48.328] Load MU model: Squad/Spaces/OverlayMasks/CupolaMask
[LOG 14:55:48.328] Load MU model: Squad/Spaces/OverlayMasks/HitchhikerBorder
[LOG 14:55:48.329] Load MU model: Squad/Spaces/OverlayMasks/HitchhikerMask
[LOG 14:55:48.329] Load MU model: Squad/Spaces/OverlayMasks/LargeLabBorder
[LOG 14:55:48.329] Load MU model: Squad/Spaces/OverlayMasks/LargeLabMask
[LOG 14:55:48.330] Load MU model: Squad/Spaces/OverlayMasks/Mk1CabinBorder
[LOG 14:55:48.330] Load MU model: Squad/Spaces/OverlayMasks/Mk1CabinMask
[LOG 14:55:48.330] Load MU model: Squad/Spaces/OverlayMasks/Mk1InlineMask
[LOG 14:55:48.330] Load MU model: Squad/Spaces/OverlayMasks/Mk1InlineMask2
[LOG 14:55:48.330] Load MU model: Squad/Spaces/OverlayMasks/Mk1StandardBorder2
[LOG 14:55:48.330] Load MU model: Squad/Spaces/OverlayMasks/Mk1StandardBorder3
[LOG 14:55:48.330] Load MU model: Squad/Spaces/OverlayMasks/Mk1StandardMask
[LOG 14:55:48.330] Load MU model: Squad/Spaces/OverlayMasks/Mk1StandardMask2
[LOG 14:55:48.330] Load MU model: Squad/Spaces/OverlayMasks/Mk1StandardMask3
[LOG 14:55:48.331] Load MU model: Squad/Spaces/OverlayMasks/Mk2CabinBorder
[LOG 14:55:48.331] Load MU model: Squad/Spaces/OverlayMasks/Mk2CabinMask
[LOG 14:55:48.331] Load MU model: Squad/Spaces/OverlayMasks/Mk2InlineBorder
[LOG 14:55:48.331] Load MU model: Squad/Spaces/OverlayMasks/Mk2InlineMask
[LOG 14:55:48.331] Load MU model: Squad/Spaces/OverlayMasks/Mk2StandardBorder
[LOG 14:55:48.331] Load MU model: Squad/Spaces/OverlayMasks/Mk2StandardMask
[LOG 14:55:48.331] Load MU model: Squad/Spaces/OverlayMasks/Mk3CabinBorder
[LOG 14:55:48.331] Load MU model: Squad/Spaces/OverlayMasks/Mk3CabinMask
[LOG 14:55:48.331] Load MU model: Squad/Spaces/OverlayMasks/Mk3CabinMask2
[LOG 14:55:48.331] Load MU model: Squad/Spaces/OverlayMasks/Mk3ShuttleBorder
[LOG 14:55:48.332] Load MU model: Squad/Spaces/OverlayMasks/Mk3ShuttleMask
[LOG 14:55:48.332] Load MU model: Squad/Spaces/OverlayMasks/Size1LanderBorder
[LOG 14:55:48.332] Load MU model: Squad/Spaces/OverlayMasks/Size1LanderMask
[LOG 14:55:48.332] Load MU model: Squad/Spaces/OverlayMasks/Size1PodBorder
[LOG 14:55:48.332] Load MU model: Squad/Spaces/OverlayMasks/Size1PodMask
[LOG 14:55:48.332] Load MU model: Squad/Spaces/OverlayMasks/Size2LanderBorder
[LOG 14:55:48.332] Load MU model: Squad/Spaces/OverlayMasks/Size2LanderMask
[LOG 14:55:48.332] Load MU model: Squad/Spaces/OverlayMasks/Size2PodBorder
[LOG 14:55:48.332] Load MU model: Squad/Spaces/OverlayMasks/Size2PodMask
[LOG 14:55:48.333] Load MU model: Squad/Spaces/Placeholder/PlaceholderIVA
[LOG 14:55:48.333] Load MU model: Squad/Spaces/PodCockpit/model
[LOG 14:55:48.336] Load MU model: SquadExpansion/MakingHistory/Parts/Aero/protectiveRocketNoseMk5A/Size_1_5_Cone
[LOG 14:55:48.336] Load MU model: SquadExpansion/MakingHistory/Parts/Coupling/Assets/EnginePlate
[LOG 14:55:48.337] Load MU model: SquadExpansion/MakingHistory/Parts/Coupling/Assets/InflatableAirlock
[LOG 14:55:48.337] Load MU model: SquadExpansion/MakingHistory/Parts/Coupling/Assets/Size1_5_Decoupler
[LOG 14:55:48.337] Load MU model: SquadExpansion/MakingHistory/Parts/Engine/Assets/KE-1
[LOG 14:55:48.342] Load MU model: SquadExpansion/MakingHistory/Parts/Engine/Assets/LV-T87
[LOG 14:55:48.344] Load MU model: SquadExpansion/MakingHistory/Parts/Engine/Assets/LV-T91
[LOG 14:55:48.345] Load MU model: SquadExpansion/MakingHistory/Parts/Engine/Assets/RE-I2
[LOG 14:55:48.346] Load MU model: SquadExpansion/MakingHistory/Parts/Engine/Assets/RE-J10
[LOG 14:55:48.347] Load MU model: SquadExpansion/MakingHistory/Parts/Engine/Assets/RK-7
[LOG 14:55:48.349] Load MU model: SquadExpansion/MakingHistory/Parts/Engine/Assets/RV-1
[LOG 14:55:48.349] Load MU model: SquadExpansion/MakingHistory/Parts/Engine/solidBoosterTHK/solidBoosterTHK
[LOG 14:55:48.350] Load MU model: SquadExpansion/MakingHistory/Parts/FuelTank/Assets/MiniMonoTank
[LOG 14:55:48.350] Load MU model: SquadExpansion/MakingHistory/Parts/FuelTank/Assets/Size1_5_Size0_Adapter_01
[LOG 14:55:48.350] Load MU model: SquadExpansion/MakingHistory/Parts/FuelTank/Assets/Size1_5_Size1_Adapter_01
[LOG 14:55:48.350] Load MU model: SquadExpansion/MakingHistory/Parts/FuelTank/Assets/Size1_5_Size1_Adapter_02
[LOG 14:55:48.351] Load MU model: SquadExpansion/MakingHistory/Parts/FuelTank/Assets/Size1_5_Size2_Adapter_01
[LOG 14:55:48.351] Load MU model: SquadExpansion/MakingHistory/Parts/FuelTank/Assets/Size1_5_Tank_01
[LOG 14:55:48.351] Load MU model: SquadExpansion/MakingHistory/Parts/FuelTank/Assets/Size1_5_Tank_02
[LOG 14:55:48.351] Load MU model: SquadExpansion/MakingHistory/Parts/FuelTank/Assets/Size1_5_Tank_03
[LOG 14:55:48.351] Load MU model: SquadExpansion/MakingHistory/Parts/FuelTank/Assets/Size1_5_Tank_04
[LOG 14:55:48.352] Load MU model: SquadExpansion/MakingHistory/Parts/FuelTank/Assets/Size1_5_Tank_05
[LOG 14:55:48.352] Load MU model: SquadExpansion/MakingHistory/Parts/FuelTank/Assets/Size3_Size4_Adapter_01
[LOG 14:55:48.353] Load MU model: SquadExpansion/MakingHistory/Parts/FuelTank/Assets/Size4_EngineAdapter_01
[LOG 14:55:48.353] Load MU model: SquadExpansion/MakingHistory/Parts/FuelTank/Assets/Size4_Tank_01
[LOG 14:55:48.353] Load MU model: SquadExpansion/MakingHistory/Parts/FuelTank/Assets/Size4_Tank_02
[LOG 14:55:48.354] Load MU model: SquadExpansion/MakingHistory/Parts/FuelTank/Assets/Size4_Tank_03
[LOG 14:55:48.355] Load MU model: SquadExpansion/MakingHistory/Parts/FuelTank/Assets/Size4_Tank_04
[LOG 14:55:48.355] Load MU model: SquadExpansion/MakingHistory/Parts/FuelTank/Assets/Size_1p5_Monoprop
[LOG 14:55:48.356] Load MU model: SquadExpansion/MakingHistory/Parts/Ground/Assets/RoverWheel
[WRN 14:55:48.356] WheelCollider requires an attached Rigidbody to function.
[WRN 14:55:48.356] WheelCollider requires an attached Rigidbody to function.
[LOG 14:55:48.356] Load MU model: SquadExpansion/MakingHistory/Parts/Payload/Assets/ServiceModule18
[LOG 14:55:48.357] Load MU model: SquadExpansion/MakingHistory/Parts/Payload/Assets/ServiceModule25
[LOG 14:55:48.358] Load MU model: SquadExpansion/MakingHistory/Parts/Payload/Assets/Size1to0ServiceModule
[LOG 14:55:48.358] Load MU model: SquadExpansion/MakingHistory/Parts/Pods/Assets/Mk2Pod
[LOG 14:55:48.359] Load MU model: SquadExpansion/MakingHistory/Parts/Pods/Assets/RoundPod
[LOG 14:55:48.360] Load MU model: SquadExpansion/MakingHistory/Parts/Pods/Assets/Size1_5_Lander
[LOG 14:55:48.360] Load MU model: SquadExpansion/MakingHistory/Parts/SharedAssets/Shroud1p5x0
[LOG 14:55:48.360] Load MU model: SquadExpansion/MakingHistory/Parts/SharedAssets/Shroud1p5x1
[LOG 14:55:48.360] Load MU model: SquadExpansion/MakingHistory/Parts/SharedAssets/Shroud1p5x2
[LOG 14:55:48.361] Load MU model: SquadExpansion/MakingHistory/Parts/SharedAssets/Shroud1p5x3
[LOG 14:55:48.361] Load MU model: SquadExpansion/MakingHistory/Parts/SharedAssets/Shroud1p5x4
[LOG 14:55:48.361] Load MU model: SquadExpansion/MakingHistory/Parts/SharedAssets/Shroud1x0
[LOG 14:55:48.361] Load MU model: SquadExpansion/MakingHistory/Parts/SharedAssets/Shroud1x1
[LOG 14:55:48.361] Load MU model: SquadExpansion/MakingHistory/Parts/SharedAssets/Shroud1x2
[LOG 14:55:48.361] Load MU model: SquadExpansion/MakingHistory/Parts/SharedAssets/Shroud1x3
[LOG 14:55:48.361] Load MU model: SquadExpansion/MakingHistory/Parts/SharedAssets/Shroud1x4
[LOG 14:55:48.361] Load MU model: SquadExpansion/MakingHistory/Parts/SharedAssets/Shroud2x0
[LOG 14:55:48.362] Load MU model: SquadExpansion/MakingHistory/Parts/SharedAssets/Shroud2x1
[LOG 14:55:48.362] Load MU model: SquadExpansion/MakingHistory/Parts/SharedAssets/Shroud2x2
[LOG 14:55:48.362] Load MU model: SquadExpansion/MakingHistory/Parts/SharedAssets/Shroud2x3
[LOG 14:55:48.362] Load MU model: SquadExpansion/MakingHistory/Parts/SharedAssets/Shroud2x4
[LOG 14:55:48.362] Load MU model: SquadExpansion/MakingHistory/Parts/SharedAssets/Shroud3x0
[LOG 14:55:48.362] Load MU model: SquadExpansion/MakingHistory/Parts/SharedAssets/Shroud3x1
[LOG 14:55:48.362] Load MU model: SquadExpansion/MakingHistory/Parts/SharedAssets/Shroud3x2
[LOG 14:55:48.362] Load MU model: SquadExpansion/MakingHistory/Parts/SharedAssets/Shroud3x3
[LOG 14:55:48.363] Load MU model: SquadExpansion/MakingHistory/Parts/SharedAssets/Shroud3x4
[LOG 14:55:48.363] Load MU model: SquadExpansion/MakingHistory/Parts/SharedAssets/Shroud4x0
[LOG 14:55:48.363] Load MU model: SquadExpansion/MakingHistory/Parts/SharedAssets/Shroud4x1
[LOG 14:55:48.363] Load MU model: SquadExpansion/MakingHistory/Parts/SharedAssets/Shroud4x2
[LOG 14:55:48.363] Load MU model: SquadExpansion/MakingHistory/Parts/SharedAssets/Shroud4x3
[LOG 14:55:48.363] Load MU model: SquadExpansion/MakingHistory/Parts/SharedAssets/Shroud4x4
[LOG 14:55:48.363] Load MU model: SquadExpansion/MakingHistory/Parts/SharedAssets/ShroudCollider0
[LOG 14:55:48.364] Load MU model: SquadExpansion/MakingHistory/Parts/SharedAssets/ShroudCollider1
[LOG 14:55:48.364] Load MU model: SquadExpansion/MakingHistory/Parts/SharedAssets/ShroudCollider1p5
[LOG 14:55:48.364] Load MU model: SquadExpansion/MakingHistory/Parts/SharedAssets/ShroudCollider2
[LOG 14:55:48.364] Load MU model: SquadExpansion/MakingHistory/Parts/SharedAssets/ShroudCollider3
[LOG 14:55:48.365] Load MU model: SquadExpansion/MakingHistory/Parts/SharedAssets/ShroudCollider4
[LOG 14:55:48.365] Load MU model: SquadExpansion/MakingHistory/Parts/Structural/Assets/EquiTriangle0
[LOG 14:55:48.365] Load MU model: SquadExpansion/MakingHistory/Parts/Structural/Assets/EquiTriangle1
[LOG 14:55:48.365] Load MU model: SquadExpansion/MakingHistory/Parts/Structural/Assets/EquiTriangle1p5
[LOG 14:55:48.365] Load MU model: SquadExpansion/MakingHistory/Parts/Structural/Assets/EquiTriangle2
[LOG 14:55:48.366] Load MU model: SquadExpansion/MakingHistory/Parts/Structural/Assets/Panel0
[LOG 14:55:48.366] Load MU model: SquadExpansion/MakingHistory/Parts/Structural/Assets/Panel1
[LOG 14:55:48.366] Load MU model: SquadExpansion/MakingHistory/Parts/Structural/Assets/Panel1p5
[LOG 14:55:48.366] Load MU model: SquadExpansion/MakingHistory/Parts/Structural/Assets/Panel2
[LOG 14:55:48.366] Load MU model: SquadExpansion/MakingHistory/Parts/Structural/Assets/Triangle0
[LOG 14:55:48.366] Load MU model: SquadExpansion/MakingHistory/Parts/Structural/Assets/Triangle1
[LOG 14:55:48.366] Load MU model: SquadExpansion/MakingHistory/Parts/Structural/Assets/Triangle1p5
[LOG 14:55:48.366] Load MU model: SquadExpansion/MakingHistory/Parts/Structural/Assets/Triangle2
[LOG 14:55:48.367] Load MU model: SquadExpansion/MakingHistory/Parts/Utility/flags/flagSize1p5/flagSize1p5Meshes
[LOG 14:55:48.368] Load MU model: SquadExpansion/MakingHistory/Parts/Utility/flags/flagSize4/flagSize4Meshes
[LOG 14:55:48.369] Load MU model: SquadExpansion/MakingHistory/Spaces/KVPods/Airlock_IVA
[LOG 14:55:48.370] Load MU model: SquadExpansion/MakingHistory/Spaces/KVPods/KV1_IVA
[LOG 14:55:48.371] Load MU model: SquadExpansion/MakingHistory/Spaces/KVPods/KV2_IVA
[LOG 14:55:48.373] Load MU model: SquadExpansion/MakingHistory/Spaces/KVPods/KV3_IVA
[LOG 14:55:48.376] Load MU model: SquadExpansion/MakingHistory/Spaces/MEM/MEM_IVA
[LOG 14:55:48.378] Load MU model: SquadExpansion/MakingHistory/Spaces/Mk2Pod/MK2POD_IVA
[LOG 14:55:48.380] Load MU model: SquadExpansion/Serenity/Parts/Aero/Assets/FanShroud_01
[LOG 14:55:48.380] Load MU model: SquadExpansion/Serenity/Parts/Aero/Assets/FanShroud_02
[LOG 14:55:48.381] Load MU model: SquadExpansion/Serenity/Parts/Aero/Assets/FanShroud_03
[LOG 14:55:48.381] Load MU model: SquadExpansion/Serenity/Parts/Aero/Assets/noseconeTiny
[LOG 14:55:48.382] Load MU model: SquadExpansion/Serenity/Parts/Aero/Assets/noseconeVS
[LOG 14:55:48.382] Load MU model: SquadExpansion/Serenity/Parts/DeployedScience/Assets/CentralStation
[LOG 14:55:48.384] Load MU model: SquadExpansion/Serenity/Parts/DeployedScience/Assets/GoExOb
[LOG 14:55:48.387] Load MU model: SquadExpansion/Serenity/Parts/DeployedScience/Assets/IonExperiment
[LOG 14:55:48.388] Load MU model: SquadExpansion/Serenity/Parts/DeployedScience/Assets/RTGCask
[LOG 14:55:48.388] Load MU model: SquadExpansion/Serenity/Parts/DeployedScience/Assets/satDish
[LOG 14:55:48.391] Load MU model: SquadExpansion/Serenity/Parts/DeployedScience/Assets/seismicSensor
[LOG 14:55:48.395] Load MU model: SquadExpansion/Serenity/Parts/DeployedScience/Assets/solarPanel
[LOG 14:55:48.397] Load MU model: SquadExpansion/Serenity/Parts/DeployedScience/Assets/WeatherStation
[LOG 14:55:48.400] Load MU model: SquadExpansion/Serenity/Parts/Propellers/Assets/largeFanBlade
[LOG 14:55:48.400] Load MU model: SquadExpansion/Serenity/Parts/Propellers/Assets/largeHeliBlade
[LOG 14:55:48.400] Load MU model: SquadExpansion/Serenity/Parts/Propellers/Assets/largePropeller
[LOG 14:55:48.401] Load MU model: SquadExpansion/Serenity/Parts/Propellers/Assets/mediumFanBlade
[LOG 14:55:48.401] Load MU model: SquadExpansion/Serenity/Parts/Propellers/Assets/mediumHeliBlade
[LOG 14:55:48.401] Load MU model: SquadExpansion/Serenity/Parts/Propellers/Assets/mediumPropeller
[LOG 14:55:48.401] Load MU model: SquadExpansion/Serenity/Parts/Propellers/Assets/smallFanBlade
[LOG 14:55:48.401] Load MU model: SquadExpansion/Serenity/Parts/Propellers/Assets/smallHeliBlade
[LOG 14:55:48.402] Load MU model: SquadExpansion/Serenity/Parts/Propellers/Assets/smallPropeller
[LOG 14:55:48.402] Load MU model: SquadExpansion/Serenity/Parts/Robotics/Assets/hinge_01
[LOG 14:55:48.402] Load MU model: SquadExpansion/Serenity/Parts/Robotics/Assets/hinge_01_s
[LOG 14:55:48.403] Load MU model: SquadExpansion/Serenity/Parts/Robotics/Assets/hinge_03
[LOG 14:55:48.403] Load MU model: SquadExpansion/Serenity/Parts/Robotics/Assets/hinge_03_s
[LOG 14:55:48.403] Load MU model: SquadExpansion/Serenity/Parts/Robotics/Assets/hinge_04
[LOG 14:55:48.404] Load MU model: SquadExpansion/Serenity/Parts/Robotics/Assets/piston_01
[LOG 14:55:48.404] Load MU model: SquadExpansion/Serenity/Parts/Robotics/Assets/piston_02
[LOG 14:55:48.404] Load MU model: SquadExpansion/Serenity/Parts/Robotics/Assets/piston_03
[LOG 14:55:48.404] Load MU model: SquadExpansion/Serenity/Parts/Robotics/Assets/piston_04
[LOG 14:55:48.405] Load MU model: SquadExpansion/Serenity/Parts/Robotics/Assets/RotorEngine_02
[LOG 14:55:48.405] Load MU model: SquadExpansion/Serenity/Parts/Robotics/Assets/RotorEngine_03
[LOG 14:55:48.406] Load MU model: SquadExpansion/Serenity/Parts/Robotics/Assets/rotor_01
[LOG 14:55:48.407] Load MU model: SquadExpansion/Serenity/Parts/Robotics/Assets/rotor_01s
[LOG 14:55:48.407] Load MU model: SquadExpansion/Serenity/Parts/Robotics/Assets/rotor_02
[LOG 14:55:48.408] Load MU model: SquadExpansion/Serenity/Parts/Robotics/Assets/rotor_02s
[LOG 14:55:48.410] Load MU model: SquadExpansion/Serenity/Parts/Robotics/Assets/rotor_03
[LOG 14:55:48.411] Load MU model: SquadExpansion/Serenity/Parts/Robotics/Assets/rotor_03s
[LOG 14:55:48.411] Load MU model: SquadExpansion/Serenity/Parts/Robotics/Assets/RotoServo_00
[LOG 14:55:48.412] Load MU model: SquadExpansion/Serenity/Parts/Robotics/Assets/RotoServo_02
[LOG 14:55:48.412] Load MU model: SquadExpansion/Serenity/Parts/Robotics/Assets/RotoServo_03
[LOG 14:55:48.412] Load MU model: SquadExpansion/Serenity/Parts/Robotics/Assets/RotoServo_04
[LOG 14:55:48.413] Load MU model: SquadExpansion/Serenity/Parts/Robotics/Controllers/controller1000
[LOG 14:55:48.413] Load MU model: SquadExpansion/Serenity/Parts/Science/RobotArmScanner/Assets/ROCArm_01
[LOG 14:55:48.414] Load MU model: SquadExpansion/Serenity/Parts/Science/RobotArmScanner/Assets/ROCArm_02
[LOG 14:55:48.415] Load MU model: SquadExpansion/Serenity/Parts/Science/RobotArmScanner/Assets/ROCArm_03
[LOG 14:55:48.418] Load MU model: SquadExpansion/Serenity/Parts/Structural/gripPads/Assets/lGripPad
[LOG 14:55:48.418] Load MU model: SquadExpansion/Serenity/Parts/Structural/gripPads/Assets/lGripStrip
[LOG 14:55:48.419] Load MU model: SquadExpansion/Serenity/Parts/Structural/gripPads/Assets/mGripPad
[LOG 14:55:48.419] Load MU model: SquadExpansion/Serenity/Parts/Structural/gripPads/Assets/sGripPad
[LOG 14:55:48.419] Load MU model: SquadExpansion/Serenity/Parts/Structural/gripPads/Assets/sGripStrip
[LOG 14:55:48.420] Loading Asset Bundle Definitions
[LOG 14:55:48.421] AssetLoader: Loading bundle definitions
[LOG 14:55:48.554] AssetLoader: Loaded bundle 'squadcore'
[LOG 14:55:48.555] AssetLoader: Loaded bundle 'squadcorefx'
[LOG 14:55:48.555] AssetLoader: Loaded mod bundle 'kspedia'
[LOG 14:55:48.556] AssetLoader: Loaded mod bundle 'kspedia_actionsets'
[LOG 14:55:48.556] AssetLoader: Loaded mod bundle 'kspedia_aircraft'
[LOG 14:55:48.556] AssetLoader: Loaded mod bundle 'kspedia_aircraftbasics'
[LOG 14:55:48.557] AssetLoader: Loaded mod bundle 'kspedia_aircraftbasicsbalance'
[LOG 14:55:48.557] AssetLoader: Loaded mod bundle 'kspedia_aircraftbasicsbalance2'
[LOG 14:55:48.557] AssetLoader: Loaded mod bundle 'kspedia_aircraftbasicscol'
[LOG 14:55:48.558] AssetLoader: Loaded mod bundle 'kspedia_aircraftbasicscontrol'
[LOG 14:55:48.558] AssetLoader: Loaded mod bundle 'kspedia_aircraftbasicscontrolsurfaces'
[LOG 14:55:48.558] AssetLoader: Loaded mod bundle 'kspedia_aircraftbasicsdrag'
[LOG 14:55:48.558] AssetLoader: Loaded mod bundle 'kspedia_aircraftbasicsengines'
[LOG 14:55:48.559] AssetLoader: Loaded mod bundle 'kspedia_aircraftbasicsforces'
[LOG 14:55:48.559] AssetLoader: Loaded mod bundle 'kspedia_aircraftbasicsintakes'
[LOG 14:55:48.559] AssetLoader: Loaded mod bundle 'kspedia_aircraftbasicslandinggear'
[LOG 14:55:48.559] AssetLoader: Loaded mod bundle 'kspedia_aircraftbasicslift'
[LOG 14:55:48.560] AssetLoader: Loaded mod bundle 'kspedia_axisgroups'
[LOG 14:55:48.560] AssetLoader: Loaded mod bundle 'kspedia_career'
[LOG 14:55:48.560] AssetLoader: Loaded mod bundle 'kspedia_careerbasicscontracts'
[LOG 14:55:48.561] AssetLoader: Loaded mod bundle 'kspedia_careerbasicscrew'
[LOG 14:55:48.561] AssetLoader: Loaded mod bundle 'kspedia_careerbasicscurrencies'
[LOG 14:55:48.561] AssetLoader: Loaded mod bundle 'kspedia_careerbasicsexperience'
[LOG 14:55:48.561] AssetLoader: Loaded mod bundle 'kspedia_careerbasicsfacilities'
[LOG 14:55:48.562] AssetLoader: Loaded mod bundle 'kspedia_careerbasicsstrategies'
[LOG 14:55:48.562] AssetLoader: Loaded mod bundle 'kspedia_careerbasicstechnology'
[LOG 14:55:48.562] AssetLoader: Loaded mod bundle 'kspedia_careerui-ac'
[LOG 14:55:48.563] AssetLoader: Loaded mod bundle 'kspedia_careerui-admin'
[LOG 14:55:48.563] AssetLoader: Loaded mod bundle 'kspedia_careerui-ksc'
[LOG 14:55:48.563] AssetLoader: Loaded mod bundle 'kspedia_careerui-mc'
[LOG 14:55:48.563] AssetLoader: Loaded mod bundle 'kspedia_careerui-sciencearchives'
[LOG 14:55:48.564] AssetLoader: Loaded mod bundle 'kspedia_careerui-techtree'
[LOG 14:55:48.564] AssetLoader: Loaded mod bundle 'kspedia_careerui-ts'
[LOG 14:55:48.564] AssetLoader: Loaded mod bundle 'kspedia_careerui'
[LOG 14:55:48.564] AssetLoader: Loaded mod bundle 'kspedia_cargoapp'
[LOG 14:55:48.565] AssetLoader: Loaded mod bundle 'kspedia_cargomode'
[LOG 14:55:48.565] AssetLoader: Loaded mod bundle 'kspedia_cargosystem-placeableparts'
[LOG 14:55:48.565] AssetLoader: Loaded mod bundle 'kspedia_cargosystem'
[LOG 14:55:48.566] AssetLoader: Loaded mod bundle 'kspedia_chute'
[LOG 14:55:48.566] AssetLoader: Loaded mod bundle 'kspedia_commnet'
[LOG 14:55:48.566] AssetLoader: Loaded mod bundle 'kspedia_commnetbasics'
[LOG 14:55:48.566] AssetLoader: Loaded mod bundle 'kspedia_commnetbuildingeffectivenetworks'
[LOG 14:55:48.566] AssetLoader: Loaded mod bundle 'kspedia_commnetcalculatingrange'
[LOG 14:55:48.567] AssetLoader: Loaded mod bundle 'kspedia_commnetcontrollevels'
[LOG 14:55:48.567] AssetLoader: Loaded mod bundle 'kspedia_commnetcontrollinks'
[LOG 14:55:48.567] AssetLoader: Loaded mod bundle 'kspedia_commnetcontrolpoints'
[LOG 14:55:48.567] AssetLoader: Loaded mod bundle 'kspedia_commnetgui'
[LOG 14:55:48.568] AssetLoader: Loaded mod bundle 'kspedia_commnetgui01'
[LOG 14:55:48.568] AssetLoader: Loaded mod bundle 'kspedia_commnetgui02'
[LOG 14:55:48.568] AssetLoader: Loaded mod bundle 'kspedia_commnetrange'
[LOG 14:55:48.568] AssetLoader: Loaded mod bundle 'kspedia_commnetrelays'
[LOG 14:55:48.568] AssetLoader: Loaded mod bundle 'kspedia_commnetsciencetransmission'
[LOG 14:55:48.569] AssetLoader: Loaded mod bundle 'kspedia_commnetsignalstrength'
[LOG 14:55:48.569] AssetLoader: Loaded mod bundle 'kspedia_commnettransmission'
[LOG 14:55:48.569] AssetLoader: Loaded mod bundle 'kspedia_constructionui-actiongroups'
[LOG 14:55:48.569] AssetLoader: Loaded mod bundle 'kspedia_constructionui-applauncher'
[LOG 14:55:48.570] AssetLoader: Loaded mod bundle 'kspedia_constructionui-crew'
[LOG 14:55:48.570] AssetLoader: Loaded mod bundle 'kspedia_constructionui-engineersreport'
[LOG 14:55:48.570] AssetLoader: Loaded mod bundle 'kspedia_constructionui-gizmos'
[LOG 14:55:48.571] AssetLoader: Loaded mod bundle 'kspedia_constructionui-infos'
[LOG 14:55:48.571] AssetLoader: Loaded mod bundle 'kspedia_constructionui-partdetails'
[LOG 14:55:48.571] AssetLoader: Loaded mod bundle 'kspedia_constructionui-parts'
[LOG 14:55:48.571] AssetLoader: Loaded mod bundle 'kspedia_constructionui-symmetry'
[LOG 14:55:48.572] AssetLoader: Loaded mod bundle 'kspedia_constructionui-vesseldetails'
[LOG 14:55:48.572] AssetLoader: Loaded mod bundle 'kspedia_constructionui'
[LOG 14:55:48.572] AssetLoader: Loaded mod bundle 'kspedia_controls-dockingmode'
[LOG 14:55:48.573] AssetLoader: Loaded mod bundle 'kspedia_controls-editor'
[LOG 14:55:48.573] AssetLoader: Loaded mod bundle 'kspedia_controls-editorgizmos'
[LOG 14:55:48.573] AssetLoader: Loaded mod bundle 'kspedia_controls-eva'
[LOG 14:55:48.573] AssetLoader: Loaded mod bundle 'kspedia_controls-flight'
[LOG 14:55:48.574] AssetLoader: Loaded mod bundle 'kspedia_controls-flightactivities'
[LOG 14:55:48.574] AssetLoader: Loaded mod bundle 'kspedia_controls-flightdirections'
[LOG 14:55:48.574] AssetLoader: Loaded mod bundle 'kspedia_controls-general'
[LOG 14:55:48.574] AssetLoader: Loaded mod bundle 'kspedia_controls-mapandtime'
[LOG 14:55:48.575] AssetLoader: Loaded mod bundle 'kspedia_controls-mouseconstruction'
[LOG 14:55:48.575] AssetLoader: Loaded mod bundle 'kspedia_controls-mouseflight'
[LOG 14:55:48.575] AssetLoader: Loaded mod bundle 'kspedia_controls-rcs'
[LOG 14:55:48.576] AssetLoader: Loaded mod bundle 'kspedia_controls'
[LOG 14:55:48.576] AssetLoader: Loaded mod bundle 'kspedia_eastereggs'
[LOG 14:55:48.576] AssetLoader: Loaded mod bundle 'kspedia_evaconstructionmode'
[LOG 14:55:48.577] AssetLoader: Loaded mod bundle 'kspedia_facilities-ac'
[LOG 14:55:48.577] AssetLoader: Loaded mod bundle 'kspedia_facilities-admin'
[LOG 14:55:48.577] AssetLoader: Loaded mod bundle 'kspedia_facilities-context'
[LOG 14:55:48.577] AssetLoader: Loaded mod bundle 'kspedia_facilities-ksc'
[LOG 14:55:48.578] AssetLoader: Loaded mod bundle 'kspedia_facilities-launchpad'
[LOG 14:55:48.578] AssetLoader: Loaded mod bundle 'kspedia_facilities-mc'
[LOG 14:55:48.578] AssetLoader: Loaded mod bundle 'kspedia_facilities-randd'
[LOG 14:55:48.578] AssetLoader: Loaded mod bundle 'kspedia_facilities-runway'
[LOG 14:55:48.579] AssetLoader: Loaded mod bundle 'kspedia_facilities-sph'
[LOG 14:55:48.579] AssetLoader: Loaded mod bundle 'kspedia_facilities-ts'
[LOG 14:55:48.579] AssetLoader: Loaded mod bundle 'kspedia_facilities-vab'
[LOG 14:55:48.579] AssetLoader: Loaded mod bundle 'kspedia_flightui-altimeter'
[LOG 14:55:48.580] AssetLoader: Loaded mod bundle 'kspedia_flightui-applauncher'
[LOG 14:55:48.580] AssetLoader: Loaded mod bundle 'kspedia_flightui-evaactivities'
[LOG 14:55:48.580] AssetLoader: Loaded mod bundle 'kspedia_flightui-maneuvermodeeditor'
[LOG 14:55:48.581] AssetLoader: Loaded mod bundle 'kspedia_flightui-maneuvermodeeditorcont'
[LOG 14:55:48.581] AssetLoader: Loaded mod bundle 'kspedia_flightui-maneuvermodeorbit'
[LOG 14:55:48.581] AssetLoader: Loaded mod bundle 'kspedia_flightui-maneuvertoolinfo'
[LOG 14:55:48.581] AssetLoader: Loaded mod bundle 'kspedia_flightui-maneuvertoolmain'
[LOG 14:55:48.582] AssetLoader: Loaded mod bundle 'kspedia_flightui-modecontrol'
[LOG 14:55:48.582] AssetLoader: Loaded mod bundle 'kspedia_flightui-navball'
[LOG 14:55:48.582] AssetLoader: Loaded mod bundle 'kspedia_flightui-partrepairs'
[LOG 14:55:48.583] AssetLoader: Loaded mod bundle 'kspedia_flightui-portraits'
[LOG 14:55:48.583] AssetLoader: Loaded mod bundle 'kspedia_flightui-staging'
[LOG 14:55:48.583] AssetLoader: Loaded mod bundle 'kspedia_flightui-timeandaction'
[LOG 14:55:48.583] AssetLoader: Loaded mod bundle 'kspedia_flightui'
[LOG 14:55:48.584] AssetLoader: Loaded mod bundle 'kspedia_heat'
[LOG 14:55:48.584] AssetLoader: Loaded mod bundle 'kspedia_heatactiveradiators'
[LOG 14:55:48.584] AssetLoader: Loaded mod bundle 'kspedia_heatengines'
[LOG 14:55:48.585] AssetLoader: Loaded mod bundle 'kspedia_heatflow'
[LOG 14:55:48.585] AssetLoader: Loaded mod bundle 'kspedia_heatpart'
[LOG 14:55:48.585] AssetLoader: Loaded mod bundle 'kspedia_heatpassiveradiators'
[LOG 14:55:48.585] AssetLoader: Loaded mod bundle 'kspedia_heatshields'
[LOG 14:55:48.586] AssetLoader: Loaded mod bundle 'kspedia_kerbnet'
[LOG 14:55:48.586] AssetLoader: Loaded mod bundle 'kspedia_kerbnetinterface'
[LOG 14:55:48.586] AssetLoader: Loaded mod bundle 'kspedia_kerbnetmodes'
[LOG 14:55:48.586] AssetLoader: Loaded mod bundle 'kspedia_kerbnetwaypoints'
[LOG 14:55:48.587] AssetLoader: Loaded mod bundle 'kspedia_locations'
[LOG 14:55:48.587] AssetLoader: Loaded mod bundle 'kspedia_manual'
[LOG 14:55:48.587] AssetLoader: Loaded mod bundle 'kspedia_mapui-alarmclockcreation'
[LOG 14:55:48.588] AssetLoader: Loaded mod bundle 'kspedia_mapui-alarmclockmain'
[LOG 14:55:48.588] AssetLoader: Loaded mod bundle 'kspedia_mapui-burnindicator'
[LOG 14:55:48.588] AssetLoader: Loaded mod bundle 'kspedia_mapui-dvtoolsflight'
[LOG 14:55:48.588] AssetLoader: Loaded mod bundle 'kspedia_mapui-dvtoolsvab'
[LOG 14:55:48.589] AssetLoader: Loaded mod bundle 'kspedia_mapui-mannodes'
[LOG 14:55:48.589] AssetLoader: Loaded mod bundle 'kspedia_mapui-orbitnodes'
[LOG 14:55:48.589] AssetLoader: Loaded mod bundle 'kspedia_mapui-orbitnodes2'
[LOG 14:55:48.590] AssetLoader: Loaded mod bundle 'kspedia_mapui'
[LOG 14:55:48.590] AssetLoader: Loaded mod bundle 'kspedia_orbitalbasics-atmosphere'
[LOG 14:55:48.590] AssetLoader: Loaded mod bundle 'kspedia_orbitalbasics-gettingbackdown'
[LOG 14:55:48.590] AssetLoader: Loaded mod bundle 'kspedia_orbitalbasics-gettingupthere'
[LOG 14:55:48.591] AssetLoader: Loaded mod bundle 'kspedia_orbitalbasics-gravityturn'
[LOG 14:55:48.591] AssetLoader: Loaded mod bundle 'kspedia_orbitalbasics-orbits'
[LOG 14:55:48.591] AssetLoader: Loaded mod bundle 'kspedia_orbitalbasics-stayingupthere'
[LOG 14:55:48.591] AssetLoader: Loaded mod bundle 'kspedia_orbitalbasics'
[LOG 14:55:48.592] AssetLoader: Loaded mod bundle 'kspedia_orbitaldefinitions-appe'
[LOG 14:55:48.592] AssetLoader: Loaded mod bundle 'kspedia_orbitaldefinitions-dirandinc'
[LOG 14:55:48.592] AssetLoader: Loaded mod bundle 'kspedia_orbitaldefinitions-directions'
[LOG 14:55:48.592] AssetLoader: Loaded mod bundle 'kspedia_orbitaldefinitions-eccentricity'
[LOG 14:55:48.593] AssetLoader: Loaded mod bundle 'kspedia_orbitaldefinitions'
[LOG 14:55:48.593] AssetLoader: Loaded mod bundle 'kspedia_orbitalmaneuvers-adjustinginclination'
[LOG 14:55:48.593] AssetLoader: Loaded mod bundle 'kspedia_orbitalmaneuvers-deltav'
[LOG 14:55:48.593] AssetLoader: Loaded mod bundle 'kspedia_orbitalmaneuvers-efficiency'
[LOG 14:55:48.594] AssetLoader: Loaded mod bundle 'kspedia_orbitalmaneuvers-hohmanntransfer'
[LOG 14:55:48.594] AssetLoader: Loaded mod bundle 'kspedia_orbitalmaneuvers-hohmanntransfer2'
[LOG 14:55:48.594] AssetLoader: Loaded mod bundle 'kspedia_orbitalmaneuvers-orbittypes'
[LOG 14:55:48.594] AssetLoader: Loaded mod bundle 'kspedia_orbitalmaneuvers-radandantirad'
[LOG 14:55:48.595] AssetLoader: Loaded mod bundle 'kspedia_orbitalmaneuvers-shapingup'
[LOG 14:55:48.595] AssetLoader: Loaded mod bundle 'kspedia_orbitalmaneuvers'
[LOG 14:55:48.595] AssetLoader: Loaded mod bundle 'kspedia_planets-dres'
[LOG 14:55:48.596] AssetLoader: Loaded mod bundle 'kspedia_planets-duna'
[LOG 14:55:48.596] AssetLoader: Loaded mod bundle 'kspedia_planets-eeloo'
[LOG 14:55:48.596] AssetLoader: Loaded mod bundle 'kspedia_planets-eve'
[LOG 14:55:48.596] AssetLoader: Loaded mod bundle 'kspedia_planets-jool'
[LOG 14:55:48.596] AssetLoader: Loaded mod bundle 'kspedia_planets-kerbin'
[LOG 14:55:48.597] AssetLoader: Loaded mod bundle 'kspedia_planets-moho'
[LOG 14:55:48.597] AssetLoader: Loaded mod bundle 'kspedia_planets-sun'
[LOG 14:55:48.597] AssetLoader: Loaded mod bundle 'kspedia_planets-system'
[LOG 14:55:48.597] AssetLoader: Loaded mod bundle 'kspedia_resources-asteroidmining'
[LOG 14:55:48.598] AssetLoader: Loaded mod bundle 'kspedia_resources-conversionmanagement'
[LOG 14:55:48.598] AssetLoader: Loaded mod bundle 'kspedia_resources-drilling'
[LOG 14:55:48.598] AssetLoader: Loaded mod bundle 'kspedia_resources-findingit'
[LOG 14:55:48.598] AssetLoader: Loaded mod bundle 'kspedia_resources-findingit2'
[LOG 14:55:48.599] AssetLoader: Loaded mod bundle 'kspedia_resources-storageandconversion'
[LOG 14:55:48.599] AssetLoader: Loaded mod bundle 'kspedia_resources'
[LOG 14:55:48.599] AssetLoader: Loaded mod bundle 'kspedia_rocketry'
[LOG 14:55:48.599] AssetLoader: Loaded mod bundle 'kspedia_rocketryadvanced-fairings'
[LOG 14:55:48.600] AssetLoader: Loaded mod bundle 'kspedia_rocketryadvanced-girders'
[LOG 14:55:48.600] AssetLoader: Loaded mod bundle 'kspedia_rocketryadvanced'
[LOG 14:55:48.600] AssetLoader: Loaded mod bundle 'kspedia_rocketrybasics'
[LOG 14:55:48.600] AssetLoader: Loaded mod bundle 'kspedia_rocketrybasicsaero'
[LOG 14:55:48.601] AssetLoader: Loaded mod bundle 'kspedia_rocketrybasicscentered'
[LOG 14:55:48.601] AssetLoader: Loaded mod bundle 'kspedia_rocketrybasicschutes'
[LOG 14:55:48.601] AssetLoader: Loaded mod bundle 'kspedia_rocketrybasicscontrol'
[LOG 14:55:48.602] AssetLoader: Loaded mod bundle 'kspedia_rocketrybasicsecrecharging'
[LOG 14:55:48.602] AssetLoader: Loaded mod bundle 'kspedia_rocketrybasicsengines'
[LOG 14:55:48.602] AssetLoader: Loaded mod bundle 'kspedia_rocketrybasicsforces'
[LOG 14:55:48.602] AssetLoader: Loaded mod bundle 'kspedia_rocketrybasicshatchesandladders'
[LOG 14:55:48.603] AssetLoader: Loaded mod bundle 'kspedia_rocketrybasicshibernation'
[LOG 14:55:48.603] AssetLoader: Loaded mod bundle 'kspedia_rocketrybasicsresources'
[LOG 14:55:48.603] AssetLoader: Loaded mod bundle 'kspedia_rocketrybasicsservicecontainers'
[LOG 14:55:48.603] AssetLoader: Loaded mod bundle 'kspedia_rocketrybasicsstability'
[LOG 14:55:48.604] AssetLoader: Loaded mod bundle 'kspedia_rocketrybasicsstabilityassist'
[LOG 14:55:48.604] AssetLoader: Loaded mod bundle 'kspedia_rocketrybasicsstaging'
[LOG 14:55:48.604] AssetLoader: Loaded mod bundle 'kspedia_rocketrybasicssymmetry'
[LOG 14:55:48.604] AssetLoader: Loaded mod bundle 'kspedia_science'
[LOG 14:55:48.605] AssetLoader: Loaded mod bundle 'kspedia_sciencedata'
[LOG 14:55:48.605] AssetLoader: Loaded mod bundle 'kspedia_scienceexperiments'
[LOG 14:55:48.605] AssetLoader: Loaded mod bundle 'kspedia_sciencelab'
[LOG 14:55:48.605] AssetLoader: Loaded mod bundle 'kspedia_sciencetransmitted'
[LOG 14:55:48.606] AssetLoader: Loaded mod bundle 'kspedia_spacetravel'
[LOG 14:55:48.606] AssetLoader: Loaded mod bundle 'kspedia_variantswitcher'
[LOG 14:55:48.606] AssetLoader: Loaded mod bundle 'kspfonts'
[LOG 14:55:48.757] AssetLoader: Loaded bundle 'squadcore'
[LOG 14:55:48.758] AssetLoader: Loaded bundle 'squadcorefx'
[LOG 14:55:48.758] AssetLoader: Loaded mod bundle 'kspedia_builder'
[LOG 14:55:48.758] AssetLoader: Loaded mod bundle 'kspedia_buildertoolbar'
[LOG 14:55:48.758] AssetLoader: Loaded mod bundle 'kspedia_canvas'
[LOG 14:55:48.759] AssetLoader: Loaded mod bundle 'kspedia_exportingvalidation'
[LOG 14:55:48.759] AssetLoader: Loaded mod bundle 'kspedia_flight'
[LOG 14:55:48.759] AssetLoader: Loaded mod bundle 'kspedia_flightapp'
[LOG 14:55:48.760] AssetLoader: Loaded mod bundle 'kspedia_gap'
[LOG 14:55:48.760] AssetLoader: Loaded mod bundle 'kspedia_gaptools'
[LOG 14:55:48.760] AssetLoader: Loaded mod bundle 'kspedia_makinghistory'
[LOG 14:55:48.760] AssetLoader: Loaded mod bundle 'kspedia_missionbriefing'
[LOG 14:55:48.761] AssetLoader: Loaded mod bundle 'kspedia_nodedocking'
[LOG 14:55:48.761] AssetLoader: Loaded mod bundle 'kspedia_nodesconnectors'
[LOG 14:55:48.761] AssetLoader: Loaded mod bundle 'kspedia_sap'
[LOG 14:55:48.761] AssetLoader: Loaded mod bundle 'kspedia_sidebar'
[LOG 14:55:48.762] AssetLoader: Loaded mod bundle 'kspedia_testingcheckpoints'
[LOG 14:55:48.762] AssetLoader: Loaded bundle 'makinghistory'
[LOG 14:55:48.762] AssetLoader: Loaded mod bundle 'kspedia_bladecyclic-collective-behaviour'
[LOG 14:55:48.763] AssetLoader: Loaded mod bundle 'kspedia_bladecyclic-collective-controls'
[LOG 14:55:48.763] AssetLoader: Loaded mod bundle 'kspedia_deployedscience-experiments'
[LOG 14:55:48.763] AssetLoader: Loaded mod bundle 'kspedia_deployedscience'
[LOG 14:55:48.763] AssetLoader: Loaded mod bundle 'kspedia_grippads'
[LOG 14:55:48.764] AssetLoader: Loaded mod bundle 'kspedia_layindtracks'
[LOG 14:55:48.764] AssetLoader: Loaded mod bundle 'kspedia_propellers'
[LOG 14:55:48.764] AssetLoader: Loaded mod bundle 'kspedia_propellersaerodynamics'
[LOG 14:55:48.764] AssetLoader: Loaded mod bundle 'kspedia_roboticcontroller'
[LOG 14:55:48.765] AssetLoader: Loaded mod bundle 'kspedia_roboticparts'
[LOG 14:55:48.765] AssetLoader: Loaded mod bundle 'kspedia_surface features-overview'
[LOG 14:55:48.765] AssetLoader: Loaded mod bundle 'kspedia_surface features-roverarmdetails'
[LOG 14:55:48.766] AssetLoader: Loaded mod bundle 'kspedia_trackeditor'
[LOG 14:55:48.766] AssetLoader: Loaded mod bundle 'kspedia_trackeditortoolbar'
[LOG 14:55:48.766] AssetLoader: Loaded mod bundle 'serenity'
[LOG 14:55:48.767] AssetLoader: Finished loading. 226 bundle definitions loaded.
[LOG 14:55:48.768] Compiling Configs:
[LOG 14:55:48.768] Config(PHYSICSGLOBALS) /Physics/PHYSICSGLOBALS
[LOG 14:55:48.768] Config(KSP_COMMUNITY_FIXES) KSPCommunityFixes/Settings/KSP_COMMUNITY_FIXES
[LOG 14:55:48.768] Config(Localization) KSPCommunityFixes/Localization/en-us/Localization
[LOG 14:55:48.768] Config(Localization) KSPCommunityFixes/Localization/fr-fr/Localization
[LOG 14:55:48.768] Config(Localization) KSPCommunityFixes/Localization/ru/Localization
[LOG 14:55:48.768] Config(Localization) KSPCommunityFixes/Localization/zh-cn/Localization
[LOG 14:55:48.769] Config(@PART[*]:HAS[@MODULE[ModuleDockingNodeFixed]]:NEEDS[FixDockingNodes]:FINAL) KSPCommunityFixes/MMPatches/ModSupport/FixDockingNodes/@PART[*]:HAS[@MODULE[ModuleDockingNodeFixed]]:NEEDS[FixDockingNodes]:FINAL
[LOG 14:55:48.769] Config(@PART[*]:HAS[@MODULE[Refunding]]:LAST[999_KSP-Recall]) KSPCommunityFixes/MMPatches/ModSupport/KSPRecall/@PART[*]:HAS[@MODULE[Refunding]]:LAST[999_KSP-Recall]
[LOG 14:55:48.769] Config(@PART[*]:HAS[#hasRefundingOnRecovery[?rue]]:LAST[999_KSP-Recall]) KSPCommunityFixes/MMPatches/ModSupport/KSPRecall/@PART[*]:HAS[#hasRefundingOnRecovery[?rue]]:LAST[999_KSP-Recall]
[LOG 14:55:48.769] Config(@PART[*]:HAS[#hasRefundingOnRecovery]:LAST[999_KSP-Recall]) KSPCommunityFixes/MMPatches/ModSupport/KSPRecall/@PART[*]:HAS[#hasRefundingOnRecovery]:LAST[999_KSP-Recall]
[LOG 14:55:48.769] Config(@KSP-Recall:LAST[999_KSP-Recall]) KSPCommunityFixes/MMPatches/ModSupport/KSPRecall/@KSP-Recall:LAST[999_KSP-Recall]
[LOG 14:55:48.769] Config(@KSP-Recall:HAS[#hasRefundingOnRecovery[?rue]]:LAST[999_KSP-Recall]) KSPCommunityFixes/MMPatches/ModSupport/KSPRecall/@KSP-Recall:HAS[#hasRefundingOnRecovery[?rue]]:LAST[999_KSP-Recall]
[LOG 14:55:48.769] Config(@KSP-Recall:HAS[#hasRefundingOnRecovery]:LAST[999_KSP-Recall]) KSPCommunityFixes/MMPatches/ModSupport/KSPRecall/@KSP-Recall:HAS[#hasRefundingOnRecovery]:LAST[999_KSP-Recall]
[LOG 14:55:48.769] Config(@KSP_COMMUNITY_FIXES:NEEDS[AttachedOnEditor]) KSPCommunityFixes/MMPatches/ModSupport/KSPRecall/@KSP_COMMUNITY_FIXES:NEEDS[AttachedOnEditor]
[LOG 14:55:48.769] Config(@KSP_COMMUNITY_FIXES:NEEDS[UniversalStorage2]) KSPCommunityFixes/MMPatches/ModSupport/UniversalStorage/@KSP_COMMUNITY_FIXES:NEEDS[UniversalStorage2]
[LOG 14:55:48.769] Config(@PART[telescopicLadderBay]:FIRST) KSPCommunityFixes/MMPatches/StockTweaks/LadderToggleableLight/@PART[telescopicLadderBay]:FIRST
[LOG 14:55:48.769] Config(@PART[telescopicLadderBay]:HAS[#LadderToggleableLight[?rue]]:FIRST) KSPCommunityFixes/MMPatches/StockTweaks/LadderToggleableLight/@PART[telescopicLadderBay]:HAS[#LadderToggleableLight[?rue]]:FIRST
[LOG 14:55:48.769] Config(@PART[telescopicLadderBay]:HAS[#LadderToggleableLight]:FIRST) KSPCommunityFixes/MMPatches/StockTweaks/LadderToggleableLight/@PART[telescopicLadderBay]:HAS[#LadderToggleableLight]:FIRST
[LOG 14:55:48.769] Config(@PART[GearSmall]:FIRST) KSPCommunityFixes/MMPatches/StockTweaks/LandingGearLights/@PART[GearSmall]:FIRST
[LOG 14:55:48.769] Config(@PART[SmallGearBay]:FIRST) KSPCommunityFixes/MMPatches/StockTweaks/LandingGearLights/@PART[SmallGearBay]:FIRST
[LOG 14:55:48.769] Config(@PART[sasModule]:FOR[KSPCommunityFixes]) KSPCommunityFixes/MMPatches/StockTweaks/ManufacturerFixes/@PART[sasModule]:FOR[KSPCommunityFixes]
[LOG 14:55:48.769] Config(@PART[xenonTankRadial]:FOR[KSPCommunityFixes]) KSPCommunityFixes/MMPatches/StockTweaks/ManufacturerFixes/@PART[xenonTankRadial]:FOR[KSPCommunityFixes]
[LOG 14:55:48.769] Config(@PART[winglet|fireworksLauncherSmall|fireworksLauncherBig]:FOR[KSPCommunityFixes]) KSPCommunityFixes/MMPatches/StockTweaks/ManufacturerFixes/@PART[winglet|fireworksLauncherSmall|fireworksLauncherBig]:FOR[KSPCommunityFixes]
[LOG 14:55:48.769] Config(@PART[solidBooster_sm_v2|solidBooster_v2]:FOR[KSPCommunityFixes]) KSPCommunityFixes/MMPatches/StockTweaks/ManufacturerFixes/@PART[solidBooster_sm_v2|solidBooster_v2]:FOR[KSPCommunityFixes]
[LOG 14:55:48.769] Config(@PART[ServiceBay_125_v2|ServiceBay_250_v2]:FOR[KSPCommunityFixes]) KSPCommunityFixes/MMPatches/StockTweaks/ManufacturerFixes/@PART[ServiceBay_125_v2|ServiceBay_250_v2]:FOR[KSPCommunityFixes]
[LOG 14:55:48.769] Config(@PART[externalTankCapsule]:FOR[KSPCommunityFixes]) KSPCommunityFixes/MMPatches/StockTweaks/ManufacturerFixes/@PART[externalTankCapsule]:FOR[KSPCommunityFixes]
[LOG 14:55:48.769] Config(@PART[RCSFuelTank|rcsTankMini|RCSTank1-2]:FOR[KSPCommunityFixes]) KSPCommunityFixes/MMPatches/StockTweaks/ManufacturerFixes/@PART[RCSFuelTank|rcsTankMini|RCSTank1-2]:FOR[KSPCommunityFixes]
[LOG 14:55:48.769] Config(@PART[landerCabinSmall]:FOR[KSPCommunityFixes]) KSPCommunityFixes/MMPatches/StockTweaks/ManufacturerFixes/@PART[landerCabinSmall]:FOR[KSPCommunityFixes]
[LOG 14:55:48.769] Config(@PART[dockingPortLateral]:FOR[KSPCommunityFixes]) KSPCommunityFixes/MMPatches/StockTweaks/ManufacturerFixes/@PART[dockingPortLateral]:FOR[KSPCommunityFixes]
[LOG 14:55:48.769] Config(@PART[EnginePlate4]:FOR[KSPCommunityFixes]:NEEDS[SquadExpansion/MakingHistory]) KSPCommunityFixes/MMPatches/StockTweaks/ManufacturerFixes/@PART[EnginePlate4]:FOR[KSPCommunityFixes]:NEEDS[SquadExpansion/MakingHistory]
[LOG 14:55:48.769] Config(@PART[Mk2Pod]:FOR[KSPCommunityFixes]:NEEDS[SquadExpansion/MakingHistory]) KSPCommunityFixes/MMPatches/StockTweaks/ManufacturerFixes/@PART[Mk2Pod]:FOR[KSPCommunityFixes]:NEEDS[SquadExpansion/MakingHistory]
[LOG 14:55:48.769] Config(@PART[evaChute|parachuteSingle|parachuteRadial|radialDrogue|parachuteLarge|parachuteDrogue]:FOR[KSPCommunityFixes]) KSPCommunityFixes/MMPatches/StockTweaks/ManufacturerFixes/@PART[evaChute|parachuteSingle|parachuteRadial|radialDrogue|parachuteLarge|parachuteDrogue]:FOR[KSPCommunityFixes]
[LOG 14:55:48.769] Config(@PART[stackPoint1|dockingPort1|dockingPort2|dockingPort3|dockingPortLarge]:FOR[KSPCommunityFixes]) KSPCommunityFixes/MMPatches/StockTweaks/ManufacturerFixes/@PART[stackPoint1|dockingPort1|dockingPort2|dockingPort3|dockingPortLarge]:FOR[KSPCommunityFixes]
[LOG 14:55:48.770] Config(AGENT) KSPCommunityFixes/MMPatches/StockTweaks/ManufacturerFixes/Clamp-O-Tron
[LOG 14:55:48.770] Config(AGENT) KSPCommunityFixes/MMPatches/StockTweaks/ManufacturerFixes/FreeFall Parachutes
[LOG 14:55:48.770] Config(AGENT) KSPCommunityFixes/MMPatches/StockTweaks/ManufacturerFixes/LightYear Tire Company
[LOG 14:55:48.770] Config(AGENT) KSPCommunityFixes/MMPatches/StockTweaks/ManufacturerFixes/Stratus Corporation
[LOG 14:55:48.770] Config(Localization) KSPCommunityFixes/MMPatches/StockTweaks/ManufacturerFixes/Localization
[LOG 14:55:48.770] Config(AGENT) Squad/Agencies/Agents/C7 Aerospace Division
[LOG 14:55:48.770] Config(AGENT) Squad/Agencies/Agents/Dinkelstein Kerman's Construction Emporium
[LOG 14:55:48.770] Config(AGENT) Squad/Agencies/Agents/Experimental Engineering Group
[LOG 14:55:48.770] Config(AGENT) Squad/Agencies/Agents/FLOOYD Dynamics Research Labs
[LOG 14:55:48.770] Config(AGENT) Squad/Agencies/Agents/Goliath National Products
[LOG 14:55:48.770] Config(AGENT) Squad/Agencies/Agents/Integrated Integrals
[LOG 14:55:48.770] Config(AGENT) Squad/Agencies/Agents/Ionic Symphonic Protonic Electronics
[LOG 14:55:48.770] Config(AGENT) Squad/Agencies/Agents/Jebediah Kerman's Junkyard and Spacecraft Parts Co
[LOG 14:55:48.770] Config(AGENT) Squad/Agencies/Agents/Kerbal Motion LLC
[LOG 14:55:48.770] Config(AGENT) Squad/Agencies/Agents/Kerbin World-Firsts Record-Keeping Society
[LOG 14:55:48.770] Config(AGENT) Squad/Agencies/Agents/Kerbodyne
[LOG 14:55:48.770] Config(AGENT) Squad/Agencies/Agents/Kerlington Model Rockets and Paper Products Inc
[LOG 14:55:48.770] Config(AGENT) Squad/Agencies/Agents/Maxo Construction Toys
[LOG 14:55:48.770] Config(AGENT) Squad/Agencies/Agents/Moving Parts Experts Group
[LOG 14:55:48.770] Config(AGENT) Squad/Agencies/Agents/O.M.B. Demolition Enterprises
[LOG 14:55:48.770] Config(AGENT) Squad/Agencies/Agents/Periapsis Rocket Supplies Co
[LOG 14:55:48.770] Config(AGENT) Squad/Agencies/Agents/Probodobodyne Inc
[LOG 14:55:48.770] Config(AGENT) Squad/Agencies/Agents/Research & Development Department
[LOG 14:55:48.770] Config(AGENT) Squad/Agencies/Agents/Reaction Systems Ltd
[LOG 14:55:48.770] Config(AGENT) Squad/Agencies/Agents/Rockomax Conglomerate
[LOG 14:55:48.770] Config(AGENT) Squad/Agencies/Agents/Rokea Inc
[LOG 14:55:48.770] Config(AGENT) Squad/Agencies/Agents/Sean's Cannery
[LOG 14:55:48.770] Config(AGENT) Squad/Agencies/Agents/STEADLER Engineering Corps
[LOG 14:55:48.771] Config(AGENT) Squad/Agencies/Agents/StrutCo
[LOG 14:55:48.771] Config(AGENT) Squad/Agencies/Agents/Vac-Co Advanced Suction Systems
[LOG 14:55:48.771] Config(AGENT) Squad/Agencies/Agents/WinterOwl Aircraft Emporium
[LOG 14:55:48.771] Config(AGENT) Squad/Agencies/Agents/Zaltonic Electronics
[LOG 14:55:48.771] Config(CONTRACT_CONSTRUCTION_PARTS) Squad/Contracts/constructionContractParts/CONTRACT_CONSTRUCTION_PARTS
[LOG 14:55:48.771] Config(Contracts) Squad/Contracts/Contracts/Contracts
[LOG 14:55:48.771] Config(CONTRACTCRAFT) Squad/Contracts/PrebuiltCraft/prebuiltData/CONTRACTCRAFT
[LOG 14:55:48.771] Config(CONTRACTCRAFT) Squad/Contracts/PrebuiltCraft/OrbitalConstructionContract/orbitalConstructionContractCraft/CONTRACTCRAFT
[LOG 14:55:48.771] Config(CONTRACTCRAFT) Squad/Contracts/PrebuiltCraft/RepairContract/repairContractCraft/CONTRACTCRAFT
[LOG 14:55:48.771] Config(CONTRACTCRAFT) Squad/Contracts/PrebuiltCraft/RoverContract/roverContractCraft/CONTRACTCRAFT
[LOG 14:55:48.771] Config(KEYBOARD_LAYOUT) Squad/Controls/Azerty/#autoLOC_6001233
[LOG 14:55:48.771] Config(PITCH_DOWN) Squad/Controls/Azerty/PITCH_DOWN
[LOG 14:55:48.771] Config(PITCH_UP) Squad/Controls/Azerty/PITCH_UP
[LOG 14:55:48.771] Config(YAW_LEFT) Squad/Controls/Azerty/YAW_LEFT
[LOG 14:55:48.771] Config(YAW_RIGHT) Squad/Controls/Azerty/YAW_RIGHT
[LOG 14:55:48.771] Config(ROLL_LEFT) Squad/Controls/Azerty/ROLL_LEFT
[LOG 14:55:48.771] Config(ROLL_RIGHT) Squad/Controls/Azerty/ROLL_RIGHT
[LOG 14:55:48.771] Config(THROTTLE_UP) Squad/Controls/Azerty/THROTTLE_UP
[LOG 14:55:48.771] Config(THROTTLE_DOWN) Squad/Controls/Azerty/THROTTLE_DOWN
[LOG 14:55:48.771] Config(SAS_HOLD) Squad/Controls/Azerty/SAS_HOLD
[LOG 14:55:48.771] Config(SAS_TOGGLE) Squad/Controls/Azerty/SAS_TOGGLE
[LOG 14:55:48.771] Config(LAUNCH_STAGES) Squad/Controls/Azerty/LAUNCH_STAGES
[LOG 14:55:48.771] Config(Docking_toggleRotLin) Squad/Controls/Azerty/Docking_toggleRotLin
[LOG 14:55:48.771] Config(CAMERA_MODE) Squad/Controls/Azerty/CAMERA_MODE
[LOG 14:55:48.771] Config(CAMERA_NEXT) Squad/Controls/Azerty/CAMERA_NEXT
[LOG 14:55:48.771] Config(PAUSE) Squad/Controls/Azerty/PAUSE
[LOG 14:55:48.771] Config(PRECISION_CTRL) Squad/Controls/Azerty/PRECISION_CTRL
[LOG 14:55:48.771] Config(ZOOM_IN) Squad/Controls/Azerty/ZOOM_IN
[LOG 14:55:48.772] Config(ZOOM_OUT) Squad/Controls/Azerty/ZOOM_OUT
[LOG 14:55:48.772] Config(SCROLL_VIEW_UP) Squad/Controls/Azerty/SCROLL_VIEW_UP
[LOG 14:55:48.772] Config(SCROLL_VIEW_DOWN) Squad/Controls/Azerty/SCROLL_VIEW_DOWN
[LOG 14:55:48.772] Config(SCROLL_ICONS_UP) Squad/Controls/Azerty/SCROLL_ICONS_UP
[LOG 14:55:48.772] Config(SCROLL_ICONS_DOWN) Squad/Controls/Azerty/SCROLL_ICONS_DOWN
[LOG 14:55:48.772] Config(CAMERA_ORBIT_UP) Squad/Controls/Azerty/CAMERA_ORBIT_UP
[LOG 14:55:48.772] Config(CAMERA_ORBIT_DOWN) Squad/Controls/Azerty/CAMERA_ORBIT_DOWN
[LOG 14:55:48.772] Config(CAMERA_ORBIT_LEFT) Squad/Controls/Azerty/CAMERA_ORBIT_LEFT
[LOG 14:55:48.772] Config(CAMERA_ORBIT_RIGHT) Squad/Controls/Azerty/CAMERA_ORBIT_RIGHT
[LOG 14:55:48.772] Config(CAMERA_RESET) Squad/Controls/Azerty/CAMERA_RESET
[LOG 14:55:48.772] Config(CAMERA_MOUSE_TOGGLE) Squad/Controls/Azerty/CAMERA_MOUSE_TOGGLE
[LOG 14:55:48.772] Config(TIME_WARP_INCREASE) Squad/Controls/Azerty/TIME_WARP_INCREASE
[LOG 14:55:48.772] Config(TIME_WARP_DECREASE) Squad/Controls/Azerty/TIME_WARP_DECREASE
[LOG 14:55:48.772] Config(TIME_WARP_STOP) Squad/Controls/Azerty/TIME_WARP_STOP
[LOG 14:55:48.772] Config(MAP_VIEW_TOGGLE) Squad/Controls/Azerty/MAP_VIEW_TOGGLE
[LOG 14:55:48.772] Config(NAVBALL_TOGGLE) Squad/Controls/Azerty/NAVBALL_TOGGLE
[LOG 14:55:48.772] Config(UIMODE_STAGING) Squad/Controls/Azerty/UIMODE_STAGING
[LOG 14:55:48.772] Config(UIMODE_DOCKING) Squad/Controls/Azerty/UIMODE_DOCKING
[LOG 14:55:48.772] Config(TRANSLATE_DOWN) Squad/Controls/Azerty/TRANSLATE_DOWN
[LOG 14:55:48.772] Config(TRANSLATE_UP) Squad/Controls/Azerty/TRANSLATE_UP
[LOG 14:55:48.772] Config(TRANSLATE_LEFT) Squad/Controls/Azerty/TRANSLATE_LEFT
[LOG 14:55:48.772] Config(TRANSLATE_RIGHT) Squad/Controls/Azerty/TRANSLATE_RIGHT
[LOG 14:55:48.772] Config(TRANSLATE_FWD) Squad/Controls/Azerty/TRANSLATE_FWD
[LOG 14:55:48.772] Config(TRANSLATE_BACK) Squad/Controls/Azerty/TRANSLATE_BACK
[LOG 14:55:48.772] Config(RCS_TOGGLE) Squad/Controls/Azerty/RCS_TOGGLE
[LOG 14:55:48.772] Config(FOCUS_NEXT_VESSEL) Squad/Controls/Azerty/FOCUS_NEXT_VESSEL
[LOG 14:55:48.772] Config(FOCUS_PREV_VESSEL) Squad/Controls/Azerty/FOCUS_PREV_VESSEL
[LOG 14:55:48.772] Config(TOGGLE_UI) Squad/Controls/Azerty/TOGGLE_UI
[LOG 14:55:48.772] Config(TOGGLE_STATUS_SCREEN) Squad/Controls/Azerty/TOGGLE_STATUS_SCREEN
[LOG 14:55:48.772] Config(TAKE_SCREENSHOT) Squad/Controls/Azerty/TAKE_SCREENSHOT
[LOG 14:55:48.772] Config(TOGGLE_LABELS) Squad/Controls/Azerty/TOGGLE_LABELS
[LOG 14:55:48.773] Config(TOGGLE_TEMP_GAUGES) Squad/Controls/Azerty/TOGGLE_TEMP_GAUGES
[LOG 14:55:48.773] Config(TOGGLE_TEMP_OVERLAY) Squad/Controls/Azerty/TOGGLE_TEMP_OVERLAY
[LOG 14:55:48.773] Config(TOGGLE_FLIGHT_FORCES) Squad/Controls/Azerty/TOGGLE_FLIGHT_FORCES
[LOG 14:55:48.773] Config(QUICKSAVE) Squad/Controls/Azerty/QUICKSAVE
[LOG 14:55:48.773] Config(QUICKLOAD) Squad/Controls/Azerty/QUICKLOAD
[LOG 14:55:48.773] Config(THROTTLE_CUTOFF) Squad/Controls/Azerty/THROTTLE_CUTOFF
[LOG 14:55:48.773] Config(THROTTLE_FULL) Squad/Controls/Azerty/THROTTLE_FULL
[LOG 14:55:48.773] Config(LANDING_GEAR) Squad/Controls/Azerty/LANDING_GEAR
[LOG 14:55:48.773] Config(HEADLIGHT_TOGGLE) Squad/Controls/Azerty/HEADLIGHT_TOGGLE
[LOG 14:55:48.773] Config(BRAKES) Squad/Controls/Azerty/BRAKES
[LOG 14:55:48.773] Config(TOGGLE_SPACENAV_FLIGHT_CONTROL) Squad/Controls/Azerty/TOGGLE_SPACENAV_FLIGHT_CONTROL
[LOG 14:55:48.773] Config(TOGGLE_SPACENAV_ROLL_LOCK) Squad/Controls/Azerty/TOGGLE_SPACENAV_ROLL_LOCK
[LOG 14:55:48.773] Config(WHEEL_STEER_LEFT) Squad/Controls/Azerty/WHEEL_STEER_LEFT
[LOG 14:55:48.773] Config(WHEEL_STEER_RIGHT) Squad/Controls/Azerty/WHEEL_STEER_RIGHT
[LOG 14:55:48.773] Config(WHEEL_THROTTLE_DOWN) Squad/Controls/Azerty/WHEEL_THROTTLE_DOWN
[LOG 14:55:48.773] Config(WHEEL_THROTTLE_UP) Squad/Controls/Azerty/WHEEL_THROTTLE_UP
[LOG 14:55:48.773] Config(EVA_forward) Squad/Controls/Azerty/EVA_forward
[LOG 14:55:48.773] Config(EVA_back) Squad/Controls/Azerty/EVA_back
[LOG 14:55:48.773] Config(EVA_left) Squad/Controls/Azerty/EVA_left
[LOG 14:55:48.773] Config(EVA_right) Squad/Controls/Azerty/EVA_right
[LOG 14:55:48.773] Config(EVA_yaw_left) Squad/Controls/Azerty/EVA_yaw_left
[LOG 14:55:48.773] Config(EVA_yaw_right) Squad/Controls/Azerty/EVA_yaw_right
[LOG 14:55:48.773] Config(EVA_Pack_forward) Squad/Controls/Azerty/EVA_Pack_forward
[LOG 14:55:48.773] Config(EVA_Pack_back) Squad/Controls/Azerty/EVA_Pack_back
[LOG 14:55:48.773] Config(EVA_Pack_left) Squad/Controls/Azerty/EVA_Pack_left
[LOG 14:55:48.773] Config(EVA_Pack_right) Squad/Controls/Azerty/EVA_Pack_right
[LOG 14:55:48.773] Config(EVA_Pack_up) Squad/Controls/Azerty/EVA_Pack_up
[LOG 14:55:48.773] Config(EVA_Pack_down) Squad/Controls/Azerty/EVA_Pack_down
[LOG 14:55:48.773] Config(EVA_Jump) Squad/Controls/Azerty/EVA_Jump
[LOG 14:55:48.773] Config(EVA_Run) Squad/Controls/Azerty/EVA_Run
[LOG 14:55:48.773] Config(EVA_ToggleMovementMode) Squad/Controls/Azerty/EVA_ToggleMovementMode
[LOG 14:55:48.774] Config(EVA_TogglePack) Squad/Controls/Azerty/EVA_TogglePack
[LOG 14:55:48.774] Config(EVA_Use) Squad/Controls/Azerty/EVA_Use
[LOG 14:55:48.774] Config(EVA_Board) Squad/Controls/Azerty/EVA_Board
[LOG 14:55:48.774] Config(EVA_Orient) Squad/Controls/Azerty/EVA_Orient
[LOG 14:55:48.774] Config(EVA_Lights) Squad/Controls/Azerty/EVA_Lights
[LOG 14:55:48.774] Config(EVA_ChuteDeploy) Squad/Controls/Azerty/EVA_ChuteDeploy
[LOG 14:55:48.774] Config(Editor_pitchUp) Squad/Controls/Azerty/Editor_pitchUp
[LOG 14:55:48.774] Config(Editor_pitchDown) Squad/Controls/Azerty/Editor_pitchDown
[LOG 14:55:48.774] Config(Editor_yawLeft) Squad/Controls/Azerty/Editor_yawLeft
[LOG 14:55:48.774] Config(Editor_yawRight) Squad/Controls/Azerty/Editor_yawRight
[LOG 14:55:48.774] Config(Editor_rollLeft) Squad/Controls/Azerty/Editor_rollLeft
[LOG 14:55:48.774] Config(Editor_rollRight) Squad/Controls/Azerty/Editor_rollRight
[LOG 14:55:48.774] Config(Editor_resetRotation) Squad/Controls/Azerty/Editor_resetRotation
[LOG 14:55:48.774] Config(Editor_modePlace) Squad/Controls/Azerty/Editor_modePlace
[LOG 14:55:48.774] Config(Editor_modeOffset) Squad/Controls/Azerty/Editor_modeOffset
[LOG 14:55:48.774] Config(Editor_modeRotate) Squad/Controls/Azerty/Editor_modeRotate
[LOG 14:55:48.774] Config(Editor_modeRoot) Squad/Controls/Azerty/Editor_modeRoot
[LOG 14:55:48.774] Config(Editor_coordSystem) Squad/Controls/Azerty/Editor_coordSystem
[LOG 14:55:48.774] Config(Editor_toggleSymMethod) Squad/Controls/Azerty/Editor_toggleSymMethod
[LOG 14:55:48.774] Config(Editor_toggleSymMode) Squad/Controls/Azerty/Editor_toggleSymMode
[LOG 14:55:48.774] Config(Editor_toggleAngleSnap) Squad/Controls/Azerty/Editor_toggleAngleSnap
[LOG 14:55:48.774] Config(Editor_fineTweak) Squad/Controls/Azerty/Editor_fineTweak
[LOG 14:55:48.774] Config(Editor_partSearch) Squad/Controls/Azerty/Editor_partSearch
[LOG 14:55:48.774] Config(Editor_zoomScrollModifier) Squad/Controls/Azerty/Editor_zoomScrollModifier
[LOG 14:55:48.774] Config(MODIFIER_KEY) Squad/Controls/Azerty/MODIFIER_KEY
[LOG 14:55:48.774] Config(AbortActionGroup) Squad/Controls/Azerty/AbortActionGroup
[LOG 14:55:48.774] Config(CustomActionGroup1) Squad/Controls/Azerty/CustomActionGroup1
[LOG 14:55:48.774] Config(CustomActionGroup2) Squad/Controls/Azerty/CustomActionGroup2
[LOG 14:55:48.774] Config(CustomActionGroup3) Squad/Controls/Azerty/CustomActionGroup3
[LOG 14:55:48.775] Config(CustomActionGroup4) Squad/Controls/Azerty/CustomActionGroup4
[LOG 14:55:48.775] Config(CustomActionGroup5) Squad/Controls/Azerty/CustomActionGroup5
[LOG 14:55:48.775] Config(CustomActionGroup6) Squad/Controls/Azerty/CustomActionGroup6
[LOG 14:55:48.775] Config(CustomActionGroup7) Squad/Controls/Azerty/CustomActionGroup7
[LOG 14:55:48.775] Config(CustomActionGroup8) Squad/Controls/Azerty/CustomActionGroup8
[LOG 14:55:48.775] Config(CustomActionGroup9) Squad/Controls/Azerty/CustomActionGroup9
[LOG 14:55:48.775] Config(CustomActionGroup10) Squad/Controls/Azerty/CustomActionGroup10
[LOG 14:55:48.775] Config(KEY_MAP) Squad/Controls/Azerty/KEY_MAP
[LOG 14:55:48.775] Config(KEYBOARD_LAYOUT) Squad/Controls/Dvorak/#autoLOC_6001234
[LOG 14:55:48.775] Config(PITCH_DOWN) Squad/Controls/Dvorak/PITCH_DOWN
[LOG 14:55:48.775] Config(PITCH_UP) Squad/Controls/Dvorak/PITCH_UP
[LOG 14:55:48.775] Config(YAW_LEFT) Squad/Controls/Dvorak/YAW_LEFT
[LOG 14:55:48.775] Config(YAW_RIGHT) Squad/Controls/Dvorak/YAW_RIGHT
[LOG 14:55:48.775] Config(ROLL_LEFT) Squad/Controls/Dvorak/ROLL_LEFT
[LOG 14:55:48.775] Config(ROLL_RIGHT) Squad/Controls/Dvorak/ROLL_RIGHT
[LOG 14:55:48.775] Config(THROTTLE_UP) Squad/Controls/Dvorak/THROTTLE_UP
[LOG 14:55:48.775] Config(THROTTLE_DOWN) Squad/Controls/Dvorak/THROTTLE_DOWN
[LOG 14:55:48.775] Config(SAS_HOLD) Squad/Controls/Dvorak/SAS_HOLD
[LOG 14:55:48.775] Config(SAS_TOGGLE) Squad/Controls/Dvorak/SAS_TOGGLE
[LOG 14:55:48.775] Config(LAUNCH_STAGES) Squad/Controls/Dvorak/LAUNCH_STAGES
[LOG 14:55:48.775] Config(Docking_toggleRotLin) Squad/Controls/Dvorak/Docking_toggleRotLin
[LOG 14:55:48.775] Config(CAMERA_MODE) Squad/Controls/Dvorak/CAMERA_MODE
[LOG 14:55:48.775] Config(CAMERA_NEXT) Squad/Controls/Dvorak/CAMERA_NEXT
[LOG 14:55:48.775] Config(PAUSE) Squad/Controls/Dvorak/PAUSE
[LOG 14:55:48.775] Config(PRECISION_CTRL) Squad/Controls/Dvorak/PRECISION_CTRL
[LOG 14:55:48.775] Config(ZOOM_IN) Squad/Controls/Dvorak/ZOOM_IN
[LOG 14:55:48.775] Config(ZOOM_OUT) Squad/Controls/Dvorak/ZOOM_OUT
[LOG 14:55:48.775] Config(SCROLL_VIEW_UP) Squad/Controls/Dvorak/SCROLL_VIEW_UP
[LOG 14:55:48.775] Config(SCROLL_VIEW_DOWN) Squad/Controls/Dvorak/SCROLL_VIEW_DOWN
[LOG 14:55:48.775] Config(SCROLL_ICONS_UP) Squad/Controls/Dvorak/SCROLL_ICONS_UP
[LOG 14:55:48.776] Config(SCROLL_ICONS_DOWN) Squad/Controls/Dvorak/SCROLL_ICONS_DOWN
[LOG 14:55:48.776] Config(CAMERA_ORBIT_UP) Squad/Controls/Dvorak/CAMERA_ORBIT_UP
[LOG 14:55:48.776] Config(CAMERA_ORBIT_DOWN) Squad/Controls/Dvorak/CAMERA_ORBIT_DOWN
[LOG 14:55:48.776] Config(CAMERA_ORBIT_LEFT) Squad/Controls/Dvorak/CAMERA_ORBIT_LEFT
[LOG 14:55:48.776] Config(CAMERA_ORBIT_RIGHT) Squad/Controls/Dvorak/CAMERA_ORBIT_RIGHT
[LOG 14:55:48.776] Config(CAMERA_RESET) Squad/Controls/Dvorak/CAMERA_RESET
[LOG 14:55:48.776] Config(CAMERA_MOUSE_TOGGLE) Squad/Controls/Dvorak/CAMERA_MOUSE_TOGGLE
[LOG 14:55:48.776] Config(TIME_WARP_INCREASE) Squad/Controls/Dvorak/TIME_WARP_INCREASE
[LOG 14:55:48.776] Config(TIME_WARP_DECREASE) Squad/Controls/Dvorak/TIME_WARP_DECREASE
[LOG 14:55:48.776] Config(TIME_WARP_STOP) Squad/Controls/Dvorak/TIME_WARP_STOP
[LOG 14:55:48.776] Config(MAP_VIEW_TOGGLE) Squad/Controls/Dvorak/MAP_VIEW_TOGGLE
[LOG 14:55:48.776] Config(NAVBALL_TOGGLE) Squad/Controls/Dvorak/NAVBALL_TOGGLE
[LOG 14:55:48.776] Config(UIMODE_STAGING) Squad/Controls/Dvorak/UIMODE_STAGING
[LOG 14:55:48.776] Config(UIMODE_DOCKING) Squad/Controls/Dvorak/UIMODE_DOCKING
[LOG 14:55:48.776] Config(TRANSLATE_DOWN) Squad/Controls/Dvorak/TRANSLATE_DOWN
[LOG 14:55:48.776] Config(TRANSLATE_UP) Squad/Controls/Dvorak/TRANSLATE_UP
[LOG 14:55:48.776] Config(TRANSLATE_LEFT) Squad/Controls/Dvorak/TRANSLATE_LEFT
[LOG 14:55:48.776] Config(TRANSLATE_RIGHT) Squad/Controls/Dvorak/TRANSLATE_RIGHT
[LOG 14:55:48.776] Config(TRANSLATE_FWD) Squad/Controls/Dvorak/TRANSLATE_FWD
[LOG 14:55:48.776] Config(TRANSLATE_BACK) Squad/Controls/Dvorak/TRANSLATE_BACK
[LOG 14:55:48.776] Config(RCS_TOGGLE) Squad/Controls/Dvorak/RCS_TOGGLE
[LOG 14:55:48.776] Config(FOCUS_NEXT_VESSEL) Squad/Controls/Dvorak/FOCUS_NEXT_VESSEL
[LOG 14:55:48.776] Config(FOCUS_PREV_VESSEL) Squad/Controls/Dvorak/FOCUS_PREV_VESSEL
[LOG 14:55:48.776] Config(TOGGLE_UI) Squad/Controls/Dvorak/TOGGLE_UI
[LOG 14:55:48.776] Config(TOGGLE_STATUS_SCREEN) Squad/Controls/Dvorak/TOGGLE_STATUS_SCREEN
[LOG 14:55:48.776] Config(TAKE_SCREENSHOT) Squad/Controls/Dvorak/TAKE_SCREENSHOT
[LOG 14:55:48.776] Config(TOGGLE_LABELS) Squad/Controls/Dvorak/TOGGLE_LABELS
[LOG 14:55:48.776] Config(TOGGLE_TEMP_GAUGES) Squad/Controls/Dvorak/TOGGLE_TEMP_GAUGES
[LOG 14:55:48.777] Config(TOGGLE_TEMP_OVERLAY) Squad/Controls/Dvorak/TOGGLE_TEMP_OVERLAY
[LOG 14:55:48.777] Config(TOGGLE_FLIGHT_FORCES) Squad/Controls/Dvorak/TOGGLE_FLIGHT_FORCES
[LOG 14:55:48.777] Config(QUICKSAVE) Squad/Controls/Dvorak/QUICKSAVE
[LOG 14:55:48.777] Config(QUICKLOAD) Squad/Controls/Dvorak/QUICKLOAD
[LOG 14:55:48.777] Config(THROTTLE_CUTOFF) Squad/Controls/Dvorak/THROTTLE_CUTOFF
[LOG 14:55:48.777] Config(THROTTLE_FULL) Squad/Controls/Dvorak/THROTTLE_FULL
[LOG 14:55:48.777] Config(LANDING_GEAR) Squad/Controls/Dvorak/LANDING_GEAR
[LOG 14:55:48.777] Config(HEADLIGHT_TOGGLE) Squad/Controls/Dvorak/HEADLIGHT_TOGGLE
[LOG 14:55:48.777] Config(BRAKES) Squad/Controls/Dvorak/BRAKES
[LOG 14:55:48.777] Config(TOGGLE_SPACENAV_FLIGHT_CONTROL) Squad/Controls/Dvorak/TOGGLE_SPACENAV_FLIGHT_CONTROL
[LOG 14:55:48.777] Config(TOGGLE_SPACENAV_ROLL_LOCK) Squad/Controls/Dvorak/TOGGLE_SPACENAV_ROLL_LOCK
[LOG 14:55:48.777] Config(WHEEL_STEER_LEFT) Squad/Controls/Dvorak/WHEEL_STEER_LEFT
[LOG 14:55:48.777] Config(WHEEL_STEER_RIGHT) Squad/Controls/Dvorak/WHEEL_STEER_RIGHT
[LOG 14:55:48.777] Config(WHEEL_THROTTLE_DOWN) Squad/Controls/Dvorak/WHEEL_THROTTLE_DOWN
[LOG 14:55:48.777] Config(WHEEL_THROTTLE_UP) Squad/Controls/Dvorak/WHEEL_THROTTLE_UP
[LOG 14:55:48.777] Config(EVA_forward) Squad/Controls/Dvorak/EVA_forward
[LOG 14:55:48.777] Config(EVA_back) Squad/Controls/Dvorak/EVA_back
[LOG 14:55:48.777] Config(EVA_left) Squad/Controls/Dvorak/EVA_left
[LOG 14:55:48.777] Config(EVA_right) Squad/Controls/Dvorak/EVA_right
[LOG 14:55:48.777] Config(EVA_yaw_left) Squad/Controls/Dvorak/EVA_yaw_left
[LOG 14:55:48.777] Config(EVA_yaw_right) Squad/Controls/Dvorak/EVA_yaw_right
[LOG 14:55:48.777] Config(EVA_Pack_forward) Squad/Controls/Dvorak/EVA_Pack_forward
[LOG 14:55:48.777] Config(EVA_Pack_back) Squad/Controls/Dvorak/EVA_Pack_back
[LOG 14:55:48.777] Config(EVA_Pack_left) Squad/Controls/Dvorak/EVA_Pack_left
[LOG 14:55:48.777] Config(EVA_Pack_right) Squad/Controls/Dvorak/EVA_Pack_right
[LOG 14:55:48.777] Config(EVA_Pack_up) Squad/Controls/Dvorak/EVA_Pack_up
[LOG 14:55:48.777] Config(EVA_Pack_down) Squad/Controls/Dvorak/EVA_Pack_down
[LOG 14:55:48.777] Config(EVA_Jump) Squad/Controls/Dvorak/EVA_Jump
[LOG 14:55:48.777] Config(EVA_Run) Squad/Controls/Dvorak/EVA_Run
[LOG 14:55:48.778] Config(EVA_ToggleMovementMode) Squad/Controls/Dvorak/EVA_ToggleMovementMode
[LOG 14:55:48.778] Config(EVA_TogglePack) Squad/Controls/Dvorak/EVA_TogglePack
[LOG 14:55:48.778] Config(EVA_Use) Squad/Controls/Dvorak/EVA_Use
[LOG 14:55:48.778] Config(EVA_Board) Squad/Controls/Dvorak/EVA_Board
[LOG 14:55:48.778] Config(EVA_Orient) Squad/Controls/Dvorak/EVA_Orient
[LOG 14:55:48.778] Config(EVA_Lights) Squad/Controls/Dvorak/EVA_Lights
[LOG 14:55:48.778] Config(EVA_ChuteDeploy) Squad/Controls/Dvorak/EVA_ChuteDeploy
[LOG 14:55:48.778] Config(Editor_pitchUp) Squad/Controls/Dvorak/Editor_pitchUp
[LOG 14:55:48.778] Config(Editor_pitchDown) Squad/Controls/Dvorak/Editor_pitchDown
[LOG 14:55:48.778] Config(Editor_yawLeft) Squad/Controls/Dvorak/Editor_yawLeft
[LOG 14:55:48.778] Config(Editor_yawRight) Squad/Controls/Dvorak/Editor_yawRight
[LOG 14:55:48.778] Config(Editor_rollLeft) Squad/Controls/Dvorak/Editor_rollLeft
[LOG 14:55:48.778] Config(Editor_rollRight) Squad/Controls/Dvorak/Editor_rollRight
[LOG 14:55:48.778] Config(Editor_resetRotation) Squad/Controls/Dvorak/Editor_resetRotation
[LOG 14:55:48.778] Config(Editor_modePlace) Squad/Controls/Dvorak/Editor_modePlace
[LOG 14:55:48.778] Config(Editor_modeOffset) Squad/Controls/Dvorak/Editor_modeOffset
[LOG 14:55:48.778] Config(Editor_modeRotate) Squad/Controls/Dvorak/Editor_modeRotate
[LOG 14:55:48.778] Config(Editor_modeRoot) Squad/Controls/Dvorak/Editor_modeRoot
[LOG 14:55:48.778] Config(Editor_coordSystem) Squad/Controls/Dvorak/Editor_coordSystem
[LOG 14:55:48.778] Config(Editor_toggleSymMethod) Squad/Controls/Dvorak/Editor_toggleSymMethod
[LOG 14:55:48.778] Config(Editor_toggleSymMode) Squad/Controls/Dvorak/Editor_toggleSymMode
[LOG 14:55:48.778] Config(Editor_toggleAngleSnap) Squad/Controls/Dvorak/Editor_toggleAngleSnap
[LOG 14:55:48.778] Config(Editor_fineTweak) Squad/Controls/Dvorak/Editor_fineTweak
[LOG 14:55:48.778] Config(Editor_partSearch) Squad/Controls/Dvorak/Editor_partSearch
[LOG 14:55:48.778] Config(Editor_zoomScrollModifier) Squad/Controls/Dvorak/Editor_zoomScrollModifier
[LOG 14:55:48.778] Config(MODIFIER_KEY) Squad/Controls/Dvorak/MODIFIER_KEY
[LOG 14:55:48.778] Config(AbortActionGroup) Squad/Controls/Dvorak/AbortActionGroup
[LOG 14:55:48.778] Config(CustomActionGroup1) Squad/Controls/Dvorak/CustomActionGroup1
[LOG 14:55:48.778] Config(CustomActionGroup2) Squad/Controls/Dvorak/CustomActionGroup2
[LOG 14:55:48.779] Config(CustomActionGroup3) Squad/Controls/Dvorak/CustomActionGroup3
[LOG 14:55:48.779] Config(CustomActionGroup4) Squad/Controls/Dvorak/CustomActionGroup4
[LOG 14:55:48.779] Config(CustomActionGroup5) Squad/Controls/Dvorak/CustomActionGroup5
[LOG 14:55:48.779] Config(CustomActionGroup6) Squad/Controls/Dvorak/CustomActionGroup6
[LOG 14:55:48.779] Config(CustomActionGroup7) Squad/Controls/Dvorak/CustomActionGroup7
[LOG 14:55:48.779] Config(CustomActionGroup8) Squad/Controls/Dvorak/CustomActionGroup8
[LOG 14:55:48.779] Config(CustomActionGroup9) Squad/Controls/Dvorak/CustomActionGroup9
[LOG 14:55:48.779] Config(CustomActionGroup10) Squad/Controls/Dvorak/CustomActionGroup10
[LOG 14:55:48.779] Config(KEY_MAP) Squad/Controls/Dvorak/KEY_MAP
[LOG 14:55:48.779] Config(KEYBOARD_LAYOUT) Squad/Controls/Qwerty/#autoLOC_6001227
[LOG 14:55:48.779] Config(PITCH_DOWN) Squad/Controls/Qwerty/PITCH_DOWN
[LOG 14:55:48.779] Config(PITCH_UP) Squad/Controls/Qwerty/PITCH_UP
[LOG 14:55:48.779] Config(YAW_LEFT) Squad/Controls/Qwerty/YAW_LEFT
[LOG 14:55:48.779] Config(YAW_RIGHT) Squad/Controls/Qwerty/YAW_RIGHT
[LOG 14:55:48.779] Config(ROLL_LEFT) Squad/Controls/Qwerty/ROLL_LEFT
[LOG 14:55:48.779] Config(ROLL_RIGHT) Squad/Controls/Qwerty/ROLL_RIGHT
[LOG 14:55:48.779] Config(THROTTLE_UP) Squad/Controls/Qwerty/THROTTLE_UP
[LOG 14:55:48.779] Config(THROTTLE_DOWN) Squad/Controls/Qwerty/THROTTLE_DOWN
[LOG 14:55:48.779] Config(SAS_HOLD) Squad/Controls/Qwerty/SAS_HOLD
[LOG 14:55:48.779] Config(SAS_TOGGLE) Squad/Controls/Qwerty/SAS_TOGGLE
[LOG 14:55:48.779] Config(LAUNCH_STAGES) Squad/Controls/Qwerty/LAUNCH_STAGES
[LOG 14:55:48.779] Config(Docking_toggleRotLin) Squad/Controls/Qwerty/Docking_toggleRotLin
[LOG 14:55:48.779] Config(CAMERA_MODE) Squad/Controls/Qwerty/CAMERA_MODE
[LOG 14:55:48.779] Config(CAMERA_NEXT) Squad/Controls/Qwerty/CAMERA_NEXT
[LOG 14:55:48.779] Config(PAUSE) Squad/Controls/Qwerty/PAUSE
[LOG 14:55:48.779] Config(PRECISION_CTRL) Squad/Controls/Qwerty/PRECISION_CTRL
[LOG 14:55:48.780] Config(ZOOM_IN) Squad/Controls/Qwerty/ZOOM_IN
[LOG 14:55:48.780] Config(ZOOM_OUT) Squad/Controls/Qwerty/ZOOM_OUT
[LOG 14:55:48.780] Config(SCROLL_VIEW_UP) Squad/Controls/Qwerty/SCROLL_VIEW_UP
[LOG 14:55:48.780] Config(SCROLL_VIEW_DOWN) Squad/Controls/Qwerty/SCROLL_VIEW_DOWN
[LOG 14:55:48.780] Config(SCROLL_ICONS_UP) Squad/Controls/Qwerty/SCROLL_ICONS_UP
[LOG 14:55:48.780] Config(SCROLL_ICONS_DOWN) Squad/Controls/Qwerty/SCROLL_ICONS_DOWN
[LOG 14:55:48.780] Config(CAMERA_ORBIT_UP) Squad/Controls/Qwerty/CAMERA_ORBIT_UP
[LOG 14:55:48.780] Config(CAMERA_ORBIT_DOWN) Squad/Controls/Qwerty/CAMERA_ORBIT_DOWN
[LOG 14:55:48.780] Config(CAMERA_ORBIT_LEFT) Squad/Controls/Qwerty/CAMERA_ORBIT_LEFT
[LOG 14:55:48.780] Config(CAMERA_ORBIT_RIGHT) Squad/Controls/Qwerty/CAMERA_ORBIT_RIGHT
[LOG 14:55:48.780] Config(CAMERA_RESET) Squad/Controls/Qwerty/CAMERA_RESET
[LOG 14:55:48.780] Config(CAMERA_MOUSE_TOGGLE) Squad/Controls/Qwerty/CAMERA_MOUSE_TOGGLE
[LOG 14:55:48.780] Config(TIME_WARP_INCREASE) Squad/Controls/Qwerty/TIME_WARP_INCREASE
[LOG 14:55:48.780] Config(TIME_WARP_DECREASE) Squad/Controls/Qwerty/TIME_WARP_DECREASE
[LOG 14:55:48.780] Config(TIME_WARP_STOP) Squad/Controls/Qwerty/TIME_WARP_STOP
[LOG 14:55:48.780] Config(MAP_VIEW_TOGGLE) Squad/Controls/Qwerty/MAP_VIEW_TOGGLE
[LOG 14:55:48.780] Config(NAVBALL_TOGGLE) Squad/Controls/Qwerty/NAVBALL_TOGGLE
[LOG 14:55:48.780] Config(UIMODE_STAGING) Squad/Controls/Qwerty/UIMODE_STAGING
[LOG 14:55:48.780] Config(UIMODE_DOCKING) Squad/Controls/Qwerty/UIMODE_DOCKING
[LOG 14:55:48.780] Config(TRANSLATE_DOWN) Squad/Controls/Qwerty/TRANSLATE_DOWN
[LOG 14:55:48.780] Config(TRANSLATE_UP) Squad/Controls/Qwerty/TRANSLATE_UP
[LOG 14:55:48.780] Config(TRANSLATE_LEFT) Squad/Controls/Qwerty/TRANSLATE_LEFT
[LOG 14:55:48.780] Config(TRANSLATE_RIGHT) Squad/Controls/Qwerty/TRANSLATE_RIGHT
[LOG 14:55:48.780] Config(TRANSLATE_FWD) Squad/Controls/Qwerty/TRANSLATE_FWD
[LOG 14:55:48.780] Config(TRANSLATE_BACK) Squad/Controls/Qwerty/TRANSLATE_BACK
[LOG 14:55:48.780] Config(RCS_TOGGLE) Squad/Controls/Qwerty/RCS_TOGGLE
[LOG 14:55:48.780] Config(FOCUS_NEXT_VESSEL) Squad/Controls/Qwerty/FOCUS_NEXT_VESSEL
[LOG 14:55:48.780] Config(FOCUS_PREV_VESSEL) Squad/Controls/Qwerty/FOCUS_PREV_VESSEL
[LOG 14:55:48.781] Config(TOGGLE_UI) Squad/Controls/Qwerty/TOGGLE_UI
[LOG 14:55:48.781] Config(TOGGLE_STATUS_SCREEN) Squad/Controls/Qwerty/TOGGLE_STATUS_SCREEN
[LOG 14:55:48.781] Config(TAKE_SCREENSHOT) Squad/Controls/Qwerty/TAKE_SCREENSHOT
[LOG 14:55:48.781] Config(TOGGLE_LABELS) Squad/Controls/Qwerty/TOGGLE_LABELS
[LOG 14:55:48.781] Config(TOGGLE_TEMP_GAUGES) Squad/Controls/Qwerty/TOGGLE_TEMP_GAUGES
[LOG 14:55:48.781] Config(TOGGLE_TEMP_OVERLAY) Squad/Controls/Qwerty/TOGGLE_TEMP_OVERLAY
[LOG 14:55:48.781] Config(TOGGLE_FLIGHT_FORCES) Squad/Controls/Qwerty/TOGGLE_FLIGHT_FORCES
[LOG 14:55:48.781] Config(QUICKSAVE) Squad/Controls/Qwerty/QUICKSAVE
[LOG 14:55:48.781] Config(QUICKLOAD) Squad/Controls/Qwerty/QUICKLOAD
[LOG 14:55:48.781] Config(THROTTLE_CUTOFF) Squad/Controls/Qwerty/THROTTLE_CUTOFF
[LOG 14:55:48.781] Config(THROTTLE_FULL) Squad/Controls/Qwerty/THROTTLE_FULL
[LOG 14:55:48.781] Config(LANDING_GEAR) Squad/Controls/Qwerty/LANDING_GEAR
[LOG 14:55:48.781] Config(HEADLIGHT_TOGGLE) Squad/Controls/Qwerty/HEADLIGHT_TOGGLE
[LOG 14:55:48.781] Config(BRAKES) Squad/Controls/Qwerty/BRAKES
[LOG 14:55:48.781] Config(TOGGLE_SPACENAV_FLIGHT_CONTROL) Squad/Controls/Qwerty/TOGGLE_SPACENAV_FLIGHT_CONTROL
[LOG 14:55:48.781] Config(TOGGLE_SPACENAV_ROLL_LOCK) Squad/Controls/Qwerty/TOGGLE_SPACENAV_ROLL_LOCK
[LOG 14:55:48.781] Config(WHEEL_STEER_LEFT) Squad/Controls/Qwerty/WHEEL_STEER_LEFT
[LOG 14:55:48.781] Config(WHEEL_STEER_RIGHT) Squad/Controls/Qwerty/WHEEL_STEER_RIGHT
[LOG 14:55:48.781] Config(WHEEL_THROTTLE_DOWN) Squad/Controls/Qwerty/WHEEL_THROTTLE_DOWN
[LOG 14:55:48.781] Config(WHEEL_THROTTLE_UP) Squad/Controls/Qwerty/WHEEL_THROTTLE_UP
[LOG 14:55:48.781] Config(EVA_forward) Squad/Controls/Qwerty/EVA_forward
[LOG 14:55:48.781] Config(EVA_back) Squad/Controls/Qwerty/EVA_back
[LOG 14:55:48.781] Config(EVA_left) Squad/Controls/Qwerty/EVA_left
[LOG 14:55:48.781] Config(EVA_right) Squad/Controls/Qwerty/EVA_right
[LOG 14:55:48.781] Config(EVA_yaw_left) Squad/Controls/Qwerty/EVA_yaw_left
[LOG 14:55:48.781] Config(EVA_yaw_right) Squad/Controls/Qwerty/EVA_yaw_right
[LOG 14:55:48.781] Config(EVA_Pack_forward) Squad/Controls/Qwerty/EVA_Pack_forward
[LOG 14:55:48.781] Config(EVA_Pack_back) Squad/Controls/Qwerty/EVA_Pack_back
[LOG 14:55:48.781] Config(EVA_Pack_left) Squad/Controls/Qwerty/EVA_Pack_left
[LOG 14:55:48.781] Config(EVA_Pack_right) Squad/Controls/Qwerty/EVA_Pack_right
[LOG 14:55:48.782] Config(EVA_Pack_up) Squad/Controls/Qwerty/EVA_Pack_up
[LOG 14:55:48.782] Config(EVA_Pack_down) Squad/Controls/Qwerty/EVA_Pack_down
[LOG 14:55:48.782] Config(EVA_Jump) Squad/Controls/Qwerty/EVA_Jump
[LOG 14:55:48.782] Config(EVA_Run) Squad/Controls/Qwerty/EVA_Run
[LOG 14:55:48.782] Config(EVA_ToggleMovementMode) Squad/Controls/Qwerty/EVA_ToggleMovementMode
[LOG 14:55:48.782] Config(EVA_TogglePack) Squad/Controls/Qwerty/EVA_TogglePack
[LOG 14:55:48.782] Config(EVA_Use) Squad/Controls/Qwerty/EVA_Use
[LOG 14:55:48.782] Config(EVA_Board) Squad/Controls/Qwerty/EVA_Board
[LOG 14:55:48.782] Config(EVA_Orient) Squad/Controls/Qwerty/EVA_Orient
[LOG 14:55:48.782] Config(EVA_Lights) Squad/Controls/Qwerty/EVA_Lights
[LOG 14:55:48.782] Config(EVA_ChuteDeploy) Squad/Controls/Qwerty/EVA_ChuteDeploy
[LOG 14:55:48.782] Config(Editor_pitchUp) Squad/Controls/Qwerty/Editor_pitchUp
[LOG 14:55:48.782] Config(Editor_pitchDown) Squad/Controls/Qwerty/Editor_pitchDown
[LOG 14:55:48.782] Config(Editor_yawLeft) Squad/Controls/Qwerty/Editor_yawLeft
[LOG 14:55:48.782] Config(Editor_yawRight) Squad/Controls/Qwerty/Editor_yawRight
[LOG 14:55:48.782] Config(Editor_rollLeft) Squad/Controls/Qwerty/Editor_rollLeft
[LOG 14:55:48.782] Config(Editor_rollRight) Squad/Controls/Qwerty/Editor_rollRight
[LOG 14:55:48.782] Config(Editor_resetRotation) Squad/Controls/Qwerty/Editor_resetRotation
[LOG 14:55:48.782] Config(Editor_modePlace) Squad/Controls/Qwerty/Editor_modePlace
[LOG 14:55:48.782] Config(Editor_modeOffset) Squad/Controls/Qwerty/Editor_modeOffset
[LOG 14:55:48.782] Config(Editor_modeRotate) Squad/Controls/Qwerty/Editor_modeRotate
[LOG 14:55:48.782] Config(Editor_modeRoot) Squad/Controls/Qwerty/Editor_modeRoot
[LOG 14:55:48.782] Config(Editor_coordSystem) Squad/Controls/Qwerty/Editor_coordSystem
[LOG 14:55:48.782] Config(Editor_toggleSymMethod) Squad/Controls/Qwerty/Editor_toggleSymMethod
[LOG 14:55:48.783] Config(Editor_toggleSymMode) Squad/Controls/Qwerty/Editor_toggleSymMode
[LOG 14:55:48.783] Config(Editor_toggleAngleSnap) Squad/Controls/Qwerty/Editor_toggleAngleSnap
[LOG 14:55:48.783] Config(Editor_fineTweak) Squad/Controls/Qwerty/Editor_fineTweak
[LOG 14:55:48.783] Config(Editor_partSearch) Squad/Controls/Qwerty/Editor_partSearch
[LOG 14:55:48.783] Config(Editor_zoomScrollModifier) Squad/Controls/Qwerty/Editor_zoomScrollModifier
[LOG 14:55:48.783] Config(MODIFIER_KEY) Squad/Controls/Qwerty/MODIFIER_KEY
[LOG 14:55:48.783] Config(AbortActionGroup) Squad/Controls/Qwerty/AbortActionGroup
[LOG 14:55:48.783] Config(CustomActionGroup1) Squad/Controls/Qwerty/CustomActionGroup1
[LOG 14:55:48.783] Config(CustomActionGroup2) Squad/Controls/Qwerty/CustomActionGroup2
[LOG 14:55:48.783] Config(CustomActionGroup3) Squad/Controls/Qwerty/CustomActionGroup3
[LOG 14:55:48.783] Config(CustomActionGroup4) Squad/Controls/Qwerty/CustomActionGroup4
[LOG 14:55:48.783] Config(CustomActionGroup5) Squad/Controls/Qwerty/CustomActionGroup5
[LOG 14:55:48.783] Config(CustomActionGroup6) Squad/Controls/Qwerty/CustomActionGroup6
[LOG 14:55:48.783] Config(CustomActionGroup7) Squad/Controls/Qwerty/CustomActionGroup7
[LOG 14:55:48.783] Config(CustomActionGroup8) Squad/Controls/Qwerty/CustomActionGroup8
[LOG 14:55:48.783] Config(CustomActionGroup9) Squad/Controls/Qwerty/CustomActionGroup9
[LOG 14:55:48.783] Config(CustomActionGroup10) Squad/Controls/Qwerty/CustomActionGroup10
[LOG 14:55:48.783] Config(KEY_MAP) Squad/Controls/Qwerty/KEY_MAP
[LOG 14:55:48.783] Config(KEYBOARD_LAYOUT) Squad/Controls/Qwerty_en-GB/#autoLOC_6001228
[LOG 14:55:48.783] Config(KEY_MAP) Squad/Controls/Qwerty_en-GB/KEY_MAP
[LOG 14:55:48.783] Config(KEYBOARD_LAYOUT) Squad/Controls/Qwerty_es-LA/#autoLOC_6001229
[LOG 14:55:48.783] Config(CAMERA_MOUSE_TOGGLE) Squad/Controls/Qwerty_es-LA/CAMERA_MOUSE_TOGGLE
[LOG 14:55:48.783] Config(TIME_WARP_STOP) Squad/Controls/Qwerty_es-LA/TIME_WARP_STOP
[LOG 14:55:48.783] Config(FOCUS_NEXT_VESSEL) Squad/Controls/Qwerty_es-LA/FOCUS_NEXT_VESSEL
[LOG 14:55:48.783] Config(FOCUS_PREV_VESSEL) Squad/Controls/Qwerty_es-LA/FOCUS_PREV_VESSEL
[LOG 14:55:48.783] Config(CAMERA_RESET) Squad/Controls/Qwerty_es-LA/CAMERA_RESET
[LOG 14:55:48.783] Config(Editor_partSearch) Squad/Controls/Qwerty_es-LA/Editor_partSearch
[LOG 14:55:48.783] Config(KEY_MAP) Squad/Controls/Qwerty_es-LA/KEY_MAP
[LOG 14:55:48.783] Config(KEYBOARD_LAYOUT) Squad/Controls/Qwerty_it-IT/#autoLOC_6001230
[LOG 14:55:48.783] Config(FOCUS_NEXT_VESSEL) Squad/Controls/Qwerty_it-IT/FOCUS_NEXT_VESSEL
[LOG 14:55:48.783] Config(FOCUS_PREV_VESSEL) Squad/Controls/Qwerty_it-IT/FOCUS_PREV_VESSEL
[LOG 14:55:48.784] Config(CAMERA_MOUSE_TOGGLE) Squad/Controls/Qwerty_it-IT/CAMERA_MOUSE_TOGGLE
[LOG 14:55:48.784] Config(TIME_WARP_STOP) Squad/Controls/Qwerty_it-IT/TIME_WARP_STOP
[LOG 14:55:48.784] Config(CAMERA_RESET) Squad/Controls/Qwerty_it-IT/CAMERA_RESET
[LOG 14:55:48.784] Config(Editor_partSearch) Squad/Controls/Qwerty_it-IT/Editor_partSearch
[LOG 14:55:48.784] Config(KEY_MAP) Squad/Controls/Qwerty_it-IT/KEY_MAP
[LOG 14:55:48.784] Config(KEYBOARD_LAYOUT) Squad/Controls/Qwerty_ja-JP/#autoLOC_6001231
[LOG 14:55:48.784] Config(FOCUS_NEXT_VESSEL) Squad/Controls/Qwerty_ja-JP/FOCUS_NEXT_VESSEL
[LOG 14:55:48.784] Config(FOCUS_PREV_VESSEL) Squad/Controls/Qwerty_ja-JP/FOCUS_PREV_VESSEL
[LOG 14:55:48.784] Config(PRECISION_CTRL) Squad/Controls/Qwerty_ja-JP/PRECISION_CTRL
[LOG 14:55:48.784] Config(CAMERA_MOUSE_TOGGLE) Squad/Controls/Qwerty_ja-JP/CAMERA_MOUSE_TOGGLE
[LOG 14:55:48.784] Config(Editor_partSearch) Squad/Controls/Qwerty_ja-JP/Editor_partSearch
[LOG 14:55:48.784] Config(CAMERA_RESET) Squad/Controls/Qwerty_ja-JP/CAMERA_RESET
[LOG 14:55:48.784] Config(KEY_MAP) Squad/Controls/Qwerty_ja-JP/KEY_MAP
[LOG 14:55:48.784] Config(KEYBOARD_LAYOUT) Squad/Controls/Qwerty_pt-PT/#autoLOC_6001230
[LOG 14:55:48.784] Config(FOCUS_NEXT_VESSEL) Squad/Controls/Qwerty_pt-PT/FOCUS_NEXT_VESSEL
[LOG 14:55:48.784] Config(FOCUS_PREV_VESSEL) Squad/Controls/Qwerty_pt-PT/FOCUS_PREV_VESSEL
[LOG 14:55:48.784] Config(CAMERA_MOUSE_TOGGLE) Squad/Controls/Qwerty_pt-PT/CAMERA_MOUSE_TOGGLE
[LOG 14:55:48.784] Config(TIME_WARP_STOP) Squad/Controls/Qwerty_pt-PT/TIME_WARP_STOP
[LOG 14:55:48.784] Config(CAMERA_RESET) Squad/Controls/Qwerty_pt-PT/CAMERA_RESET
[LOG 14:55:48.784] Config(Editor_partSearch) Squad/Controls/Qwerty_pt-PT/Editor_partSearch
[LOG 14:55:48.784] Config(KEY_MAP) Squad/Controls/Qwerty_pt-PT/KEY_MAP
[LOG 14:55:48.784] Config(KEYBOARD_LAYOUT) Squad/Controls/Qwertz/#autoLOC_6001232
[LOG 14:55:48.784] Config(PITCH_DOWN) Squad/Controls/Qwertz/PITCH_DOWN
[LOG 14:55:48.784] Config(PITCH_UP) Squad/Controls/Qwertz/PITCH_UP
[LOG 14:55:48.784] Config(YAW_LEFT) Squad/Controls/Qwertz/YAW_LEFT
[LOG 14:55:48.784] Config(YAW_RIGHT) Squad/Controls/Qwertz/YAW_RIGHT
[LOG 14:55:48.784] Config(ROLL_LEFT) Squad/Controls/Qwertz/ROLL_LEFT
[LOG 14:55:48.784] Config(ROLL_RIGHT) Squad/Controls/Qwertz/ROLL_RIGHT
[LOG 14:55:48.784] Config(THROTTLE_UP) Squad/Controls/Qwertz/THROTTLE_UP
[LOG 14:55:48.785] Config(THROTTLE_DOWN) Squad/Controls/Qwertz/THROTTLE_DOWN
[LOG 14:55:48.785] Config(SAS_HOLD) Squad/Controls/Qwertz/SAS_HOLD
[LOG 14:55:48.785] Config(SAS_TOGGLE) Squad/Controls/Qwertz/SAS_TOGGLE
[LOG 14:55:48.785] Config(LAUNCH_STAGES) Squad/Controls/Qwertz/LAUNCH_STAGES
[LOG 14:55:48.785] Config(Docking_toggleRotLin) Squad/Controls/Qwertz/Docking_toggleRotLin
[LOG 14:55:48.785] Config(CAMERA_MODE) Squad/Controls/Qwertz/CAMERA_MODE
[LOG 14:55:48.785] Config(CAMERA_NEXT) Squad/Controls/Qwertz/CAMERA_NEXT
[LOG 14:55:48.785] Config(PAUSE) Squad/Controls/Qwertz/PAUSE
[LOG 14:55:48.785] Config(PRECISION_CTRL) Squad/Controls/Qwertz/PRECISION_CTRL
[LOG 14:55:48.785] Config(ZOOM_IN) Squad/Controls/Qwertz/ZOOM_IN
[LOG 14:55:48.785] Config(ZOOM_OUT) Squad/Controls/Qwertz/ZOOM_OUT
[LOG 14:55:48.785] Config(SCROLL_VIEW_UP) Squad/Controls/Qwertz/SCROLL_VIEW_UP
[LOG 14:55:48.785] Config(SCROLL_VIEW_DOWN) Squad/Controls/Qwertz/SCROLL_VIEW_DOWN
[LOG 14:55:48.785] Config(SCROLL_ICONS_UP) Squad/Controls/Qwertz/SCROLL_ICONS_UP
[LOG 14:55:48.785] Config(SCROLL_ICONS_DOWN) Squad/Controls/Qwertz/SCROLL_ICONS_DOWN
[LOG 14:55:48.785] Config(CAMERA_ORBIT_UP) Squad/Controls/Qwertz/CAMERA_ORBIT_UP
[LOG 14:55:48.785] Config(CAMERA_ORBIT_DOWN) Squad/Controls/Qwertz/CAMERA_ORBIT_DOWN
[LOG 14:55:48.785] Config(CAMERA_ORBIT_LEFT) Squad/Controls/Qwertz/CAMERA_ORBIT_LEFT
[LOG 14:55:48.785] Config(CAMERA_ORBIT_RIGHT) Squad/Controls/Qwertz/CAMERA_ORBIT_RIGHT
[LOG 14:55:48.785] Config(CAMERA_RESET) Squad/Controls/Qwertz/CAMERA_RESET
[LOG 14:55:48.785] Config(CAMERA_MOUSE_TOGGLE) Squad/Controls/Qwertz/CAMERA_MOUSE_TOGGLE
[LOG 14:55:48.785] Config(TIME_WARP_INCREASE) Squad/Controls/Qwertz/TIME_WARP_INCREASE
[LOG 14:55:48.785] Config(TIME_WARP_DECREASE) Squad/Controls/Qwertz/TIME_WARP_DECREASE
[LOG 14:55:48.785] Config(TIME_WARP_STOP) Squad/Controls/Qwertz/TIME_WARP_STOP
[LOG 14:55:48.785] Config(MAP_VIEW_TOGGLE) Squad/Controls/Qwertz/MAP_VIEW_TOGGLE
[LOG 14:55:48.785] Config(NAVBALL_TOGGLE) Squad/Controls/Qwertz/NAVBALL_TOGGLE
[LOG 14:55:48.785] Config(UIMODE_STAGING) Squad/Controls/Qwertz/UIMODE_STAGING
[LOG 14:55:48.785] Config(UIMODE_DOCKING) Squad/Controls/Qwertz/UIMODE_DOCKING
[LOG 14:55:48.785] Config(TRANSLATE_DOWN) Squad/Controls/Qwertz/TRANSLATE_DOWN
[LOG 14:55:48.785] Config(TRANSLATE_UP) Squad/Controls/Qwertz/TRANSLATE_UP
[LOG 14:55:48.786] Config(TRANSLATE_LEFT) Squad/Controls/Qwertz/TRANSLATE_LEFT
[LOG 14:55:48.786] Config(TRANSLATE_RIGHT) Squad/Controls/Qwertz/TRANSLATE_RIGHT
[LOG 14:55:48.786] Config(TRANSLATE_FWD) Squad/Controls/Qwertz/TRANSLATE_FWD
[LOG 14:55:48.786] Config(TRANSLATE_BACK) Squad/Controls/Qwertz/TRANSLATE_BACK
[LOG 14:55:48.786] Config(RCS_TOGGLE) Squad/Controls/Qwertz/RCS_TOGGLE
[LOG 14:55:48.786] Config(FOCUS_NEXT_VESSEL) Squad/Controls/Qwertz/FOCUS_NEXT_VESSEL
[LOG 14:55:48.786] Config(FOCUS_PREV_VESSEL) Squad/Controls/Qwertz/FOCUS_PREV_VESSEL
[LOG 14:55:48.786] Config(TOGGLE_UI) Squad/Controls/Qwertz/TOGGLE_UI
[LOG 14:55:48.786] Config(TOGGLE_STATUS_SCREEN) Squad/Controls/Qwertz/TOGGLE_STATUS_SCREEN
[LOG 14:55:48.786] Config(TAKE_SCREENSHOT) Squad/Controls/Qwertz/TAKE_SCREENSHOT
[LOG 14:55:48.786] Config(TOGGLE_LABELS) Squad/Controls/Qwertz/TOGGLE_LABELS
[LOG 14:55:48.786] Config(TOGGLE_TEMP_GAUGES) Squad/Controls/Qwertz/TOGGLE_TEMP_GAUGES
[LOG 14:55:48.786] Config(TOGGLE_TEMP_OVERLAY) Squad/Controls/Qwertz/TOGGLE_TEMP_OVERLAY
[LOG 14:55:48.786] Config(TOGGLE_FLIGHT_FORCES) Squad/Controls/Qwertz/TOGGLE_FLIGHT_FORCES
[LOG 14:55:48.786] Config(QUICKSAVE) Squad/Controls/Qwertz/QUICKSAVE
[LOG 14:55:48.786] Config(QUICKLOAD) Squad/Controls/Qwertz/QUICKLOAD
[LOG 14:55:48.786] Config(THROTTLE_CUTOFF) Squad/Controls/Qwertz/THROTTLE_CUTOFF
[LOG 14:55:48.786] Config(THROTTLE_FULL) Squad/Controls/Qwertz/THROTTLE_FULL
[LOG 14:55:48.786] Config(LANDING_GEAR) Squad/Controls/Qwertz/LANDING_GEAR
[LOG 14:55:48.786] Config(HEADLIGHT_TOGGLE) Squad/Controls/Qwertz/HEADLIGHT_TOGGLE
[LOG 14:55:48.786] Config(BRAKES) Squad/Controls/Qwertz/BRAKES
[LOG 14:55:48.786] Config(TOGGLE_SPACENAV_FLIGHT_CONTROL) Squad/Controls/Qwertz/TOGGLE_SPACENAV_FLIGHT_CONTROL
[LOG 14:55:48.786] Config(TOGGLE_SPACENAV_ROLL_LOCK) Squad/Controls/Qwertz/TOGGLE_SPACENAV_ROLL_LOCK
[LOG 14:55:48.786] Config(WHEEL_STEER_LEFT) Squad/Controls/Qwertz/WHEEL_STEER_LEFT
[LOG 14:55:48.786] Config(WHEEL_STEER_RIGHT) Squad/Controls/Qwertz/WHEEL_STEER_RIGHT
[LOG 14:55:48.786] Config(WHEEL_THROTTLE_DOWN) Squad/Controls/Qwertz/WHEEL_THROTTLE_DOWN
[LOG 14:55:48.786] Config(WHEEL_THROTTLE_UP) Squad/Controls/Qwertz/WHEEL_THROTTLE_UP
[LOG 14:55:48.786] Config(EVA_forward) Squad/Controls/Qwertz/EVA_forward
[LOG 14:55:48.786] Config(EVA_back) Squad/Controls/Qwertz/EVA_back
[LOG 14:55:48.786] Config(EVA_left) Squad/Controls/Qwertz/EVA_left
[LOG 14:55:48.786] Config(EVA_right) Squad/Controls/Qwertz/EVA_right
[LOG 14:55:48.787] Config(EVA_yaw_left) Squad/Controls/Qwertz/EVA_yaw_left
[LOG 14:55:48.787] Config(EVA_yaw_right) Squad/Controls/Qwertz/EVA_yaw_right
[LOG 14:55:48.787] Config(EVA_Pack_forward) Squad/Controls/Qwertz/EVA_Pack_forward
[LOG 14:55:48.787] Config(EVA_Pack_back) Squad/Controls/Qwertz/EVA_Pack_back
[LOG 14:55:48.787] Config(EVA_Pack_left) Squad/Controls/Qwertz/EVA_Pack_left
[LOG 14:55:48.787] Config(EVA_Pack_right) Squad/Controls/Qwertz/EVA_Pack_right
[LOG 14:55:48.787] Config(EVA_Pack_up) Squad/Controls/Qwertz/EVA_Pack_up
[LOG 14:55:48.787] Config(EVA_Pack_down) Squad/Controls/Qwertz/EVA_Pack_down
[LOG 14:55:48.787] Config(EVA_Jump) Squad/Controls/Qwertz/EVA_Jump
[LOG 14:55:48.787] Config(EVA_Run) Squad/Controls/Qwertz/EVA_Run
[LOG 14:55:48.787] Config(EVA_ToggleMovementMode) Squad/Controls/Qwertz/EVA_ToggleMovementMode
[LOG 14:55:48.787] Config(EVA_TogglePack) Squad/Controls/Qwertz/EVA_TogglePack
[LOG 14:55:48.787] Config(EVA_Use) Squad/Controls/Qwertz/EVA_Use
[LOG 14:55:48.787] Config(EVA_Board) Squad/Controls/Qwertz/EVA_Board
[LOG 14:55:48.787] Config(EVA_Orient) Squad/Controls/Qwertz/EVA_Orient
[LOG 14:55:48.787] Config(EVA_Lights) Squad/Controls/Qwertz/EVA_Lights
[LOG 14:55:48.787] Config(Editor_pitchUp) Squad/Controls/Qwertz/Editor_pitchUp
[LOG 14:55:48.787] Config(Editor_pitchDown) Squad/Controls/Qwertz/Editor_pitchDown
[LOG 14:55:48.787] Config(Editor_yawLeft) Squad/Controls/Qwertz/Editor_yawLeft
[LOG 14:55:48.787] Config(Editor_yawRight) Squad/Controls/Qwertz/Editor_yawRight
[LOG 14:55:48.787] Config(Editor_rollLeft) Squad/Controls/Qwertz/Editor_rollLeft
[LOG 14:55:48.787] Config(Editor_rollRight) Squad/Controls/Qwertz/Editor_rollRight
[LOG 14:55:48.787] Config(Editor_resetRotation) Squad/Controls/Qwertz/Editor_resetRotation
[LOG 14:55:48.787] Config(Editor_modePlace) Squad/Controls/Qwertz/Editor_modePlace
[LOG 14:55:48.787] Config(Editor_modeOffset) Squad/Controls/Qwertz/Editor_modeOffset
[LOG 14:55:48.787] Config(Editor_modeRotate) Squad/Controls/Qwertz/Editor_modeRotate
[LOG 14:55:48.787] Config(Editor_modeRoot) Squad/Controls/Qwertz/Editor_modeRoot
[LOG 14:55:48.787] Config(Editor_coordSystem) Squad/Controls/Qwertz/Editor_coordSystem
[LOG 14:55:48.787] Config(Editor_toggleSymMethod) Squad/Controls/Qwertz/Editor_toggleSymMethod
[LOG 14:55:48.787] Config(Editor_toggleSymMode) Squad/Controls/Qwertz/Editor_toggleSymMode
[LOG 14:55:48.788] Config(Editor_toggleAngleSnap) Squad/Controls/Qwertz/Editor_toggleAngleSnap
[LOG 14:55:48.788] Config(Editor_fineTweak) Squad/Controls/Qwertz/Editor_fineTweak
[LOG 14:55:48.788] Config(Editor_partSearch) Squad/Controls/Qwertz/Editor_partSearch
[LOG 14:55:48.788] Config(Editor_zoomScrollModifier) Squad/Controls/Qwertz/Editor_zoomScrollModifier
[LOG 14:55:48.788] Config(MODIFIER_KEY) Squad/Controls/Qwertz/MODIFIER_KEY
[LOG 14:55:48.788] Config(AbortActionGroup) Squad/Controls/Qwertz/AbortActionGroup
[LOG 14:55:48.788] Config(CustomActionGroup1) Squad/Controls/Qwertz/CustomActionGroup1
[LOG 14:55:48.788] Config(CustomActionGroup2) Squad/Controls/Qwertz/CustomActionGroup2
[LOG 14:55:48.788] Config(CustomActionGroup3) Squad/Controls/Qwertz/CustomActionGroup3
[LOG 14:55:48.788] Config(CustomActionGroup4) Squad/Controls/Qwertz/CustomActionGroup4
[LOG 14:55:48.788] Config(CustomActionGroup5) Squad/Controls/Qwertz/CustomActionGroup5
[LOG 14:55:48.788] Config(CustomActionGroup6) Squad/Controls/Qwertz/CustomActionGroup6
[LOG 14:55:48.788] Config(CustomActionGroup7) Squad/Controls/Qwertz/CustomActionGroup7
[LOG 14:55:48.788] Config(CustomActionGroup8) Squad/Controls/Qwertz/CustomActionGroup8
[LOG 14:55:48.788] Config(CustomActionGroup9) Squad/Controls/Qwertz/CustomActionGroup9
[LOG 14:55:48.788] Config(CustomActionGroup10) Squad/Controls/Qwertz/CustomActionGroup10
[LOG 14:55:48.788] Config(KEY_MAP) Squad/Controls/Qwertz/KEY_MAP
[LOG 14:55:48.788] Config(EXPERIENCE_TRAIT) Squad/Experience/Traits/Pilot
[LOG 14:55:48.788] Config(EXPERIENCE_TRAIT) Squad/Experience/Traits/Engineer
[LOG 14:55:48.788] Config(EXPERIENCE_TRAIT) Squad/Experience/Traits/Scientist
[LOG 14:55:48.788] Config(EXPERIENCE_TRAIT) Squad/Experience/Traits/Tourist
[LOG 14:55:48.788] Config(Localization) Squad/Localization/dictionary/Localization
[LOG 14:55:48.788] Config(MISSIONPACK) Squad/Missions/MissionPacks/squad_ESA
[LOG 14:55:48.788] Config(VARIANTTHEME) Squad/Parts/VariantThemes/White
[LOG 14:55:48.789] Config(VARIANTTHEME) Squad/Parts/VariantThemes/BlackAndWhite
[LOG 14:55:48.789] Config(VARIANTTHEME) Squad/Parts/VariantThemes/GrayAndOrange
[LOG 14:55:48.789] Config(VARIANTTHEME) Squad/Parts/VariantThemes/Dark
[LOG 14:55:48.789] Config(VARIANTTHEME) Squad/Parts/VariantThemes/Gray
[LOG 14:55:48.789] Config(VARIANTTHEME) Squad/Parts/VariantThemes/Orange
[LOG 14:55:48.789] Config(VARIANTTHEME) Squad/Parts/VariantThemes/Gold
[LOG 14:55:48.789] Config(VARIANTTHEME) Squad/Parts/VariantThemes/Bare
[LOG 14:55:48.789] Config(VARIANTTHEME) Squad/Parts/VariantThemes/Shroud
[LOG 14:55:48.789] Config(VARIANTTHEME) Squad/Parts/VariantThemes/GrayAndWhite
[LOG 14:55:48.789] Config(VARIANTTHEME) Squad/Parts/VariantThemes/YellowAndWhite
[LOG 14:55:48.789] Config(VARIANTTHEME) Squad/Parts/VariantThemes/Silver
[LOG 14:55:48.789] Config(VARIANTTHEME) Squad/Parts/VariantThemes/Gray with Stripes
[LOG 14:55:48.789] Config(PART) Squad/Parts/Aero/aerodynamicNoseCone/aerodynamicNoseCone/noseCone
[LOG 14:55:48.789] Config(PART) Squad/Parts/Aero/airbrake/Airbrake/airbrake1
[LOG 14:55:48.789] Config(PART) Squad/Parts/Aero/airIntakeRadialXM-G50/airIntakeRadialXM-G50/airScoop
[LOG 14:55:48.789] Config(PART) Squad/Parts/Aero/airlinerWings/ControlSurface/airlinerCtrlSrf
[LOG 14:55:48.789] Config(PART) Squad/Parts/Aero/airlinerWings/MainWing/airlinerMainWing
[LOG 14:55:48.789] Config(PART) Squad/Parts/Aero/airlinerWings/TailFin/airlinerTailFin
[LOG 14:55:48.789] Config(PART) Squad/Parts/Aero/airplaneFins/advancedCanard/AdvancedCanard
[LOG 14:55:48.789] Config(PART) Squad/Parts/Aero/airplaneFins/standardCanard/CanardController
[LOG 14:55:48.789] Config(PART) Squad/Parts/Aero/airplaneFins/sweptWing/sweptWing
[LOG 14:55:48.789] Config(PART) Squad/Parts/Aero/airplaneFins/tailfin/tailfin
[LOG 14:55:48.789] Config(PART) Squad/Parts/Aero/basicFin/basicFin/basicFin
[LOG 14:55:48.789] Config(PART) Squad/Parts/Aero/circularIntake/circularIntake/CircularIntake
[LOG 14:55:48.789] Config(PART) Squad/Parts/Aero/circularIntake/intakeShockCone/shockConeIntake
[LOG 14:55:48.789] Config(PART) Squad/Parts/Aero/cones/avionicsNoseCone/avionicsNoseCone
[LOG 14:55:48.789] Config(PART) Squad/Parts/Aero/cones/ConeA/pointyNoseConeA
[LOG 14:55:48.789] Config(PART) Squad/Parts/Aero/cones/ConeB/pointyNoseConeB
[LOG 14:55:48.790] Config(PART) Squad/Parts/Aero/cones/noseConeAdapter/noseConeAdapter
[LOG 14:55:48.790] Config(PART) Squad/Parts/Aero/cones/protectiveRocketNoseMk7_v2/rocketNoseCone_v2
[LOG 14:55:48.790] Config(PART) Squad/Parts/Aero/cones/protectiveRocketNoseMk7_v3/rocketNoseCone_v3
[LOG 14:55:48.790] Config(PART) Squad/Parts/Aero/cones/rocketNoseCone_size3/rocketNoseConeSize3
[LOG 14:55:48.790] Config(PART) Squad/Parts/Aero/cones/smallNoseCone/standardNoseCone
[LOG 14:55:48.790] Config(PART) Squad/Parts/Aero/cones/tailConnectorA/airplaneTail
[LOG 14:55:48.790] Config(PART) Squad/Parts/Aero/cones/tailConnectorB/airplaneTailB
[LOG 14:55:48.790] Config(PART) Squad/Parts/Aero/fairings/fairingSize1/fairingSize1
[LOG 14:55:48.790] Config(PART) Squad/Parts/Aero/fairings/fairingSize2/fairingSize2
[LOG 14:55:48.790] Config(PART) Squad/Parts/Aero/fairings/fairingSize3/fairingSize3
[LOG 14:55:48.790] Config(PART) Squad/Parts/Aero/HeatShield/HeatShield0/HeatShield0
[LOG 14:55:48.790] Config(PART) Squad/Parts/Aero/HeatShield/HeatShield1/HeatShield1
[LOG 14:55:48.790] Config(PART) Squad/Parts/Aero/HeatShield/HeatShield2/HeatShield2
[LOG 14:55:48.790] Config(PART) Squad/Parts/Aero/HeatShield/HeatShield3/HeatShield3
[LOG 14:55:48.790] Config(PART) Squad/Parts/Aero/InflatableHeatShield/HeatShield/InflatableHeatShield
[LOG 14:55:48.790] Config(PART) Squad/Parts/Aero/intakeRadialLong/intakeRadialLong/IntakeRadialLong
[LOG 14:55:48.790] Config(PART) Squad/Parts/Aero/miniIntake/SmallIntake/miniIntake
[LOG 14:55:48.790] Config(PART) Squad/Parts/Aero/ramAirIntake/ramAirIntake/ramAirIntake
[LOG 14:55:48.790] Config(PART) Squad/Parts/Aero/shuttleWings/delta/wingShuttleDelta
[LOG 14:55:48.790] Config(PART) Squad/Parts/Aero/shuttleWings/elevon1/wingShuttleElevon1
[LOG 14:55:48.790] Config(PART) Squad/Parts/Aero/shuttleWings/elevon2/wingShuttleElevon2
[LOG 14:55:48.790] Config(PART) Squad/Parts/Aero/shuttleWings/rudder/wingShuttleRudder
[LOG 14:55:48.790] Config(PART) Squad/Parts/Aero/shuttleWings/strake/wingShuttleStrake
[LOG 14:55:48.790] Config(PART) Squad/Parts/Aero/wingletAV-R8/wingletAV-R8/R8winglet
[LOG 14:55:48.790] Config(PART) Squad/Parts/Aero/wingletAV-T1/wingletAV-T1/winglet
[LOG 14:55:48.791] Config(PART) Squad/Parts/Aero/wingletDeltaDeluxe/wingletDeltaDeluxe/winglet3
[LOG 14:55:48.791] Config(PART) Squad/Parts/Aero/wings/connector1/wingConnector
[LOG 14:55:48.791] Config(PART) Squad/Parts/Aero/wings/connector2/wingConnector2
[LOG 14:55:48.791] Config(PART) Squad/Parts/Aero/wings/connector3/wingConnector3
[LOG 14:55:48.791] Config(PART) Squad/Parts/Aero/wings/connector4/wingConnector4
[LOG 14:55:48.791] Config(PART) Squad/Parts/Aero/wings/connector5/wingConnector5
[LOG 14:55:48.791] Config(PART) Squad/Parts/Aero/wings/delta/deltaWing
[LOG 14:55:48.791] Config(PART) Squad/Parts/Aero/wings/delta_small/delta_small
[LOG 14:55:48.791] Config(PART) Squad/Parts/Aero/wings/elevon1/StandardCtrlSrf
[LOG 14:55:48.791] Config(PART) Squad/Parts/Aero/wings/elevon2/elevon2
[LOG 14:55:48.791] Config(PART) Squad/Parts/Aero/wings/elevon3/elevon3
[LOG 14:55:48.791] Config(PART) Squad/Parts/Aero/wings/elevon4/smallCtrlSrf
[LOG 14:55:48.791] Config(PART) Squad/Parts/Aero/wings/elevon5/elevon5
[LOG 14:55:48.791] Config(PART) Squad/Parts/Aero/wings/strake/wingStrake
[LOG 14:55:48.791] Config(PART) Squad/Parts/Aero/wings/structural1/structuralWing
[LOG 14:55:48.791] Config(PART) Squad/Parts/Aero/wings/structural2/structuralWing2
[LOG 14:55:48.791] Config(PART) Squad/Parts/Aero/wings/structural3/structuralWing3
[LOG 14:55:48.791] Config(PART) Squad/Parts/Aero/wings/structural4/structuralWing4
[LOG 14:55:48.791] Config(PART) Squad/Parts/Aero/wings/swept1/sweptWing1
[LOG 14:55:48.791] Config(PART) Squad/Parts/Aero/wings/swept2/sweptWing2
[LOG 14:55:48.791] Config(PART) Squad/Parts/Cargo/CargoContainers/cargoContainer/cargoContainer
[LOG 14:55:48.791] Config(PART) Squad/Parts/Cargo/CargoContainers/smallCargoContainer/smallCargoContainer
[LOG 14:55:48.791] Config(PART) Squad/Parts/Cargo/Cylinder/Cylinder/evaCylinder
[LOG 14:55:48.791] Config(PART) Squad/Parts/Cargo/GroundAnchor/groundAnchor/groundAnchor
[LOG 14:55:48.791] Config(PART) Squad/Parts/Cargo/Jetpack/Jetpack/evaJetpack
[LOG 14:55:48.791] Config(PART) Squad/Parts/Cargo/Parachute/Parachute/evaChute
[LOG 14:55:48.791] Config(PART) Squad/Parts/Cargo/RepairKit/RepairKit/evaRepairKit
[LOG 14:55:48.792] Config(PART) Squad/Parts/Cargo/ScienceKit/evaScienceKit/evaScienceKit
[LOG 14:55:48.792] Config(PART) Squad/Parts/Cargo/StorageUnits/CargoStorageUnit/CargoStorageUnit
[LOG 14:55:48.792] Config(PART) Squad/Parts/Cargo/StorageUnits/ConformalStorageUnit/ConformalStorageUnit
[LOG 14:55:48.792] Config(PART) Squad/Parts/Command/advancedSasModuleLarge/advSasModuleLarge/asasmodule1-2
[LOG 14:55:48.792] Config(PART) Squad/Parts/Command/cupola/cupola/cupola
[LOG 14:55:48.792] Config(PART) Squad/Parts/Command/externalCommandSeat/externalCommandSeat/seatExternalCmd
[LOG 14:55:48.792] Config(PART) Squad/Parts/Command/hitchhikerStorageContainer/hitchikerStorageContainer/crewCabin
[LOG 14:55:48.792] Config(PART) Squad/Parts/Command/inlineAdvancedStabilizer/inlineAdvancedStabilizer/advSasModule
[LOG 14:55:48.792] Config(PART) Squad/Parts/Command/inlineReactionWheel/inlineReactionWheel/sasModule
[LOG 14:55:48.792] Config(PART) Squad/Parts/Command/Mk1-3Pod/mk1-3/mk1-3pod
[LOG 14:55:48.792] Config(PART) Squad/Parts/Command/mk1Cockpits/mk1Cockpit/Mark1Cockpit
[LOG 14:55:48.792] Config(PART) Squad/Parts/Command/mk1Cockpits/mk1CrewCabin/MK1CrewCabin
[LOG 14:55:48.792] Config(PART) Squad/Parts/Command/mk1Cockpits/mk1InlineCockpit/Mark2Cockpit
[LOG 14:55:48.792] Config(PART) Squad/Parts/Command/mk1LanderCan/mk1LanderCan/landerCabinSmall
[LOG 14:55:48.792] Config(PART) Squad/Parts/Command/mk1pod_v2/mk1Pod_v2/mk1pod_v2
[LOG 14:55:48.792] Config(PART) Squad/Parts/Command/mk2CockpitInline/mk2CockpitInline/mk2Cockpit_Inline
[LOG 14:55:48.792] Config(PART) Squad/Parts/Command/mk2CockpitStandard/mk2CockpitStandard/mk2Cockpit_Standard
[LOG 14:55:48.792] Config(PART) Squad/Parts/Command/mk2DroneCore/mk2Dronecore/mk2DroneCore
[LOG 14:55:48.792] Config(PART) Squad/Parts/Command/mk2LanderCan/mk2LanderCan/mk2LanderCabin
[LOG 14:55:48.792] Config(PART) Squad/Parts/Command/mk2LanderCan_v2/mk2LanderCan_v2/mk2LanderCabin_v2
[LOG 14:55:48.792] Config(PART) Squad/Parts/Command/mk3CockpitShuttle/mk3CockpitShuttle/mk3Cockpit_Shuttle
[LOG 14:55:48.792] Config(PART) Squad/Parts/Command/MpoProbe/MpoProbe/MpoProbe
[LOG 14:55:48.792] Config(PART) Squad/Parts/Command/MtmStage/MTM_Stage/MtmStage
[LOG 14:55:48.792] Config(PART) Squad/Parts/Command/probeCoreCube/probeCoreCube/probeCoreCube
[LOG 14:55:48.792] Config(PART) Squad/Parts/Command/probeCoreHex/probeCoreHex/probeCoreHex
[LOG 14:55:48.792] Config(PART) Squad/Parts/Command/probeCoreHex_v2/probeCoreHex_v2/probeCoreHex_v2
[LOG 14:55:48.793] Config(PART) Squad/Parts/Command/probeCoreOcto2_v2/probeCoreOcto2_v2/probeCoreOcto2_v2
[LOG 14:55:48.793] Config(PART) Squad/Parts/Command/probeCoreOcto_v2/probeCoreOcto_v2/probeCoreOcto_v2
[LOG 14:55:48.793] Config(PART) Squad/Parts/Command/probeRoverBody/probeRoverBody/roverBody
[LOG 14:55:48.793] Config(PART) Squad/Parts/Command/probeRoverBody_v2/probeRoverBody_v2/roverBody_v2
[LOG 14:55:48.793] Config(PART) Squad/Parts/Command/probeStackLarge/probeStackLarge/probeStackLarge
[LOG 14:55:48.793] Config(PART) Squad/Parts/Command/probeStackSmall/probeStackSmall/probeStackSmall
[LOG 14:55:48.793] Config(PART) Squad/Parts/Command/probeStackSphere_v2/probeStackSphere_v2/probeCoreSphere_v2
[LOG 14:55:48.793] Config(PART) Squad/Parts/CompoundParts/FuelLine/fuelLine/fuelLine
[LOG 14:55:48.793] Config(PART) Squad/Parts/CompoundParts/strutConnector/strutConnector/strutConnector
[LOG 14:55:48.793] Config(PART) Squad/Parts/Coupling/Decoupler_0/Decoupler_0
[LOG 14:55:48.793] Config(PART) Squad/Parts/Coupling/Decoupler_1/Decoupler_1
[LOG 14:55:48.793] Config(PART) Squad/Parts/Coupling/Decoupler_2/Decoupler_2
[LOG 14:55:48.793] Config(PART) Squad/Parts/Coupling/Decoupler_3/Decoupler_3
[LOG 14:55:48.793] Config(PART) Squad/Parts/Coupling/Separator_0/Separator_0
[LOG 14:55:48.793] Config(PART) Squad/Parts/Coupling/Separator_1/Separator_1
[LOG 14:55:48.793] Config(PART) Squad/Parts/Coupling/Separator_2/Separator_2
[LOG 14:55:48.793] Config(PART) Squad/Parts/Coupling/Separator_3/Separator_3
[LOG 14:55:48.793] Config(PART) Squad/Parts/Electrical/10CSolarPanels/OX-10C/solarPanelOX10C
[LOG 14:55:48.793] Config(PART) Squad/Parts/Electrical/10CSolarPanels/SP-10C/solarPanelSP10C
[LOG 14:55:48.793] Config(PART) Squad/Parts/Electrical/10LSolarPanels/OX-10L/solarPanelOX10L
[LOG 14:55:48.793] Config(PART) Squad/Parts/Electrical/10LSolarPanels/SP-10L/solarPanelSP10L
[LOG 14:55:48.793] Config(PART) Squad/Parts/Electrical/1x6ShroudSolarPanels/1x6ShroudSolarPanels/solarPanels2
[LOG 14:55:48.793] Config(PART) Squad/Parts/Electrical/1x6SolarPanels/1x6SolarPanels/solarPanels4
[LOG 14:55:48.793] Config(PART) Squad/Parts/Electrical/3x2ShroudSolarPanels/3x2ShroudSolarPanels/solarPanels1
[LOG 14:55:48.793] Config(PART) Squad/Parts/Electrical/3x2SolarPanels/3x2SolarPanels/solarPanels3
[LOG 14:55:48.793] Config(PART) Squad/Parts/Electrical/gigantorXlSolarArray/gigantorXlSolarArray/largeSolarPanel
[LOG 14:55:48.794] Config(PART) Squad/Parts/Electrical/radialFlatSolarPanel/radialFlatSolarPanel/solarPanels5
[LOG 14:55:48.794] Config(PART) Squad/Parts/Electrical/RTG/RTG/rtg
[LOG 14:55:48.794] Config(PART) Squad/Parts/Electrical/z-100Battery/z-100Battery/batteryPack
[LOG 14:55:48.794] Config(PART) Squad/Parts/Electrical/z-1kBattery/z-1kBattery/batteryBank
[LOG 14:55:48.794] Config(PART) Squad/Parts/Electrical/z-200Battery/z-200Battery/batteryBankMini
[LOG 14:55:48.794] Config(PART) Squad/Parts/Electrical/z-400Battery/z-400Battery/ksp_r_largeBatteryPack
[LOG 14:55:48.794] Config(PART) Squad/Parts/Electrical/z-4kBattery/z-4kBattery/batteryBankLarge
[LOG 14:55:48.794] Config(PART) Squad/Parts/Engine/ionEngine/ionEngine/ionEngine
[LOG 14:55:48.794] Config(PART) Squad/Parts/Engine/jetEngines/jetEngineAfterburning/turboJet
[LOG 14:55:48.794] Config(PART) Squad/Parts/Engine/jetEngines/jetEngineBasic/JetEngine
[LOG 14:55:48.794] Config(PART) Squad/Parts/Engine/jetEngines/jetEngineBig/turboFanSize2
[LOG 14:55:48.794] Config(PART) Squad/Parts/Engine/jetEngines/jetEngineTurbo/turboFanEngine
[LOG 14:55:48.794] Config(PART) Squad/Parts/Engine/liquidEngine24-77/liquidEngine24-77/smallRadialEngine
[LOG 14:55:48.794] Config(PART) Squad/Parts/Engine/liquidEngine24-77_v2/liquidEngine24-77_v2/smallRadialEngine_v2
[LOG 14:55:48.794] Config(PART) Squad/Parts/Engine/liquidEngine48-7S_v2/liquidEngine48-7S_v2/liquidEngineMini_v2
[LOG 14:55:48.794] Config(PART) Squad/Parts/Engine/liquidEngineAerospike/liquidEngineAerospike/toroidalAerospike
[LOG 14:55:48.794] Config(PART) Squad/Parts/Engine/liquidEngineLV-1_v2/liquidEngineLV-1R _v2/radialEngineMini_v2
[LOG 14:55:48.794] Config(PART) Squad/Parts/Engine/liquidEngineLV-1_v2/liquidEngineLV-1_v2/microEngine_v2
[LOG 14:55:48.794] Config(PART) Squad/Parts/Engine/liquidEngineLV-909_v2/liquidEngineLV-909_v2/liquidEngine3_v2
[LOG 14:55:48.794] Config(PART) Squad/Parts/Engine/liquidEngineLV-N/liquidEngineLV-N/nuclearEngine
[LOG 14:55:48.794] Config(PART) Squad/Parts/Engine/liquidEngineLV-T30/liquidEngineLV-T30/liquidEngine
[LOG 14:55:48.794] Config(PART) Squad/Parts/Engine/liquidEngineLV-T30_v2/liquidEngineLV-T30_v2/liquidEngine_v2
[LOG 14:55:48.794] Config(PART) Squad/Parts/Engine/liquidEngineLV-T45/liquidEngineLV-T45/liquidEngine2
[LOG 14:55:48.794] Config(PART) Squad/Parts/Engine/liquidEngineLV-T45_v2/liquidEngineLV-T45_v2/liquidEngine2_v2
[LOG 14:55:48.794] Config(PART) Squad/Parts/Engine/liquidEngineMainsail_v2/liquidEngineMainsail_v2/liquidEngineMainsail_v2
[LOG 14:55:48.795] Config(PART) Squad/Parts/Engine/liquidEngineMk55/liquidEngineMk55/radialLiquidEngine1-2
[LOG 14:55:48.795] Config(PART) Squad/Parts/Engine/liquidEnginePoodle_v2/liquidEnginePoodle_v2/liquidEngine2-2_v2
[LOG 14:55:48.795] Config(PART) Squad/Parts/Engine/liquidEngineSkipper_v2/skipperLiquidEngine_v2/engineLargeSkipper_v2
[LOG 14:55:48.795] Config(PART) Squad/Parts/Engine/liquidEngineSSME/SSME/SSME
[LOG 14:55:48.795] Config(PART) Squad/Parts/Engine/MassiveSRB/part/MassiveBooster
[LOG 14:55:48.795] Config(PART) Squad/Parts/Engine/miniJet/SmallJetEngine/miniJetEngine
[LOG 14:55:48.795] Config(PART) Squad/Parts/Engine/OMSEngine/omsEngine/omsEngine
[LOG 14:55:48.795] Config(PART) Squad/Parts/Engine/rapierEngine/rapierEngine/RAPIER
[LOG 14:55:48.795] Config(PART) Squad/Parts/Engine/Size1_SRBs/solidBoosterRT-10_v2/solidBooster_v2
[LOG 14:55:48.795] Config(PART) Squad/Parts/Engine/Size1_SRBs/solidBoosterRT-5_v2/solidBooster_sm_v2
[LOG 14:55:48.795] Config(PART) Squad/Parts/Engine/Size2LFB/part/Size2LFB
[LOG 14:55:48.795] Config(PART) Squad/Parts/Engine/Size2LFB_v2/part/Size2LFB_v2
[LOG 14:55:48.795] Config(PART) Squad/Parts/Engine/Size3AdvancedEngine/part/Size3AdvancedEngine
[LOG 14:55:48.795] Config(PART) Squad/Parts/Engine/Size3EngineCluster/part/Size3EngineCluster
[LOG 14:55:48.795] Config(PART) Squad/Parts/Engine/solidBoosterBACC/solidBoosterBACC/solidBooster1-1
[LOG 14:55:48.795] Config(PART) Squad/Parts/Engine/solidBoosterS2-17/solidBoosterS2-17/Thoroughbred
[LOG 14:55:48.795] Config(PART) Squad/Parts/Engine/solidBoosterS2-33/solidBoosterS2-33/Clydesdale
[LOG 14:55:48.795] Config(PART) Squad/Parts/Engine/solidBoosterSep/solidBoosterSep/sepMotor1
[LOG 14:55:48.795] Config(PART) Squad/Parts/Engine/SolidBoostersF/SolidBoosterF3S0/Shrimp
[LOG 14:55:48.795] Config(PART) Squad/Parts/Engine/SolidBoostersF/SolidBoosterFM1/Mite
[LOG 14:55:48.795] Config(PART) Squad/Parts/FuelTank/adapterTanks/Mk3-Mk2/adapterMk3-Mk2
[LOG 14:55:48.795] Config(PART) Squad/Parts/FuelTank/adapterTanks/Mk3-ShuttleAdapter/adapterEngines
[LOG 14:55:48.795] Config(PART) Squad/Parts/FuelTank/adapterTanks/Mk3-Size2/adapterMk3-Size2
[LOG 14:55:48.795] Config(PART) Squad/Parts/FuelTank/adapterTanks/Mk3-Size2Slant/adapterMk3-Size2Slant
[LOG 14:55:48.796] Config(PART) Squad/Parts/FuelTank/adapterTanks/Size2-Mk2/adapterSize2-Mk2
[LOG 14:55:48.796] Config(PART) Squad/Parts/FuelTank/adapterTanks/Size2-Size1/adapterSize2-Size1
[LOG 14:55:48.796] Config(PART) Squad/Parts/FuelTank/adapterTanks/Size2-Size1Slant/adapterSize2-Size1Slant
[LOG 14:55:48.796] Config(PART) Squad/Parts/FuelTank/adapterTanks/Size3-Mk3/adapterSize3-Mk3
[LOG 14:55:48.796] Config(PART) Squad/Parts/FuelTank/drainTankFTE-1/ReleaseValve/ReleaseValve
[LOG 14:55:48.796] Config(PART) Squad/Parts/FuelTank/FoilTanks/RadialTank_Capsule/externalTankCapsule
[LOG 14:55:48.796] Config(PART) Squad/Parts/FuelTank/FoilTanks/RadialTank_Round/externalTankRound
[LOG 14:55:48.796] Config(PART) Squad/Parts/FuelTank/FoilTanks/ToroidTank/externalTankToroid
[LOG 14:55:48.796] Config(PART) Squad/Parts/FuelTank/fuelTankOscarB/fuelTankOscarB/miniFuelTank
[LOG 14:55:48.796] Config(PART) Squad/Parts/FuelTank/miniFuselage/miniFuselage/miniFuselage
[LOG 14:55:48.796] Config(PART) Squad/Parts/FuelTank/mk2Adapters/bicoupler/mk2_1m_Bicoupler
[LOG 14:55:48.796] Config(PART) Squad/Parts/FuelTank/mk2Adapters/long/mk2_1m_AdapterLong
[LOG 14:55:48.796] Config(PART) Squad/Parts/FuelTank/mk2Adapters/standard/mk2SpacePlaneAdapter
[LOG 14:55:48.796] Config(PART) Squad/Parts/FuelTank/mk2FuselageLong/LFO_long/mk2FuselageLongLFO
[LOG 14:55:48.796] Config(PART) Squad/Parts/FuelTank/mk2FuselageLong/L_long/mk2Fuselage
[LOG 14:55:48.796] Config(PART) Squad/Parts/FuelTank/mk2FuselageShort/LFO_short/mk2FuselageShortLFO
[LOG 14:55:48.796] Config(PART) Squad/Parts/FuelTank/mk2FuselageShort/L_short/mk2FuselageShortLiquid
[LOG 14:55:48.796] Config(PART) Squad/Parts/FuelTank/mk2FuselageShort/Mono_short/mk2FuselageShortMono
[LOG 14:55:48.796] Config(PART) Squad/Parts/FuelTank/mk3Fuselage/CREW/mk3CrewCabin
[LOG 14:55:48.796] Config(PART) Squad/Parts/FuelTank/mk3Fuselage/LFO_100/mk3FuselageLFO_100
[LOG 14:55:48.796] Config(PART) Squad/Parts/FuelTank/mk3Fuselage/LFO_25/mk3FuselageLFO_25
[LOG 14:55:48.796] Config(PART) Squad/Parts/FuelTank/mk3Fuselage/LFO_50/mk3FuselageLFO_50
[LOG 14:55:48.796] Config(PART) Squad/Parts/FuelTank/mk3Fuselage/LF_100/mk3FuselageLF_100
[LOG 14:55:48.796] Config(PART) Squad/Parts/FuelTank/mk3Fuselage/LF_25/mk3FuselageLF_25
[LOG 14:55:48.796] Config(PART) Squad/Parts/FuelTank/mk3Fuselage/LF_50/mk3FuselageLF_50
[LOG 14:55:48.796] Config(PART) Squad/Parts/FuelTank/mk3Fuselage/MONO/mk3FuselageMONO
[LOG 14:55:48.796] Config(PART) Squad/Parts/FuelTank/RCSFuelTankR1/RCSFuelTankR1/RCSTank1-2
[LOG 14:55:48.797] Config(PART) Squad/Parts/FuelTank/RCSFuelTankR10/RCSFuelTankR10/rcsTankMini
[LOG 14:55:48.797] Config(PART) Squad/Parts/FuelTank/RCSFuelTankR25/RCSFuelTankR25/RCSFuelTank
[LOG 14:55:48.797] Config(PART) Squad/Parts/FuelTank/RCSTankRadial/radialRCSTank/radialRCSTank
[LOG 14:55:48.797] Config(PART) Squad/Parts/FuelTank/RCStankRadialLong/RCSTankRadialLong/rcsTankRadialLong
[LOG 14:55:48.797] Config(PART) Squad/Parts/FuelTank/RockomaxTanks/Rockomax16/Rockomax16_BW
[LOG 14:55:48.797] Config(PART) Squad/Parts/FuelTank/RockomaxTanks/Rockomax32/Rockomax32_BW
[LOG 14:55:48.797] Config(PART) Squad/Parts/FuelTank/RockomaxTanks/Rockomax64/Rockomax64_BW
[LOG 14:55:48.797] Config(PART) Squad/Parts/FuelTank/RockomaxTanks/Rockomax8/Rockomax8BW
[LOG 14:55:48.797] Config(PART) Squad/Parts/FuelTank/Size1_Tanks/fuelTankT100/fuelTankSmallFlat
[LOG 14:55:48.797] Config(PART) Squad/Parts/FuelTank/Size1_Tanks/fuelTankT200/fuelTankSmall
[LOG 14:55:48.797] Config(PART) Squad/Parts/FuelTank/Size1_Tanks/fuelTankT400/fuelTank
[LOG 14:55:48.797] Config(PART) Squad/Parts/FuelTank/Size1_Tanks/fuelTankT800/fuelTank_long
[LOG 14:55:48.797] Config(PART) Squad/Parts/FuelTank/Size3Tanks/large/Size3LargeTank
[LOG 14:55:48.797] Config(PART) Squad/Parts/FuelTank/Size3Tanks/medium/Size3MediumTank
[LOG 14:55:48.797] Config(PART) Squad/Parts/FuelTank/Size3Tanks/small/Size3SmallTank
[LOG 14:55:48.797] Config(PART) Squad/Parts/FuelTank/xenonTank/xenonTank/xenonTank
[LOG 14:55:48.797] Config(PART) Squad/Parts/FuelTank/xenonTankLarge/xenonTankLarge/xenonTankLarge
[LOG 14:55:48.797] Config(PART) Squad/Parts/FuelTank/xenonTankRadial/xenonTankRadial/xenonTankRadial
[LOG 14:55:48.797] Config(PART) Squad/Parts/Misc/AsteroidDay/CamSat/InfraredTelescope
[LOG 14:55:48.797] Config(PART) Squad/Parts/Misc/AsteroidDay/HECS2/HECS2_ProbeCore
[LOG 14:55:48.797] Config(PART) Squad/Parts/Misc/AsteroidDay/HighGainAntenna/HighGainAntenna
[LOG 14:55:48.797] Config(PART) Squad/Parts/Misc/AsteroidDay/LgRadialSolar/LgRadialSolarPanel
[LOG 14:55:48.797] Config(PART) Squad/Parts/Misc/PotatoComet/part/PotatoComet
[LOG 14:55:48.797] Config(PART) Squad/Parts/Misc/PotatoRoid/part/PotatoRoid
[LOG 14:55:48.797] Config(PART) Squad/Parts/Prebuilt/flag/flag
[LOG 14:55:48.797] Config(PART) Squad/Parts/Prebuilt/kerbalEVA/kerbalEVA
[LOG 14:55:48.797] Config(PART) Squad/Parts/Prebuilt/kerbalEVAfemale/kerbalEVAfemale
[LOG 14:55:48.798] Config(PART) Squad/Parts/Prebuilt/kerbalEVASlimSuit/kerbalEVASlimSuit
[LOG 14:55:48.798] Config(PART) Squad/Parts/Prebuilt/kerbalEVASlimSuitFemale/kerbalEVASlimSuitFemale
[LOG 14:55:48.798] Config(PART) Squad/Parts/Resources/FuelCell/FuelCell/FuelCell
[LOG 14:55:48.798] Config(PART) Squad/Parts/Resources/FuelCell/FuelCellArray/FuelCellArray
[LOG 14:55:48.798] Config(PART) Squad/Parts/Resources/ISRU/ISRU/ISRU
[LOG 14:55:48.798] Config(PART) Squad/Parts/Resources/LargeTank/LargeTank/LargeTank
[LOG 14:55:48.798] Config(PART) Squad/Parts/Resources/MiniDrill/MiniDrill/MiniDrill
[LOG 14:55:48.798] Config(PART) Squad/Parts/Resources/MiniISRU/MiniISRU/MiniISRU
[LOG 14:55:48.798] Config(PART) Squad/Parts/Resources/OrbitalScanner/OrbitalScanner/OrbitalScanner
[LOG 14:55:48.798] Config(PART) Squad/Parts/Resources/RadialDrill/RadialDrill/RadialDrill
[LOG 14:55:48.798] Config(PART) Squad/Parts/Resources/RadialTank/RadialTank/RadialOreTank
[LOG 14:55:48.798] Config(PART) Squad/Parts/Resources/SmallTank/SmallTank/SmallTank
[LOG 14:55:48.798] Config(PART) Squad/Parts/Resources/SurfaceScanner/SurfaceScanner/SurfaceScanner
[LOG 14:55:48.798] Config(PART) Squad/Parts/Resources/SurveyScanner/SurveyScanner/SurveyScanner
[LOG 14:55:48.798] Config(PART) Squad/Parts/Science/AtmosphereSensor/sensorAtmosphere/sensorAtmosphere
[LOG 14:55:48.798] Config(PART) Squad/Parts/Science/GooExperiment/gooExperiment/GooExperiment
[LOG 14:55:48.798] Config(PART) Squad/Parts/Science/LargeCrewedLab/largeCrewedLab/Large_Crewed_Lab
[LOG 14:55:48.798] Config(PART) Squad/Parts/Science/Magnetometer/Magnetometer/Magnetometer
[LOG 14:55:48.798] Config(PART) Squad/Parts/Science/MaterialBay/materialBay/science_module
[LOG 14:55:48.798] Config(PART) Squad/Parts/Science/ScienceBox/ScienceBox/ScienceBox
[LOG 14:55:48.798] Config(PART) Squad/Parts/Science/sensorAccelerometer/sensorAccelerometer/sensorAccelerometer
[LOG 14:55:48.798] Config(PART) Squad/Parts/Science/sensorBarometer/sensorBarometer/sensorBarometer
[LOG 14:55:48.798] Config(PART) Squad/Parts/Science/sensorGravimeter/sensorGravimeter/sensorGravimeter
[LOG 14:55:48.798] Config(PART) Squad/Parts/Science/sensorThermometer/sensorThermometer/sensorThermometer
[LOG 14:55:48.799] Config(PART) Squad/Parts/Structural/FLAdapters/adapterSmallMiniShort/adapterSmallMiniShort
[LOG 14:55:48.799] Config(PART) Squad/Parts/Structural/FLAdapters/adapterSmallMiniTall/adapterSmallMiniTall
[LOG 14:55:48.799] Config(PART) Squad/Parts/Structural/mk1Parts/engineBodyRadial/radialEngineBody
[LOG 14:55:48.799] Config(PART) Squad/Parts/Structural/mk1Parts/engineNacelle/nacelleBody
[LOG 14:55:48.799] Config(PART) Squad/Parts/Structural/mk1Parts/mk1Fuselage/MK1Fuselage
[LOG 14:55:48.799] Config(PART) Squad/Parts/Structural/mk1Parts/mk1FuselageIntake/MK1IntakeFuselage
[LOG 14:55:48.799] Config(PART) Squad/Parts/Structural/mk1Parts/mk1Structural/Mk1FuselageStructural
[LOG 14:55:48.799] Config(PART) Squad/Parts/Structural/Size3To2Adapter_v2/Size2to3_v2/Size3To2Adapter_v2
[LOG 14:55:48.799] Config(PART) Squad/Parts/Structural/stackAdapters/adapterLargeSmallBi/adapterLargeSmallBi
[LOG 14:55:48.799] Config(PART) Squad/Parts/Structural/stackAdapters/adapterLargeSmallQuad/adapterLargeSmallQuad
[LOG 14:55:48.799] Config(PART) Squad/Parts/Structural/stackAdapters/adapterLargeSmallTri/adapterLargeSmallTri
[LOG 14:55:48.799] Config(PART) Squad/Parts/Structural/stationHub/stationHub/stationHub
[LOG 14:55:48.799] Config(PART) Squad/Parts/Structural/structuralIBeam200/structuralIBeam200/structuralIBeam2
[LOG 14:55:48.799] Config(PART) Squad/Parts/Structural/structuralIBeam200Pocket/structuralIBeam200Pocket/structuralIBeam3
[LOG 14:55:48.799] Config(PART) Squad/Parts/Structural/structuralIBeam650/structuralIBeam650/structuralIBeam1
[LOG 14:55:48.799] Config(PART) Squad/Parts/Structural/structuralMicronode/structuralMicronode/structuralMiniNode
[LOG 14:55:48.799] Config(PART) Squad/Parts/Structural/structuralPanel1x1/structuralPanel1x1/structuralPanel1
[LOG 14:55:48.799] Config(PART) Squad/Parts/Structural/structuralPanel2x2/structuralPanel2x2/structuralPanel2
[LOG 14:55:48.799] Config(PART) Squad/Parts/Structural/structuralPylons/smallHardpoint/smallHardpoint
[LOG 14:55:48.799] Config(PART) Squad/Parts/Structural/structuralPylons/structuralPylon/structuralPylon
[LOG 14:55:48.799] Config(PART) Squad/Parts/Structural/strutCubicOcto/strutCubicOcto/strutCube
[LOG 14:55:48.799] Config(PART) Squad/Parts/Structural/strutOcto/strutOcto/strutOcto
[LOG 14:55:48.799] Config(PART) Squad/Parts/Structural/trussGirderAdapter/trussGirderAdapter/trussAdapter
[LOG 14:55:48.799] Config(PART) Squad/Parts/Structural/trussGirderL/trussGirderL/trussPiece1x
[LOG 14:55:48.799] Config(PART) Squad/Parts/Structural/trussGirderXL/trussGirderXL/trussPiece3x
[LOG 14:55:48.799] Config(PART) Squad/Parts/Thermal/FoldingRadiators/foldingRadLarge/foldingRadLarge
[LOG 14:55:48.799] Config(PART) Squad/Parts/Thermal/FoldingRadiators/foldingRadMed/foldingRadMed
[LOG 14:55:48.800] Config(PART) Squad/Parts/Thermal/FoldingRadiators/foldingRadSmall/foldingRadSmall
[LOG 14:55:48.800] Config(PART) Squad/Parts/Thermal/RadiatorPanels/radPanelEdge/radPanelEdge
[LOG 14:55:48.800] Config(PART) Squad/Parts/Thermal/RadiatorPanels/radPanelLg/radPanelLg
[LOG 14:55:48.800] Config(PART) Squad/Parts/Thermal/RadiatorPanels/radPanelSm/radPanelSm
[LOG 14:55:48.800] Config(PART) Squad/Parts/Utility/commDish88-88/commDish88-88/commDish
[LOG 14:55:48.800] Config(PART) Squad/Parts/Utility/commsAntennaDTS-M1/commsAntennaDTS-M1/mediumDishAntenna
[LOG 14:55:48.800] Config(PART) Squad/Parts/Utility/commsDish16/commsAntenna16/longAntenna
[LOG 14:55:48.800] Config(PART) Squad/Parts/Utility/decouplerRadialHDM/decouplerRadialHDM/radialDecoupler1-2
[LOG 14:55:48.800] Config(PART) Squad/Parts/Utility/decouplerRadialTT-38K/decouplerRadialTT-38K/radialDecoupler
[LOG 14:55:48.800] Config(PART) Squad/Parts/Utility/decouplerRadialTT-70/decouplerRadialTT-70/radialDecoupler2
[LOG 14:55:48.800] Config(PART) Squad/Parts/Utility/DirectAntennas/C16S/SurfAntenna
[LOG 14:55:48.800] Config(PART) Squad/Parts/Utility/DirectAntennas/HG-5/HighGainAntenna5
[LOG 14:55:48.800] Config(PART) Squad/Parts/Utility/DirectAntennas/HG-5_v2/HighGainAntenna5_v2
[LOG 14:55:48.800] Config(PART) Squad/Parts/Utility/dockingPort/dockingPort/dockingPort2
[LOG 14:55:48.800] Config(PART) Squad/Parts/Utility/dockingPortInline/dockingPortInline/dockingPortLateral
[LOG 14:55:48.800] Config(PART) Squad/Parts/Utility/dockingPortJr/dockingPortJr/dockingPort3
[LOG 14:55:48.800] Config(PART) Squad/Parts/Utility/dockingPortShielded/dockingPortShielded/dockingPort1
[LOG 14:55:48.800] Config(PART) Squad/Parts/Utility/dockingPortSr/dockingPortSr/dockingPortLarge
[LOG 14:55:48.800] Config(PART) Squad/Parts/Utility/Fireworks/fireworksLauncherBig/fireworksLauncherBig
[LOG 14:55:48.800] Config(PART) Squad/Parts/Utility/Fireworks/fireworksLauncherSmall/fireworksLauncherSmall
[LOG 14:55:48.800] Config(PART) Squad/Parts/Utility/flags/flagFlat/flagFlat/flagPartFlat
[LOG 14:55:48.800] Config(PART) Squad/Parts/Utility/flags/flagSize0/flagSize0/flagPartSize0
[LOG 14:55:48.800] Config(PART) Squad/Parts/Utility/flags/flagSize1/flagSize1/flagPartSize1
[LOG 14:55:48.800] Config(PART) Squad/Parts/Utility/flags/flagSize2/flagSize2/flagPartSize2
[LOG 14:55:48.800] Config(PART) Squad/Parts/Utility/flags/flagSize3/flagSize3/flagPartSize3
[LOG 14:55:48.800] Config(PART) Squad/Parts/Utility/GrapplingDevice/part/GrapplingDevice
[LOG 14:55:48.801] Config(PART) Squad/Parts/Utility/ladderRadial/ladderRadial/ladder1
[LOG 14:55:48.801] Config(PART) Squad/Parts/Utility/ladderTelescopic/ladderTelescopic/telescopicLadder
[LOG 14:55:48.801] Config(PART) Squad/Parts/Utility/ladderTelescopicBay/ladderTelescopicBay/telescopicLadderBay
[LOG 14:55:48.801] Config(PART) Squad/Parts/Utility/landingLegLT-1/landingLegLT-1/landingLeg1
[LOG 14:55:48.801] Config(PART) Squad/Parts/Utility/landingLegLT-2/landingLegLT-2/landingLeg1-2
[LOG 14:55:48.801] Config(PART) Squad/Parts/Utility/landingLegLT-5/landingLegLT-5/miniLandingLeg
[LOG 14:55:48.801] Config(PART) Squad/Parts/Utility/launchClamp1/launchClamp1/launchClamp1
[LOG 14:55:48.801] Config(PART) Squad/Parts/Utility/launchEscapeSystem/part/LaunchEscapeSystem
[LOG 14:55:48.801] Config(PART) Squad/Parts/Utility/Lights/domeLight1/domeLight1
[LOG 14:55:48.801] Config(PART) Squad/Parts/Utility/Lights/groundLight1/groundLight1
[LOG 14:55:48.801] Config(PART) Squad/Parts/Utility/Lights/groundLight2/groundLight2
[LOG 14:55:48.801] Config(PART) Squad/Parts/Utility/Lights/navLight1/navLight1
[LOG 14:55:48.801] Config(PART) Squad/Parts/Utility/Lights/spotLight1/spotLight3
[LOG 14:55:48.801] Config(PART) Squad/Parts/Utility/Lights/stripLight1/stripLight1
[LOG 14:55:48.801] Config(PART) Squad/Parts/Utility/linearVernorRCS/linearRCS/linearRcs
[LOG 14:55:48.801] Config(PART) Squad/Parts/Utility/linearVernorRCS/vernorEngine/vernierEngine
[LOG 14:55:48.801] Config(PART) Squad/Parts/Utility/mk2CargoBay/BayL/mk2CargoBayL
[LOG 14:55:48.801] Config(PART) Squad/Parts/Utility/mk2CargoBay/BayS/mk2CargoBayS
[LOG 14:55:48.801] Config(PART) Squad/Parts/Utility/mk2CrewCabin/mk2CrewCabin/mk2CrewCabin
[LOG 14:55:48.801] Config(PART) Squad/Parts/Utility/mk2DockingPort/mk2DockingPort/mk2DockingPort
[LOG 14:55:48.801] Config(PART) Squad/Parts/Utility/mk3CargoBay/long/mk3CargoBayL
[LOG 14:55:48.801] Config(PART) Squad/Parts/Utility/mk3CargoBay/medium/mk3CargoBayM
[LOG 14:55:48.801] Config(PART) Squad/Parts/Utility/mk3CargoBay/ramp/mk3CargoRamp
[LOG 14:55:48.801] Config(PART) Squad/Parts/Utility/mk3CargoBay/short/mk3CargoBayS
[LOG 14:55:48.801] Config(PART) Squad/Parts/Utility/parachuteMk1/parachuteMk1/parachuteSingle
[LOG 14:55:48.801] Config(PART) Squad/Parts/Utility/parachuteMk12-R/parachuteMk12-R/radialDrogue
[LOG 14:55:48.802] Config(PART) Squad/Parts/Utility/parachuteMk16-XL/parachuteMk16-XL/parachuteLarge
[LOG 14:55:48.802] Config(PART) Squad/Parts/Utility/parachuteMk2-R/parachuteMk2-R/parachuteRadial
[LOG 14:55:48.802] Config(PART) Squad/Parts/Utility/parachuteMk25/parachuteMk25/parachuteDrogue
[LOG 14:55:48.802] Config(PART) Squad/Parts/Utility/radialAttachmentPoint/radialAttachmentPoint/stackPoint1
[LOG 14:55:48.802] Config(PART) Squad/Parts/Utility/rcsBlockRV-105_v2/rcsBlockRV-105/RCSBlock_v2
[LOG 14:55:48.802] Config(PART) Squad/Parts/Utility/rcsBlockRV-105_v2/RCSblock_01_small/RCSblock_01_small
[LOG 14:55:48.802] Config(PART) Squad/Parts/Utility/rcsSmallLinear/RCSLinearSmall/RCSLinearSmall
[LOG 14:55:48.802] Config(PART) Squad/Parts/Utility/RelayAntennas/RA-100/RelayAntenna100
[LOG 14:55:48.802] Config(PART) Squad/Parts/Utility/RelayAntennas/RA-5/RelayAntenna5
[LOG 14:55:48.802] Config(PART) Squad/Parts/Utility/RelayAntennas/RA-50/RelayAntenna50
[LOG 14:55:48.802] Config(PART) Squad/Parts/Utility/rockomaxAdapters/largeAdapter/largeAdapter
[LOG 14:55:48.802] Config(PART) Squad/Parts/Utility/rockomaxAdapters/largeAdapterShort/largeAdapter2
[LOG 14:55:48.802] Config(PART) Squad/Parts/Utility/ServiceBay_v2/ServiceBay_125_v2/ServiceBay_125_v2
[LOG 14:55:48.802] Config(PART) Squad/Parts/Utility/ServiceBay_v2/ServiceBay_250_v2/ServiceBay_250_v2
[LOG 14:55:48.802] Config(PART) Squad/Parts/Utility/smallClaw/smallClaw/smallClaw
[LOG 14:55:48.802] Config(PART) Squad/Parts/Utility/spotLightMk1/spotLightMk1/spotLight1
[LOG 14:55:48.802] Config(PART) Squad/Parts/Utility/spotLightMk1_v2/spotLightMk1_v2/spotLight1_v2
[LOG 14:55:48.802] Config(PART) Squad/Parts/Utility/spotLightMk2/spotLightMk2/spotLight2
[LOG 14:55:48.802] Config(PART) Squad/Parts/Utility/spotLightMk2_v2/spotLightMk2_v2/spotLight2_v2
[LOG 14:55:48.802] Config(PART) Squad/Parts/Utility/stackCouplers/stackBiCoupler_v2/stackBiCoupler_v2
[LOG 14:55:48.802] Config(PART) Squad/Parts/Utility/stackCouplers/stackQuadCoupler/stackQuadCoupler
[LOG 14:55:48.802] Config(PART) Squad/Parts/Utility/stackCouplers/stackTriCoupler_v2/stackTriCoupler_v2
[LOG 14:55:48.802] Config(PART) Squad/Parts/Wheel/LandingGear/GearExtraLarge/GearLarge
[LOG 14:55:48.802] Config(PART) Squad/Parts/Wheel/LandingGear/GearFixed/GearFixed
[LOG 14:55:48.802] Config(PART) Squad/Parts/Wheel/LandingGear/GearFree/GearFree
[LOG 14:55:48.802] Config(PART) Squad/Parts/Wheel/LandingGear/GearLarge/GearMedium
[LOG 14:55:48.803] Config(PART) Squad/Parts/Wheel/LandingGear/GearMedium/GearSmall
[LOG 14:55:48.803] Config(PART) Squad/Parts/Wheel/LandingGear/GearSmall/SmallGearBay
[LOG 14:55:48.803] Config(PART) Squad/Parts/Wheel/roverWheelM1/roverWheelM1/roverWheel1
[LOG 14:55:48.803] Config(PART) Squad/Parts/Wheel/roverWheelS2/roverWheelS2/roverWheel2
[LOG 14:55:48.803] Config(PART) Squad/Parts/Wheel/roverWheelTR-2L/roverWheelTR-2L/wheelMed
[LOG 14:55:48.803] Config(PART) Squad/Parts/Wheel/roverWheelXL3/roverWheelXL3/roverWheel3
[LOG 14:55:48.803] Config(PROP) Squad/Props/AltimeterThreeHands/prop/AltimeterThreeHands
[LOG 14:55:48.803] Config(PROP) Squad/Props/AtmosphereDepth/prop/AtmosphereDepth
[LOG 14:55:48.803] Config(PROP) Squad/Props/AxisIndicator/pitchConfig/AxisIndicatorPitch
[LOG 14:55:48.803] Config(PROP) Squad/Props/AxisIndicator/rollConfig/AxisIndicatorRoll
[LOG 14:55:48.803] Config(PROP) Squad/Props/AxisIndicator/yawConfig/AxisIndicatorYaw
[LOG 14:55:48.803] Config(PROP) Squad/Props/buttonsGeneric/circularButton/genericCircularButton
[LOG 14:55:48.803] Config(PROP) Squad/Props/buttonsGeneric/clusterButtons/genericClusterButtons
[LOG 14:55:48.803] Config(PROP) Squad/Props/buttonsGeneric/clusterButtons2/genericClusterButtons2
[LOG 14:55:48.803] Config(PROP) Squad/Props/buttonsGeneric/clusterKnob/genericClusterKnobs
[LOG 14:55:48.803] Config(PROP) Squad/Props/buttonsGeneric/clusterKnob2/genericClusterKnobs2
[LOG 14:55:48.803] Config(PROP) Squad/Props/buttonsGeneric/clusterMixed/genericClusterMixed
[LOG 14:55:48.803] Config(PROP) Squad/Props/buttonsGeneric/clusterSwitches01/genericClusterSwitches01
[LOG 14:55:48.803] Config(PROP) Squad/Props/buttonsGeneric/clusterSwitches02/genericClusterSwitches02
[LOG 14:55:48.803] Config(PROP) Squad/Props/buttonsGeneric/clusterSwitches03/genericClusterSwitches03
[LOG 14:55:48.803] Config(PROP) Squad/Props/buttonsGeneric/clusterSwitches04/genericClusterSwitches04
[LOG 14:55:48.803] Config(PROP) Squad/Props/buttonsGeneric/clusterSwitches05/genericClusterSwitches05
[LOG 14:55:48.803] Config(PROP) Squad/Props/buttonsGeneric/clusterSwitches06/genericClusterSwitches06
[LOG 14:55:48.803] Config(PROP) Squad/Props/buttonsGeneric/clusterSwitches07/genericClusterSwitches07
[LOG 14:55:48.803] Config(PROP) Squad/Props/buttonsGeneric/directionalKnob/genericDirectionalKnob
[LOG 14:55:48.803] Config(PROP) Squad/Props/buttonsGeneric/directionalKnob2/genericDirectionalKnob2
[LOG 14:55:48.803] Config(PROP) Squad/Props/buttonsGeneric/pullSwitch/genericPullSwitch
[LOG 14:55:48.803] Config(PROP) Squad/Props/buttonsGeneric/squareButton/genericSquareButton
[LOG 14:55:48.804] Config(PROP) Squad/Props/buttonsGeneric/standingSwitch/genericStandingSwitch
[LOG 14:55:48.804] Config(PROP) Squad/Props/buttonsGeneric/switch/genericSwitch
[LOG 14:55:48.804] Config(PROP) Squad/Props/buttonsGeneric/switchWithGuards/genericSwitchWithGuards
[LOG 14:55:48.804] Config(PROP) Squad/Props/ButtonSquare/prop/ButtonSquare
[LOG 14:55:48.804] Config(PROP) Squad/Props/circularButton/prop/circularButton
[LOG 14:55:48.804] Config(PROP) Squad/Props/Compass/prop/Compass
[LOG 14:55:48.804] Config(PROP) Squad/Props/directionalKnob/prop/directionalKnob
[LOG 14:55:48.804] Config(PROP) Squad/Props/directionalKnob2/prop/directionalKnob2
[LOG 14:55:48.804] Config(PROP) Squad/Props/IndicatorPanel/prop/IndicatorPanel
[LOG 14:55:48.804] Config(PROP) Squad/Props/IVANavBall/prop/NavBall
[LOG 14:55:48.804] Config(PROP) Squad/Props/IVANavBallNoBase/prop/NavBallNoBase
[LOG 14:55:48.804] Config(PROP) Squad/Props/ledPanelSpeed/prop/ledPanelSpeed
[LOG 14:55:48.804] Config(PROP) Squad/Props/Monitor/DockingMode/MonitorDockingMode
[LOG 14:55:48.804] Config(PROP) Squad/Props/NavBall/prop/NavBall
[LOG 14:55:48.804] Config(PROP) Squad/Props/PropsGeneric/Button_DockingMode/Button_DockingMode
[LOG 14:55:48.804] Config(PROP) Squad/Props/PropsGeneric/CargoBagA/CargoBagA
[LOG 14:55:48.804] Config(PROP) Squad/Props/PropsGeneric/CargoBagB/CargoBagB
[LOG 14:55:48.804] Config(PROP) Squad/Props/PropsGeneric/CargoBagC/CargoBagC
[LOG 14:55:48.804] Config(PROP) Squad/Props/PropsGeneric/Hatch_Plane/Hatch_Plane
[LOG 14:55:48.804] Config(PROP) Squad/Props/PropsGeneric/Hatch_Plane_Curve90/Hatch_Plane_Curve90
[LOG 14:55:48.804] Config(PROP) Squad/Props/PropsGeneric/Hatch_Plane_Frame/Hatch_Plane_Frame
[LOG 14:55:48.804] Config(PROP) Squad/Props/PropsGeneric/Seat_Passenger/Seat_Passenger
[LOG 14:55:48.804] Config(PROP) Squad/Props/PropsGeneric/Seat_Pilot/Seat_Pilot
[LOG 14:55:48.804] Config(PROP) Squad/Props/PropsGeneric/Seat_Pilot_Helmet/Seat_Pilot_Helmet
[LOG 14:55:48.804] Config(PROP) Squad/Props/PropsGeneric/SideStick/SideStick
[LOG 14:55:48.804] Config(PROP) Squad/Props/pullSwitch/prop/pullSwitch
[LOG 14:55:48.804] Config(PROP) Squad/Props/radarAltitude/prop/RadarAltimeter
[LOG 14:55:48.804] Config(PROP) Squad/Props/squareButton/prop/squareButton
[LOG 14:55:48.804] Config(PROP) Squad/Props/standingSwitch/prop/standingSwitch
[LOG 14:55:48.805] Config(PROP) Squad/Props/switch/prop/switch
[LOG 14:55:48.805] Config(PROP) Squad/Props/switchGuard/prop/switchGuard
[LOG 14:55:48.805] Config(PROP) Squad/Props/switchWithGuards/prop/switchWithGuards
[LOG 14:55:48.805] Config(PROP) Squad/Props/throttle/prop/throttle
[LOG 14:55:48.805] Config(PROP) Squad/Props/VSI/prop/VSI
[LOG 14:55:48.805] Config(SPACEOBJECTS_LIMITS) Squad/Resources/CometDefs/SPACEOBJECTS_LIMITS
[LOG 14:55:48.805] Config(COMET_MANAGER) Squad/Resources/CometDefs/COMET_MANAGER
[LOG 14:55:48.805] Config(COMET_ORBIT_TYPE) Squad/Resources/CometDefs/short
[LOG 14:55:48.805] Config(COMET_ORBIT_TYPE) Squad/Resources/CometDefs/intermediate
[LOG 14:55:48.805] Config(COMET_ORBIT_TYPE) Squad/Resources/CometDefs/long
[LOG 14:55:48.805] Config(COMET_ORBIT_TYPE) Squad/Resources/CometDefs/interstellar
[LOG 14:55:48.805] Config(FIREWORKFX_DEFINITION) Squad/Resources/FireworkFXDefinitions/classicTrail
[LOG 14:55:48.805] Config(FIREWORKFX_DEFINITION) Squad/Resources/FireworkFXDefinitions/whirlyTrail
[LOG 14:55:48.805] Config(FIREWORKFX_DEFINITION) Squad/Resources/FireworkFXDefinitions/strobeTrail
[LOG 14:55:48.805] Config(FIREWORKFX_DEFINITION) Squad/Resources/FireworkFXDefinitions/bareTrail
[LOG 14:55:48.805] Config(FIREWORKFX_DEFINITION) Squad/Resources/FireworkFXDefinitions/classicBurst
[LOG 14:55:48.805] Config(FIREWORKFX_DEFINITION) Squad/Resources/FireworkFXDefinitions/chrysBurst
[LOG 14:55:48.805] Config(FIREWORKFX_DEFINITION) Squad/Resources/FireworkFXDefinitions/palmBurst
[LOG 14:55:48.805] Config(FIREWORKFX_DEFINITION) Squad/Resources/FireworkFXDefinitions/ringBurst
[LOG 14:55:48.805] Config(FIREWORKFX_DEFINITION) Squad/Resources/FireworkFXDefinitions/crosetteBurst
[LOG 14:55:48.805] Config(FIREWORKFX_DEFINITION) Squad/Resources/FireworkFXDefinitions/willowBurst
[LOG 14:55:48.805] Config(FIREWORKFX_DEFINITION) Squad/Resources/FireworkFXDefinitions/crackeBurst
[LOG 14:55:48.805] Config(FIREWORKFX_DEFINITION) Squad/Resources/FireworkFXDefinitions/palmCrackleBurst
[LOG 14:55:48.805] Config(FIREWORKFX_DEFINITION) Squad/Resources/FireworkFXDefinitions/dragonBurst
[LOG 14:55:48.805] Config(GLOBAL_RESOURCE) Squad/Resources/Ore/GLOBAL_RESOURCE
[LOG 14:55:48.805] Config(PLANETARY_RESOURCE) Squad/Resources/Ore/PLANETARY_RESOURCE
[LOG 14:55:48.805] Config(PLANETARY_RESOURCE) Squad/Resources/Ore/PLANETARY_RESOURCE
[LOG 14:55:48.805] Config(RESOURCE_OVERLAY_CONFIGURATION_SOLID) Squad/Resources/Overlay/RESOURCE_OVERLAY_CONFIGURATION_SOLID
[LOG 14:55:48.805] Config(RESOURCE_OVERLAY_CONFIGURATION_LINES) Squad/Resources/Overlay/RESOURCE_OVERLAY_CONFIGURATION_LINES
[LOG 14:55:48.806] Config(RESOURCE_OVERLAY_CONFIGURATION_DOTS) Squad/Resources/Overlay/RESOURCE_OVERLAY_CONFIGURATION_DOTS
[LOG 14:55:48.806] Config(RESOURCE_CONFIGURATION) Squad/Resources/ResourceDefaults/RESOURCE_CONFIGURATION
[LOG 14:55:48.806] Config(RESOURCE_DEFINITION) Squad/Resources/ResourcesGeneric/LiquidFuel
[LOG 14:55:48.806] Config(RESOURCE_DEFINITION) Squad/Resources/ResourcesGeneric/Oxidizer
[LOG 14:55:48.806] Config(RESOURCE_DEFINITION) Squad/Resources/ResourcesGeneric/SolidFuel
[LOG 14:55:48.806] Config(RESOURCE_DEFINITION) Squad/Resources/ResourcesGeneric/MonoPropellant
[LOG 14:55:48.806] Config(RESOURCE_DEFINITION) Squad/Resources/ResourcesGeneric/XenonGas
[LOG 14:55:48.806] Config(RESOURCE_DEFINITION) Squad/Resources/ResourcesGeneric/ElectricCharge
[LOG 14:55:48.806] Config(RESOURCE_DEFINITION) Squad/Resources/ResourcesGeneric/IntakeAir
[LOG 14:55:48.806] Config(RESOURCE_DEFINITION) Squad/Resources/ResourcesGeneric/EVA Propellant
[LOG 14:55:48.806] Config(RESOURCE_DEFINITION) Squad/Resources/ResourcesGeneric/Ore
[LOG 14:55:48.806] Config(RESOURCE_DEFINITION) Squad/Resources/ResourcesGeneric/Ablator
[LOG 14:55:48.806] Config(EXPERIMENT_DEFINITION) Squad/Resources/ScienceDefs/EXPERIMENT_DEFINITION
[LOG 14:55:48.806] Config(EXPERIMENT_DEFINITION) Squad/Resources/ScienceDefs/EXPERIMENT_DEFINITION
[LOG 14:55:48.806] Config(EXPERIMENT_DEFINITION) Squad/Resources/ScienceDefs/EXPERIMENT_DEFINITION
[LOG 14:55:48.806] Config(EXPERIMENT_DEFINITION) Squad/Resources/ScienceDefs/EXPERIMENT_DEFINITION
[LOG 14:55:48.806] Config(EXPERIMENT_DEFINITION) Squad/Resources/ScienceDefs/EXPERIMENT_DEFINITION
[LOG 14:55:48.806] Config(EXPERIMENT_DEFINITION) Squad/Resources/ScienceDefs/EXPERIMENT_DEFINITION
[LOG 14:55:48.806] Config(EXPERIMENT_DEFINITION) Squad/Resources/ScienceDefs/EXPERIMENT_DEFINITION
[LOG 14:55:48.806] Config(EXPERIMENT_DEFINITION) Squad/Resources/ScienceDefs/EXPERIMENT_DEFINITION
[LOG 14:55:48.806] Config(EXPERIMENT_DEFINITION) Squad/Resources/ScienceDefs/EXPERIMENT_DEFINITION
[LOG 14:55:48.806] Config(EXPERIMENT_DEFINITION) Squad/Resources/ScienceDefs/EXPERIMENT_DEFINITION
[LOG 14:55:48.806] Config(EXPERIMENT_DEFINITION) Squad/Resources/ScienceDefs/EXPERIMENT_DEFINITION
[LOG 14:55:48.806] Config(EXPERIMENT_DEFINITION) Squad/Resources/ScienceDefs/EXPERIMENT_DEFINITION
[LOG 14:55:48.806] Config(EXPERIMENT_DEFINITION) Squad/Resources/ScienceDefs/EXPERIMENT_DEFINITION
[LOG 14:55:48.806] Config(EXPERIMENT_DEFINITION) Squad/Resources/ScienceDefs/EXPERIMENT_DEFINITION
[LOG 14:55:48.807] Config(EXPERIMENT_DEFINITION) Squad/Resources/ScienceDefs/EXPERIMENT_DEFINITION
[LOG 14:55:48.807] Config(EXPERIMENT_DEFINITION) Squad/Resources/ScienceDefs/EXPERIMENT_DEFINITION
[LOG 14:55:48.807] Config(EXPERIMENT_DEFINITION) Squad/Resources/ScienceDefs/EXPERIMENT_DEFINITION
[LOG 14:55:48.807] Config(EXPERIMENT_DEFINITION) Squad/Resources/ScienceDefs/EXPERIMENT_DEFINITION
[LOG 14:55:48.807] Config(STORY_DEF) Squad/Resources/StoryDefs/STORY_DEF
[LOG 14:55:48.807] Config(TechTree) Squad/Resources/TechTree/TechTree
[LOG 14:55:48.807] Config(INTERNAL) Squad/Spaces/crewCabinInternals/internal/crewCabinInternals
[LOG 14:55:48.807] Config(INTERNAL) Squad/Spaces/cupolaInternal/internal/cupolaInternal
[LOG 14:55:48.807] Config(INTERNAL) Squad/Spaces/GenericSpace1/internal/GenericSpace1
[LOG 14:55:48.807] Config(INTERNAL) Squad/Spaces/GenericSpace3/internal/GenericSpace3
[LOG 14:55:48.807] Config(INTERNAL) Squad/Spaces/landerCabinInternals/internal/landerCabinInternals
[LOG 14:55:48.807] Config(INTERNAL) Squad/Spaces/landerCabinSmallInternal/internal/landerCabinSmallInternal
[LOG 14:55:48.807] Config(INTERNAL) Squad/Spaces/LargeCrewedLabInternals/internal/Mobile_Processing_Lab_Int
[LOG 14:55:48.807] Config(INTERNAL) Squad/Spaces/Mk1-3/internal/Mk1-3
[LOG 14:55:48.807] Config(INTERNAL) Squad/Spaces/mk1CabinInternal/internal/mk1CabinInternal
[LOG 14:55:48.807] Config(INTERNAL) Squad/Spaces/mk1CockpitInternal/internal/mk1CockpitInternal
[LOG 14:55:48.807] Config(INTERNAL) Squad/Spaces/mk1InlineInternal/internal/mk1InlineInternal
[LOG 14:55:48.807] Config(INTERNAL) Squad/Spaces/mk1PodCockpit/internal/mk1PodCockpit
[LOG 14:55:48.807] Config(INTERNAL) Squad/Spaces/mk1pod_IVA/mk1pod_Internal/mk1pod_IVA
[LOG 14:55:48.807] Config(INTERNAL) Squad/Spaces/mk2CockpitStandardInternal/internal/mk2CockpitStandardInternals
[LOG 14:55:48.807] Config(INTERNAL) Squad/Spaces/Mk2CrewCabinInternal/internal_MK2_CrewCab/MK2_CrewCab_Int
[LOG 14:55:48.807] Config(INTERNAL) Squad/Spaces/mk2InlineInternal/internal/mk2InlineInternal
[LOG 14:55:48.807] Config(INTERNAL) Squad/Spaces/mk2LanderCanInternal/internal/mk2LanderCanInternal
[LOG 14:55:48.807] Config(INTERNAL) Squad/Spaces/MK3CockpitInternal/internal_MK3/MK3_Cockpit_Int
[LOG 14:55:48.808] Config(INTERNAL) Squad/Spaces/MK3_CrewCab_Int/internal_MK3_CrewCab/MK3_CrewCab_Int
[LOG 14:55:48.808] Config(INTERNAL) Squad/Spaces/Placeholder/internal/Placeholder
[LOG 14:55:48.808] Config(INTERNAL) Squad/Spaces/PodCockpit/internal/PodCockpit
[LOG 14:55:48.808] Config(STRATEGY_DEPARTMENT) Squad/Strategies/Departments/Finances
[LOG 14:55:48.808] Config(STRATEGY_DEPARTMENT) Squad/Strategies/Departments/Science
[LOG 14:55:48.808] Config(STRATEGY_DEPARTMENT) Squad/Strategies/Departments/Public Relations
[LOG 14:55:48.808] Config(STRATEGY_DEPARTMENT) Squad/Strategies/Departments/Operations
[LOG 14:55:48.808] Config(STRATEGY) Squad/Strategies/Strategies/AppreciationCampaignCfg
[LOG 14:55:48.808] Config(STRATEGY) Squad/Strategies/Strategies/FundraisingCampaignCfg
[LOG 14:55:48.808] Config(STRATEGY) Squad/Strategies/Strategies/OpenSourceTechProgramCfg
[LOG 14:55:48.808] Config(STRATEGY) Squad/Strategies/Strategies/UnpaidResearchProgramCfg
[LOG 14:55:48.808] Config(STRATEGY) Squad/Strategies/Strategies/OutsourcedResearchCfg
[LOG 14:55:48.808] Config(STRATEGY) Squad/Strategies/Strategies/PatentsLicensingCfg
[LOG 14:55:48.808] Config(STRATEGY) Squad/Strategies/Strategies/AgressiveNegotiations
[LOG 14:55:48.808] Config(STRATEGY) Squad/Strategies/Strategies/RecoveryTransponders
[LOG 14:55:48.808] Config(STRATEGY) Squad/Strategies/Strategies/BailoutGrant
[LOG 14:55:48.808] Config(STRATEGY) Squad/Strategies/Strategies/researchIPsellout
[LOG 14:55:48.808] Config(STRATEGY) Squad/Strategies/Strategies/LeadershipInitiative
[LOG 14:55:48.808] Config(TUTORIAL) Squad/Tutorials/FlightSuborbital/FlightSuborbital
[LOG 14:55:48.808] Config(TUTORIAL) Squad/Tutorials/FromMun/FromMun
[LOG 14:55:48.808] Config(TUTORIAL) Squad/Tutorials/GoForOrbit/GoForOrbit
[LOG 14:55:48.808] Config(MISSIONPACK) SquadExpansion/MakingHistory/Missions/MissionPacks/squad_MakingHistory
[LOG 14:55:48.808] Config(MISSIONPACK) SquadExpansion/MakingHistory/Missions/MissionPacks/squad_MakingHistory_Other
[LOG 14:55:48.809] Config(MISSIONPACK) SquadExpansion/MakingHistory/Missions/MissionPacks/squad_MakingHistory_Tutorial
[LOG 14:55:48.809] Config(MEBASICNODE) SquadExpansion/MakingHistory/Nodes/AccuracyLogic/TestAccuracyLogic
[LOG 14:55:48.809] Config(MEBASICNODE) SquadExpansion/MakingHistory/Nodes/ActionChancePartResourceLevels/ActionPartResourceAmount
[LOG 14:55:48.809] Config(MEBASICNODE) SquadExpansion/MakingHistory/Nodes/ActionExplode/ActionVesselExplode
[LOG 14:55:48.809] Config(MEBASICNODE) SquadExpansion/MakingHistory/Nodes/ActionMissionScore/MissionScore
[LOG 14:55:48.809] Config(MEBASICNODE) SquadExpansion/MakingHistory/Nodes/ActionModifierFunds/ModifyFunds
[LOG 14:55:48.809] Config(MEBASICNODE) SquadExpansion/MakingHistory/Nodes/ActionModifierScore/MissionScore
[LOG 14:55:48.809] Config(MEBASICNODE) SquadExpansion/MakingHistory/Nodes/ActionPartExplode/ActionPartExplode
[LOG 14:55:48.809] Config(MEBASICNODE) SquadExpansion/MakingHistory/Nodes/ActionPartResourceDrain/ActionPartResourceDrain
[LOG 14:55:48.809] Config(MEBASICNODE) SquadExpansion/MakingHistory/Nodes/ActionVesselActionGroup/ActionVesselActionGroup
[LOG 14:55:48.809] Config(MEBASICNODE) SquadExpansion/MakingHistory/Nodes/ActionVesselStage/ActionVesselStage
[LOG 14:55:48.809] Config(MEBASICNODE) SquadExpansion/MakingHistory/Nodes/CreateAsteroid/CreateAsteroid
[LOG 14:55:48.809] Config(MEBASICNODE) SquadExpansion/MakingHistory/Nodes/CreateComet/CreateComet
[LOG 14:55:48.809] Config(MEBASICNODE) SquadExpansion/MakingHistory/Nodes/CreateFlag/CreateFlag
[LOG 14:55:48.809] Config(MEBASICNODE) SquadExpansion/MakingHistory/Nodes/CreateLaunchSite/CreateLaunchSite
[LOG 14:55:48.809] Config(MEBASICNODE) SquadExpansion/MakingHistory/Nodes/CreateVessel/CreateVessel
[LOG 14:55:48.809] Config(MEBASICNODE) SquadExpansion/MakingHistory/Nodes/CrewAssignment/TestCrewAssignment
[LOG 14:55:48.809] Config(MEBASICNODE) SquadExpansion/MakingHistory/Nodes/Destroyed/Crashed
[LOG 14:55:48.809] Config(MEBASICNODE) SquadExpansion/MakingHistory/Nodes/DialogMessage/DialogMessage
[LOG 14:55:48.809] Config(MEBASICNODE) SquadExpansion/MakingHistory/Nodes/Distance/Distance
[LOG 14:55:48.809] Config(MEBASICNODE) SquadExpansion/MakingHistory/Nodes/EmptyFalse/EmptyFalse
[LOG 14:55:48.809] Config(MEBASICNODE) SquadExpansion/MakingHistory/Nodes/EmptyTrue/EmptyTrue
[LOG 14:55:48.809] Config(MEBASICNODE) SquadExpansion/MakingHistory/Nodes/EscapeSOI/SOILeft
[LOG 14:55:48.809] Config(MEBASICNODE) SquadExpansion/MakingHistory/Nodes/EVA/EVA
[LOG 14:55:48.809] Config(MEBASICNODE) SquadExpansion/MakingHistory/Nodes/Flying/Flying
[LOG 14:55:48.810] Config(MEBASICNODE) SquadExpansion/MakingHistory/Nodes/FundsRecovery/FundsRecovery
[LOG 14:55:48.810] Config(MEBASICNODE) SquadExpansion/MakingHistory/Nodes/KerbalBoarded/TestKerbalBoarded
[LOG 14:55:48.810] Config(MEBASICNODE) SquadExpansion/MakingHistory/Nodes/KerbalKilled/EVA
[LOG 14:55:48.810] Config(MEBASICNODE) SquadExpansion/MakingHistory/Nodes/KerbalRecovery/KerbalRecovery
[LOG 14:55:48.810] Config(MEBASICNODE) SquadExpansion/MakingHistory/Nodes/KerbalRescue/KerbalRescue
[LOG 14:55:48.810] Config(MEBASICNODE) SquadExpansion/MakingHistory/Nodes/Landed/Landed
[LOG 14:55:48.810] Config(MEBASICNODE) SquadExpansion/MakingHistory/Nodes/Message/Message
[LOG 14:55:48.810] Config(MEBASICNODE) SquadExpansion/MakingHistory/Nodes/MissionFunds/MissionFunds
[LOG 14:55:48.810] Config(MEBASICNODE) SquadExpansion/MakingHistory/Nodes/MissionScore/MissionScore
[LOG 14:55:48.810] Config(MEBASICNODE) SquadExpansion/MakingHistory/Nodes/Orbit/Orbit
[LOG 14:55:48.810] Config(MEBASICNODE) SquadExpansion/MakingHistory/Nodes/OrbitParams/OrbitParams
[LOG 14:55:48.810] Config(MEBASICNODE) SquadExpansion/MakingHistory/Nodes/PartDocking/TestPartDocking
[LOG 14:55:48.810] Config(MEBASICNODE) SquadExpansion/MakingHistory/Nodes/PartFailure/PartFailure
[LOG 14:55:48.810] Config(MEBASICNODE) SquadExpansion/MakingHistory/Nodes/PartGrapple/TestGrapple
[LOG 14:55:48.810] Config(MEBASICNODE) SquadExpansion/MakingHistory/Nodes/PartRepair/PartRepair
[LOG 14:55:48.810] Config(MEBASICNODE) SquadExpansion/MakingHistory/Nodes/PlaceKerbal/CreateKerbal
[LOG 14:55:48.810] Config(MEBASICNODE) SquadExpansion/MakingHistory/Nodes/PlantFlag/PlantFlag
[LOG 14:55:48.810] Config(MEBASICNODE) SquadExpansion/MakingHistory/Nodes/ReachSOI/ReachSOI
[LOG 14:55:48.810] Config(MEBASICNODE) SquadExpansion/MakingHistory/Nodes/Resource/ResourceAmount
[LOG 14:55:48.810] Config(MEBASICNODE) SquadExpansion/MakingHistory/Nodes/ResourceRecovery/TestResourcesRecovery
[LOG 14:55:48.810] Config(MEBASICNODE) SquadExpansion/MakingHistory/Nodes/ScienceExperiment/ScienceExperiment
[LOG 14:55:48.810] Config(MEBASICNODE) SquadExpansion/MakingHistory/Nodes/SetCamera/SetCamera
[LOG 14:55:48.810] Config(MEBASICNODE) SquadExpansion/MakingHistory/Nodes/SplashDown/SplashDown
[LOG 14:55:48.810] Config(MEBASICNODE) SquadExpansion/MakingHistory/Nodes/StageActivated/TestVesselStageActivated
[LOG 14:55:48.810] Config(MEBASICNODE) SquadExpansion/MakingHistory/Nodes/TakeKerbal/TestTakeKerbal
[LOG 14:55:48.811] Config(MEBASICNODE) SquadExpansion/MakingHistory/Nodes/TestFlyThrough/TestFlyThrough
[LOG 14:55:48.811] Config(MEBASICNODE) SquadExpansion/MakingHistory/Nodes/TestGoTo/TestGoTo
[LOG 14:55:48.811] Config(MEBASICNODE) SquadExpansion/MakingHistory/Nodes/TimeMET/TimeMET
[LOG 14:55:48.811] Config(MEBASICNODE) SquadExpansion/MakingHistory/Nodes/TimeOfMission/TimeOfMission
[LOG 14:55:48.811] Config(MEBASICNODE) SquadExpansion/MakingHistory/Nodes/TimeSinceNode/TestTimeSinceNode
[LOG 14:55:48.811] Config(MEBASICNODE) SquadExpansion/MakingHistory/Nodes/VesselActiveCount/TestVesselActiveCount
[LOG 14:55:48.811] Config(MEBASICNODE) SquadExpansion/MakingHistory/Nodes/VesselAltitudeGoal/VesselAltitudeGoal
[LOG 14:55:48.811] Config(MEBASICNODE) SquadExpansion/MakingHistory/Nodes/VesselCrewCount/VeselCrewCount
[LOG 14:55:48.811] Config(MEBASICNODE) SquadExpansion/MakingHistory/Nodes/VesselMassLogic/VesselMass
[LOG 14:55:48.811] Config(MEBASICNODE) SquadExpansion/MakingHistory/Nodes/VesselPartCount/PartCount
[LOG 14:55:48.811] Config(MEBASICNODE) SquadExpansion/MakingHistory/Nodes/VesselRecovery/TestVesselRecovery
[LOG 14:55:48.811] Config(MEBASICNODE) SquadExpansion/MakingHistory/Nodes/VesselStage/TestVesselStage
[LOG 14:55:48.811] Config(MEBASICNODE) SquadExpansion/MakingHistory/Nodes/VesselVelocity/VesselVelocity
[LOG 14:55:48.811] Config(PART) SquadExpansion/MakingHistory/Parts/Aero/protectiveRocketNoseMk16/rocketNoseCone_size4/rocketNoseConeSize4
[LOG 14:55:48.811] Config(PART) SquadExpansion/MakingHistory/Parts/Aero/protectiveRocketNoseMk5A/Size_1_5_Cone/Size_1_5_Cone
[LOG 14:55:48.811] Config(PART) SquadExpansion/MakingHistory/Parts/Coupling/Decoupler_1p5/Decoupler_1p5
[LOG 14:55:48.811] Config(PART) SquadExpansion/MakingHistory/Parts/Coupling/Decoupler_4/Decoupler_4
[LOG 14:55:48.811] Config(PART) SquadExpansion/MakingHistory/Parts/Coupling/EnginePlate_1p5/EnginePlate1p5
[LOG 14:55:48.811] Config(PART) SquadExpansion/MakingHistory/Parts/Coupling/EnginePlate_2/EnginePlate2
[LOG 14:55:48.811] Config(PART) SquadExpansion/MakingHistory/Parts/Coupling/EnginePlate_3/EnginePlate3
[LOG 14:55:48.811] Config(PART) SquadExpansion/MakingHistory/Parts/Coupling/EnginePlate_4/EnginePlate4
[LOG 14:55:48.811] Config(PART) SquadExpansion/MakingHistory/Parts/Coupling/EnginePlate_5/EnginePlate5
[LOG 14:55:48.811] Config(PART) SquadExpansion/MakingHistory/Parts/Coupling/InflatableAirlock/InflatableAirlock
[LOG 14:55:48.811] Config(PART) SquadExpansion/MakingHistory/Parts/Coupling/Separator_1p5/Separator_1p5
[LOG 14:55:48.811] Config(PART) SquadExpansion/MakingHistory/Parts/Coupling/Separator_4/Separator_4
[LOG 14:55:48.811] Config(PART) SquadExpansion/MakingHistory/Parts/Coupling/Size1p5_Strut_Decoupler/Size1p5_Strut_Decoupler
[LOG 14:55:48.811] Config(PART) SquadExpansion/MakingHistory/Parts/Engine/LiquidEngineKE-1/LiquidEngineKE-1
[LOG 14:55:48.812] Config(PART) SquadExpansion/MakingHistory/Parts/Engine/LiquidEngineLV-T91/LiquidEngineLV-T91
[LOG 14:55:48.812] Config(PART) SquadExpansion/MakingHistory/Parts/Engine/LiquidEngineLV-TX87/LiquidEngineLV-TX87
[LOG 14:55:48.812] Config(PART) SquadExpansion/MakingHistory/Parts/Engine/LiquidEngineRE-I2/LiquidEngineRE-I2
[LOG 14:55:48.812] Config(PART) SquadExpansion/MakingHistory/Parts/Engine/LiquidEngineRE-J10/LiquidEngineRE-J10
[LOG 14:55:48.812] Config(PART) SquadExpansion/MakingHistory/Parts/Engine/LiquidEngineRK-7/LiquidEngineRK-7
[LOG 14:55:48.812] Config(PART) SquadExpansion/MakingHistory/Parts/Engine/LiquidEngineRV-1/LiquidEngineRV-1
[LOG 14:55:48.812] Config(PART) SquadExpansion/MakingHistory/Parts/Engine/solidBoosterTHK/solidBoosterTHK/Pollux
[LOG 14:55:48.812] Config(PART) SquadExpansion/MakingHistory/Parts/FuelTank/MonoPropMini/monopropMiniSphere
[LOG 14:55:48.812] Config(PART) SquadExpansion/MakingHistory/Parts/FuelTank/Size1p5_Monoprop/Size1p5_Monoprop
[LOG 14:55:48.812] Config(PART) SquadExpansion/MakingHistory/Parts/FuelTank/Size1p5_Size0_Adapter_01/Size1p5_Size0_Adapter_01
[LOG 14:55:48.812] Config(PART) SquadExpansion/MakingHistory/Parts/FuelTank/Size1p5_Size1_Adapter_01/Size1p5_Size1_Adapter_01
[LOG 14:55:48.812] Config(PART) SquadExpansion/MakingHistory/Parts/FuelTank/Size1p5_Size1_Adapter_02/Size1p5_Size1_Adapter_02
[LOG 14:55:48.812] Config(PART) SquadExpansion/MakingHistory/Parts/FuelTank/Size1p5_Size2_Adapter_01/Size1p5_Size2_Adapter_01
[LOG 14:55:48.812] Config(PART) SquadExpansion/MakingHistory/Parts/FuelTank/Size1p5_Tank_01/Size1p5_Tank_01
[LOG 14:55:48.812] Config(PART) SquadExpansion/MakingHistory/Parts/FuelTank/Size1p5_Tank_02/Size1p5_Tank_02
[LOG 14:55:48.812] Config(PART) SquadExpansion/MakingHistory/Parts/FuelTank/Size1p5_Tank_03/Size1p5_Tank_03
[LOG 14:55:48.812] Config(PART) SquadExpansion/MakingHistory/Parts/FuelTank/Size1p5_Tank_04/Size1p5_Tank_04
[LOG 14:55:48.812] Config(PART) SquadExpansion/MakingHistory/Parts/FuelTank/Size1p5_Tank_05/Size1p5_Tank_05
[LOG 14:55:48.812] Config(PART) SquadExpansion/MakingHistory/Parts/FuelTank/Size3_Size4_Adapter_01/Size3_Size4_Adapter_01
[LOG 14:55:48.812] Config(PART) SquadExpansion/MakingHistory/Parts/FuelTank/Size4_EngineAdapter_01/Size4_EngineAdapter_01
[LOG 14:55:48.812] Config(PART) SquadExpansion/MakingHistory/Parts/FuelTank/Size4_Tank_01/Size4_Tank_01
[LOG 14:55:48.812] Config(PART) SquadExpansion/MakingHistory/Parts/FuelTank/Size4_Tank_02/Size4_Tank_02
[LOG 14:55:48.812] Config(PART) SquadExpansion/MakingHistory/Parts/FuelTank/Size4_Tank_03/Size4_Tank_03
[LOG 14:55:48.812] Config(PART) SquadExpansion/MakingHistory/Parts/FuelTank/Size4_Tank_04/Size4_Tank_04
[LOG 14:55:48.812] Config(PART) SquadExpansion/MakingHistory/Parts/Ground/RoverWheel/roverWheelM1-F
[LOG 14:55:48.812] Config(PART) SquadExpansion/MakingHistory/Parts/Payload/fairingSize1p5/fairingSize1p5
[LOG 14:55:48.813] Config(PART) SquadExpansion/MakingHistory/Parts/Payload/fairingSize4/fairingSize4
[LOG 14:55:48.813] Config(PART) SquadExpansion/MakingHistory/Parts/Payload/Size1to0ServiceModule/Size1to0ServiceModule
[LOG 14:55:48.813] Config(PART) SquadExpansion/MakingHistory/Parts/Payload/SM18/ServiceModule18
[LOG 14:55:48.813] Config(PART) SquadExpansion/MakingHistory/Parts/Payload/SM25/ServiceModule25
[LOG 14:55:48.813] Config(PART) SquadExpansion/MakingHistory/Parts/Pods/KV1Pod/kv1Pod
[LOG 14:55:48.813] Config(PART) SquadExpansion/MakingHistory/Parts/Pods/KV2Pod/kv2Pod
[LOG 14:55:48.813] Config(PART) SquadExpansion/MakingHistory/Parts/Pods/KV3Pod/kv3Pod
[LOG 14:55:48.813] Config(PART) SquadExpansion/MakingHistory/Parts/Pods/Mk2Pod/Mk2Pod
[LOG 14:55:48.813] Config(PART) SquadExpansion/MakingHistory/Parts/Pods/Size1_5_Lander/MEMLander
[LOG 14:55:48.813] Config(PART) SquadExpansion/MakingHistory/Parts/Prebuilt/kerbalEVAfemaleVintage/kerbalEVAfemaleVintage
[LOG 14:55:48.813] Config(PART) SquadExpansion/MakingHistory/Parts/Prebuilt/kerbalEVAVintage/kerbalEVAVintage
[LOG 14:55:48.813] Config(PART) SquadExpansion/MakingHistory/Parts/Structural/EquiTriangle0/EquiTriangle0
[LOG 14:55:48.813] Config(PART) SquadExpansion/MakingHistory/Parts/Structural/EquiTriangle1/EquiTriangle1
[LOG 14:55:48.813] Config(PART) SquadExpansion/MakingHistory/Parts/Structural/EquiTriangle1p5/EquiTriangle1p5
[LOG 14:55:48.813] Config(PART) SquadExpansion/MakingHistory/Parts/Structural/EquiTriangle2/EquiTriangle2
[LOG 14:55:48.813] Config(PART) SquadExpansion/MakingHistory/Parts/Structural/Panel0/Panel0
[LOG 14:55:48.813] Config(PART) SquadExpansion/MakingHistory/Parts/Structural/Panel1/Panel1
[LOG 14:55:48.813] Config(PART) SquadExpansion/MakingHistory/Parts/Structural/Panel1p5/Panel1p5
[LOG 14:55:48.813] Config(PART) SquadExpansion/MakingHistory/Parts/Structural/Panel2/Panel2
[LOG 14:55:48.813] Config(PART) SquadExpansion/MakingHistory/Parts/Structural/Triangle0/Triangle0
[LOG 14:55:48.813] Config(PART) SquadExpansion/MakingHistory/Parts/Structural/Triangle1/Triangle1
[LOG 14:55:48.813] Config(PART) SquadExpansion/MakingHistory/Parts/Structural/Triangle1p5/Triangle1p5
[LOG 14:55:48.813] Config(PART) SquadExpansion/MakingHistory/Parts/Structural/Triangle2/Triangle2
[LOG 14:55:48.813] Config(PART) SquadExpansion/MakingHistory/Parts/Structural/Tube1/Tube1
[LOG 14:55:48.813] Config(PART) SquadExpansion/MakingHistory/Parts/Structural/Tube1p5/Tube1p5
[LOG 14:55:48.813] Config(PART) SquadExpansion/MakingHistory/Parts/Structural/Tube2/Tube2
[LOG 14:55:48.814] Config(PART) SquadExpansion/MakingHistory/Parts/Structural/Tube3/Tube3
[LOG 14:55:48.814] Config(PART) SquadExpansion/MakingHistory/Parts/Structural/Tube4/Tube4
[LOG 14:55:48.814] Config(PART) SquadExpansion/MakingHistory/Parts/Thermal/HeatShield1p5/HeatShield1p5
[LOG 14:55:48.814] Config(PART) SquadExpansion/MakingHistory/Parts/Utility/flags/flagSize1p5/flagSize1p5/flagPartSize1p5
[LOG 14:55:48.814] Config(PART) SquadExpansion/MakingHistory/Parts/Utility/flags/flagSize4/flagSize4/flagPartSize4
[LOG 14:55:48.814] Config(INTERNAL) SquadExpansion/MakingHistory/Spaces/KVPods/Airlock_Internal/Airlock_IVA
[LOG 14:55:48.814] Config(INTERNAL) SquadExpansion/MakingHistory/Spaces/KVPods/KV1_Internal/KV1_IVA
[LOG 14:55:48.814] Config(INTERNAL) SquadExpansion/MakingHistory/Spaces/KVPods/KV2_Internal/KV2_IVA
[LOG 14:55:48.814] Config(INTERNAL) SquadExpansion/MakingHistory/Spaces/KVPods/KV3_Internal/KV3_IVA
[LOG 14:55:48.814] Config(INTERNAL) SquadExpansion/MakingHistory/Spaces/MEM/MEM_IVA/MEM_IVA
[LOG 14:55:48.814] Config(INTERNAL) SquadExpansion/MakingHistory/Spaces/Mk2Pod/Mk2Pod_Internal/MK2POD_IVA
[LOG 14:55:48.814] Config(Contracts) SquadExpansion/Serenity/Contracts/contracts/Contracts
[LOG 14:55:48.814] Config(EXPERIENCE_TRAIT) SquadExpansion/Serenity/Experience/Traits/Engineer
[LOG 14:55:48.814] Config(EXPERIENCE_TRAIT) SquadExpansion/Serenity/Experience/Traits/Scientist
[LOG 14:55:48.814] Config(Localization) SquadExpansion/Serenity/Localization/dictionary/Localization
[LOG 14:55:48.814] Config(PART) SquadExpansion/Serenity/Parts/Aero/FanShroud_01/FanShroud_01
[LOG 14:55:48.814] Config(PART) SquadExpansion/Serenity/Parts/Aero/FanShroud_02/FanShroud_02
[LOG 14:55:48.814] Config(PART) SquadExpansion/Serenity/Parts/Aero/FanShroud_03/FanShroud_03
[LOG 14:55:48.814] Config(PART) SquadExpansion/Serenity/Parts/Aero/noseconeTiny/noseconeTiny
[LOG 14:55:48.814] Config(PART) SquadExpansion/Serenity/Parts/Aero/noseconeVS/noseconeVS
[LOG 14:55:48.814] Config(PART) SquadExpansion/Serenity/Parts/DeployedScience/centralStation/DeployedCentralStation
[LOG 14:55:48.814] Config(PART) SquadExpansion/Serenity/Parts/DeployedScience/gooObservation/DeployedGoExOb
[LOG 14:55:48.814] Config(PART) SquadExpansion/Serenity/Parts/DeployedScience/ionCollector/DeployedIONExp
[LOG 14:55:48.814] Config(PART) SquadExpansion/Serenity/Parts/DeployedScience/rtg/DeployedRTG
[LOG 14:55:48.815] Config(PART) SquadExpansion/Serenity/Parts/DeployedScience/satDish/DeployedSatDish
[LOG 14:55:48.815] Config(PART) SquadExpansion/Serenity/Parts/DeployedScience/seismicSensor/DeployedSeismicSensor
[LOG 14:55:48.815] Config(PART) SquadExpansion/Serenity/Parts/DeployedScience/solarPanel/DeployedSolarPanel
[LOG 14:55:48.815] Config(PART) SquadExpansion/Serenity/Parts/DeployedScience/weatherStation/DeployedWeatherStn
[LOG 14:55:48.815] Config(PART) SquadExpansion/Serenity/Parts/Prebuilt/kerbalEVA/kerbalEVA
[LOG 14:55:48.815] Config(PART) SquadExpansion/Serenity/Parts/Prebuilt/kerbalEVAfemale/kerbalEVAfemale
[LOG 14:55:48.815] Config(PART) SquadExpansion/Serenity/Parts/Prebuilt/kerbalEVAfemaleFuture/kerbalEVAfemaleFuture
[LOG 14:55:48.815] Config(PART) SquadExpansion/Serenity/Parts/Prebuilt/kerbalEVAfemaleVintage/kerbalEVAfemaleVintage
[LOG 14:55:48.815] Config(PART) SquadExpansion/Serenity/Parts/Prebuilt/kerbalEVAFuture/kerbalEVAFuture
[LOG 14:55:48.815] Config(PART) SquadExpansion/Serenity/Parts/Prebuilt/kerbalEVASlimSuit/kerbalEVASlimSuit
[LOG 14:55:48.815] Config(PART) SquadExpansion/Serenity/Parts/Prebuilt/kerbalEVASlimSuitFemale/kerbalEVASlimSuitFemale
[LOG 14:55:48.815] Config(PART) SquadExpansion/Serenity/Parts/Prebuilt/kerbalEVAVintage/kerbalEVAVintage
[LOG 14:55:48.815] Config(PART) SquadExpansion/Serenity/Parts/Propellers/largeFanBlade/largeFanBlade
[LOG 14:55:48.815] Config(PART) SquadExpansion/Serenity/Parts/Propellers/largeHeliBlade/largeHeliBlade
[LOG 14:55:48.815] Config(PART) SquadExpansion/Serenity/Parts/Propellers/largePropeller/largePropeller
[LOG 14:55:48.815] Config(PART) SquadExpansion/Serenity/Parts/Propellers/mediumFanBlade/mediumFanBlade
[LOG 14:55:48.815] Config(PART) SquadExpansion/Serenity/Parts/Propellers/mediumHeliBlade/mediumHeliBlade
[LOG 14:55:48.815] Config(PART) SquadExpansion/Serenity/Parts/Propellers/mediumPropeller/mediumPropeller
[LOG 14:55:48.815] Config(PART) SquadExpansion/Serenity/Parts/Propellers/smallFanBlade/smallFanBlade
[LOG 14:55:48.815] Config(PART) SquadExpansion/Serenity/Parts/Propellers/smallHeliBlade/smallHeliBlade
[LOG 14:55:48.815] Config(PART) SquadExpansion/Serenity/Parts/Propellers/smallPropeller/smallPropeller
[LOG 14:55:48.815] Config(PART) SquadExpansion/Serenity/Parts/Robotics/hinge_01/hinge_01
[LOG 14:55:48.815] Config(PART) SquadExpansion/Serenity/Parts/Robotics/hinge_01_s/hinge_01_s
[LOG 14:55:48.815] Config(PART) SquadExpansion/Serenity/Parts/Robotics/hinge_03/hinge_03
[LOG 14:55:48.815] Config(PART) SquadExpansion/Serenity/Parts/Robotics/hinge_03_s/hinge_03_s
[LOG 14:55:48.815] Config(PART) SquadExpansion/Serenity/Parts/Robotics/hinge_04/hinge_04
[LOG 14:55:48.815] Config(PART) SquadExpansion/Serenity/Parts/Robotics/piston_01/piston_01
[LOG 14:55:48.816] Config(PART) SquadExpansion/Serenity/Parts/Robotics/piston_02/piston_02
[LOG 14:55:48.816] Config(PART) SquadExpansion/Serenity/Parts/Robotics/piston_03/piston_03
[LOG 14:55:48.816] Config(PART) SquadExpansion/Serenity/Parts/Robotics/piston_04/piston_04
[LOG 14:55:48.816] Config(PART) SquadExpansion/Serenity/Parts/Robotics/RotorEngine_02/RotorEngine_02
[LOG 14:55:48.816] Config(PART) SquadExpansion/Serenity/Parts/Robotics/RotorEngine_03/RotorEngine_03
[LOG 14:55:48.816] Config(PART) SquadExpansion/Serenity/Parts/Robotics/rotor_01/rotor_01
[LOG 14:55:48.816] Config(PART) SquadExpansion/Serenity/Parts/Robotics/rotor_01s/rotor_01s
[LOG 14:55:48.816] Config(PART) SquadExpansion/Serenity/Parts/Robotics/rotor_02/rotor_02
[LOG 14:55:48.816] Config(PART) SquadExpansion/Serenity/Parts/Robotics/rotor_02s/rotor_02s
[LOG 14:55:48.816] Config(PART) SquadExpansion/Serenity/Parts/Robotics/rotor_03/rotor_03
[LOG 14:55:48.816] Config(PART) SquadExpansion/Serenity/Parts/Robotics/rotor_03s/rotor_03s
[LOG 14:55:48.816] Config(PART) SquadExpansion/Serenity/Parts/Robotics/rotoServo_00/rotoServo_00
[LOG 14:55:48.816] Config(PART) SquadExpansion/Serenity/Parts/Robotics/rotoServo_02/rotoServo_02
[LOG 14:55:48.816] Config(PART) SquadExpansion/Serenity/Parts/Robotics/rotoServo_03/rotoServo_03
[LOG 14:55:48.816] Config(PART) SquadExpansion/Serenity/Parts/Robotics/rotoServo_04/rotoServo_04
[LOG 14:55:48.816] Config(PART) SquadExpansion/Serenity/Parts/Robotics/Controllers/KAL1000/controller1000
[LOG 14:55:48.816] Config(PART) SquadExpansion/Serenity/Parts/Science/RobotArmScanner/RobotArmScanner_S1/RobotArmScanner_S1
[LOG 14:55:48.816] Config(PART) SquadExpansion/Serenity/Parts/Science/RobotArmScanner/RobotArmScanner_S2/RobotArmScanner_S2
[LOG 14:55:48.816] Config(PART) SquadExpansion/Serenity/Parts/Science/RobotArmScanner/RobotArmScanner_S3/RobotArmScanner_S3
[LOG 14:55:48.816] Config(PART) SquadExpansion/Serenity/Parts/Structural/gripPads/lGripPad/lGripPad
[LOG 14:55:48.816] Config(PART) SquadExpansion/Serenity/Parts/Structural/gripPads/lGripStrip/lGripStrip
[LOG 14:55:48.816] Config(PART) SquadExpansion/Serenity/Parts/Structural/gripPads/mGripPad/mGripPad
[LOG 14:55:48.816] Config(PART) SquadExpansion/Serenity/Parts/Structural/gripPads/sGripPad/sGripPad
[LOG 14:55:48.816] Config(PART) SquadExpansion/Serenity/Parts/Structural/gripPads/sGripStrip/sGripStrip
[LOG 14:55:48.816] Config(DEPLOYEDSCIENCE) SquadExpansion/Serenity/Resources/DeployedScience/DEPLOYEDSCIENCE
[LOG 14:55:48.817] Config(PHYSICMATERIAL_DEFINITION) SquadExpansion/Serenity/Resources/PhysicsMaterials/MediumGrip
[LOG 14:55:48.817] Config(PHYSICMATERIAL_DEFINITION) SquadExpansion/Serenity/Resources/PhysicsMaterials/HighGrip
[LOG 14:55:48.817] Config(PHYSICMATERIAL_DEFINITION) SquadExpansion/Serenity/Resources/PhysicsMaterials/ExtremeGrip
[LOG 14:55:48.817] Config(PHYSICMATERIAL_DEFINITION) SquadExpansion/Serenity/Resources/PhysicsMaterials/LowGrip
[LOG 14:55:48.817] Config(PHYSICMATERIAL_DEFINITION) SquadExpansion/Serenity/Resources/PhysicsMaterials/Default
[LOG 14:55:48.817] Config(ROC_DEFINITION) SquadExpansion/Serenity/Resources/rocsdef/ROC_DEFINITION
[LOG 14:55:48.817] Config(ROC_DEFINITION) SquadExpansion/Serenity/Resources/rocsdef/ROC_DEFINITION
[LOG 14:55:48.817] Config(ROC_DEFINITION) SquadExpansion/Serenity/Resources/rocsdef/ROC_DEFINITION
[LOG 14:55:48.817] Config(ROC_DEFINITION) SquadExpansion/Serenity/Resources/rocsdef/ROC_DEFINITION
[LOG 14:55:48.817] Config(ROC_DEFINITION) SquadExpansion/Serenity/Resources/rocsdef/ROC_DEFINITION
[LOG 14:55:48.817] Config(ROC_DEFINITION) SquadExpansion/Serenity/Resources/rocsdef/ROC_DEFINITION
[LOG 14:55:48.817] Config(ROC_DEFINITION) SquadExpansion/Serenity/Resources/rocsdef/ROC_DEFINITION
[LOG 14:55:48.817] Config(ROC_DEFINITION) SquadExpansion/Serenity/Resources/rocsdef/ROC_DEFINITION
[LOG 14:55:48.817] Config(ROC_DEFINITION) SquadExpansion/Serenity/Resources/rocsdef/ROC_DEFINITION
[LOG 14:55:48.817] Config(ROC_DEFINITION) SquadExpansion/Serenity/Resources/rocsdef/ROC_DEFINITION
[LOG 14:55:48.817] Config(ROC_DEFINITION) SquadExpansion/Serenity/Resources/rocsdef/ROC_DEFINITION
[LOG 14:55:48.817] Config(ROC_DEFINITION) SquadExpansion/Serenity/Resources/rocsdef/ROC_DEFINITION
[LOG 14:55:48.817] Config(ROC_DEFINITION) SquadExpansion/Serenity/Resources/rocsdef/ROC_DEFINITION
[LOG 14:55:48.817] Config(ROC_DEFINITION) SquadExpansion/Serenity/Resources/rocsdef/ROC_DEFINITION
[LOG 14:55:48.817] Config(ROC_DEFINITION) SquadExpansion/Serenity/Resources/rocsdef/ROC_DEFINITION
[LOG 14:55:48.817] Config(ROC_DEFINITION) SquadExpansion/Serenity/Resources/rocsdef/ROC_DEFINITION
[LOG 14:55:48.817] Config(ROC_DEFINITION) SquadExpansion/Serenity/Resources/rocsdef/ROC_DEFINITION
[LOG 14:55:48.817] Config(ROC_DEFINITION) SquadExpansion/Serenity/Resources/rocsdef/ROC_DEFINITION
[LOG 14:55:48.817] Config(ROC_DEFINITION) SquadExpansion/Serenity/Resources/rocsdef/ROC_DEFINITION
[LOG 14:55:48.817] Config(ROC_DEFINITION) SquadExpansion/Serenity/Resources/rocsdef/ROC_DEFINITION
[LOG 14:55:48.817] Config(ROC_DEFINITION) SquadExpansion/Serenity/Resources/rocsdef/ROC_DEFINITION
[LOG 14:55:48.817] Config(ROC_DEFINITION) SquadExpansion/Serenity/Resources/rocsdef/ROC_DEFINITION
[LOG 14:55:48.817] Config(ROC_DEFINITION) SquadExpansion/Serenity/Resources/rocsdef/ROC_DEFINITION
[LOG 14:55:48.817] Config(ROC_DEFINITION) SquadExpansion/Serenity/Resources/rocsdef/ROC_DEFINITION
[LOG 14:55:48.818] Config(ROC_DEFINITION) SquadExpansion/Serenity/Resources/rocsdef/ROC_DEFINITION
[LOG 14:55:48.818] Config(ROC_DEFINITION) SquadExpansion/Serenity/Resources/rocsdef/ROC_DEFINITION
[LOG 14:55:48.818] Config(ROC_DEFINITION) SquadExpansion/Serenity/Resources/rocsdef/ROC_DEFINITION
[LOG 14:55:48.818] Config(ROC_DEFINITION) SquadExpansion/Serenity/Resources/rocsdef/ROC_DEFINITION
[LOG 14:55:48.818] Config(ROC_DEFINITION) SquadExpansion/Serenity/Resources/rocsdef/ROC_DEFINITION
[LOG 14:55:48.818] Config(ROC_DEFINITION) SquadExpansion/Serenity/Resources/rocsdef/ROC_DEFINITION
[LOG 14:55:48.818] Config(ROC_DEFINITION) SquadExpansion/Serenity/Resources/rocsdef/ROC_DEFINITION
[LOG 14:55:48.818] Config(ROC_DEFINITION) SquadExpansion/Serenity/Resources/rocsdef/ROC_DEFINITION
[LOG 14:55:48.818] Config(ROC_DEFINITION) SquadExpansion/Serenity/Resources/rocsdef/ROC_DEFINITION
[LOG 14:55:48.818] Config(ROC_DEFINITION) SquadExpansion/Serenity/Resources/rocsdef/ROC_DEFINITION
[LOG 14:55:48.818] Config(EXPERIMENT_DEFINITION) SquadExpansion/Serenity/Resources/ScienceDefs/EXPERIMENT_DEFINITION
[LOG 14:55:48.818] Config(EXPERIMENT_DEFINITION) SquadExpansion/Serenity/Resources/ScienceDefs/EXPERIMENT_DEFINITION
[LOG 14:55:48.818] Config(EXPERIMENT_DEFINITION) SquadExpansion/Serenity/Resources/ScienceDefs/EXPERIMENT_DEFINITION
[LOG 14:55:48.818] Config(EXPERIMENT_DEFINITION) SquadExpansion/Serenity/Resources/ScienceDefs/EXPERIMENT_DEFINITION
[LOG 14:55:48.818] Config(EXPERIMENT_DEFINITION) SquadExpansion/Serenity/Resources/ScienceDefs/EXPERIMENT_DEFINITION
[LOG 14:55:48.818] Config(EXPERIMENT_DEFINITION) SquadExpansion/Serenity/Resources/ScienceDefs/EXPERIMENT_DEFINITION
[LOG 14:55:48.818] Config(EXPERIMENT_DEFINITION) SquadExpansion/Serenity/Resources/ScienceDefs/EXPERIMENT_DEFINITION
[LOG 14:55:48.818] Config(EXPERIMENT_DEFINITION) SquadExpansion/Serenity/Resources/ScienceDefs/EXPERIMENT_DEFINITION
[LOG 14:55:48.818] Config(EXPERIMENT_DEFINITION) SquadExpansion/Serenity/Resources/ScienceDefs/EXPERIMENT_DEFINITION
[LOG 14:55:48.818] Config(EXPERIMENT_DEFINITION) SquadExpansion/Serenity/Resources/ScienceDefs/EXPERIMENT_DEFINITION
[LOG 14:55:48.818] Config(EXPERIMENT_DEFINITION) SquadExpansion/Serenity/Resources/ScienceDefs/EXPERIMENT_DEFINITION
[LOG 14:55:48.818] Config(EXPERIMENT_DEFINITION) SquadExpansion/Serenity/Resources/ScienceDefs/EXPERIMENT_DEFINITION
[LOG 14:55:48.818] Config(EXPERIMENT_DEFINITION) SquadExpansion/Serenity/Resources/ScienceDefs/EXPERIMENT_DEFINITION
[LOG 14:55:48.818] Config(EXPERIMENT_DEFINITION) SquadExpansion/Serenity/Resources/ScienceDefs/EXPERIMENT_DEFINITION
[LOG 14:55:48.818] Config(EXPERIMENT_DEFINITION) SquadExpansion/Serenity/Resources/ScienceDefs/EXPERIMENT_DEFINITION
[LOG 14:55:48.818] Config(EXPERIMENT_DEFINITION) SquadExpansion/Serenity/Resources/ScienceDefs/EXPERIMENT_DEFINITION
[LOG 14:55:48.818] Config(EXPERIMENT_DEFINITION) SquadExpansion/Serenity/Resources/ScienceDefs/EXPERIMENT_DEFINITION
[LOG 14:55:48.818] Config(EXPERIMENT_DEFINITION) SquadExpansion/Serenity/Resources/ScienceDefs/EXPERIMENT_DEFINITION
[LOG 14:55:48.818] Config(EXPERIMENT_DEFINITION) SquadExpansion/Serenity/Resources/ScienceDefs/EXPERIMENT_DEFINITION
[LOG 14:55:48.818] Config(EXPERIMENT_DEFINITION) SquadExpansion/Serenity/Resources/ScienceDefs/EXPERIMENT_DEFINITION
[LOG 14:55:48.819] Config(EXPERIMENT_DEFINITION) SquadExpansion/Serenity/Resources/ScienceDefs/EXPERIMENT_DEFINITION
[LOG 14:55:48.819] Config(EXPERIMENT_DEFINITION) SquadExpansion/Serenity/Resources/ScienceDefs/EXPERIMENT_DEFINITION
[LOG 14:55:48.819] Config(EXPERIMENT_DEFINITION) SquadExpansion/Serenity/Resources/ScienceDefs/EXPERIMENT_DEFINITION
[LOG 14:55:48.819] Config(EXPERIMENT_DEFINITION) SquadExpansion/Serenity/Resources/ScienceDefs/EXPERIMENT_DEFINITION
[LOG 14:55:48.819] Config(EXPERIMENT_DEFINITION) SquadExpansion/Serenity/Resources/ScienceDefs/EXPERIMENT_DEFINITION
[LOG 14:55:48.819] Config(EXPERIMENT_DEFINITION) SquadExpansion/Serenity/Resources/ScienceDefs/EXPERIMENT_DEFINITION
[LOG 14:55:48.819] Config(EXPERIMENT_DEFINITION) SquadExpansion/Serenity/Resources/ScienceDefs/EXPERIMENT_DEFINITION
[LOG 14:55:48.819] Config(EXPERIMENT_DEFINITION) SquadExpansion/Serenity/Resources/ScienceDefs/EXPERIMENT_DEFINITION
[LOG 14:55:48.819] Config(EXPERIMENT_DEFINITION) SquadExpansion/Serenity/Resources/ScienceDefs/EXPERIMENT_DEFINITION
[LOG 14:55:48.819] Config(EXPERIMENT_DEFINITION) SquadExpansion/Serenity/Resources/ScienceDefs/EXPERIMENT_DEFINITION
[LOG 14:55:48.819] Config(EXPERIMENT_DEFINITION) SquadExpansion/Serenity/Resources/ScienceDefs/EXPERIMENT_DEFINITION
[LOG 14:55:48.819] Config(EXPERIMENT_DEFINITION) SquadExpansion/Serenity/Resources/ScienceDefs/EXPERIMENT_DEFINITION
[LOG 14:55:48.819] Config(EXPERIMENT_DEFINITION) SquadExpansion/Serenity/Resources/ScienceDefs/EXPERIMENT_DEFINITION
[LOG 14:55:48.819] Config(EXPERIMENT_DEFINITION) SquadExpansion/Serenity/Resources/ScienceDefs/EXPERIMENT_DEFINITION
[LOG 14:55:48.819] Config(EXPERIMENT_DEFINITION) SquadExpansion/Serenity/Resources/ScienceDefs/EXPERIMENT_DEFINITION
[LOG 14:55:48.819] Config(EXPERIMENT_DEFINITION) SquadExpansion/Serenity/Resources/ScienceDefs/EXPERIMENT_DEFINITION
[LOG 14:55:48.819] Config(EXPERIMENT_DEFINITION) SquadExpansion/Serenity/Resources/ScienceDefs/EXPERIMENT_DEFINITION
[LOG 14:55:48.819] Config(EXPERIMENT_DEFINITION) SquadExpansion/Serenity/Resources/ScienceDefs/EXPERIMENT_DEFINITION
[LOG 14:55:48.819] Config(STORY_DEF) SquadExpansion/Serenity/Resources/StoryDefs/STORY_DEF
[LOG 14:55:48.819] Compiling Configs Completed.
[LOG 14:55:48.822] Resource LiquidFuel added to database
[LOG 14:55:48.822] Resource Oxidizer added to database
[LOG 14:55:48.822] Resource SolidFuel added to database
[LOG 14:55:48.822] Resource MonoPropellant added to database
[LOG 14:55:48.822] Resource XenonGas added to database
[LOG 14:55:48.822] Resource ElectricCharge added to database
[LOG 14:55:48.822] Resource IntakeAir added to database
[LOG 14:55:48.822] Resource EVA Propellant added to database
[LOG 14:55:48.823] Resource Ore added to database
[LOG 14:55:48.823] Resource Ablator added to database
[LOG 14:55:48.824] Resource MediumGrip added to database
[LOG 14:55:48.824] Resource HighGrip added to database
[LOG 14:55:48.824] Resource ExtremeGrip added to database
[LOG 14:55:48.824] Resource LowGrip added to database
[LOG 14:55:48.824] Resource Default added to database
[LOG 14:55:48.824] CodeAssetLoader: Compiling all code assets
[LOG 14:55:48.828] ExperienceSystemConfig: Added Effect 'DeployedSciencePowerSkill' to Trait 'Ingénieur'
[LOG 14:55:48.828] ExperienceSystemConfig: Added Effect 'DeployedScienceExpSkill' to Trait 'Scientifique'
[LOG 14:55:48.833] ConfigNode[]
[LOG 14:55:48.833] GameDatabase: Assets loaded in 7.022s
[LOG 14:55:48.835] [ModuleManager] Waited 0.000s for patching to finish
[LOG 14:55:48.835] [ModuleManager] Applying patched game database
[LOG 14:55:48.837] [ModuleManager] Dumping ModuleManager log to main log
[LOG 14:55:48.838] [ModuleManager] 
#### BEGIN MODULEMANAGER LOG ####


[LOG 14:55:42.971] Log started at 2026-09-21 14:55:42.971
[LOG 14:55:45.054] Checking Cache
[LOG 14:55:45.402] SHA generated in 0.344s
[LOG 14:55:45.402]       SHA = 81-44-30-31-39-06-B7-43-49-17-6B-90-D4-82-72-58-28-ED-7F-C8-DB-6D-09-2A-97-90-2A-45-42-B8-17-03
[LOG 14:55:45.429] Cache SHA = 75-F2-C3-3A-2F-B0-96-A0-93-0A-B9-3A-F3-A6-88-2E-D0-0F-FA-1F-29-F6-EF-63-52-A4-32-FE-DB-11-12-D0
[LOG 14:55:45.429] useCache = False
[LOG 14:55:45.430] Pre patch init
[LOG 14:55:45.640] compiling list of loaded mods...
Mod DLLs found:
  Name                                    Assembly Version         Assembly File Version    KSPAssembly Version      SHA256

  Assembly-CSharp                         0.0.0.0                  0.0.0.0                  1.12                     d9e42483f25ee80a9c11d6c1c0a0d29b4ec78c1e08d76c971b71580c9cce51e4
  ModuleManager                           4.2.3.0                  4.2.3.0                  2.5                      95847827ab293b9e82a19b7efb97ffea3e98cc03b181862536ac8eb572e30d7d
  0Harmony                                2.2.1.0                  2.2.1.0                                           19ce60ac3280f72ec1751d36a40cb7e2fece2934df8345969dc7feb83bd633e4
  HarmonyInstallChecker                   2.2.1.0                  2.2.1.0                  1.0                      f11e659e91a52c21c5bda78e52b82a7bdc246bcab6a999733af3c69a11a9dc0e
  0_MultipleModuleInPartAPI               1.0.0.0                  1.0.0.0                  1.0                      df4a22fb0535de7fa154ca234b50dd7c2fc6be879e4a877d9bad1f87bafafcbf
  KSPCommunityFixes                       1.41.0.0                 1.41.1.0                 1.41                     e08ebbec7ab34f4f7ff56d6e900051bb0d259a4bc092881d7db3ca2f9f2e9a11
  PQSBenchMod                             0.1.0.0                  0.1.0.0                                           e15b315b4eff294d5afcde177526559165cbbd3f87ff79b44e96d2af400f137a
  StockQuadCacheMod                       0.1.0.0                  0.1.0.0                                           b72346506d6e0bf62ed7758d7ce106baf6a0438844d44f9b73cdc7ee68dcd240
Non-DLL mods added (:FOR[xxx]):
Mods by directory (sub directories of GameData):
  000_Harmony
  Squad
  SquadExpansion
Mods added by assemblies:

[LOG 14:55:45.642] Loading Physics.cfg
[LOG 14:55:45.643] Extracting patches
[LOG 14:55:45.659] Deleting root node in file KSPCommunityFixes/MMPatches/ModSupport/FixDockingNodes node: @PART[*]:HAS[@MODULE[ModuleDockingNodeFixed]]:NEEDS[FixDockingNodes]:FINAL as it can't satisfy its NEEDS
[LOG 14:55:45.662] Deleting root node in file KSPCommunityFixes/MMPatches/ModSupport/KSPRecall node: @KSP_COMMUNITY_FIXES:NEEDS[AttachedOnEditor] as it can't satisfy its NEEDS
[LOG 14:55:45.662] Deleting root node in file KSPCommunityFixes/MMPatches/ModSupport/UniversalStorage node: @KSP_COMMUNITY_FIXES:NEEDS[UniversalStorage2] as it can't satisfy its NEEDS
[LOG 14:55:45.775] Applying patches
[LOG 14:55:45.776] :INSERT (initial) pass
[LOG 14:55:45.866] :FIRST pass
[LOG 14:55:45.871] Applying update KSPCommunityFixes/MMPatches/StockTweaks/LadderToggleableLight/@PART[telescopicLadderBay]:FIRST to Squad/Parts/Utility/ladderTelescopicBay/ladderTelescopicBay.cfg/PART[telescopicLadderBay]
[LOG 14:55:45.884] Applying update KSPCommunityFixes/MMPatches/StockTweaks/LadderToggleableLight/@PART[telescopicLadderBay]:HAS[#LadderToggleableLight[?rue]]:FIRST to Squad/Parts/Utility/ladderTelescopicBay/ladderTelescopicBay.cfg/PART[telescopicLadderBay]
[LOG 14:55:45.889] Applying update KSPCommunityFixes/MMPatches/StockTweaks/LadderToggleableLight/@PART[telescopicLadderBay]:HAS[#LadderToggleableLight]:FIRST to Squad/Parts/Utility/ladderTelescopicBay/ladderTelescopicBay.cfg/PART[telescopicLadderBay]
[LOG 14:55:45.898] Applying update KSPCommunityFixes/MMPatches/StockTweaks/LandingGearLights/@PART[GearSmall]:FIRST to Squad/Parts/Wheel/LandingGear/GearMedium.cfg/PART[GearSmall]
[LOG 14:55:45.903] Applying update KSPCommunityFixes/MMPatches/StockTweaks/LandingGearLights/@PART[SmallGearBay]:FIRST to Squad/Parts/Wheel/LandingGear/GearSmall.cfg/PART[SmallGearBay]
[LOG 14:55:45.903] :LEGACY (default) pass
[LOG 14:55:45.907] :BEFORE[0_MULTIPLEMODULEINPARTAPI] pass
[LOG 14:55:45.907] :FOR[0_MULTIPLEMODULEINPARTAPI] pass
[LOG 14:55:45.907] :AFTER[0_MULTIPLEMODULEINPARTAPI] pass
[LOG 14:55:45.907] :BEFORE[000_HARMONY] pass
[LOG 14:55:45.907] :FOR[000_HARMONY] pass
[LOG 14:55:45.907] :AFTER[000_HARMONY] pass
[LOG 14:55:45.907] :BEFORE[0HARMONY] pass
[LOG 14:55:45.907] :FOR[0HARMONY] pass
[LOG 14:55:45.907] :AFTER[0HARMONY] pass
[LOG 14:55:45.907] :BEFORE[ASSEMBLY-CSHARP] pass
[LOG 14:55:45.907] :FOR[ASSEMBLY-CSHARP] pass
[LOG 14:55:45.907] :AFTER[ASSEMBLY-CSHARP] pass
[LOG 14:55:45.907] :BEFORE[HARMONYINSTALLCHECKER] pass
[LOG 14:55:45.907] :FOR[HARMONYINSTALLCHECKER] pass
[LOG 14:55:45.907] :AFTER[HARMONYINSTALLCHECKER] pass
[LOG 14:55:45.907] :BEFORE[KSPCOMMUNITYFIXES] pass
[LOG 14:55:45.907] :FOR[KSPCOMMUNITYFIXES] pass
[LOG 14:55:45.907] Applying update KSPCommunityFixes/MMPatches/StockTweaks/ManufacturerFixes/@PART[sasModule]:FOR[KSPCommunityFixes] to Squad/Parts/Command/inlineReactionWheel/inlineReactionWheel.cfg/PART[sasModule]
[LOG 14:55:45.908] Applying update KSPCommunityFixes/MMPatches/StockTweaks/ManufacturerFixes/@PART[xenonTankRadial]:FOR[KSPCommunityFixes] to Squad/Parts/FuelTank/xenonTankRadial/xenonTankRadial.cfg/PART[xenonTankRadial]
[LOG 14:55:45.909] Applying update KSPCommunityFixes/MMPatches/StockTweaks/ManufacturerFixes/@PART[winglet|fireworksLauncherSmall|fireworksLauncherBig]:FOR[KSPCommunityFixes] to Squad/Parts/Aero/wingletAV-T1/wingletAV-T1.cfg/PART[winglet]
[LOG 14:55:45.911] Applying update KSPCommunityFixes/MMPatches/StockTweaks/ManufacturerFixes/@PART[winglet|fireworksLauncherSmall|fireworksLauncherBig]:FOR[KSPCommunityFixes] to Squad/Parts/Utility/Fireworks/fireworksLauncherBig.cfg/PART[fireworksLauncherBig]
[LOG 14:55:45.911] Applying update KSPCommunityFixes/MMPatches/StockTweaks/ManufacturerFixes/@PART[winglet|fireworksLauncherSmall|fireworksLauncherBig]:FOR[KSPCommunityFixes] to Squad/Parts/Utility/Fireworks/fireworksLauncherSmall.cfg/PART[fireworksLauncherSmall]
[LOG 14:55:45.912] Applying update KSPCommunityFixes/MMPatches/StockTweaks/ManufacturerFixes/@PART[solidBooster_sm_v2|solidBooster_v2]:FOR[KSPCommunityFixes] to Squad/Parts/Engine/Size1_SRBs/solidBoosterRT-10_v2.cfg/PART[solidBooster_v2]
[LOG 14:55:45.912] Applying update KSPCommunityFixes/MMPatches/StockTweaks/ManufacturerFixes/@PART[solidBooster_sm_v2|solidBooster_v2]:FOR[KSPCommunityFixes] to Squad/Parts/Engine/Size1_SRBs/solidBoosterRT-5_v2.cfg/PART[solidBooster_sm_v2]
[LOG 14:55:45.919] Applying update KSPCommunityFixes/MMPatches/StockTweaks/ManufacturerFixes/@PART[ServiceBay_125_v2|ServiceBay_250_v2]:FOR[KSPCommunityFixes] to Squad/Parts/Utility/ServiceBay_v2/ServiceBay_125_v2.cfg/PART[ServiceBay_125_v2]
[LOG 14:55:45.919] Applying update KSPCommunityFixes/MMPatches/StockTweaks/ManufacturerFixes/@PART[ServiceBay_125_v2|ServiceBay_250_v2]:FOR[KSPCommunityFixes] to Squad/Parts/Utility/ServiceBay_v2/ServiceBay_250_v2.cfg/PART[ServiceBay_250_v2]
[LOG 14:55:45.920] Applying update KSPCommunityFixes/MMPatches/StockTweaks/ManufacturerFixes/@PART[externalTankCapsule]:FOR[KSPCommunityFixes] to Squad/Parts/FuelTank/FoilTanks/RadialTank_Capsule.cfg/PART[externalTankCapsule]
[LOG 14:55:45.921] Applying update KSPCommunityFixes/MMPatches/StockTweaks/ManufacturerFixes/@PART[RCSFuelTank|rcsTankMini|RCSTank1-2]:FOR[KSPCommunityFixes] to Squad/Parts/FuelTank/RCSFuelTankR1/RCSFuelTankR1.cfg/PART[RCSTank1-2]
[LOG 14:55:45.921] Applying update KSPCommunityFixes/MMPatches/StockTweaks/ManufacturerFixes/@PART[RCSFuelTank|rcsTankMini|RCSTank1-2]:FOR[KSPCommunityFixes] to Squad/Parts/FuelTank/RCSFuelTankR10/RCSFuelTankR10.cfg/PART[rcsTankMini]
[LOG 14:55:45.921] Applying update KSPCommunityFixes/MMPatches/StockTweaks/ManufacturerFixes/@PART[RCSFuelTank|rcsTankMini|RCSTank1-2]:FOR[KSPCommunityFixes] to Squad/Parts/FuelTank/RCSFuelTankR25/RCSFuelTankR25.cfg/PART[RCSFuelTank]
[LOG 14:55:45.925] Applying update KSPCommunityFixes/MMPatches/StockTweaks/ManufacturerFixes/@PART[landerCabinSmall]:FOR[KSPCommunityFixes] to Squad/Parts/Command/mk1LanderCan/mk1LanderCan.cfg/PART[landerCabinSmall]
[LOG 14:55:45.927] Applying update KSPCommunityFixes/MMPatches/StockTweaks/ManufacturerFixes/@PART[dockingPortLateral]:FOR[KSPCommunityFixes] to Squad/Parts/Utility/dockingPortInline/dockingPortInline.cfg/PART[dockingPortLateral]
[LOG 14:55:45.930] Applying update KSPCommunityFixes/MMPatches/StockTweaks/ManufacturerFixes/@PART[EnginePlate4]:FOR[KSPCommunityFixes]:NEEDS[SquadExpansion/MakingHistory] to SquadExpansion/MakingHistory/Parts/Coupling/EnginePlate_4.cfg/PART[EnginePlate4]
[LOG 14:55:45.933] Applying update KSPCommunityFixes/MMPatches/StockTweaks/ManufacturerFixes/@PART[Mk2Pod]:FOR[KSPCommunityFixes]:NEEDS[SquadExpansion/MakingHistory] to SquadExpansion/MakingHistory/Parts/Pods/Mk2Pod.cfg/PART[Mk2Pod]
[LOG 14:55:45.935] Applying update KSPCommunityFixes/MMPatches/StockTweaks/ManufacturerFixes/@PART[evaChute|parachuteSingle|parachuteRadial|radialDrogue|parachuteLarge|parachuteDrogue]:FOR[KSPCommunityFixes] to Squad/Parts/Cargo/Parachute/Parachute.cfg/PART[evaChute]
[LOG 14:55:45.938] Applying update KSPCommunityFixes/MMPatches/StockTweaks/ManufacturerFixes/@PART[evaChute|parachuteSingle|parachuteRadial|radialDrogue|parachuteLarge|parachuteDrogue]:FOR[KSPCommunityFixes] to Squad/Parts/Utility/parachuteMk1/parachuteMk1.cfg/PART[parachuteSingle]
[LOG 14:55:45.938] Applying update KSPCommunityFixes/MMPatches/StockTweaks/ManufacturerFixes/@PART[evaChute|parachuteSingle|parachuteRadial|radialDrogue|parachuteLarge|parachuteDrogue]:FOR[KSPCommunityFixes] to Squad/Parts/Utility/parachuteMk12-R/parachuteMk12-R.cfg/PART[radialDrogue]
[LOG 14:55:45.939] Applying update KSPCommunityFixes/MMPatches/StockTweaks/ManufacturerFixes/@PART[evaChute|parachuteSingle|parachuteRadial|radialDrogue|parachuteLarge|parachuteDrogue]:FOR[KSPCommunityFixes] to Squad/Parts/Utility/parachuteMk16-XL/parachuteMk16-XL.cfg/PART[parachuteLarge]
[LOG 14:55:45.939] Applying update KSPCommunityFixes/MMPatches/StockTweaks/ManufacturerFixes/@PART[evaChute|parachuteSingle|parachuteRadial|radialDrogue|parachuteLarge|parachuteDrogue]:FOR[KSPCommunityFixes] to Squad/Parts/Utility/parachuteMk2-R/parachuteMk2-R.cfg/PART[parachuteRadial]
[LOG 14:55:45.939] Applying update KSPCommunityFixes/MMPatches/StockTweaks/ManufacturerFixes/@PART[evaChute|parachuteSingle|parachuteRadial|radialDrogue|parachuteLarge|parachuteDrogue]:FOR[KSPCommunityFixes] to Squad/Parts/Utility/parachuteMk25/parachuteMk25.cfg/PART[parachuteDrogue]
[LOG 14:55:45.952] Applying update KSPCommunityFixes/MMPatches/StockTweaks/ManufacturerFixes/@PART[stackPoint1|dockingPort1|dockingPort2|dockingPort3|dockingPortLarge]:FOR[KSPCommunityFixes] to Squad/Parts/Utility/dockingPort/dockingPort.cfg/PART[dockingPort2]
[LOG 14:55:45.952] Applying update KSPCommunityFixes/MMPatches/StockTweaks/ManufacturerFixes/@PART[stackPoint1|dockingPort1|dockingPort2|dockingPort3|dockingPortLarge]:FOR[KSPCommunityFixes] to Squad/Parts/Utility/dockingPortJr/dockingPortJr.cfg/PART[dockingPort3]
[LOG 14:55:45.952] Applying update KSPCommunityFixes/MMPatches/StockTweaks/ManufacturerFixes/@PART[stackPoint1|dockingPort1|dockingPort2|dockingPort3|dockingPortLarge]:FOR[KSPCommunityFixes] to Squad/Parts/Utility/dockingPortShielded/dockingPortShielded.cfg/PART[dockingPort1]
[LOG 14:55:45.952] Applying update KSPCommunityFixes/MMPatches/StockTweaks/ManufacturerFixes/@PART[stackPoint1|dockingPort1|dockingPort2|dockingPort3|dockingPortLarge]:FOR[KSPCommunityFixes] to Squad/Parts/Utility/dockingPortSr/dockingPortSr.cfg/PART[dockingPortLarge]
[LOG 14:55:45.952] Applying update KSPCommunityFixes/MMPatches/StockTweaks/ManufacturerFixes/@PART[stackPoint1|dockingPort1|dockingPort2|dockingPort3|dockingPortLarge]:FOR[KSPCommunityFixes] to Squad/Parts/Utility/radialAttachmentPoint/radialAttachmentPoint.cfg/PART[stackPoint1]
[LOG 14:55:45.971] :AFTER[KSPCOMMUNITYFIXES] pass
[LOG 14:55:45.971] :BEFORE[MODULEMANAGER] pass
[LOG 14:55:45.971] :FOR[MODULEMANAGER] pass
[LOG 14:55:45.971] :AFTER[MODULEMANAGER] pass
[LOG 14:55:45.971] :BEFORE[PQSBENCHMOD] pass
[LOG 14:55:45.971] :FOR[PQSBENCHMOD] pass
[LOG 14:55:45.971] :AFTER[PQSBENCHMOD] pass
[LOG 14:55:45.971] :BEFORE[SQUAD] pass
[LOG 14:55:45.971] :FOR[SQUAD] pass
[LOG 14:55:45.971] :AFTER[SQUAD] pass
[LOG 14:55:45.971] :BEFORE[SQUADEXPANSION] pass
[LOG 14:55:45.971] :FOR[SQUADEXPANSION] pass
[LOG 14:55:45.971] :AFTER[SQUADEXPANSION] pass
[LOG 14:55:45.971] :BEFORE[STOCKQUADCACHEMOD] pass
[LOG 14:55:45.971] :FOR[STOCKQUADCACHEMOD] pass
[LOG 14:55:45.971] :AFTER[STOCKQUADCACHEMOD] pass
[LOG 14:55:45.973] :LAST[999_KSP-RECALL] pass
[LOG 14:55:45.992] :FINAL pass
[LOG 14:55:45.992] Done patching
[LOG 14:55:45.992] Saving Cache
[LOG 14:55:46.086] Saving cache
[LOG 14:55:46.780] ModuleManager: 33 patches applied

[LOG 14:55:46.780] Ran in 1.725s
[LOG 14:55:46.825] Done!



#### END MODULEMANAGER LOG ####
[LOG 14:55:48.840] [ModuleManager] Running tests...
[LOG 14:55:48.840] [ModuleManager] tests complete.
[LOG 14:55:48.841] [ModuleManager] Reloading resources definitions
[LOG 14:55:48.841] Resource LiquidFuel added to database
[LOG 14:55:48.841] Resource Oxidizer added to database
[LOG 14:55:48.841] Resource SolidFuel added to database
[LOG 14:55:48.841] Resource MonoPropellant added to database
[LOG 14:55:48.841] Resource XenonGas added to database
[LOG 14:55:48.842] Resource ElectricCharge added to database
[LOG 14:55:48.842] Resource IntakeAir added to database
[LOG 14:55:48.842] Resource EVA Propellant added to database
[LOG 14:55:48.842] Resource Ore added to database
[LOG 14:55:48.842] Resource Ablator added to database
[LOG 14:55:48.842] [ModuleManager] Reloading Trait configs
[LOG 14:55:48.842] ExperienceSystemConfig: Added Effect 'DeployedSciencePowerSkill' to Trait 'Ingénieur'
[LOG 14:55:48.842] ExperienceSystemConfig: Added Effect 'DeployedScienceExpSkill' to Trait 'Scientifique'
[LOG 14:55:48.842] [ModuleManager] Reloading Part Upgrades
[LOG 14:55:48.843] [ModuleManager] Setting modded physics as the active one
[LOG 14:55:48.847] PhysicsGlobals: Loading database
[LOG 14:55:48.848] [ModuleManager] Running post patch callbacks
[LOG 14:55:48.867] [KSPCommunityFixes] Patch AutoStrutDrift applied.
[LOG 14:55:48.872] [KSPCommunityFixes] Patch EditorAnimatedPartsShipModified applied.
[LOG 14:55:48.878] [KSPCommunityFixes] Patch DragCubeLoadException applied.
[LOG 14:55:48.882] [KSPCommunityFixes] Patch DoubleCurvePreserveTangents applied.
[LOG 14:55:48.931] [KSPCommunityFixes] Patch DockingPortRotationDriftAndFixes applied.
[LOG 14:55:48.978] [KSPCommunityFixes] Patch DockingPortConserveMomentum applied.
[LOG 14:55:48.983] [KSPCommunityFixes] Patch DebugConsoleDontStealInput applied.
[LOG 14:55:48.987] [KSPCommunityFixes] Patch CorrectDragForFlags applied.
[LOG 14:55:48.989] [KSPCommunityFixes] Patch CometMiningNotRemovingMass applied.
[LOG 14:55:48.995] [KSPCommunityFixes] Patch ChutePhantomSymmetry applied.
[LOG 14:55:48.997] [KSPCommunityFixes] Patch CometSpawnerUniqueFlightId applied.
[LOG 14:55:48.999] [KSPCommunityFixes] Patch AsteroidSpawnerUniqueFlightId applied.
[LOG 14:55:49.000] [KSPCommunityFixes] Patch AsteroidInfiniteMining applied.
[LOG 14:55:49.013] [KSPCommunityFixes] Patch PersistentIConfigNode applied.
[LOG 14:55:49.013] [KSPCommunityFixes] Patch OnSymmetryFieldChanged not applied (not enabled in Settings.cfg)
[LOG 14:55:49.013] [KSPCommunityFixes] Patch ModUpgradePipeline not applied (not enabled in Settings.cfg)
[LOG 14:55:49.013] [KSPCommunityFixes] Patch KSPFieldEnumDesc not applied (not enabled in Settings.cfg)
[LOG 14:55:49.014] [KSPCommunityFixes] Patch EventProfilerMarkers not applied (not enabled in Settings.cfg)
[LOG 14:55:49.015] [KSPCommunityFixes] Patch DockingPortLockedEvents not applied (not enabled in Settings.cfg)
[LOG 14:55:49.017] [KSPCommunityFixes] Patch DepartmentHeadImage applied.
[LOG 14:55:49.029] [KSPCommunityFixes] Patch BaseFieldListUseFieldHost applied.
[LOG 14:55:49.058] [KSPCommunityFixes] Patch ResourceConverterPerf applied.
[LOG 14:55:49.067] [KSPCommunityFixes] Patch ProgressTrackingSpeedBoost applied.
[LOG 14:55:49.070] [KSPCommunityFixes] Patch PQSUpdateNoMemoryAlloc applied.
[LOG 14:55:49.070] [KSPCommunityFixes] Patch PQSOnlyStartOnce not applied (not enabled in Settings.cfg)
[LOG 14:55:49.081] [KSPCommunityFixes] Patch PQSCoroutineLeak applied.
[LOG 14:55:49.115] [KSPCommunityFixes] Patch PartSystemsFastUpdate applied.
[LOG 14:55:49.147] [KSPCommunityFixes] Patch PartParsingPerf applied.
[LOG 14:55:49.154] [KSPCommunityFixes] Patch EnginePlateAirstreamShieldedTopPart applied.
[LOG 14:55:49.165] [KSPCommunityFixes] Patch EVAConstructionMass applied.
[LOG 14:55:49.176] [KSPCommunityFixes] Patch EVAConstructionUninitializedInventory applied.
[LOG 14:55:49.185] [KSPCommunityFixes] Patch EVAKerbalRecovery applied.
[LOG 14:55:49.196] [KSPCommunityFixes] Patch TimeWarpOrbitShift applied.
[LOG 14:55:49.198] [KSPCommunityFixes] Patch TimeWarpBodyCollision applied.
[LOG 14:55:49.217] [KSPCommunityFixes] Patch ThumbnailSpotlight applied.
[LOG 14:55:49.222] [KSPCommunityFixes] Patch SymmetryReferenceOnDelete applied.
[LOG 14:55:49.222] [KSPCommunityFixes] Patch StrategyDuration not applied (not enabled in Settings.cfg)
[LOG 14:55:49.225] [KSPCommunityFixes] Patch StockAlarmDescPreserveLineBreak applied.
[LOG 14:55:49.253] [KSPCommunityFixes] Patch StickySplashedFixer applied.
[LOG 14:55:49.261] [KSPCommunityFixes] Patch ScatterDistribution applied.
[LOG 14:55:49.292] [KSPCommunityFixes] Patch RoboticsDrift applied.
[LOG 14:55:49.294] [KSPCommunityFixes] Patch RestoreMaxPhysicsDT applied.
[LOG 14:55:49.313] [KSPCommunityFixes] Patch RespawnDeadKerbals applied.
[LOG 14:55:49.318] [KSPCommunityFixes] Patch RescaledRoboticParts applied.
[LOG 14:55:49.321] [KSPCommunityFixes] Patch ReRootPreserveSurfaceAttach applied.
[LOG 14:55:49.343] [KSPCommunityFixes] Patch OptimizedModuleRaycasts applied.
[LOG 14:55:49.351] GetSubclassesOfParentClass: Found 1 types with ModuleInventoryPart parent in 8 assemblies.
[LOG 14:55:49.358] [KSPCommunityFixes] Patch RefundingOnRecovery applied.
[LOG 14:55:49.358] [KSPCommunityFixes] Patch PatchedConicEncounterFlickering applied.
[LOG 14:55:49.371] [KSPCommunityFixes] Patch PartListTooltipIconSpin applied.
[LOG 14:55:49.375] [KSPCommunityFixes] Patch PackedPartsRotation applied.
[LOG 14:55:49.389] [KSPCommunityFixes] Patch ModulePartVariantsNodePersistence applied.
[LOG 14:55:49.392] [KSPCommunityFixes] Patch ModuleAnimateGenericCrewModSpawnIVA applied.
[LOG 14:55:49.394] [KSPCommunityFixes] Patch ModuleActiveRadiatorNoParentException applied.
[LOG 14:55:49.397] [KSPCommunityFixes] Patch MapTargetBodyWithEncounter applied.
[LOG 14:55:49.400] [KSPCommunityFixes] Patch LostSoundAfterSceneSwitch applied.
[LOG 14:55:49.408] [KSPCommunityFixes] Patch LadderToggleableLight applied.
[LOG 14:55:49.424] [KSPCommunityFixes] Patch InventoryPartMass applied.
[LOG 14:55:49.431] [KSPCommunityFixes] Patch HarvesterECConsumption applied.
[LOG 14:55:49.433] [KSPCommunityFixes] Patch FixGetUnivseralTime applied.
[LOG 14:55:49.447] [KSPCommunityFixes] Patch ExtendedDeployableParts applied.
[LOG 14:55:49.450] [KSPCommunityFixes] Patch PropellantFlowDescription applied.
[LOG 14:55:49.489] [KSPCommunityFixes] Patch OptimisedVectorLines applied.
[LOG 14:55:49.497] [KSPCommunityFixes] Patch ModuleDockingNodeFindOtherNodesFaster applied.
[LOG 14:55:49.502] [KSPCommunityFixes] Patch ModuleColorChangerOptimization applied.
[LOG 14:55:49.508] [KSPCommunityFixes] Patch AutoSavedCraftNameAtLaunch applied.
[LOG 14:55:49.534] [KSPCommunityFixes] Patch PAWCollapsedInventories applied.
[LOG 14:55:49.538] [KSPCommunityFixes] Patch UIFloatEditNumericInput applied.
[LOG 14:55:49.567] [KSPCommunityFixes] Patch PAWStockGroups applied.
[LOG 14:55:49.578] [KSPCommunityFixes] Patch AltimeterHorizontalPosition applied.
[LOG 14:55:49.587] [KSPCommunityFixes] Patch SceneLoadSpeedBoost applied.
[LOG 14:55:49.632] [KSPCommunityFixes] Patch OnDemandPartBuoyancy applied.
[LOG 14:55:49.633] [KSPCommunityFixes] Patch ForceSyncSceneSwitch applied.
[LOG 14:55:49.634] [KSPCommunityFixes] Patch FewerSaves not applied (not enabled in Settings.cfg)
[LOG 14:55:49.635] [KSPCommunityFixes] Patch WheelInertiaLimit applied.
[LOG 14:55:49.635] [KSPCommunityFixes] Patch StockAlarmCustomFormatterDate isn't applicable to this KSP version.
[LOG 14:55:49.643] [KSPCommunityFixes] Patch ROCValidationOOR applied.
[LOG 14:55:49.648] [KSPCommunityFixes] Patch ZeroCostTechNodes applied.
[LOG 14:55:49.649] [KSPCommunityFixes] Patch ReactionWheelsPotentialTorque applied.
[LOG 14:55:49.655] [KSPCommunityFixes] Patch PAWGroupMemory applied.
[LOG 14:55:49.700] [KSPCommunityFixes] Patch PartStartStability applied.
[LOG 14:55:49.708] [KSPCommunityFixes] Patch PartBoundsIgnoreDisabledTransforms applied.
[LOG 14:55:49.773] [KSPCommunityFixes] Patch ModuleIndexingMismatch applied.
[LOG 14:55:49.778] [KSPCommunityFixes] Patch MapSOCorrectWrapping applied.
[LOG 14:55:49.779] [KSPCommunityFixes] Patch KerbalTooltipMaxSustainedG applied.
[LOG 14:55:49.782] [KSPCommunityFixes] Patch KerbalInventoryPersistence applied.
[LOG 14:55:49.782] [KSPCommunityFixes] Patch FlightSceneLoadKraken not applied (not enabled in Settings.cfg)
[LOG 14:55:49.785] [KSPCommunityFixes] Patch FIUpdateRadiation applied.
[LOG 14:55:49.788] [KSPCommunityFixes] Patch FastAndFixedEnumExtensions applied.
[LOG 14:55:49.831] [KSPCommunityFixes] Patch DeltaVHideWhenDisabled applied.
[LOG 14:55:49.837] [KSPCommunityFixes] Patch BlockMapViewPartClick applied.
[LOG 14:55:49.841] [KSPCommunityFixes] Patch PAWItemsOrder applied.
[LOG 14:55:49.902] [KSPCommunityFixes] Patch BetterEditorUndoRedo applied.
[LOG 14:55:49.916] [KSPCommunityFixes] Patch AutostrutActions applied.
[LOG 14:55:49.916] [KSPCommunityFixes] Patch DisableNewGameIntro not applied (not enabled in Settings.cfg)
[LOG 14:55:49.952] [KSPCommunityFixes] Patch MinorPerfTweaks applied.
[LOG 14:55:50.054] [KSPCommunityFixes] Patch MemoryLeaks applied.
[LOG 14:55:50.062] [KSPCommunityFixes] Patch LowerMinPhysicsDTPerFrame applied.
[LOG 14:55:50.067] [KSPCommunityFixes] Patch LocalizerPerf applied.
[LOG 14:55:50.069] [KSPCommunityFixes] Patch IMGUIOptimization applied.
[LOG 14:55:50.089] [KSPCommunityFixes] Patch FloatingOriginPerf applied.
[LOG 14:55:50.154] [KSPCommunityFixes] Patch FlightIntegratorPerf applied.
[LOG 14:55:50.160] [KSPCommunityFixes] Patch FasterPartFindTransform applied.
[LOG 14:55:50.175] [KSPCommunityFixes] Patch FasterEditorPartList applied.
[LOG 14:55:50.177] [KSPCommunityFixes] Patch ExpansionBundlePreload applied.
[LOG 14:55:50.190] [KSPCommunityFixes] Patch DragCubeGeneration applied.
[LOG 14:55:50.194] [KSPCommunityFixes] Patch DisableMapUpdateInFlight applied.
[LOG 14:55:50.195] [KSPCommunityFixes] Patch DisableHiddenPortraits applied.
[LOG 14:55:50.197] [KSPCommunityFixes] Patch DisableManeuverTool applied.
[LOG 14:55:50.220] [KSPCommunityFixes] Patch CraftBrowserOptimisations applied.
[LOG 14:55:50.223] [KSPCommunityFixes] Patch CommNetThrottling applied.
[LOG 14:55:50.228] [KSPCommunityFixes] Patch FairingMouseOverPersistence applied.
[LOG 14:55:50.247] [KSPCommunityFixes] Patch OptionalMakingHistoryDLCFeatures applied.
[LOG 14:55:50.250] [KSPCommunityFixes] Patch ResourceLockActions applied.
[LOG 14:55:50.258] [KSPCommunityFixes] Patch ShowContractFinishDates applied.
[LOG 14:55:50.268] [KSPCommunityFixes] Patch TargetParentBody applied.
[LOG 14:55:50.293] [KSPCommunityFixes] Patch ToolbarShowHide applied.
[LOG 14:55:50.296] [KSPCommunityFixes] Patch ContractProgressEnumCache applied.
[LOG 14:55:50.321] [KSPCommunityFixes] Patch ActiveRadiatorPerf applied.
[LOG 14:55:50.327] [KSPCommunityFixes] Patch CargoBayPerf applied.
[LOG 14:55:50.337] [KSPCommunityFixes] Patch CollisionEnhancerFastUpdate applied.
[LOG 14:55:50.342] [KSPCommunityFixes] Patch CollisionManagerFastUpdate applied.
[LOG 14:55:50.348] [KSPCommunityFixes] Patch AsteroidAndCometDrillCache applied.
[LOG 14:55:50.362] [KSPCommunityFixes] Patch TweakableWheelsAutostrut applied.
[LOG 14:55:50.395] [KSPCommunityFixes] Patch PatchSettings applied.
[LOG 14:55:50.447] [KSPCommunityFixes] Patch UpgradeBugs applied.
[LOG 14:55:50.447] [KSPCommunityFixes] Patch PartTooltipUpgradesApplyToSubstituteParts not applied (not enabled in Settings.cfg)
[LOG 14:55:50.526] [ModuleManager] Calling ConfigNodePerf.ModuleManagerPostLoad()
[LOG 14:55:50.528] [ModuleManager] Post patch ran in 1.693s
[LOG 14:55:50.552] PartLoader: Creating part database
[LOG 14:55:50.553] PartLoader: Compiling Part 'Squad/Parts/Aero/aerodynamicNoseCone/aerodynamicNoseCone/noseCone'
[LOG 14:55:50.576] EffectList: Created 15 effect types
[LOG 14:55:50.676] PartLoader: Part 'Squad/Parts/Aero/aerodynamicNoseCone/aerodynamicNoseCone/noseCone' has no database record. Creating.
[LOG 14:55:50.676] [DragCubeSystem]: Drag cubes not found or cannot be read for part Part. Generating New drag cubes.
[LOG 14:55:50.677] [KSPCF/DragCubeGeneration] Creating drag cubes for part 'noseCone'
[LOG 14:55:50.726] PartLoader: Compiling Part 'Squad/Parts/Aero/airbrake/Airbrake/airbrake1'
[LOG 14:55:50.769] PartLoader: Part 'Squad/Parts/Aero/airbrake/Airbrake/airbrake1' has no database record. Creating.
[LOG 14:55:50.769] [DragCubeSystem]: Drag cubes not found or cannot be read for part Part. Generating New drag cubes.
[LOG 14:55:50.770] [KSPCF/DragCubeGeneration] Creating drag cubes for part 'airbrake1'
[LOG 14:55:50.810] PartLoader: Compiling Part 'Squad/Parts/Aero/airIntakeRadialXM-G50/airIntakeRadialXM-G50/airScoop'
[LOG 14:55:50.825] PartLoader: Part 'Squad/Parts/Aero/airIntakeRadialXM-G50/airIntakeRadialXM-G50/airScoop' has no database record. Creating.
[LOG 14:55:50.825] [DragCubeSystem]: Drag cubes not found or cannot be read for part Part. Generating New drag cubes.
[LOG 14:55:50.825] [KSPCF/DragCubeGeneration] Creating drag cubes for part 'airScoop'
[LOG 14:55:50.839] PartLoader: Compiling Part 'Squad/Parts/Aero/airlinerWings/ControlSurface/airlinerCtrlSrf'
[LOG 14:55:50.858] PartLoader: Part 'Squad/Parts/Aero/airlinerWings/ControlSurface/airlinerCtrlSrf' has no database record. Creating.
[LOG 14:55:50.858] [DragCubeSystem]: Drag cubes not found or cannot be read for part Part. Generating New drag cubes.
[LOG 14:55:50.858] [KSPCF/DragCubeGeneration] Creating drag cubes for part 'airlinerCtrlSrf'
[LOG 14:55:50.888] PartLoader: Compiling Part 'Squad/Parts/Aero/airlinerWings/MainWing/airlinerMainWing'
[LOG 14:55:50.898] PartLoader: Part 'Squad/Parts/Aero/airlinerWings/MainWing/airlinerMainWing' has no database record. Creating.
[LOG 14:55:50.898] [DragCubeSystem]: Drag cubes not found or cannot be read for part Part. Generating New drag cubes.
[LOG 14:55:50.898] [KSPCF/DragCubeGeneration] Creating drag cubes for part 'airlinerMainWing'
[LOG 14:55:50.904] PartLoader: Compiling Part 'Squad/Parts/Aero/airlinerWings/TailFin/airlinerTailFin'
[LOG 14:55:50.920] PartLoader: Part 'Squad/Parts/Aero/airlinerWings/TailFin/airlinerTailFin' has no database record. Creating.
[LOG 14:55:50.920] [DragCubeSystem]: Drag cubes not found or cannot be read for part Part. Generating New drag cubes.
[LOG 14:55:50.920] [KSPCF/DragCubeGeneration] Creating drag cubes for part 'airlinerTailFin'
[LOG 14:55:50.949] PartLoader: Compiling Part 'Squad/Parts/Aero/airplaneFins/advancedCanard/AdvancedCanard'
[LOG 14:55:50.956] PartLoader: Part 'Squad/Parts/Aero/airplaneFins/advancedCanard/AdvancedCanard' has no database record. Creating.
[LOG 14:55:50.956] [DragCubeSystem]: Drag cubes not found or cannot be read for part Part. Generating New drag cubes.
[LOG 14:55:50.956] [KSPCF/DragCubeGeneration] Creating drag cubes for part 'AdvancedCanard'
[LOG 14:55:50.990] PartLoader: Compiling Part 'Squad/Parts/Aero/airplaneFins/standardCanard/CanardController'
[LOG 14:55:50.996] PartLoader: Part 'Squad/Parts/Aero/airplaneFins/standardCanard/CanardController' has no database record. Creating.
[LOG 14:55:50.996] [DragCubeSystem]: Drag cubes not found or cannot be read for part Part. Generating New drag cubes.
[LOG 14:55:50.996] [KSPCF/DragCubeGeneration] Creating drag cubes for part 'CanardController'
[LOG 14:55:51.016] PartLoader: Compiling Part 'Squad/Parts/Aero/airplaneFins/sweptWing/sweptWing'
[LOG 14:55:51.020] PartLoader: Part 'Squad/Parts/Aero/airplaneFins/sweptWing/sweptWing' has no database record. Creating.
[LOG 14:55:51.020] [DragCubeSystem]: Drag cubes not found or cannot be read for part Part. Generating New drag cubes.
[LOG 14:55:51.020] [KSPCF/DragCubeGeneration] Creating drag cubes for part 'sweptWing'
[LOG 14:55:51.025] PartLoader: Compiling Part 'Squad/Parts/Aero/airplaneFins/tailfin/tailfin'
[LOG 14:55:51.029] PartLoader: Part 'Squad/Parts/Aero/airplaneFins/tailfin/tailfin' has no database record. Creating.
[LOG 14:55:51.029] [DragCubeSystem]: Drag cubes not found or cannot be read for part Part. Generating New drag cubes.
[LOG 14:55:51.029] [KSPCF/DragCubeGeneration] Creating drag cubes for part 'tailfin'
[LOG 14:55:51.047] PartLoader: Compiling Part 'Squad/Parts/Aero/basicFin/basicFin/basicFin'
[LOG 14:55:51.051] PartLoader: Part 'Squad/Parts/Aero/basicFin/basicFin/basicFin' has no database record. Creating.
[LOG 14:55:51.051] [DragCubeSystem]: Drag cubes not found or cannot be read for part Part. Generating New drag cubes.
[LOG 14:55:51.051] [KSPCF/DragCubeGeneration] Creating drag cubes for part 'basicFin'
[LOG 14:55:51.056] PartLoader: Compiling Part 'Squad/Parts/Aero/circularIntake/circularIntake/CircularIntake'
[LOG 14:55:51.066] PartLoader: Part 'Squad/Parts/Aero/circularIntake/circularIntake/CircularIntake' has no database record. Creating.
[LOG 14:55:51.067] PartLoader: Compiling Part 'Squad/Parts/Aero/circularIntake/intakeShockCone/shockConeIntake'
[LOG 14:55:51.070] PartLoader: Part 'Squad/Parts/Aero/circularIntake/intakeShockCone/shockConeIntake' has no database record. Creating.
[LOG 14:55:51.071] PartLoader: Compiling Part 'Squad/Parts/Aero/cones/avionicsNoseCone/avionicsNoseCone'
[LOG 14:55:51.083] PartLoader: Part 'Squad/Parts/Aero/cones/avionicsNoseCone/avionicsNoseCone' has no database record. Creating.
[LOG 14:55:51.084] [DragCubeSystem]: Drag cubes not found or cannot be read for part Part. Generating New drag cubes.
[LOG 14:55:51.084] [KSPCF/DragCubeGeneration] Creating drag cubes for part 'avionicsNoseCone'
[LOG 14:55:51.092] PartLoader: Compiling Part 'Squad/Parts/Aero/cones/ConeA/pointyNoseConeA'
[LOG 14:55:51.096] PartLoader: Part 'Squad/Parts/Aero/cones/ConeA/pointyNoseConeA' has no database record. Creating.
[LOG 14:55:51.096] [DragCubeSystem]: Drag cubes not found or cannot be read for part Part. Generating New drag cubes.
[LOG 14:55:51.096] [KSPCF/DragCubeGeneration] Creating drag cubes for part 'pointyNoseConeA'
[LOG 14:55:51.101] PartLoader: Compiling Part 'Squad/Parts/Aero/cones/ConeB/pointyNoseConeB'
[LOG 14:55:51.106] PartLoader: Part 'Squad/Parts/Aero/cones/ConeB/pointyNoseConeB' has no database record. Creating.
[LOG 14:55:51.106] [DragCubeSystem]: Drag cubes not found or cannot be read for part Part. Generating New drag cubes.
[LOG 14:55:51.106] [KSPCF/DragCubeGeneration] Creating drag cubes for part 'pointyNoseConeB'
[LOG 14:55:51.111] PartLoader: Compiling Part 'Squad/Parts/Aero/cones/noseConeAdapter/noseConeAdapter'
[LOG 14:55:51.116] PartLoader: Part 'Squad/Parts/Aero/cones/noseConeAdapter/noseConeAdapter' has no database record. Creating.
[LOG 14:55:51.116] [DragCubeSystem]: Drag cubes not found or cannot be read for part Part. Generating New drag cubes.
[LOG 14:55:51.116] [KSPCF/DragCubeGeneration] Creating drag cubes for part 'noseConeAdapter'
[LOG 14:55:51.122] PartLoader: Compiling Part 'Squad/Parts/Aero/cones/protectiveRocketNoseMk7_v2/rocketNoseCone_v2'
[LOG 14:55:51.127] PartLoader: Part 'Squad/Parts/Aero/cones/protectiveRocketNoseMk7_v2/rocketNoseCone_v2' has no database record. Creating.
[LOG 14:55:51.127] [DragCubeSystem]: Drag cubes not found or cannot be read for part Part. Generating New drag cubes.
[LOG 14:55:51.127] [KSPCF/DragCubeGeneration] Creating drag cubes for part 'rocketNoseCone.v2'
[LOG 14:55:51.133] PartLoader: Compiling Part 'Squad/Parts/Aero/cones/protectiveRocketNoseMk7_v3/rocketNoseCone_v3'
[LOG 14:55:51.138] PartLoader: Part 'Squad/Parts/Aero/cones/protectiveRocketNoseMk7_v3/rocketNoseCone_v3' has no database record. Creating.
[LOG 14:55:51.138] [DragCubeSystem]: Drag cubes not found or cannot be read for part Part. Generating New drag cubes.
[LOG 14:55:51.138] [KSPCF/DragCubeGeneration] Creating drag cubes for part 'rocketNoseCone.v3'
[LOG 14:55:51.143] PartLoader: Compiling Part 'Squad/Parts/Aero/cones/rocketNoseCone_size3/rocketNoseConeSize3'
[LOG 14:55:51.148] PartLoader: Part 'Squad/Parts/Aero/cones/rocketNoseCone_size3/rocketNoseConeSize3' has no database record. Creating.
[LOG 14:55:51.148] [DragCubeSystem]: Drag cubes not found or cannot be read for part Part. Generating New drag cubes.
[LOG 14:55:51.148] [KSPCF/DragCubeGeneration] Creating drag cubes for part 'rocketNoseConeSize3'
[LOG 14:55:51.155] PartLoader: Compiling Part 'Squad/Parts/Aero/cones/smallNoseCone/standardNoseCone'
[LOG 14:55:51.157] PartLoader: Part 'Squad/Parts/Aero/cones/smallNoseCone/standardNoseCone' has no database record. Creating.
[LOG 14:55:51.158] [DragCubeSystem]: Drag cubes not found or cannot be read for part Part. Generating New drag cubes.
[LOG 14:55:51.158] [KSPCF/DragCubeGeneration] Creating drag cubes for part 'standardNoseCone'
[LOG 14:55:51.163] PartLoader: Compiling Part 'Squad/Parts/Aero/cones/tailConnectorA/airplaneTail'
[LOG 14:55:51.168] PartLoader: Part 'Squad/Parts/Aero/cones/tailConnectorA/airplaneTail' has no database record. Creating.
[LOG 14:55:51.168] [DragCubeSystem]: Drag cubes not found or cannot be read for part Part. Generating New drag cubes.
[LOG 14:55:51.168] [KSPCF/DragCubeGeneration] Creating drag cubes for part 'airplaneTail'
[LOG 14:55:51.173] PartLoader: Compiling Part 'Squad/Parts/Aero/cones/tailConnectorB/airplaneTailB'
[LOG 14:55:51.177] PartLoader: Part 'Squad/Parts/Aero/cones/tailConnectorB/airplaneTailB' has no database record. Creating.
[LOG 14:55:51.177] [DragCubeSystem]: Drag cubes not found or cannot be read for part Part. Generating New drag cubes.
[LOG 14:55:51.177] [KSPCF/DragCubeGeneration] Creating drag cubes for part 'airplaneTailB'
[LOG 14:55:51.182] PartLoader: Compiling Part 'Squad/Parts/Aero/fairings/fairingSize1/fairingSize1'
[LOG 14:55:51.227] PartLoader: Part 'Squad/Parts/Aero/fairings/fairingSize1/fairingSize1' has no database record. Creating.
[LOG 14:55:51.227] [DragCubeSystem]: Drag cubes not found or cannot be read for part Part. Generating New drag cubes.
[LOG 14:55:51.227] [KSPCF/DragCubeGeneration] Creating drag cubes for part 'fairingSize1'
[LOG 14:55:51.233] PartLoader: Compiling Part 'Squad/Parts/Aero/fairings/fairingSize2/fairingSize2'
[LOG 14:55:51.248] PartLoader: Part 'Squad/Parts/Aero/fairings/fairingSize2/fairingSize2' has no database record. Creating.
[LOG 14:55:51.248] [DragCubeSystem]: Drag cubes not found or cannot be read for part Part. Generating New drag cubes.
[LOG 14:55:51.248] [KSPCF/DragCubeGeneration] Creating drag cubes for part 'fairingSize2'
[LOG 14:55:51.253] PartLoader: Compiling Part 'Squad/Parts/Aero/fairings/fairingSize3/fairingSize3'
[LOG 14:55:51.269] PartLoader: Part 'Squad/Parts/Aero/fairings/fairingSize3/fairingSize3' has no database record. Creating.
[LOG 14:55:51.269] [DragCubeSystem]: Drag cubes not found or cannot be read for part Part. Generating New drag cubes.
[LOG 14:55:51.269] [KSPCF/DragCubeGeneration] Creating drag cubes for part 'fairingSize3'
[LOG 14:55:51.274] PartLoader: Compiling Part 'Squad/Parts/Aero/HeatShield/HeatShield0/HeatShield0'
[LOG 14:55:51.296] PartLoader: Part 'Squad/Parts/Aero/HeatShield/HeatShield0/HeatShield0' has no database record. Creating.
[LOG 14:55:51.297] [DragCubeSystem]: Drag cubes not found or cannot be read for part Part. Generating New drag cubes.
[LOG 14:55:51.297] [KSPCF/DragCubeGeneration] Creating drag cubes for part 'HeatShield0'
[LOG 14:55:51.304] PartLoader: Compiling Part 'Squad/Parts/Aero/HeatShield/HeatShield1/HeatShield1'
[LOG 14:55:51.318] PartLoader: Part 'Squad/Parts/Aero/HeatShield/HeatShield1/HeatShield1' has no database record. Creating.
[LOG 14:55:51.318] [DragCubeSystem]: Drag cubes not found or cannot be read for part Part. Generating New drag cubes.
[LOG 14:55:51.318] [KSPCF/DragCubeGeneration] Creating drag cubes for part 'HeatShield1'
[LOG 14:55:51.333] PartLoader: Compiling Part 'Squad/Parts/Aero/HeatShield/HeatShield2/HeatShield2'
[LOG 14:55:51.340] PartLoader: Part 'Squad/Parts/Aero/HeatShield/HeatShield2/HeatShield2' has no database record. Creating.
[LOG 14:55:51.341] [DragCubeSystem]: Drag cubes not found or cannot be read for part Part. Generating New drag cubes.
[LOG 14:55:51.341] [KSPCF/DragCubeGeneration] Creating drag cubes for part 'HeatShield2'
[LOG 14:55:51.353] PartLoader: Compiling Part 'Squad/Parts/Aero/HeatShield/HeatShield3/HeatShield3'
[LOG 14:55:51.358] PartLoader: Part 'Squad/Parts/Aero/HeatShield/HeatShield3/HeatShield3' has no database record. Creating.
[LOG 14:55:51.358] [DragCubeSystem]: Drag cubes not found or cannot be read for part Part. Generating New drag cubes.
[LOG 14:55:51.358] [KSPCF/DragCubeGeneration] Creating drag cubes for part 'HeatShield3'
[LOG 14:55:51.372] PartLoader: Compiling Part 'Squad/Parts/Aero/InflatableHeatShield/HeatShield/InflatableHeatShield'
[LOG 14:55:51.386] PartLoader: Part 'Squad/Parts/Aero/InflatableHeatShield/HeatShield/InflatableHeatShield' has no database record. Creating.
[LOG 14:55:51.386] [DragCubeSystem]: Drag cubes not found or cannot be read for part Part. Generating New drag cubes.
[LOG 14:55:51.386] [KSPCF/DragCubeGeneration] Creating drag cubes for part 'InflatableHeatShield'
[LOG 14:55:51.400] PartLoader: Compiling Part 'Squad/Parts/Aero/intakeRadialLong/intakeRadialLong/IntakeRadialLong'
[LOG 14:55:51.405] PartLoader: Part 'Squad/Parts/Aero/intakeRadialLong/intakeRadialLong/IntakeRadialLong' has no database record. Creating.
[LOG 14:55:51.405] [DragCubeSystem]: Drag cubes not found or cannot be read for part Part. Generating New drag cubes.
[LOG 14:55:51.405] [KSPCF/DragCubeGeneration] Creating drag cubes for part 'IntakeRadialLong'
[LOG 14:55:51.409] PartLoader: Compiling Part 'Squad/Parts/Aero/miniIntake/SmallIntake/miniIntake'
[LOG 14:55:51.412] PartLoader: Part 'Squad/Parts/Aero/miniIntake/SmallIntake/miniIntake' has no database record. Creating.
[LOG 14:55:51.413] PartLoader: Compiling Part 'Squad/Parts/Aero/ramAirIntake/ramAirIntake/ramAirIntake'
[LOG 14:55:51.415] PartLoader: Part 'Squad/Parts/Aero/ramAirIntake/ramAirIntake/ramAirIntake' has no database record. Creating.
[LOG 14:55:51.416] PartLoader: Compiling Part 'Squad/Parts/Aero/shuttleWings/delta/wingShuttleDelta'
[LOG 14:55:51.418] PartLoader: Part 'Squad/Parts/Aero/shuttleWings/delta/wingShuttleDelta' has no database record. Creating.
[LOG 14:55:51.418] [DragCubeSystem]: Drag cubes not found or cannot be read for part Part. Generating New drag cubes.
[LOG 14:55:51.418] [KSPCF/DragCubeGeneration] Creating drag cubes for part 'wingShuttleDelta'
[LOG 14:55:51.422] PartLoader: Compiling Part 'Squad/Parts/Aero/shuttleWings/elevon1/wingShuttleElevon1'
[LOG 14:55:51.428] PartLoader: Part 'Squad/Parts/Aero/shuttleWings/elevon1/wingShuttleElevon1' has no database record. Creating.
[LOG 14:55:51.428] [DragCubeSystem]: Drag cubes not found or cannot be read for part Part. Generating New drag cubes.
[LOG 14:55:51.428] [KSPCF/DragCubeGeneration] Creating drag cubes for part 'wingShuttleElevon1'
[LOG 14:55:51.445] PartLoader: Compiling Part 'Squad/Parts/Aero/shuttleWings/elevon2/wingShuttleElevon2'
[LOG 14:55:51.451] PartLoader: Part 'Squad/Parts/Aero/shuttleWings/elevon2/wingShuttleElevon2' has no database record. Creating.
[LOG 14:55:51.451] [DragCubeSystem]: Drag cubes not found or cannot be read for part Part. Generating New drag cubes.
[LOG 14:55:51.451] [KSPCF/DragCubeGeneration] Creating drag cubes for part 'wingShuttleElevon2'
[LOG 14:55:51.467] PartLoader: Compiling Part 'Squad/Parts/Aero/shuttleWings/rudder/wingShuttleRudder'
[LOG 14:55:51.471] PartLoader: Part 'Squad/Parts/Aero/shuttleWings/rudder/wingShuttleRudder' has no database record. Creating.
[LOG 14:55:51.471] [DragCubeSystem]: Drag cubes not found or cannot be read for part Part. Generating New drag cubes.
[LOG 14:55:51.471] [KSPCF/DragCubeGeneration] Creating drag cubes for part 'wingShuttleRudder'
[LOG 14:55:51.486] PartLoader: Compiling Part 'Squad/Parts/Aero/shuttleWings/strake/wingShuttleStrake'
[LOG 14:55:51.490] PartLoader: Part 'Squad/Parts/Aero/shuttleWings/strake/wingShuttleStrake' has no database record. Creating.
[LOG 14:55:51.490] [DragCubeSystem]: Drag cubes not found or cannot be read for part Part. Generating New drag cubes.
[LOG 14:55:51.490] [KSPCF/DragCubeGeneration] Creating drag cubes for part 'wingShuttleStrake'
[LOG 14:55:51.495] PartLoader: Compiling Part 'Squad/Parts/Aero/wingletAV-R8/wingletAV-R8/R8winglet'
[LOG 14:55:51.501] PartLoader: Part 'Squad/Parts/Aero/wingletAV-R8/wingletAV-R8/R8winglet' has no database record. Creating.
[LOG 14:55:51.501] [DragCubeSystem]: Drag cubes not found or cannot be read for part Part. Generating New drag cubes.
[LOG 14:55:51.501] [KSPCF/DragCubeGeneration] Creating drag cubes for part 'R8winglet'
[LOG 14:55:51.517] PartLoader: Compiling Part 'Squad/Parts/Aero/wingletAV-T1/wingletAV-T1/winglet'
[LOG 14:55:51.520] PartLoader: Part 'Squad/Parts/Aero/wingletAV-T1/wingletAV-T1/winglet' has no database record. Creating.
[LOG 14:55:51.520] [DragCubeSystem]: Drag cubes not found or cannot be read for part Part. Generating New drag cubes.
[LOG 14:55:51.520] [KSPCF/DragCubeGeneration] Creating drag cubes for part 'winglet'
[LOG 14:55:51.524] PartLoader: Compiling Part 'Squad/Parts/Aero/wingletDeltaDeluxe/wingletDeltaDeluxe/winglet3'
[LOG 14:55:51.528] PartLoader: Part 'Squad/Parts/Aero/wingletDeltaDeluxe/wingletDeltaDeluxe/winglet3' has no database record. Creating.
[LOG 14:55:51.529] [DragCubeSystem]: Drag cubes not found or cannot be read for part Part. Generating New drag cubes.
[LOG 14:55:51.529] [KSPCF/DragCubeGeneration] Creating drag cubes for part 'winglet3'
[LOG 14:55:51.544] PartLoader: Compiling Part 'Squad/Parts/Aero/wings/connector1/wingConnector'
[LOG 14:55:51.548] PartLoader: Part 'Squad/Parts/Aero/wings/connector1/wingConnector' has no database record. Creating.
[LOG 14:55:51.548] [DragCubeSystem]: Drag cubes not found or cannot be read for part Part. Generating New drag cubes.
[LOG 14:55:51.548] [KSPCF/DragCubeGeneration] Creating drag cubes for part 'wingConnector'
[LOG 14:55:51.552] PartLoader: Compiling Part 'Squad/Parts/Aero/wings/connector2/wingConnector2'
[LOG 14:55:51.557] PartLoader: Part 'Squad/Parts/Aero/wings/connector2/wingConnector2' has no database record. Creating.
[LOG 14:55:51.557] [DragCubeSystem]: Drag cubes not found or cannot be read for part Part. Generating New drag cubes.
[LOG 14:55:51.557] [KSPCF/DragCubeGeneration] Creating drag cubes for part 'wingConnector2'
[LOG 14:55:51.561] PartLoader: Compiling Part 'Squad/Parts/Aero/wings/connector3/wingConnector3'
[LOG 14:55:51.566] PartLoader: Part 'Squad/Parts/Aero/wings/connector3/wingConnector3' has no database record. Creating.
[LOG 14:55:51.566] [DragCubeSystem]: Drag cubes not found or cannot be read for part Part. Generating New drag cubes.
[LOG 14:55:51.566] [KSPCF/DragCubeGeneration] Creating drag cubes for part 'wingConnector3'
[LOG 14:55:51.569] PartLoader: Compiling Part 'Squad/Parts/Aero/wings/connector4/wingConnector4'
[LOG 14:55:51.572] PartLoader: Part 'Squad/Parts/Aero/wings/connector4/wingConnector4' has no database record. Creating.
[LOG 14:55:51.572] [DragCubeSystem]: Drag cubes not found or cannot be read for part Part. Generating New drag cubes.
[LOG 14:55:51.572] [KSPCF/DragCubeGeneration] Creating drag cubes for part 'wingConnector4'
[LOG 14:55:51.577] PartLoader: Compiling Part 'Squad/Parts/Aero/wings/connector5/wingConnector5'
[LOG 14:55:51.580] PartLoader: Part 'Squad/Parts/Aero/wings/connector5/wingConnector5' has no database record. Creating.
[LOG 14:55:51.580] [DragCubeSystem]: Drag cubes not found or cannot be read for part Part. Generating New drag cubes.
[LOG 14:55:51.580] [KSPCF/DragCubeGeneration] Creating drag cubes for part 'wingConnector5'
[LOG 14:55:51.585] PartLoader: Compiling Part 'Squad/Parts/Aero/wings/delta/deltaWing'
[LOG 14:55:51.589] PartLoader: Part 'Squad/Parts/Aero/wings/delta/deltaWing' has no database record. Creating.
[LOG 14:55:51.589] [DragCubeSystem]: Drag cubes not found or cannot be read for part Part. Generating New drag cubes.
[LOG 14:55:51.589] [KSPCF/DragCubeGeneration] Creating drag cubes for part 'deltaWing'
[LOG 14:55:51.593] PartLoader: Compiling Part 'Squad/Parts/Aero/wings/delta_small/delta_small'
[LOG 14:55:51.597] PartLoader: Part 'Squad/Parts/Aero/wings/delta_small/delta_small' has no database record. Creating.
[LOG 14:55:51.597] [DragCubeSystem]: Drag cubes not found or cannot be read for part Part. Generating New drag cubes.
[LOG 14:55:51.598] [KSPCF/DragCubeGeneration] Creating drag cubes for part 'delta.small'
[LOG 14:55:51.602] PartLoader: Compiling Part 'Squad/Parts/Aero/wings/elevon1/StandardCtrlSrf'
[LOG 14:55:51.608] PartLoader: Part 'Squad/Parts/Aero/wings/elevon1/StandardCtrlSrf' has no database record. Creating.
[LOG 14:55:51.608] [DragCubeSystem]: Drag cubes not found or cannot be read for part Part. Generating New drag cubes.
[LOG 14:55:51.608] [KSPCF/DragCubeGeneration] Creating drag cubes for part 'StandardCtrlSrf'
[LOG 14:55:51.624] PartLoader: Compiling Part 'Squad/Parts/Aero/wings/elevon2/elevon2'
[LOG 14:55:51.630] PartLoader: Part 'Squad/Parts/Aero/wings/elevon2/elevon2' has no database record. Creating.
[LOG 14:55:51.630] [DragCubeSystem]: Drag cubes not found or cannot be read for part Part. Generating New drag cubes.
[LOG 14:55:51.630] [KSPCF/DragCubeGeneration] Creating drag cubes for part 'elevon2'
[LOG 14:55:51.646] PartLoader: Compiling Part 'Squad/Parts/Aero/wings/elevon3/elevon3'
[LOG 14:55:51.650] PartLoader: Part 'Squad/Parts/Aero/wings/elevon3/elevon3' has no database record. Creating.
[LOG 14:55:51.650] [DragCubeSystem]: Drag cubes not found or cannot be read for part Part. Generating New drag cubes.
[LOG 14:55:51.650] [KSPCF/DragCubeGeneration] Creating drag cubes for part 'elevon3'
[LOG 14:55:51.666] PartLoader: Compiling Part 'Squad/Parts/Aero/wings/elevon4/smallCtrlSrf'
[LOG 14:55:51.672] PartLoader: Part 'Squad/Parts/Aero/wings/elevon4/smallCtrlSrf' has no database record. Creating.
[LOG 14:55:51.672] [DragCubeSystem]: Drag cubes not found or cannot be read for part Part. Generating New drag cubes.
[LOG 14:55:51.672] [KSPCF/DragCubeGeneration] Creating drag cubes for part 'smallCtrlSrf'
[LOG 14:55:51.688] PartLoader: Compiling Part 'Squad/Parts/Aero/wings/elevon5/elevon5'
[LOG 14:55:51.694] PartLoader: Part 'Squad/Parts/Aero/wings/elevon5/elevon5' has no database record. Creating.
[LOG 14:55:51.694] [DragCubeSystem]: Drag cubes not found or cannot be read for part Part. Generating New drag cubes.
[LOG 14:55:51.694] [KSPCF/DragCubeGeneration] Creating drag cubes for part 'elevon5'
[LOG 14:55:51.710] PartLoader: Compiling Part 'Squad/Parts/Aero/wings/strake/wingStrake'
[LOG 14:55:51.714] PartLoader: Part 'Squad/Parts/Aero/wings/strake/wingStrake' has no database record. Creating.
[LOG 14:55:51.714] [DragCubeSystem]: Drag cubes not found or cannot be read for part Part. Generating New drag cubes.
[LOG 14:55:51.714] [KSPCF/DragCubeGeneration] Creating drag cubes for part 'wingStrake'
[LOG 14:55:51.718] PartLoader: Compiling Part 'Squad/Parts/Aero/wings/structural1/structuralWing'
[LOG 14:55:51.721] PartLoader: Part 'Squad/Parts/Aero/wings/structural1/structuralWing' has no database record. Creating.
[LOG 14:55:51.721] [DragCubeSystem]: Drag cubes not found or cannot be read for part Part. Generating New drag cubes.
[LOG 14:55:51.721] [KSPCF/DragCubeGeneration] Creating drag cubes for part 'structuralWing'
[LOG 14:55:51.725] PartLoader: Compiling Part 'Squad/Parts/Aero/wings/structural2/structuralWing2'
[LOG 14:55:51.729] PartLoader: Part 'Squad/Parts/Aero/wings/structural2/structuralWing2' has no database record. Creating.
[LOG 14:55:51.729] [DragCubeSystem]: Drag cubes not found or cannot be read for part Part. Generating New drag cubes.
[LOG 14:55:51.729] [KSPCF/DragCubeGeneration] Creating drag cubes for part 'structuralWing2'
[LOG 14:55:51.733] PartLoader: Compiling Part 'Squad/Parts/Aero/wings/structural3/structuralWing3'
[LOG 14:55:51.736] PartLoader: Part 'Squad/Parts/Aero/wings/structural3/structuralWing3' has no database record. Creating.
[LOG 14:55:51.736] [DragCubeSystem]: Drag cubes not found or cannot be read for part Part. Generating New drag cubes.
[LOG 14:55:51.736] [KSPCF/DragCubeGeneration] Creating drag cubes for part 'structuralWing3'
[LOG 14:55:51.741] PartLoader: Compiling Part 'Squad/Parts/Aero/wings/structural4/structuralWing4'
[LOG 14:55:51.743] PartLoader: Part 'Squad/Parts/Aero/wings/structural4/structuralWing4' has no database record. Creating.
[LOG 14:55:51.744] [DragCubeSystem]: Drag cubes not found or cannot be read for part Part. Generating New drag cubes.
[LOG 14:55:51.744] [KSPCF/DragCubeGeneration] Creating drag cubes for part 'structuralWing4'
[LOG 14:55:51.748] PartLoader: Compiling Part 'Squad/Parts/Aero/wings/swept1/sweptWing1'
[LOG 14:55:51.752] PartLoader: Part 'Squad/Parts/Aero/wings/swept1/sweptWing1' has no database record. Creating.
[LOG 14:55:51.752] [DragCubeSystem]: Drag cubes not found or cannot be read for part Part. Generating New drag cubes.
[LOG 14:55:51.752] [KSPCF/DragCubeGeneration] Creating drag cubes for part 'sweptWing1'
[LOG 14:55:51.756] PartLoader: Compiling Part 'Squad/Parts/Aero/wings/swept2/sweptWing2'
[LOG 14:55:51.758] PartLoader: Part 'Squad/Parts/Aero/wings/swept2/sweptWing2' has no database record. Creating.
[LOG 14:55:51.759] [DragCubeSystem]: Drag cubes not found or cannot be read for part Part. Generating New drag cubes.
[LOG 14:55:51.759] [KSPCF/DragCubeGeneration] Creating drag cubes for part 'sweptWing2'
[LOG 14:55:51.763] PartLoader: Compiling Part 'Squad/Parts/Cargo/CargoContainers/cargoContainer/cargoContainer'
[WRN 14:55:51.764] [Part]: Cannot have ModuleCargoPart and ModuleInventoryPart on same Part [cargoContainer'. Removed ModuleCargoPart
[LOG 14:55:51.770] PartLoader: Part 'Squad/Parts/Cargo/CargoContainers/cargoContainer/cargoContainer' has no database record. Creating.
[LOG 14:55:51.770] [DragCubeSystem]: Drag cubes not found or cannot be read for part Part. Generating New drag cubes.
[LOG 14:55:51.771] [KSPCF/DragCubeGeneration] Creating drag cubes for part 'cargoContainer'
[LOG 14:55:51.777] PartLoader: Compiling Part 'Squad/Parts/Cargo/CargoContainers/smallCargoContainer/smallCargoContainer'
[WRN 14:55:51.779] [Part]: Cannot have ModuleCargoPart and ModuleInventoryPart on same Part [smallCargoContainer'. Removed ModuleCargoPart
[LOG 14:55:51.780] PartLoader: Part 'Squad/Parts/Cargo/CargoContainers/smallCargoContainer/smallCargoContainer' has no database record. Creating.
[LOG 14:55:51.780] [DragCubeSystem]: Drag cubes not found or cannot be read for part Part. Generating New drag cubes.
[LOG 14:55:51.780] [KSPCF/DragCubeGeneration] Creating drag cubes for part 'smallCargoContainer'
[LOG 14:55:51.785] PartLoader: Compiling Part 'Squad/Parts/Cargo/Cylinder/Cylinder/evaCylinder'
[LOG 14:55:51.789] PartLoader: Part 'Squad/Parts/Cargo/Cylinder/Cylinder/evaCylinder' has no database record. Creating.
[LOG 14:55:51.789] [DragCubeSystem]: Drag cubes not found or cannot be read for part Part. Generating New drag cubes.
[LOG 14:55:51.789] [KSPCF/DragCubeGeneration] Creating drag cubes for part 'evaCylinder'
[LOG 14:55:51.794] PartLoader: Compiling Part 'Squad/Parts/Cargo/GroundAnchor/groundAnchor/groundAnchor'
[LOG 14:55:51.810] PartLoader: Part 'Squad/Parts/Cargo/GroundAnchor/groundAnchor/groundAnchor' has no database record. Creating.
[LOG 14:55:51.811] [DragCubeSystem]: Drag cubes not found or cannot be read for part Part. Generating New drag cubes.
[LOG 14:55:51.811] [KSPCF/DragCubeGeneration] Creating drag cubes for part 'groundAnchor'
[LOG 14:55:51.824] PartLoader: Compiling Part 'Squad/Parts/Cargo/Jetpack/Jetpack/evaJetpack'
[LOG 14:55:51.827] PartLoader: Part 'Squad/Parts/Cargo/Jetpack/Jetpack/evaJetpack' has no database record. Creating.
[LOG 14:55:51.828] [DragCubeSystem]: Drag cubes not found or cannot be read for part Part. Generating New drag cubes.
[LOG 14:55:51.828] [KSPCF/DragCubeGeneration] Creating drag cubes for part 'evaJetpack'
[LOG 14:55:51.833] PartLoader: Compiling Part 'Squad/Parts/Cargo/Parachute/Parachute/evaChute'
[LOG 14:55:51.837] PartLoader: Part 'Squad/Parts/Cargo/Parachute/Parachute/evaChute' has no database record. Creating.
[LOG 14:55:51.837] [DragCubeSystem]: Drag cubes not found or cannot be read for part Part. Generating New drag cubes.
[LOG 14:55:51.837] [KSPCF/DragCubeGeneration] Creating drag cubes for part 'evaChute'
[LOG 14:55:51.842] PartLoader: Compiling Part 'Squad/Parts/Cargo/RepairKit/RepairKit/evaRepairKit'
[LOG 14:55:51.846] PartLoader: Part 'Squad/Parts/Cargo/RepairKit/RepairKit/evaRepairKit' has no database record. Creating.
[LOG 14:55:51.846] [DragCubeSystem]: Drag cubes not found or cannot be read for part Part. Generating New drag cubes.
[LOG 14:55:51.846] [KSPCF/DragCubeGeneration] Creating drag cubes for part 'evaRepairKit'
[LOG 14:55:51.851] PartLoader: Compiling Part 'Squad/Parts/Cargo/ScienceKit/evaScienceKit/evaScienceKit'
[LOG 14:55:51.855] PartLoader: Part 'Squad/Parts/Cargo/ScienceKit/evaScienceKit/evaScienceKit' has no database record. Creating.
[LOG 14:55:51.855] [DragCubeSystem]: Drag cubes not found or cannot be read for part Part. Generating New drag cubes.
[LOG 14:55:51.855] [KSPCF/DragCubeGeneration] Creating drag cubes for part 'evaScienceKit'
[LOG 14:55:51.859] PartLoader: Compiling Part 'Squad/Parts/Cargo/StorageUnits/CargoStorageUnit/CargoStorageUnit'
[WRN 14:55:51.862] [Part]: Cannot have ModuleCargoPart and ModuleInventoryPart on same Part [CargoStorageUnit'. Removed ModuleCargoPart
[LOG 14:55:51.864] PartLoader: Part 'Squad/Parts/Cargo/StorageUnits/CargoStorageUnit/CargoStorageUnit' has no database record. Creating.
[LOG 14:55:51.864] [DragCubeSystem]: Drag cubes not found or cannot be read for part Part. Generating New drag cubes.
[LOG 14:55:51.864] [KSPCF/DragCubeGeneration] Creating drag cubes for part 'CargoStorageUnit'
[LOG 14:55:51.869] PartLoader: Compiling Part 'Squad/Parts/Cargo/StorageUnits/ConformalStorageUnit/ConformalStorageUnit'
[WRN 14:55:51.875] [Part]: Cannot have ModuleCargoPart and ModuleInventoryPart on same Part [ConformalStorageUnit'. Removed ModuleCargoPart
[LOG 14:55:51.877] PartLoader: Part 'Squad/Parts/Cargo/StorageUnits/ConformalStorageUnit/ConformalStorageUnit' has no database record. Creating.
[LOG 14:55:51.878] [DragCubeSystem]: Drag cubes not found or cannot be read for part Part. Generating New drag cubes.
[LOG 14:55:51.878] [KSPCF/DragCubeGeneration] Creating drag cubes for part 'ConformalStorageUnit'
[LOG 14:55:51.882] PartLoader: Compiling Part 'Squad/Parts/Command/advancedSasModuleLarge/advSasModuleLarge/asasmodule1-2'
[LOG 14:55:51.891] PartLoader: Part 'Squad/Parts/Command/advancedSasModuleLarge/advSasModuleLarge/asasmodule1-2' has no database record. Creating.
[LOG 14:55:51.892] PartLoader: Compiling Part 'Squad/Parts/Command/cupola/cupola/cupola'
[LOG 14:55:51.924] PartLoader: Part 'Squad/Parts/Command/cupola/cupola/cupola' has no database record. Creating.
[LOG 14:55:51.924] [DragCubeSystem]: Drag cubes not found or cannot be read for part Part. Generating New drag cubes.
[LOG 14:55:51.924] [KSPCF/DragCubeGeneration] Creating drag cubes for part 'cupola'
[LOG 14:55:51.935] PartLoader: Compiling Part 'Squad/Parts/Command/externalCommandSeat/externalCommandSeat/seatExternalCmd'
[LOG 14:55:51.944] PartLoader: Part 'Squad/Parts/Command/externalCommandSeat/externalCommandSeat/seatExternalCmd' has no database record. Creating.
[LOG 14:55:51.944] [DragCubeSystem]: Drag cubes not found or cannot be read for part Part. Generating New drag cubes.
[LOG 14:55:51.945] [KSPCF/DragCubeGeneration] Creating drag cubes for part 'seatExternalCmd'
[LOG 14:55:51.949] PartLoader: Compiling Part 'Squad/Parts/Command/hitchhikerStorageContainer/hitchikerStorageContainer/crewCabin'
[LOG 14:55:51.958] PartLoader: Part 'Squad/Parts/Command/hitchhikerStorageContainer/hitchikerStorageContainer/crewCabin' has no database record. Creating.
[LOG 14:55:51.958] [DragCubeSystem]: Drag cubes not found or cannot be read for part Part. Generating New drag cubes.
[LOG 14:55:51.958] [KSPCF/DragCubeGeneration] Creating drag cubes for part 'crewCabin'
[LOG 14:55:51.963] PartLoader: Compiling Part 'Squad/Parts/Command/inlineAdvancedStabilizer/inlineAdvancedStabilizer/advSasModule'
[LOG 14:55:51.966] PartLoader: Part 'Squad/Parts/Command/inlineAdvancedStabilizer/inlineAdvancedStabilizer/advSasModule' has no database record. Creating.
[LOG 14:55:51.966] [DragCubeSystem]: Drag cubes not found or cannot be read for part Part. Generating New drag cubes.
[LOG 14:55:51.966] [KSPCF/DragCubeGeneration] Creating drag cubes for part 'advSasModule'
[LOG 14:55:51.971] PartLoader: Compiling Part 'Squad/Parts/Command/inlineReactionWheel/inlineReactionWheel/sasModule'
[LOG 14:55:51.975] PartLoader: Part 'Squad/Parts/Command/inlineReactionWheel/inlineReactionWheel/sasModule' has no database record. Creating.
[LOG 14:55:51.975] [DragCubeSystem]: Drag cubes not found or cannot be read for part Part. Generating New drag cubes.
[LOG 14:55:51.976] [KSPCF/DragCubeGeneration] Creating drag cubes for part 'sasModule'
[LOG 14:55:51.981] PartLoader: Compiling Part 'Squad/Parts/Command/Mk1-3Pod/mk1-3/mk1-3pod'
[LOG 14:55:52.004] PartLoader: Part 'Squad/Parts/Command/Mk1-3Pod/mk1-3/mk1-3pod' has no database record. Creating.
[LOG 14:55:52.004] [DragCubeSystem]: Drag cubes not found or cannot be read for part Part. Generating New drag cubes.
[LOG 14:55:52.004] [KSPCF/DragCubeGeneration] Creating drag cubes for part 'mk1-3pod'
[LOG 14:55:52.011] PartLoader: Compiling Part 'Squad/Parts/Command/mk1Cockpits/mk1Cockpit/Mark1Cockpit'
[WRN 14:55:52.014] [Part]: Cannot have ModuleCargoPart and ModuleInventoryPart on same Part [Mark1Cockpit'. Removed ModuleCargoPart
[LOG 14:55:52.019] PartLoader: Part 'Squad/Parts/Command/mk1Cockpits/mk1Cockpit/Mark1Cockpit' has no database record. Creating.
[LOG 14:55:52.019] [DragCubeSystem]: Drag cubes not found or cannot be read for part Part. Generating New drag cubes.
[LOG 14:55:52.019] [KSPCF/DragCubeGeneration] Creating drag cubes for part 'Mark1Cockpit'
[LOG 14:55:52.026] PartLoader: Compiling Part 'Squad/Parts/Command/mk1Cockpits/mk1CrewCabin/MK1CrewCabin'
[WRN 14:55:52.030] [Part]: Cannot have ModuleCargoPart and ModuleInventoryPart on same Part [MK1CrewCabin'. Removed ModuleCargoPart
[LOG 14:55:52.034] PartLoader: Part 'Squad/Parts/Command/mk1Cockpits/mk1CrewCabin/MK1CrewCabin' has no database record. Creating.
[LOG 14:55:52.034] [DragCubeSystem]: Drag cubes not found or cannot be read for part Part. Generating New drag cubes.
[LOG 14:55:52.034] [KSPCF/DragCubeGeneration] Creating drag cubes for part 'MK1CrewCabin'
[LOG 14:55:52.043] PartLoader: Compiling Part 'Squad/Parts/Command/mk1Cockpits/mk1InlineCockpit/Mark2Cockpit'
[WRN 14:55:52.046] [Part]: Cannot have ModuleCargoPart and ModuleInventoryPart on same Part [Mark2Cockpit'. Removed ModuleCargoPart
[LOG 14:55:52.050] PartLoader: Part 'Squad/Parts/Command/mk1Cockpits/mk1InlineCockpit/Mark2Cockpit' has no database record. Creating.
[LOG 14:55:52.050] [DragCubeSystem]: Drag cubes not found or cannot be read for part Part. Generating New drag cubes.
[LOG 14:55:52.050] [KSPCF/DragCubeGeneration] Creating drag cubes for part 'Mark2Cockpit'
[LOG 14:55:52.055] PartLoader: Compiling Part 'Squad/Parts/Command/mk1LanderCan/mk1LanderCan/landerCabinSmall'
[WRN 14:55:52.059] [Part]: Cannot have ModuleCargoPart and ModuleInventoryPart on same Part [landerCabinSmall'. Removed ModuleCargoPart
[LOG 14:55:52.062] PartLoader: Part 'Squad/Parts/Command/mk1LanderCan/mk1LanderCan/landerCabinSmall' has no database record. Creating.
[LOG 14:55:52.062] [DragCubeSystem]: Drag cubes not found or cannot be read for part Part. Generating New drag cubes.
[LOG 14:55:52.062] [KSPCF/DragCubeGeneration] Creating drag cubes for part 'landerCabinSmall'
[LOG 14:55:52.067] PartLoader: Compiling Part 'Squad/Parts/Command/mk1pod_v2/mk1Pod_v2/mk1pod_v2'
[WRN 14:55:52.071] [Part]: Cannot have ModuleCargoPart and ModuleInventoryPart on same Part [mk1pod.v2'. Removed ModuleCargoPart
[LOG 14:55:52.075] PartLoader: Part 'Squad/Parts/Command/mk1pod_v2/mk1Pod_v2/mk1pod_v2' has no database record. Creating.
[LOG 14:55:52.075] [DragCubeSystem]: Drag cubes not found or cannot be read for part Part. Generating New drag cubes.
[LOG 14:55:52.075] [KSPCF/DragCubeGeneration] Creating drag cubes for part 'mk1pod.v2'
[LOG 14:55:52.083] PartLoader: Compiling Part 'Squad/Parts/Command/mk2CockpitInline/mk2CockpitInline/mk2Cockpit_Inline'
[WRN 14:55:52.088] [Part]: Cannot have ModuleCargoPart and ModuleInventoryPart on same Part [mk2Cockpit.Inline'. Removed ModuleCargoPart
[LOG 14:55:52.095] PartLoader: Part 'Squad/Parts/Command/mk2CockpitInline/mk2CockpitInline/mk2Cockpit_Inline' has no database record. Creating.
[LOG 14:55:52.095] [DragCubeSystem]: Drag cubes not found or cannot be read for part Part. Generating New drag cubes.
[LOG 14:55:52.095] [KSPCF/DragCubeGeneration] Creating drag cubes for part 'mk2Cockpit.Inline'
[LOG 14:55:52.102] PartLoader: Compiling Part 'Squad/Parts/Command/mk2CockpitStandard/mk2CockpitStandard/mk2Cockpit_Standard'
[WRN 14:55:52.107] [Part]: Cannot have ModuleCargoPart and ModuleInventoryPart on same Part [mk2Cockpit.Standard'. Removed ModuleCargoPart
[LOG 14:55:52.113] PartLoader: Part 'Squad/Parts/Command/mk2CockpitStandard/mk2CockpitStandard/mk2Cockpit_Standard' has no database record. Creating.
[LOG 14:55:52.113] [DragCubeSystem]: Drag cubes not found or cannot be read for part Part. Generating New drag cubes.
[LOG 14:55:52.113] [KSPCF/DragCubeGeneration] Creating drag cubes for part 'mk2Cockpit.Standard'
[LOG 14:55:52.119] PartLoader: Compiling Part 'Squad/Parts/Command/mk2DroneCore/mk2Dronecore/mk2DroneCore'
[LOG 14:55:52.124] PartLoader: Part 'Squad/Parts/Command/mk2DroneCore/mk2Dronecore/mk2DroneCore' has no database record. Creating.
[LOG 14:55:52.125] PartLoader: Compiling Part 'Squad/Parts/Command/mk2LanderCan/mk2LanderCan/mk2LanderCabin'
[WRN 14:55:52.129] [Part]: Cannot have ModuleCargoPart and ModuleInventoryPart on same Part [mk2LanderCabin'. Removed ModuleCargoPart
[LOG 14:55:52.132] PartLoader: Part 'Squad/Parts/Command/mk2LanderCan/mk2LanderCan/mk2LanderCabin' has no database record. Creating.
[LOG 14:55:52.132] [DragCubeSystem]: Drag cubes not found or cannot be read for part Part. Generating New drag cubes.
[LOG 14:55:52.132] [KSPCF/DragCubeGeneration] Creating drag cubes for part 'mk2LanderCabin'
[LOG 14:55:52.140] PartLoader: Compiling Part 'Squad/Parts/Command/mk2LanderCan_v2/mk2LanderCan_v2/mk2LanderCabin_v2'
[WRN 14:55:52.147] [Part]: Cannot have ModuleCargoPart and ModuleInventoryPart on same Part [mk2LanderCabin.v2'. Removed ModuleCargoPart
[LOG 14:55:52.157] PartLoader: Part 'Squad/Parts/Command/mk2LanderCan_v2/mk2LanderCan_v2/mk2LanderCabin_v2' has no database record. Creating.
[LOG 14:55:52.157] [DragCubeSystem]: Drag cubes not found or cannot be read for part Part. Generating New drag cubes.
[LOG 14:55:52.157] [KSPCF/DragCubeGeneration] Creating drag cubes for part 'mk2LanderCabin.v2'
[LOG 14:55:52.164] PartLoader: Compiling Part 'Squad/Parts/Command/mk3CockpitShuttle/mk3CockpitShuttle/mk3Cockpit_Shuttle'
[LOG 14:55:52.172] PartLoader: Part 'Squad/Parts/Command/mk3CockpitShuttle/mk3CockpitShuttle/mk3Cockpit_Shuttle' has no database record. Creating.
[LOG 14:55:52.172] [DragCubeSystem]: Drag cubes not found or cannot be read for part Part. Generating New drag cubes.
[LOG 14:55:52.172] [KSPCF/DragCubeGeneration] Creating drag cubes for part 'mk3Cockpit.Shuttle'
[LOG 14:55:52.180] PartLoader: Compiling Part 'Squad/Parts/Command/MpoProbe/MpoProbe/MpoProbe'
[LOG 14:55:52.195] PartLoader: Part 'Squad/Parts/Command/MpoProbe/MpoProbe/MpoProbe' has no database record. Creating.
[LOG 14:55:52.195] [DragCubeSystem]: Drag cubes not found or cannot be read for part Part. Generating New drag cubes.
[LOG 14:55:52.195] [KSPCF/DragCubeGeneration] Creating drag cubes for part 'MpoProbe'
[LOG 14:55:52.201] PartLoader: Compiling Part 'Squad/Parts/Command/MtmStage/MTM_Stage/MtmStage'
[LOG 14:55:52.208] PartLoader: Part 'Squad/Parts/Command/MtmStage/MTM_Stage/MtmStage' has no database record. Creating.
[LOG 14:55:52.208] [DragCubeSystem]: Drag cubes not found or cannot be read for part Part. Generating New drag cubes.
[LOG 14:55:52.208] [KSPCF/DragCubeGeneration] Creating drag cubes for part 'MtmStage'
[LOG 14:55:52.222] PartLoader: Compiling Part 'Squad/Parts/Command/probeCoreCube/probeCoreCube/probeCoreCube'
[LOG 14:55:52.229] PartLoader: Part 'Squad/Parts/Command/probeCoreCube/probeCoreCube/probeCoreCube' has no database record. Creating.
[LOG 14:55:52.231] PartLoader: Compiling Part 'Squad/Parts/Command/probeCoreHex/probeCoreHex/probeCoreHex'
[LOG 14:55:52.237] PartLoader: Part 'Squad/Parts/Command/probeCoreHex/probeCoreHex/probeCoreHex' has no database record. Creating.
[LOG 14:55:52.237] [DragCubeSystem]: Drag cubes not found or cannot be read for part Part. Generating New drag cubes.
[LOG 14:55:52.237] [KSPCF/DragCubeGeneration] Creating drag cubes for part 'probeCoreHex'
[LOG 14:55:52.241] PartLoader: Compiling Part 'Squad/Parts/Command/probeCoreHex_v2/probeCoreHex_v2/probeCoreHex_v2'
[LOG 14:55:52.247] PartLoader: Part 'Squad/Parts/Command/probeCoreHex_v2/probeCoreHex_v2/probeCoreHex_v2' has no database record. Creating.
[LOG 14:55:52.247] [DragCubeSystem]: Drag cubes not found or cannot be read for part Part. Generating New drag cubes.
[LOG 14:55:52.247] [KSPCF/DragCubeGeneration] Creating drag cubes for part 'probeCoreHex.v2'
[LOG 14:55:52.252] PartLoader: Compiling Part 'Squad/Parts/Command/probeCoreOcto2_v2/probeCoreOcto2_v2/probeCoreOcto2_v2'
[LOG 14:55:52.259] PartLoader: Part 'Squad/Parts/Command/probeCoreOcto2_v2/probeCoreOcto2_v2/probeCoreOcto2_v2' has no database record. Creating.
[LOG 14:55:52.259] [DragCubeSystem]: Drag cubes not found or cannot be read for part Part. Generating New drag cubes.
[LOG 14:55:52.259] [KSPCF/DragCubeGeneration] Creating drag cubes for part 'probeCoreOcto2.v2'
[LOG 14:55:52.264] PartLoader: Compiling Part 'Squad/Parts/Command/probeCoreOcto_v2/probeCoreOcto_v2/probeCoreOcto_v2'
[LOG 14:55:52.270] PartLoader: Part 'Squad/Parts/Command/probeCoreOcto_v2/probeCoreOcto_v2/probeCoreOcto_v2' has no database record. Creating.
[LOG 14:55:52.270] [DragCubeSystem]: Drag cubes not found or cannot be read for part Part. Generating New drag cubes.
[LOG 14:55:52.271] [KSPCF/DragCubeGeneration] Creating drag cubes for part 'probeCoreOcto.v2'
[LOG 14:55:52.275] PartLoader: Compiling Part 'Squad/Parts/Command/probeRoverBody/probeRoverBody/roverBody'
[LOG 14:55:52.281] PartLoader: Part 'Squad/Parts/Command/probeRoverBody/probeRoverBody/roverBody' has no database record. Creating.
[LOG 14:55:52.281] [DragCubeSystem]: Drag cubes not found or cannot be read for part Part. Generating New drag cubes.
[LOG 14:55:52.281] [KSPCF/DragCubeGeneration] Creating drag cubes for part 'roverBody'
[LOG 14:55:52.286] PartLoader: Compiling Part 'Squad/Parts/Command/probeRoverBody_v2/probeRoverBody_v2/roverBody_v2'
[LOG 14:55:52.295] PartLoader: Part 'Squad/Parts/Command/probeRoverBody_v2/probeRoverBody_v2/roverBody_v2' has no database record. Creating.
[LOG 14:55:52.296] [DragCubeSystem]: Drag cubes not found or cannot be read for part Part. Generating New drag cubes.
[LOG 14:55:52.296] [KSPCF/DragCubeGeneration] Creating drag cubes for part 'roverBody.v2'
[LOG 14:55:52.316] PartLoader: Compiling Part 'Squad/Parts/Command/probeStackLarge/probeStackLarge/probeStackLarge'
[LOG 14:55:52.325] PartLoader: Part 'Squad/Parts/Command/probeStackLarge/probeStackLarge/probeStackLarge' has no database record. Creating.
[LOG 14:55:52.325] [DragCubeSystem]: Drag cubes not found or cannot be read for part Part. Generating New drag cubes.
[LOG 14:55:52.325] [KSPCF/DragCubeGeneration] Creating drag cubes for part 'probeStackLarge'
[LOG 14:55:52.330] PartLoader: Compiling Part 'Squad/Parts/Command/probeStackSmall/probeStackSmall/probeStackSmall'
[LOG 14:55:52.336] PartLoader: Part 'Squad/Parts/Command/probeStackSmall/probeStackSmall/probeStackSmall' has no database record. Creating.
[LOG 14:55:52.336] [DragCubeSystem]: Drag cubes not found or cannot be read for part Part. Generating New drag cubes.
[LOG 14:55:52.336] [KSPCF/DragCubeGeneration] Creating drag cubes for part 'probeStackSmall'
[LOG 14:55:52.341] PartLoader: Compiling Part 'Squad/Parts/Command/probeStackSphere_v2/probeStackSphere_v2/probeCoreSphere_v2'
[LOG 14:55:52.346] PartLoader: Part 'Squad/Parts/Command/probeStackSphere_v2/probeStackSphere_v2/probeCoreSphere_v2' has no database record. Creating.
[LOG 14:55:52.347] PartLoader: Compiling Part 'Squad/Parts/CompoundParts/FuelLine/fuelLine/fuelLine'
[LOG 14:55:52.366] PartLoader: Part 'Squad/Parts/CompoundParts/FuelLine/fuelLine/fuelLine' has no database record. Creating.
[LOG 14:55:52.367] [DragCubeSystem]: Drag cubes not found or cannot be read for part CompoundPart. Generating New drag cubes.
[LOG 14:55:52.367] [KSPCF/DragCubeGeneration] Creating drag cubes for part 'fuelLine'
[LOG 14:55:52.371] PartLoader: Compiling Part 'Squad/Parts/CompoundParts/strutConnector/strutConnector/strutConnector'
[LOG 14:55:52.378] PartLoader: Part 'Squad/Parts/CompoundParts/strutConnector/strutConnector/strutConnector' has no database record. Creating.
[LOG 14:55:52.378] [DragCubeSystem]: Drag cubes not found or cannot be read for part CompoundPart. Generating New drag cubes.
[LOG 14:55:52.378] [KSPCF/DragCubeGeneration] Creating drag cubes for part 'strutConnector'
[LOG 14:55:52.382] PartLoader: Compiling Part 'Squad/Parts/Coupling/Decoupler_0/Decoupler_0'
[LOG 14:55:52.390] PartLoader: Part 'Squad/Parts/Coupling/Decoupler_0/Decoupler_0' has no database record. Creating.
[LOG 14:55:52.391] PartLoader: Compiling Part 'Squad/Parts/Coupling/Decoupler_1/Decoupler_1'
[LOG 14:55:52.396] PartLoader: Part 'Squad/Parts/Coupling/Decoupler_1/Decoupler_1' has no database record. Creating.
[LOG 14:55:52.397] PartLoader: Compiling Part 'Squad/Parts/Coupling/Decoupler_2/Decoupler_2'
[LOG 14:55:52.401] PartLoader: Part 'Squad/Parts/Coupling/Decoupler_2/Decoupler_2' has no database record. Creating.
[LOG 14:55:52.402] PartLoader: Compiling Part 'Squad/Parts/Coupling/Decoupler_3/Decoupler_3'
[LOG 14:55:52.406] PartLoader: Part 'Squad/Parts/Coupling/Decoupler_3/Decoupler_3' has no database record. Creating.
[LOG 14:55:52.406] PartLoader: Compiling Part 'Squad/Parts/Coupling/Separator_0/Separator_0'
[LOG 14:55:52.410] PartLoader: Part 'Squad/Parts/Coupling/Separator_0/Separator_0' has no database record. Creating.
[LOG 14:55:52.411] PartLoader: Compiling Part 'Squad/Parts/Coupling/Separator_1/Separator_1'
[LOG 14:55:52.415] PartLoader: Part 'Squad/Parts/Coupling/Separator_1/Separator_1' has no database record. Creating.
[LOG 14:55:52.416] PartLoader: Compiling Part 'Squad/Parts/Coupling/Separator_2/Separator_2'
[LOG 14:55:52.420] PartLoader: Part 'Squad/Parts/Coupling/Separator_2/Separator_2' has no database record. Creating.
[LOG 14:55:52.420] PartLoader: Compiling Part 'Squad/Parts/Coupling/Separator_3/Separator_3'
[LOG 14:55:52.425] PartLoader: Part 'Squad/Parts/Coupling/Separator_3/Separator_3' has no database record. Creating.
[LOG 14:55:52.425] PartLoader: Compiling Part 'Squad/Parts/Electrical/10CSolarPanels/OX-10C/solarPanelOX10C'
[LOG 14:55:52.436] PartLoader: Part 'Squad/Parts/Electrical/10CSolarPanels/OX-10C/solarPanelOX10C' has no database record. Creating.
[LOG 14:55:52.436] [DragCubeSystem]: Drag cubes not found or cannot be read for part Part. Generating New drag cubes.
[LOG 14:55:52.436] [KSPCF/DragCubeGeneration] Creating drag cubes for part 'solarPanelOX10C'
[LOG 14:55:52.453] PartLoader: Compiling Part 'Squad/Parts/Electrical/10CSolarPanels/SP-10C/solarPanelSP10C'
[LOG 14:55:52.458] PartLoader: Part 'Squad/Parts/Electrical/10CSolarPanels/SP-10C/solarPanelSP10C' has no database record. Creating.
[LOG 14:55:52.458] [DragCubeSystem]: Drag cubes not found or cannot be read for part Part. Generating New drag cubes.
[LOG 14:55:52.458] [KSPCF/DragCubeGeneration] Creating drag cubes for part 'solarPanelSP10C'
[LOG 14:55:52.474] PartLoader: Compiling Part 'Squad/Parts/Electrical/10LSolarPanels/OX-10L/solarPanelOX10L'
[LOG 14:55:52.479] PartLoader: Part 'Squad/Parts/Electrical/10LSolarPanels/OX-10L/solarPanelOX10L' has no database record. Creating.
[LOG 14:55:52.479] [DragCubeSystem]: Drag cubes not found or cannot be read for part Part. Generating New drag cubes.
[LOG 14:55:52.479] [KSPCF/DragCubeGeneration] Creating drag cubes for part 'solarPanelOX10L'
[LOG 14:55:52.493] PartLoader: Compiling Part 'Squad/Parts/Electrical/10LSolarPanels/SP-10L/solarPanelSP10L'
[LOG 14:55:52.497] PartLoader: Part 'Squad/Parts/Electrical/10LSolarPanels/SP-10L/solarPanelSP10L' has no database record. Creating.
[LOG 14:55:52.497] [DragCubeSystem]: Drag cubes not found or cannot be read for part Part. Generating New drag cubes.
[LOG 14:55:52.497] [KSPCF/DragCubeGeneration] Creating drag cubes for part 'solarPanelSP10L'
[LOG 14:55:52.513] PartLoader: Compiling Part 'Squad/Parts/Electrical/1x6ShroudSolarPanels/1x6ShroudSolarPanels/solarPanels2'
[LOG 14:55:52.518] PartLoader: Part 'Squad/Parts/Electrical/1x6ShroudSolarPanels/1x6ShroudSolarPanels/solarPanels2' has no database record. Creating.
[LOG 14:55:52.518] [DragCubeSystem]: Drag cubes not found or cannot be read for part Part. Generating New drag cubes.
[LOG 14:55:52.518] [KSPCF/DragCubeGeneration] Creating drag cubes for part 'solarPanels2'
[LOG 14:55:52.534] PartLoader: Compiling Part 'Squad/Parts/Electrical/1x6SolarPanels/1x6SolarPanels/solarPanels4'
[LOG 14:55:52.538] PartLoader: Part 'Squad/Parts/Electrical/1x6SolarPanels/1x6SolarPanels/solarPanels4' has no database record. Creating.
[LOG 14:55:52.538] [DragCubeSystem]: Drag cubes not found or cannot be read for part Part. Generating New drag cubes.
[LOG 14:55:52.538] [KSPCF/DragCubeGeneration] Creating drag cubes for part 'solarPanels4'
[LOG 14:55:52.552] PartLoader: Compiling Part 'Squad/Parts/Electrical/3x2ShroudSolarPanels/3x2ShroudSolarPanels/solarPanels1'
[LOG 14:55:52.556] PartLoader: Part 'Squad/Parts/Electrical/3x2ShroudSolarPanels/3x2ShroudSolarPanels/solarPanels1' has no database record. Creating.
[LOG 14:55:52.556] [DragCubeSystem]: Drag cubes not found or cannot be read for part Part. Generating New drag cubes.
[LOG 14:55:52.556] [KSPCF/DragCubeGeneration] Creating drag cubes for part 'solarPanels1'
[LOG 14:55:52.571] PartLoader: Compiling Part 'Squad/Parts/Electrical/3x2SolarPanels/3x2SolarPanels/solarPanels3'
[LOG 14:55:52.575] PartLoader: Part 'Squad/Parts/Electrical/3x2SolarPanels/3x2SolarPanels/solarPanels3' has no database record. Creating.
[LOG 14:55:52.575] [DragCubeSystem]: Drag cubes not found or cannot be read for part Part. Generating New drag cubes.
[LOG 14:55:52.575] [KSPCF/DragCubeGeneration] Creating drag cubes for part 'solarPanels3'
[LOG 14:55:52.591] PartLoader: Compiling Part 'Squad/Parts/Electrical/gigantorXlSolarArray/gigantorXlSolarArray/largeSolarPanel'
[LOG 14:55:52.596] PartLoader: Part 'Squad/Parts/Electrical/gigantorXlSolarArray/gigantorXlSolarArray/largeSolarPanel' has no database record. Creating.
[LOG 14:55:52.596] [DragCubeSystem]: Drag cubes not found or cannot be read for part Part. Generating New drag cubes.
[LOG 14:55:52.597] [KSPCF/DragCubeGeneration] Creating drag cubes for part 'largeSolarPanel'
[LOG 14:55:52.612] PartLoader: Compiling Part 'Squad/Parts/Electrical/radialFlatSolarPanel/radialFlatSolarPanel/solarPanels5'
[LOG 14:55:52.617] PartLoader: Part 'Squad/Parts/Electrical/radialFlatSolarPanel/radialFlatSolarPanel/solarPanels5' has no database record. Creating.
[LOG 14:55:52.617] [DragCubeSystem]: Drag cubes not found or cannot be read for part Part. Generating New drag cubes.
[LOG 14:55:52.617] [KSPCF/DragCubeGeneration] Creating drag cubes for part 'solarPanels5'
[LOG 14:55:52.623] PartLoader: Compiling Part 'Squad/Parts/Electrical/RTG/RTG/rtg'
[LOG 14:55:52.638] PartLoader: Part 'Squad/Parts/Electrical/RTG/RTG/rtg' has no database record. Creating.
[LOG 14:55:52.638] [DragCubeSystem]: Drag cubes not found or cannot be read for part Part. Generating New drag cubes.
[LOG 14:55:52.638] [KSPCF/DragCubeGeneration] Creating drag cubes for part 'rtg'
[LOG 14:55:52.644] PartLoader: Compiling Part 'Squad/Parts/Electrical/z-100Battery/z-100Battery/batteryPack'
[LOG 14:55:52.648] PartLoader: Part 'Squad/Parts/Electrical/z-100Battery/z-100Battery/batteryPack' has no database record. Creating.
[LOG 14:55:52.648] [DragCubeSystem]: Drag cubes not found or cannot be read for part Part. Generating New drag cubes.
[LOG 14:55:52.648] [KSPCF/DragCubeGeneration] Creating drag cubes for part 'batteryPack'
[LOG 14:55:52.654] PartLoader: Compiling Part 'Squad/Parts/Electrical/z-1kBattery/z-1kBattery/batteryBank'
[LOG 14:55:52.657] PartLoader: Part 'Squad/Parts/Electrical/z-1kBattery/z-1kBattery/batteryBank' has no database record. Creating.
[LOG 14:55:52.657] [DragCubeSystem]: Drag cubes not found or cannot be read for part Part. Generating New drag cubes.
[LOG 14:55:52.657] [KSPCF/DragCubeGeneration] Creating drag cubes for part 'batteryBank'
[LOG 14:55:52.662] PartLoader: Compiling Part 'Squad/Parts/Electrical/z-200Battery/z-200Battery/batteryBankMini'
[LOG 14:55:52.666] PartLoader: Part 'Squad/Parts/Electrical/z-200Battery/z-200Battery/batteryBankMini' has no database record. Creating.
[LOG 14:55:52.666] [DragCubeSystem]: Drag cubes not found or cannot be read for part Part. Generating New drag cubes.
[LOG 14:55:52.666] [KSPCF/DragCubeGeneration] Creating drag cubes for part 'batteryBankMini'
[LOG 14:55:52.670] PartLoader: Compiling Part 'Squad/Parts/Electrical/z-400Battery/z-400Battery/ksp_r_largeBatteryPack'
[LOG 14:55:52.673] PartLoader: Part 'Squad/Parts/Electrical/z-400Battery/z-400Battery/ksp_r_largeBatteryPack' has no database record. Creating.
[LOG 14:55:52.673] [DragCubeSystem]: Drag cubes not found or cannot be read for part Part. Generating New drag cubes.
[LOG 14:55:52.673] [KSPCF/DragCubeGeneration] Creating drag cubes for part 'ksp.r.largeBatteryPack'
[LOG 14:55:52.677] PartLoader: Compiling Part 'Squad/Parts/Electrical/z-4kBattery/z-4kBattery/batteryBankLarge'
[LOG 14:55:52.681] PartLoader: Part 'Squad/Parts/Electrical/z-4kBattery/z-4kBattery/batteryBankLarge' has no database record. Creating.
[LOG 14:55:52.681] [DragCubeSystem]: Drag cubes not found or cannot be read for part Part. Generating New drag cubes.
[LOG 14:55:52.681] [KSPCF/DragCubeGeneration] Creating drag cubes for part 'batteryBankLarge'
[LOG 14:55:52.685] PartLoader: Compiling Part 'Squad/Parts/Engine/ionEngine/ionEngine/ionEngine'
[LOG 14:55:52.706] PartLoader: Part 'Squad/Parts/Engine/ionEngine/ionEngine/ionEngine' has no database record. Creating.
[LOG 14:55:52.706] [DragCubeSystem]: Drag cubes not found or cannot be read for part Part. Generating New drag cubes.
[LOG 14:55:52.706] [KSPCF/DragCubeGeneration] Creating drag cubes for part 'ionEngine'
[LOG 14:55:52.714] PartLoader: Compiling Part 'Squad/Parts/Engine/jetEngines/jetEngineAfterburning/turboJet'
[LOG 14:55:52.745] PartLoader: Part 'Squad/Parts/Engine/jetEngines/jetEngineAfterburning/turboJet' has no database record. Creating.
[LOG 14:55:52.745] [DragCubeSystem]: Drag cubes not found or cannot be read for part Part. Generating New drag cubes.
[LOG 14:55:52.745] [KSPCF/DragCubeGeneration] Creating drag cubes for part 'turboJet'
[LOG 14:55:52.757] PartLoader: Compiling Part 'Squad/Parts/Engine/jetEngines/jetEngineBasic/JetEngine'
[LOG 14:55:52.767] PartLoader: Part 'Squad/Parts/Engine/jetEngines/jetEngineBasic/JetEngine' has no database record. Creating.
[LOG 14:55:52.767] [DragCubeSystem]: Drag cubes not found or cannot be read for part Part. Generating New drag cubes.
[LOG 14:55:52.767] [KSPCF/DragCubeGeneration] Creating drag cubes for part 'JetEngine'
[LOG 14:55:52.784] PartLoader: Compiling Part 'Squad/Parts/Engine/jetEngines/jetEngineBig/turboFanSize2'
[LOG 14:55:52.800] PartLoader: Part 'Squad/Parts/Engine/jetEngines/jetEngineBig/turboFanSize2' has no database record. Creating.
[LOG 14:55:52.800] [DragCubeSystem]: Drag cubes not found or cannot be read for part Part. Generating New drag cubes.
[LOG 14:55:52.800] [KSPCF/DragCubeGeneration] Creating drag cubes for part 'turboFanSize2'
[LOG 14:55:52.817] PartLoader: Compiling Part 'Squad/Parts/Engine/jetEngines/jetEngineTurbo/turboFanEngine'
[LOG 14:55:52.830] PartLoader: Part 'Squad/Parts/Engine/jetEngines/jetEngineTurbo/turboFanEngine' has no database record. Creating.
[LOG 14:55:52.830] [DragCubeSystem]: Drag cubes not found or cannot be read for part Part. Generating New drag cubes.
[LOG 14:55:52.830] [KSPCF/DragCubeGeneration] Creating drag cubes for part 'turboFanEngine'
[LOG 14:55:52.835] PartLoader: Compiling Part 'Squad/Parts/Engine/liquidEngine24-77/liquidEngine24-77/smallRadialEngine'
[LOG 14:55:52.842] PartLoader: Part 'Squad/Parts/Engine/liquidEngine24-77/liquidEngine24-77/smallRadialEngine' has no database record. Creating.
[LOG 14:55:52.842] [DragCubeSystem]: Drag cubes not found or cannot be read for part Part. Generating New drag cubes.
[LOG 14:55:52.842] [KSPCF/DragCubeGeneration] Creating drag cubes for part 'smallRadialEngine'
[LOG 14:55:52.848] PartLoader: Compiling Part 'Squad/Parts/Engine/liquidEngine24-77_v2/liquidEngine24-77_v2/smallRadialEngine_v2'
[LOG 14:55:52.860] PartLoader: Part 'Squad/Parts/Engine/liquidEngine24-77_v2/liquidEngine24-77_v2/smallRadialEngine_v2' has no database record. Creating.
[LOG 14:55:52.860] [DragCubeSystem]: Drag cubes not found or cannot be read for part Part. Generating New drag cubes.
[LOG 14:55:52.860] [KSPCF/DragCubeGeneration] Creating drag cubes for part 'smallRadialEngine.v2'
[LOG 14:55:52.866] PartLoader: Compiling Part 'Squad/Parts/Engine/liquidEngine48-7S_v2/liquidEngine48-7S_v2/liquidEngineMini_v2'
[LOG 14:55:52.873] PartLoader: Part 'Squad/Parts/Engine/liquidEngine48-7S_v2/liquidEngine48-7S_v2/liquidEngineMini_v2' has no database record. Creating.
[LOG 14:55:52.874] [DragCubeSystem]: Drag cubes not found or cannot be read for part Part. Generating New drag cubes.
[LOG 14:55:52.874] [KSPCF/DragCubeGeneration] Creating drag cubes for part 'liquidEngineMini.v2'
[LOG 14:55:52.902] PartLoader: Compiling Part 'Squad/Parts/Engine/liquidEngineAerospike/liquidEngineAerospike/toroidalAerospike'
[LOG 14:55:52.917] PartLoader: Part 'Squad/Parts/Engine/liquidEngineAerospike/liquidEngineAerospike/toroidalAerospike' has no database record. Creating.
[LOG 14:55:52.917] [DragCubeSystem]: Drag cubes not found or cannot be read for part Part. Generating New drag cubes.
[LOG 14:55:52.918] [KSPCF/DragCubeGeneration] Creating drag cubes for part 'toroidalAerospike'
[LOG 14:55:52.935] PartLoader: Compiling Part 'Squad/Parts/Engine/liquidEngineLV-1_v2/liquidEngineLV-1R _v2/radialEngineMini_v2'
[LOG 14:55:52.944] PartLoader: Part 'Squad/Parts/Engine/liquidEngineLV-1_v2/liquidEngineLV-1R _v2/radialEngineMini_v2' has no database record. Creating.
[LOG 14:55:52.944] [DragCubeSystem]: Drag cubes not found or cannot be read for part Part. Generating New drag cubes.
[LOG 14:55:52.944] [KSPCF/DragCubeGeneration] Creating drag cubes for part 'radialEngineMini.v2'
[LOG 14:55:52.958] PartLoader: Compiling Part 'Squad/Parts/Engine/liquidEngineLV-1_v2/liquidEngineLV-1_v2/microEngine_v2'
[LOG 14:55:52.964] PartLoader: Part 'Squad/Parts/Engine/liquidEngineLV-1_v2/liquidEngineLV-1_v2/microEngine_v2' has no database record. Creating.
[LOG 14:55:52.965] [DragCubeSystem]: Drag cubes not found or cannot be read for part Part. Generating New drag cubes.
[LOG 14:55:52.965] [KSPCF/DragCubeGeneration] Creating drag cubes for part 'microEngine.v2'
[LOG 14:55:52.977] PartLoader: Compiling Part 'Squad/Parts/Engine/liquidEngineLV-909_v2/liquidEngineLV-909_v2/liquidEngine3_v2'
[LOG 14:55:52.986] PartLoader: Part 'Squad/Parts/Engine/liquidEngineLV-909_v2/liquidEngineLV-909_v2/liquidEngine3_v2' has no database record. Creating.
[LOG 14:55:52.986] [DragCubeSystem]: Drag cubes not found or cannot be read for part Part. Generating New drag cubes.
[LOG 14:55:52.986] [KSPCF/DragCubeGeneration] Creating drag cubes for part 'liquidEngine3.v2'
[LOG 14:55:53.012] PartLoader: Compiling Part 'Squad/Parts/Engine/liquidEngineLV-N/liquidEngineLV-N/nuclearEngine'
[LOG 14:55:53.022] PartLoader: Part 'Squad/Parts/Engine/liquidEngineLV-N/liquidEngineLV-N/nuclearEngine' has no database record. Creating.
[LOG 14:55:53.023] [DragCubeSystem]: Drag cubes not found or cannot be read for part Part. Generating New drag cubes.
[LOG 14:55:53.023] [KSPCF/DragCubeGeneration] Part 'nuclearEngine' has defined a procedural drag cube setup
[LOG 14:55:53.024] PartLoader: Compiling Part 'Squad/Parts/Engine/liquidEngineLV-T30/liquidEngineLV-T30/liquidEngine'
[LOG 14:55:53.034] PartLoader: Part 'Squad/Parts/Engine/liquidEngineLV-T30/liquidEngineLV-T30/liquidEngine' has no database record. Creating.
[LOG 14:55:53.034] [DragCubeSystem]: Drag cubes not found or cannot be read for part Part. Generating New drag cubes.
[LOG 14:55:53.034] [KSPCF/DragCubeGeneration] Creating drag cubes for part 'liquidEngine'
[LOG 14:55:53.049] PartLoader: Compiling Part 'Squad/Parts/Engine/liquidEngineLV-T30_v2/liquidEngineLV-T30_v2/liquidEngine_v2'
[LOG 14:55:53.056] PartLoader: Part 'Squad/Parts/Engine/liquidEngineLV-T30_v2/liquidEngineLV-T30_v2/liquidEngine_v2' has no database record. Creating.
[LOG 14:55:53.058] PartLoader: Compiling Part 'Squad/Parts/Engine/liquidEngineLV-T45/liquidEngineLV-T45/liquidEngine2'
[LOG 14:55:53.065] PartLoader: Part 'Squad/Parts/Engine/liquidEngineLV-T45/liquidEngineLV-T45/liquidEngine2' has no database record. Creating.
[LOG 14:55:53.065] [DragCubeSystem]: Drag cubes not found or cannot be read for part Part. Generating New drag cubes.
[LOG 14:55:53.065] [KSPCF/DragCubeGeneration] Creating drag cubes for part 'liquidEngine2'
[LOG 14:55:53.078] PartLoader: Compiling Part 'Squad/Parts/Engine/liquidEngineLV-T45_v2/liquidEngineLV-T45_v2/liquidEngine2_v2'
[LOG 14:55:53.087] PartLoader: Part 'Squad/Parts/Engine/liquidEngineLV-T45_v2/liquidEngineLV-T45_v2/liquidEngine2_v2' has no database record. Creating.
[LOG 14:55:53.089] PartLoader: Compiling Part 'Squad/Parts/Engine/liquidEngineMainsail_v2/liquidEngineMainsail_v2/liquidEngineMainsail_v2'
[LOG 14:55:53.098] PartLoader: Part 'Squad/Parts/Engine/liquidEngineMainsail_v2/liquidEngineMainsail_v2/liquidEngineMainsail_v2' has no database record. Creating.
[LOG 14:55:53.098] [DragCubeSystem]: Drag cubes not found or cannot be read for part Part. Generating New drag cubes.
[LOG 14:55:53.098] [KSPCF/DragCubeGeneration] Creating drag cubes for part 'liquidEngineMainsail.v2'
[LOG 14:55:53.130] PartLoader: Compiling Part 'Squad/Parts/Engine/liquidEngineMk55/liquidEngineMk55/radialLiquidEngine1-2'
[LOG 14:55:53.136] PartLoader: Part 'Squad/Parts/Engine/liquidEngineMk55/liquidEngineMk55/radialLiquidEngine1-2' has no database record. Creating.
[LOG 14:55:53.136] [DragCubeSystem]: Drag cubes not found or cannot be read for part Part. Generating New drag cubes.
[LOG 14:55:53.136] [KSPCF/DragCubeGeneration] Creating drag cubes for part 'radialLiquidEngine1-2'
[LOG 14:55:53.141] PartLoader: Compiling Part 'Squad/Parts/Engine/liquidEnginePoodle_v2/liquidEnginePoodle_v2/liquidEngine2-2_v2'
[LOG 14:55:53.150] PartLoader: Part 'Squad/Parts/Engine/liquidEnginePoodle_v2/liquidEnginePoodle_v2/liquidEngine2-2_v2' has no database record. Creating.
[LOG 14:55:53.151] PartLoader: Compiling Part 'Squad/Parts/Engine/liquidEngineSkipper_v2/skipperLiquidEngine_v2/engineLargeSkipper_v2'
[LOG 14:55:53.160] PartLoader: Part 'Squad/Parts/Engine/liquidEngineSkipper_v2/skipperLiquidEngine_v2/engineLargeSkipper_v2' has no database record. Creating.
[LOG 14:55:53.160] [DragCubeSystem]: Drag cubes not found or cannot be read for part Part. Generating New drag cubes.
[LOG 14:55:53.160] [KSPCF/DragCubeGeneration] Creating drag cubes for part 'engineLargeSkipper.v2'
[LOG 14:55:53.186] PartLoader: Compiling Part 'Squad/Parts/Engine/liquidEngineSSME/SSME/SSME'
[LOG 14:55:53.194] PartLoader: Part 'Squad/Parts/Engine/liquidEngineSSME/SSME/SSME' has no database record. Creating.
[LOG 14:55:53.194] [DragCubeSystem]: Drag cubes not found or cannot be read for part Part. Generating New drag cubes.
[LOG 14:55:53.194] [KSPCF/DragCubeGeneration] Creating drag cubes for part 'SSME'
[LOG 14:55:53.214] PartLoader: Compiling Part 'Squad/Parts/Engine/MassiveSRB/part/MassiveBooster'
[LOG 14:55:53.223] PartLoader: Part 'Squad/Parts/Engine/MassiveSRB/part/MassiveBooster' has no database record. Creating.
[LOG 14:55:53.223] [DragCubeSystem]: Drag cubes not found or cannot be read for part Part. Generating New drag cubes.
[LOG 14:55:53.223] [KSPCF/DragCubeGeneration] Creating drag cubes for part 'MassiveBooster'
[LOG 14:55:53.228] PartLoader: Compiling Part 'Squad/Parts/Engine/miniJet/SmallJetEngine/miniJetEngine'
[LOG 14:55:53.236] PartLoader: Part 'Squad/Parts/Engine/miniJet/SmallJetEngine/miniJetEngine' has no database record. Creating.
[LOG 14:55:53.236] [DragCubeSystem]: Drag cubes not found or cannot be read for part Part. Generating New drag cubes.
[LOG 14:55:53.236] [KSPCF/DragCubeGeneration] Creating drag cubes for part 'miniJetEngine'
[LOG 14:55:53.245] PartLoader: Compiling Part 'Squad/Parts/Engine/OMSEngine/omsEngine/omsEngine'
[LOG 14:55:53.253] PartLoader: Part 'Squad/Parts/Engine/OMSEngine/omsEngine/omsEngine' has no database record. Creating.
[LOG 14:55:53.253] [DragCubeSystem]: Drag cubes not found or cannot be read for part Part. Generating New drag cubes.
[LOG 14:55:53.253] [KSPCF/DragCubeGeneration] Creating drag cubes for part 'omsEngine'
[LOG 14:55:53.258] PartLoader: Compiling Part 'Squad/Parts/Engine/rapierEngine/rapierEngine/RAPIER'
[LOG 14:55:53.277] PartLoader: Part 'Squad/Parts/Engine/rapierEngine/rapierEngine/RAPIER' has no database record. Creating.
[LOG 14:55:53.277] [DragCubeSystem]: Drag cubes not found or cannot be read for part Part. Generating New drag cubes.
[LOG 14:55:53.277] [KSPCF/DragCubeGeneration] Creating drag cubes for part 'RAPIER'
[LOG 14:55:53.283] PartLoader: Compiling Part 'Squad/Parts/Engine/Size1_SRBs/solidBoosterRT-10_v2/solidBooster_v2'
[LOG 14:55:53.291] PartLoader: Part 'Squad/Parts/Engine/Size1_SRBs/solidBoosterRT-10_v2/solidBooster_v2' has no database record. Creating.
[LOG 14:55:53.291] [DragCubeSystem]: Drag cubes not found or cannot be read for part Part. Generating New drag cubes.
[LOG 14:55:53.291] [KSPCF/DragCubeGeneration] Creating drag cubes for part 'solidBooster.v2'
[LOG 14:55:53.304] PartLoader: Compiling Part 'Squad/Parts/Engine/Size1_SRBs/solidBoosterRT-5_v2/solidBooster_sm_v2'
[LOG 14:55:53.310] PartLoader: Part 'Squad/Parts/Engine/Size1_SRBs/solidBoosterRT-5_v2/solidBooster_sm_v2' has no database record. Creating.
[LOG 14:55:53.310] [DragCubeSystem]: Drag cubes not found or cannot be read for part Part. Generating New drag cubes.
[LOG 14:55:53.311] [KSPCF/DragCubeGeneration] Creating drag cubes for part 'solidBooster.sm.v2'
[LOG 14:55:53.324] PartLoader: Compiling Part 'Squad/Parts/Engine/Size2LFB/part/Size2LFB'
[LOG 14:55:53.331] PartLoader: Part 'Squad/Parts/Engine/Size2LFB/part/Size2LFB' has no database record. Creating.
[LOG 14:55:53.331] [DragCubeSystem]: Drag cubes not found or cannot be read for part Part. Generating New drag cubes.
[LOG 14:55:53.331] [KSPCF/DragCubeGeneration] Creating drag cubes for part 'Size2LFB'
[LOG 14:55:53.336] PartLoader: Compiling Part 'Squad/Parts/Engine/Size2LFB_v2/part/Size2LFB_v2'
[LOG 14:55:53.343] PartLoader: Part 'Squad/Parts/Engine/Size2LFB_v2/part/Size2LFB_v2' has no database record. Creating.
[LOG 14:55:53.343] [DragCubeSystem]: Drag cubes not found or cannot be read for part Part. Generating New drag cubes.
[LOG 14:55:53.343] [KSPCF/DragCubeGeneration] Creating drag cubes for part 'Size2LFB.v2'
[LOG 14:55:53.348] PartLoader: Compiling Part 'Squad/Parts/Engine/Size3AdvancedEngine/part/Size3AdvancedEngine'
[LOG 14:55:53.357] PartLoader: Part 'Squad/Parts/Engine/Size3AdvancedEngine/part/Size3AdvancedEngine' has no database record. Creating.
[LOG 14:55:53.358] [DragCubeSystem]: Drag cubes not found or cannot be read for part Part. Generating New drag cubes.
[LOG 14:55:53.358] [KSPCF/DragCubeGeneration] Creating drag cubes for part 'Size3AdvancedEngine'
[LOG 14:55:53.373] PartLoader: Compiling Part 'Squad/Parts/Engine/Size3EngineCluster/part/Size3EngineCluster'
[LOG 14:55:53.380] PartLoader: Part 'Squad/Parts/Engine/Size3EngineCluster/part/Size3EngineCluster' has no database record. Creating.
[LOG 14:55:53.380] [DragCubeSystem]: Drag cubes not found or cannot be read for part Part. Generating New drag cubes.
[LOG 14:55:53.381] [KSPCF/DragCubeGeneration] Creating drag cubes for part 'Size3EngineCluster'
[LOG 14:55:53.386] PartLoader: Compiling Part 'Squad/Parts/Engine/solidBoosterBACC/solidBoosterBACC/solidBooster1-1'
[LOG 14:55:53.392] PartLoader: Part 'Squad/Parts/Engine/solidBoosterBACC/solidBoosterBACC/solidBooster1-1' has no database record. Creating.
[LOG 14:55:53.392] [DragCubeSystem]: Drag cubes not found or cannot be read for part Part. Generating New drag cubes.
[LOG 14:55:53.392] [KSPCF/DragCubeGeneration] Creating drag cubes for part 'solidBooster1-1'
[LOG 14:55:53.397] PartLoader: Compiling Part 'Squad/Parts/Engine/solidBoosterS2-17/solidBoosterS2-17/Thoroughbred'
[LOG 14:55:53.405] PartLoader: Part 'Squad/Parts/Engine/solidBoosterS2-17/solidBoosterS2-17/Thoroughbred' has no database record. Creating.
[LOG 14:55:53.405] [DragCubeSystem]: Drag cubes not found or cannot be read for part Part. Generating New drag cubes.
[LOG 14:55:53.405] [KSPCF/DragCubeGeneration] Creating drag cubes for part 'Thoroughbred'
[LOG 14:55:53.410] PartLoader: Compiling Part 'Squad/Parts/Engine/solidBoosterS2-33/solidBoosterS2-33/Clydesdale'
[LOG 14:55:53.416] PartLoader: Part 'Squad/Parts/Engine/solidBoosterS2-33/solidBoosterS2-33/Clydesdale' has no database record. Creating.
[LOG 14:55:53.416] [DragCubeSystem]: Drag cubes not found or cannot be read for part Part. Generating New drag cubes.
[LOG 14:55:53.416] [KSPCF/DragCubeGeneration] Creating drag cubes for part 'Clydesdale'
[LOG 14:55:53.421] PartLoader: Compiling Part 'Squad/Parts/Engine/solidBoosterSep/solidBoosterSep/sepMotor1'
[LOG 14:55:53.424] [ModuleCargoPart]: Setting stackableQuantity to 1 as sepMotor1 contains resources
[LOG 14:55:53.426] PartLoader: Part 'Squad/Parts/Engine/solidBoosterSep/solidBoosterSep/sepMotor1' has no database record. Creating.
[LOG 14:55:53.427] [DragCubeSystem]: Drag cubes not found or cannot be read for part Part. Generating New drag cubes.
[LOG 14:55:53.427] [KSPCF/DragCubeGeneration] Creating drag cubes for part 'sepMotor1'
[LOG 14:55:53.431] PartLoader: Compiling Part 'Squad/Parts/Engine/SolidBoostersF/SolidBoosterF3S0/Shrimp'
[LOG 14:55:53.437] PartLoader: Part 'Squad/Parts/Engine/SolidBoostersF/SolidBoosterF3S0/Shrimp' has no database record. Creating.
[LOG 14:55:53.437] [DragCubeSystem]: Drag cubes not found or cannot be read for part Part. Generating New drag cubes.
[LOG 14:55:53.437] [KSPCF/DragCubeGeneration] Creating drag cubes for part 'Shrimp'
[LOG 14:55:53.442] PartLoader: Compiling Part 'Squad/Parts/Engine/SolidBoostersF/SolidBoosterFM1/Mite'
[LOG 14:55:53.448] PartLoader: Part 'Squad/Parts/Engine/SolidBoostersF/SolidBoosterFM1/Mite' has no database record. Creating.
[LOG 14:55:53.448] [DragCubeSystem]: Drag cubes not found or cannot be read for part Part. Generating New drag cubes.
[LOG 14:55:53.448] [KSPCF/DragCubeGeneration] Creating drag cubes for part 'Mite'
[LOG 14:55:53.453] PartLoader: Compiling Part 'Squad/Parts/FuelTank/adapterTanks/Mk3-Mk2/adapterMk3-Mk2'
[LOG 14:55:53.455] PartLoader: Part 'Squad/Parts/FuelTank/adapterTanks/Mk3-Mk2/adapterMk3-Mk2' has no database record. Creating.
[LOG 14:55:53.455] [DragCubeSystem]: Drag cubes not found or cannot be read for part Part. Generating New drag cubes.
[LOG 14:55:53.455] [KSPCF/DragCubeGeneration] Creating drag cubes for part 'adapterMk3-Mk2'
[LOG 14:55:53.458] PartLoader: Compiling Part 'Squad/Parts/FuelTank/adapterTanks/Mk3-ShuttleAdapter/adapterEngines'
[LOG 14:55:53.461] PartLoader: Part 'Squad/Parts/FuelTank/adapterTanks/Mk3-ShuttleAdapter/adapterEngines' has no database record. Creating.
[LOG 14:55:53.461] [DragCubeSystem]: Drag cubes not found or cannot be read for part Part. Generating New drag cubes.
[LOG 14:55:53.461] [KSPCF/DragCubeGeneration] Creating drag cubes for part 'adapterEngines'
[LOG 14:55:53.464] PartLoader: Compiling Part 'Squad/Parts/FuelTank/adapterTanks/Mk3-Size2/adapterMk3-Size2'
[LOG 14:55:53.466] PartLoader: Part 'Squad/Parts/FuelTank/adapterTanks/Mk3-Size2/adapterMk3-Size2' has no database record. Creating.
[LOG 14:55:53.466] [DragCubeSystem]: Drag cubes not found or cannot be read for part Part. Generating New drag cubes.
[LOG 14:55:53.466] [KSPCF/DragCubeGeneration] Creating drag cubes for part 'adapterMk3-Size2'
[LOG 14:55:53.470] PartLoader: Compiling Part 'Squad/Parts/FuelTank/adapterTanks/Mk3-Size2Slant/adapterMk3-Size2Slant'
[LOG 14:55:53.472] PartLoader: Part 'Squad/Parts/FuelTank/adapterTanks/Mk3-Size2Slant/adapterMk3-Size2Slant' has no database record. Creating.
[LOG 14:55:53.472] [DragCubeSystem]: Drag cubes not found or cannot be read for part Part. Generating New drag cubes.
[LOG 14:55:53.472] [KSPCF/DragCubeGeneration] Creating drag cubes for part 'adapterMk3-Size2Slant'
[LOG 14:55:53.477] PartLoader: Compiling Part 'Squad/Parts/FuelTank/adapterTanks/Size2-Mk2/adapterSize2-Mk2'
[LOG 14:55:53.479] PartLoader: Part 'Squad/Parts/FuelTank/adapterTanks/Size2-Mk2/adapterSize2-Mk2' has no database record. Creating.
[LOG 14:55:53.479] [DragCubeSystem]: Drag cubes not found or cannot be read for part Part. Generating New drag cubes.
[LOG 14:55:53.479] [KSPCF/DragCubeGeneration] Creating drag cubes for part 'adapterSize2-Mk2'
[LOG 14:55:53.483] PartLoader: Compiling Part 'Squad/Parts/FuelTank/adapterTanks/Size2-Size1/adapterSize2-Size1'
[LOG 14:55:53.485] PartLoader: Part 'Squad/Parts/FuelTank/adapterTanks/Size2-Size1/adapterSize2-Size1' has no database record. Creating.
[LOG 14:55:53.486] [DragCubeSystem]: Drag cubes not found or cannot be read for part Part. Generating New drag cubes.
[LOG 14:55:53.486] [KSPCF/DragCubeGeneration] Creating drag cubes for part 'adapterSize2-Size1'
[LOG 14:55:53.490] PartLoader: Compiling Part 'Squad/Parts/FuelTank/adapterTanks/Size2-Size1Slant/adapterSize2-Size1Slant'
[LOG 14:55:53.492] PartLoader: Part 'Squad/Parts/FuelTank/adapterTanks/Size2-Size1Slant/adapterSize2-Size1Slant' has no database record. Creating.
[LOG 14:55:53.492] [DragCubeSystem]: Drag cubes not found or cannot be read for part Part. Generating New drag cubes.
[LOG 14:55:53.492] [KSPCF/DragCubeGeneration] Creating drag cubes for part 'adapterSize2-Size1Slant'
[LOG 14:55:53.496] PartLoader: Compiling Part 'Squad/Parts/FuelTank/adapterTanks/Size3-Mk3/adapterSize3-Mk3'
[LOG 14:55:53.498] PartLoader: Part 'Squad/Parts/FuelTank/adapterTanks/Size3-Mk3/adapterSize3-Mk3' has no database record. Creating.
[LOG 14:55:53.498] [DragCubeSystem]: Drag cubes not found or cannot be read for part Part. Generating New drag cubes.
[LOG 14:55:53.498] [KSPCF/DragCubeGeneration] Creating drag cubes for part 'adapterSize3-Mk3'
[LOG 14:55:53.502] PartLoader: Compiling Part 'Squad/Parts/FuelTank/drainTankFTE-1/ReleaseValve/ReleaseValve'
[LOG 14:55:53.513] PartLoader: Part 'Squad/Parts/FuelTank/drainTankFTE-1/ReleaseValve/ReleaseValve' has no database record. Creating.
[LOG 14:55:53.513] [DragCubeSystem]: Drag cubes not found or cannot be read for part Part. Generating New drag cubes.
[LOG 14:55:53.513] [KSPCF/DragCubeGeneration] Creating drag cubes for part 'ReleaseValve'
[LOG 14:55:53.518] PartLoader: Compiling Part 'Squad/Parts/FuelTank/FoilTanks/RadialTank_Capsule/externalTankCapsule'
[LOG 14:55:53.521] PartLoader: Part 'Squad/Parts/FuelTank/FoilTanks/RadialTank_Capsule/externalTankCapsule' has no database record. Creating.
[LOG 14:55:53.521] [DragCubeSystem]: Drag cubes not found or cannot be read for part Part. Generating New drag cubes.
[LOG 14:55:53.521] [KSPCF/DragCubeGeneration] Creating drag cubes for part 'externalTankCapsule'
[LOG 14:55:53.526] PartLoader: Compiling Part 'Squad/Parts/FuelTank/FoilTanks/RadialTank_Round/externalTankRound'
[LOG 14:55:53.530] PartLoader: Part 'Squad/Parts/FuelTank/FoilTanks/RadialTank_Round/externalTankRound' has no database record. Creating.
[LOG 14:55:53.531] [DragCubeSystem]: Drag cubes not found or cannot be read for part Part. Generating New drag cubes.
[LOG 14:55:53.531] [KSPCF/DragCubeGeneration] Creating drag cubes for part 'externalTankRound'
[LOG 14:55:53.537] PartLoader: Compiling Part 'Squad/Parts/FuelTank/FoilTanks/ToroidTank/externalTankToroid'
[LOG 14:55:53.541] PartLoader: Part 'Squad/Parts/FuelTank/FoilTanks/ToroidTank/externalTankToroid' has no database record. Creating.
[LOG 14:55:53.541] [DragCubeSystem]: Drag cubes not found or cannot be read for part Part. Generating New drag cubes.
[LOG 14:55:53.541] [KSPCF/DragCubeGeneration] Creating drag cubes for part 'externalTankToroid'
[LOG 14:55:53.546] PartLoader: Compiling Part 'Squad/Parts/FuelTank/fuelTankOscarB/fuelTankOscarB/miniFuelTank'
[LOG 14:55:53.549] PartLoader: Part 'Squad/Parts/FuelTank/fuelTankOscarB/fuelTankOscarB/miniFuelTank' has no database record. Creating.
[LOG 14:55:53.549] [DragCubeSystem]: Drag cubes not found or cannot be read for part Part. Generating New drag cubes.
[LOG 14:55:53.550] [KSPCF/DragCubeGeneration] Creating drag cubes for part 'miniFuelTank'
[LOG 14:55:53.555] PartLoader: Compiling Part 'Squad/Parts/FuelTank/miniFuselage/miniFuselage/miniFuselage'
[LOG 14:55:53.559] PartLoader: Part 'Squad/Parts/FuelTank/miniFuselage/miniFuselage/miniFuselage' has no database record. Creating.
[LOG 14:55:53.559] [DragCubeSystem]: Drag cubes not found or cannot be read for part Part. Generating New drag cubes.
[LOG 14:55:53.559] [KSPCF/DragCubeGeneration] Creating drag cubes for part 'miniFuselage'
[LOG 14:55:53.564] PartLoader: Compiling Part 'Squad/Parts/FuelTank/mk2Adapters/bicoupler/mk2_1m_Bicoupler'
[LOG 14:55:53.567] PartLoader: Part 'Squad/Parts/FuelTank/mk2Adapters/bicoupler/mk2_1m_Bicoupler' has no database record. Creating.
[LOG 14:55:53.567] [DragCubeSystem]: Drag cubes not found or cannot be read for part Part. Generating New drag cubes.
[LOG 14:55:53.567] [KSPCF/DragCubeGeneration] Creating drag cubes for part 'mk2.1m.Bicoupler'
[LOG 14:55:53.572] PartLoader: Compiling Part 'Squad/Parts/FuelTank/mk2Adapters/long/mk2_1m_AdapterLong'
[LOG 14:55:53.575] PartLoader: Part 'Squad/Parts/FuelTank/mk2Adapters/long/mk2_1m_AdapterLong' has no database record. Creating.
[LOG 14:55:53.575] [DragCubeSystem]: Drag cubes not found or cannot be read for part Part. Generating New drag cubes.
[LOG 14:55:53.575] [KSPCF/DragCubeGeneration] Creating drag cubes for part 'mk2.1m.AdapterLong'
[LOG 14:55:53.579] PartLoader: Compiling Part 'Squad/Parts/FuelTank/mk2Adapters/standard/mk2SpacePlaneAdapter'
[LOG 14:55:53.582] PartLoader: Part 'Squad/Parts/FuelTank/mk2Adapters/standard/mk2SpacePlaneAdapter' has no database record. Creating.
[LOG 14:55:53.582] [DragCubeSystem]: Drag cubes not found or cannot be read for part Part. Generating New drag cubes.
[LOG 14:55:53.582] [KSPCF/DragCubeGeneration] Creating drag cubes for part 'mk2SpacePlaneAdapter'
[LOG 14:55:53.587] PartLoader: Compiling Part 'Squad/Parts/FuelTank/mk2FuselageLong/LFO_long/mk2FuselageLongLFO'
[LOG 14:55:53.590] PartLoader: Part 'Squad/Parts/FuelTank/mk2FuselageLong/LFO_long/mk2FuselageLongLFO' has no database record. Creating.
[LOG 14:55:53.591] [DragCubeSystem]: Drag cubes not found or cannot be read for part Part. Generating New drag cubes.
[LOG 14:55:53.591] [KSPCF/DragCubeGeneration] Creating drag cubes for part 'mk2FuselageLongLFO'
[LOG 14:55:53.595] PartLoader: Compiling Part 'Squad/Parts/FuelTank/mk2FuselageLong/L_long/mk2Fuselage'
[LOG 14:55:53.597] PartLoader: Part 'Squad/Parts/FuelTank/mk2FuselageLong/L_long/mk2Fuselage' has no database record. Creating.
[LOG 14:55:53.597] [DragCubeSystem]: Drag cubes not found or cannot be read for part Part. Generating New drag cubes.
[LOG 14:55:53.597] [KSPCF/DragCubeGeneration] Creating drag cubes for part 'mk2Fuselage'
[LOG 14:55:53.601] PartLoader: Compiling Part 'Squad/Parts/FuelTank/mk2FuselageShort/LFO_short/mk2FuselageShortLFO'
[LOG 14:55:53.604] PartLoader: Part 'Squad/Parts/FuelTank/mk2FuselageShort/LFO_short/mk2FuselageShortLFO' has no database record. Creating.
[LOG 14:55:53.604] [DragCubeSystem]: Drag cubes not found or cannot be read for part Part. Generating New drag cubes.
[LOG 14:55:53.604] [KSPCF/DragCubeGeneration] Creating drag cubes for part 'mk2FuselageShortLFO'
[LOG 14:55:53.608] PartLoader: Compiling Part 'Squad/Parts/FuelTank/mk2FuselageShort/L_short/mk2FuselageShortLiquid'
[LOG 14:55:53.611] PartLoader: Part 'Squad/Parts/FuelTank/mk2FuselageShort/L_short/mk2FuselageShortLiquid' has no database record. Creating.
[LOG 14:55:53.611] [DragCubeSystem]: Drag cubes not found or cannot be read for part Part. Generating New drag cubes.
[LOG 14:55:53.612] [KSPCF/DragCubeGeneration] Creating drag cubes for part 'mk2FuselageShortLiquid'
[LOG 14:55:53.615] PartLoader: Compiling Part 'Squad/Parts/FuelTank/mk2FuselageShort/Mono_short/mk2FuselageShortMono'
[LOG 14:55:53.618] PartLoader: Part 'Squad/Parts/FuelTank/mk2FuselageShort/Mono_short/mk2FuselageShortMono' has no database record. Creating.
[LOG 14:55:53.618] [DragCubeSystem]: Drag cubes not found or cannot be read for part Part. Generating New drag cubes.
[LOG 14:55:53.618] [KSPCF/DragCubeGeneration] Creating drag cubes for part 'mk2FuselageShortMono'
[LOG 14:55:53.623] PartLoader: Compiling Part 'Squad/Parts/FuelTank/mk3Fuselage/CREW/mk3CrewCabin'
[LOG 14:55:53.628] PartLoader: Part 'Squad/Parts/FuelTank/mk3Fuselage/CREW/mk3CrewCabin' has no database record. Creating.
[LOG 14:55:53.628] [DragCubeSystem]: Drag cubes not found or cannot be read for part Part. Generating New drag cubes.
[LOG 14:55:53.628] [KSPCF/DragCubeGeneration] Creating drag cubes for part 'mk3CrewCabin'
[LOG 14:55:53.633] PartLoader: Compiling Part 'Squad/Parts/FuelTank/mk3Fuselage/LFO_100/mk3FuselageLFO_100'
[LOG 14:55:53.635] PartLoader: Part 'Squad/Parts/FuelTank/mk3Fuselage/LFO_100/mk3FuselageLFO_100' has no database record. Creating.
[LOG 14:55:53.635] [DragCubeSystem]: Drag cubes not found or cannot be read for part Part. Generating New drag cubes.
[LOG 14:55:53.635] [KSPCF/DragCubeGeneration] Creating drag cubes for part 'mk3FuselageLFO.100'
[LOG 14:55:53.638] PartLoader: Compiling Part 'Squad/Parts/FuelTank/mk3Fuselage/LFO_25/mk3FuselageLFO_25'
[LOG 14:55:53.641] PartLoader: Part 'Squad/Parts/FuelTank/mk3Fuselage/LFO_25/mk3FuselageLFO_25' has no database record. Creating.
[LOG 14:55:53.641] [DragCubeSystem]: Drag cubes not found or cannot be read for part Part. Generating New drag cubes.
[LOG 14:55:53.641] [KSPCF/DragCubeGeneration] Creating drag cubes for part 'mk3FuselageLFO.25'
[LOG 14:55:53.645] PartLoader: Compiling Part 'Squad/Parts/FuelTank/mk3Fuselage/LFO_50/mk3FuselageLFO_50'
[LOG 14:55:53.647] PartLoader: Part 'Squad/Parts/FuelTank/mk3Fuselage/LFO_50/mk3FuselageLFO_50' has no database record. Creating.
[LOG 14:55:53.647] [DragCubeSystem]: Drag cubes not found or cannot be read for part Part. Generating New drag cubes.
[LOG 14:55:53.647] [KSPCF/DragCubeGeneration] Creating drag cubes for part 'mk3FuselageLFO.50'
[LOG 14:55:53.651] PartLoader: Compiling Part 'Squad/Parts/FuelTank/mk3Fuselage/LF_100/mk3FuselageLF_100'
[LOG 14:55:53.653] PartLoader: Part 'Squad/Parts/FuelTank/mk3Fuselage/LF_100/mk3FuselageLF_100' has no database record. Creating.
[LOG 14:55:53.653] [DragCubeSystem]: Drag cubes not found or cannot be read for part Part. Generating New drag cubes.
[LOG 14:55:53.653] [KSPCF/DragCubeGeneration] Creating drag cubes for part 'mk3FuselageLF.100'
[LOG 14:55:53.658] PartLoader: Compiling Part 'Squad/Parts/FuelTank/mk3Fuselage/LF_25/mk3FuselageLF_25'
[LOG 14:55:53.662] PartLoader: Part 'Squad/Parts/FuelTank/mk3Fuselage/LF_25/mk3FuselageLF_25' has no database record. Creating.
[LOG 14:55:53.662] [DragCubeSystem]: Drag cubes not found or cannot be read for part Part. Generating New drag cubes.
[LOG 14:55:53.662] [KSPCF/DragCubeGeneration] Creating drag cubes for part 'mk3FuselageLF.25'
[LOG 14:55:53.666] PartLoader: Compiling Part 'Squad/Parts/FuelTank/mk3Fuselage/LF_50/mk3FuselageLF_50'
[LOG 14:55:53.668] PartLoader: Part 'Squad/Parts/FuelTank/mk3Fuselage/LF_50/mk3FuselageLF_50' has no database record. Creating.
[LOG 14:55:53.668] [DragCubeSystem]: Drag cubes not found or cannot be read for part Part. Generating New drag cubes.
[LOG 14:55:53.668] [KSPCF/DragCubeGeneration] Creating drag cubes for part 'mk3FuselageLF.50'
[LOG 14:55:53.672] PartLoader: Compiling Part 'Squad/Parts/FuelTank/mk3Fuselage/MONO/mk3FuselageMONO'
[LOG 14:55:53.674] PartLoader: Part 'Squad/Parts/FuelTank/mk3Fuselage/MONO/mk3FuselageMONO' has no database record. Creating.
[LOG 14:55:53.674] [DragCubeSystem]: Drag cubes not found or cannot be read for part Part. Generating New drag cubes.
[LOG 14:55:53.674] [KSPCF/DragCubeGeneration] Creating drag cubes for part 'mk3FuselageMONO'
[LOG 14:55:53.678] PartLoader: Compiling Part 'Squad/Parts/FuelTank/RCSFuelTankR1/RCSFuelTankR1/RCSTank1-2'
[LOG 14:55:53.680] PartLoader: Part 'Squad/Parts/FuelTank/RCSFuelTankR1/RCSFuelTankR1/RCSTank1-2' has no database record. Creating.
[LOG 14:55:53.680] [DragCubeSystem]: Drag cubes not found or cannot be read for part Part. Generating New drag cubes.
[LOG 14:55:53.680] [KSPCF/DragCubeGeneration] Creating drag cubes for part 'RCSTank1-2'
[LOG 14:55:53.685] PartLoader: Compiling Part 'Squad/Parts/FuelTank/RCSFuelTankR10/RCSFuelTankR10/rcsTankMini'
[LOG 14:55:53.687] PartLoader: Part 'Squad/Parts/FuelTank/RCSFuelTankR10/RCSFuelTankR10/rcsTankMini' has no database record. Creating.
[LOG 14:55:53.687] [DragCubeSystem]: Drag cubes not found or cannot be read for part Part. Generating New drag cubes.
[LOG 14:55:53.687] [KSPCF/DragCubeGeneration] Creating drag cubes for part 'rcsTankMini'
[LOG 14:55:53.693] PartLoader: Compiling Part 'Squad/Parts/FuelTank/RCSFuelTankR25/RCSFuelTankR25/RCSFuelTank'
[LOG 14:55:53.695] PartLoader: Part 'Squad/Parts/FuelTank/RCSFuelTankR25/RCSFuelTankR25/RCSFuelTank' has no database record. Creating.
[LOG 14:55:53.695] [DragCubeSystem]: Drag cubes not found or cannot be read for part Part. Generating New drag cubes.
[LOG 14:55:53.695] [KSPCF/DragCubeGeneration] Creating drag cubes for part 'RCSFuelTank'
[LOG 14:55:53.699] PartLoader: Compiling Part 'Squad/Parts/FuelTank/RCSTankRadial/radialRCSTank/radialRCSTank'
[LOG 14:55:53.702] PartLoader: Part 'Squad/Parts/FuelTank/RCSTankRadial/radialRCSTank/radialRCSTank' has no database record. Creating.
[LOG 14:55:53.702] [DragCubeSystem]: Drag cubes not found or cannot be read for part Part. Generating New drag cubes.
[LOG 14:55:53.702] [KSPCF/DragCubeGeneration] Creating drag cubes for part 'radialRCSTank'
[LOG 14:55:53.706] PartLoader: Compiling Part 'Squad/Parts/FuelTank/RCStankRadialLong/RCSTankRadialLong/rcsTankRadialLong'
[LOG 14:55:53.709] PartLoader: Part 'Squad/Parts/FuelTank/RCStankRadialLong/RCSTankRadialLong/rcsTankRadialLong' has no database record. Creating.
[LOG 14:55:53.709] [DragCubeSystem]: Drag cubes not found or cannot be read for part Part. Generating New drag cubes.
[LOG 14:55:53.709] [KSPCF/DragCubeGeneration] Creating drag cubes for part 'rcsTankRadialLong'
[LOG 14:55:53.713] PartLoader: Compiling Part 'Squad/Parts/FuelTank/RockomaxTanks/Rockomax16/Rockomax16_BW'
[LOG 14:55:53.716] PartLoader: Part 'Squad/Parts/FuelTank/RockomaxTanks/Rockomax16/Rockomax16_BW' has no database record. Creating.
[LOG 14:55:53.716] [DragCubeSystem]: Drag cubes not found or cannot be read for part Part. Generating New drag cubes.
[LOG 14:55:53.716] [KSPCF/DragCubeGeneration] Creating drag cubes for part 'Rockomax16.BW'
[LOG 14:55:53.720] PartLoader: Compiling Part 'Squad/Parts/FuelTank/RockomaxTanks/Rockomax32/Rockomax32_BW'
[LOG 14:55:53.723] PartLoader: Part 'Squad/Parts/FuelTank/RockomaxTanks/Rockomax32/Rockomax32_BW' has no database record. Creating.
[LOG 14:55:53.723] [DragCubeSystem]: Drag cubes not found or cannot be read for part Part. Generating New drag cubes.
[LOG 14:55:53.723] [KSPCF/DragCubeGeneration] Creating drag cubes for part 'Rockomax32.BW'
[LOG 14:55:53.737] PartLoader: Compiling Part 'Squad/Parts/FuelTank/RockomaxTanks/Rockomax64/Rockomax64_BW'
[LOG 14:55:53.739] PartLoader: Part 'Squad/Parts/FuelTank/RockomaxTanks/Rockomax64/Rockomax64_BW' has no database record. Creating.
[LOG 14:55:53.740] [DragCubeSystem]: Drag cubes not found or cannot be read for part Part. Generating New drag cubes.
[LOG 14:55:53.740] [KSPCF/DragCubeGeneration] Creating drag cubes for part 'Rockomax64.BW'
[LOG 14:55:53.749] PartLoader: Compiling Part 'Squad/Parts/FuelTank/RockomaxTanks/Rockomax8/Rockomax8BW'
[LOG 14:55:53.751] PartLoader: Part 'Squad/Parts/FuelTank/RockomaxTanks/Rockomax8/Rockomax8BW' has no database record. Creating.
[LOG 14:55:53.752] [DragCubeSystem]: Drag cubes not found or cannot be read for part Part. Generating New drag cubes.
[LOG 14:55:53.752] [KSPCF/DragCubeGeneration] Creating drag cubes for part 'Rockomax8BW'
[LOG 14:55:53.761] PartLoader: Compiling Part 'Squad/Parts/FuelTank/Size1_Tanks/fuelTankT100/fuelTankSmallFlat'
[LOG 14:55:53.764] PartLoader: Part 'Squad/Parts/FuelTank/Size1_Tanks/fuelTankT100/fuelTankSmallFlat' has no database record. Creating.
[LOG 14:55:53.764] [DragCubeSystem]: Drag cubes not found or cannot be read for part Part. Generating New drag cubes.
[LOG 14:55:53.764] [KSPCF/DragCubeGeneration] Creating drag cubes for part 'fuelTankSmallFlat'
[LOG 14:55:53.769] PartLoader: Compiling Part 'Squad/Parts/FuelTank/Size1_Tanks/fuelTankT200/fuelTankSmall'
[LOG 14:55:53.772] PartLoader: Part 'Squad/Parts/FuelTank/Size1_Tanks/fuelTankT200/fuelTankSmall' has no database record. Creating.
[LOG 14:55:53.772] [DragCubeSystem]: Drag cubes not found or cannot be read for part Part. Generating New drag cubes.
[LOG 14:55:53.772] [KSPCF/DragCubeGeneration] Creating drag cubes for part 'fuelTankSmall'
[LOG 14:55:53.776] PartLoader: Compiling Part 'Squad/Parts/FuelTank/Size1_Tanks/fuelTankT400/fuelTank'
[LOG 14:55:53.780] PartLoader: Part 'Squad/Parts/FuelTank/Size1_Tanks/fuelTankT400/fuelTank' has no database record. Creating.
[LOG 14:55:53.780] [DragCubeSystem]: Drag cubes not found or cannot be read for part Part. Generating New drag cubes.
[LOG 14:55:53.780] [KSPCF/DragCubeGeneration] Creating drag cubes for part 'fuelTank'
[LOG 14:55:53.784] PartLoader: Compiling Part 'Squad/Parts/FuelTank/Size1_Tanks/fuelTankT800/fuelTank_long'
[LOG 14:55:53.786] PartLoader: Part 'Squad/Parts/FuelTank/Size1_Tanks/fuelTankT800/fuelTank_long' has no database record. Creating.
[LOG 14:55:53.786] [DragCubeSystem]: Drag cubes not found or cannot be read for part Part. Generating New drag cubes.
[LOG 14:55:53.786] [KSPCF/DragCubeGeneration] Creating drag cubes for part 'fuelTank.long'
[LOG 14:55:53.790] PartLoader: Compiling Part 'Squad/Parts/FuelTank/Size3Tanks/large/Size3LargeTank'
[LOG 14:55:53.793] PartLoader: Part 'Squad/Parts/FuelTank/Size3Tanks/large/Size3LargeTank' has no database record. Creating.
[LOG 14:55:53.793] [DragCubeSystem]: Drag cubes not found or cannot be read for part Part. Generating New drag cubes.
[LOG 14:55:53.793] [KSPCF/DragCubeGeneration] Creating drag cubes for part 'Size3LargeTank'
[LOG 14:55:53.797] PartLoader: Compiling Part 'Squad/Parts/FuelTank/Size3Tanks/medium/Size3MediumTank'
[LOG 14:55:53.800] PartLoader: Part 'Squad/Parts/FuelTank/Size3Tanks/medium/Size3MediumTank' has no database record. Creating.
[LOG 14:55:53.800] [DragCubeSystem]: Drag cubes not found or cannot be read for part Part. Generating New drag cubes.
[LOG 14:55:53.800] [KSPCF/DragCubeGeneration] Creating drag cubes for part 'Size3MediumTank'
[LOG 14:55:53.804] PartLoader: Compiling Part 'Squad/Parts/FuelTank/Size3Tanks/small/Size3SmallTank'
[LOG 14:55:53.807] PartLoader: Part 'Squad/Parts/FuelTank/Size3Tanks/small/Size3SmallTank' has no database record. Creating.
[LOG 14:55:53.807] [DragCubeSystem]: Drag cubes not found or cannot be read for part Part. Generating New drag cubes.
[LOG 14:55:53.807] [KSPCF/DragCubeGeneration] Creating drag cubes for part 'Size3SmallTank'
[LOG 14:55:53.811] PartLoader: Compiling Part 'Squad/Parts/FuelTank/xenonTank/xenonTank/xenonTank'
[LOG 14:55:53.814] PartLoader: Part 'Squad/Parts/FuelTank/xenonTank/xenonTank/xenonTank' has no database record. Creating.
[LOG 14:55:53.814] [DragCubeSystem]: Drag cubes not found or cannot be read for part Part. Generating New drag cubes.
[LOG 14:55:53.814] [KSPCF/DragCubeGeneration] Creating drag cubes for part 'xenonTank'
[LOG 14:55:53.817] PartLoader: Compiling Part 'Squad/Parts/FuelTank/xenonTankLarge/xenonTankLarge/xenonTankLarge'
[LOG 14:55:53.820] PartLoader: Part 'Squad/Parts/FuelTank/xenonTankLarge/xenonTankLarge/xenonTankLarge' has no database record. Creating.
[LOG 14:55:53.820] [DragCubeSystem]: Drag cubes not found or cannot be read for part Part. Generating New drag cubes.
[LOG 14:55:53.820] [KSPCF/DragCubeGeneration] Creating drag cubes for part 'xenonTankLarge'
[LOG 14:55:53.824] PartLoader: Compiling Part 'Squad/Parts/FuelTank/xenonTankRadial/xenonTankRadial/xenonTankRadial'
[LOG 14:55:53.827] PartLoader: Part 'Squad/Parts/FuelTank/xenonTankRadial/xenonTankRadial/xenonTankRadial' has no database record. Creating.
[LOG 14:55:53.827] [DragCubeSystem]: Drag cubes not found or cannot be read for part Part. Generating New drag cubes.
[LOG 14:55:53.827] [KSPCF/DragCubeGeneration] Creating drag cubes for part 'xenonTankRadial'
[LOG 14:55:53.831] PartLoader: Compiling Part 'Squad/Parts/Misc/AsteroidDay/CamSat/InfraredTelescope'
[LOG 14:55:53.838] PartLoader: Part 'Squad/Parts/Misc/AsteroidDay/CamSat/InfraredTelescope' has no database record. Creating.
[LOG 14:55:53.838] [DragCubeSystem]: Drag cubes not found or cannot be read for part Part. Generating New drag cubes.
[LOG 14:55:53.838] [KSPCF/DragCubeGeneration] Creating drag cubes for part 'InfraredTelescope'
[LOG 14:55:53.842] PartLoader: Compiling Part 'Squad/Parts/Misc/AsteroidDay/HECS2/HECS2_ProbeCore'
[LOG 14:55:53.848] PartLoader: Part 'Squad/Parts/Misc/AsteroidDay/HECS2/HECS2_ProbeCore' has no database record. Creating.
[LOG 14:55:53.848] [DragCubeSystem]: Drag cubes not found or cannot be read for part Part. Generating New drag cubes.
[LOG 14:55:53.848] [KSPCF/DragCubeGeneration] Creating drag cubes for part 'HECS2.ProbeCore'
[LOG 14:55:53.853] PartLoader: Compiling Part 'Squad/Parts/Misc/AsteroidDay/HighGainAntenna/HighGainAntenna'
[LOG 14:55:53.861] PartLoader: Part 'Squad/Parts/Misc/AsteroidDay/HighGainAntenna/HighGainAntenna' has no database record. Creating.
[LOG 14:55:53.861] [DragCubeSystem]: Drag cubes not found or cannot be read for part Part. Generating New drag cubes.
[LOG 14:55:53.861] [KSPCF/DragCubeGeneration] Creating drag cubes for part 'HighGainAntenna'
[LOG 14:55:53.874] PartLoader: Compiling Part 'Squad/Parts/Misc/AsteroidDay/LgRadialSolar/LgRadialSolarPanel'
[LOG 14:55:53.877] PartLoader: Part 'Squad/Parts/Misc/AsteroidDay/LgRadialSolar/LgRadialSolarPanel' has no database record. Creating.
[LOG 14:55:53.877] [DragCubeSystem]: Drag cubes not found or cannot be read for part Part. Generating New drag cubes.
[LOG 14:55:53.878] [KSPCF/DragCubeGeneration] Creating drag cubes for part 'LgRadialSolarPanel'
[LOG 14:55:53.883] PartLoader: Compiling Part 'Squad/Parts/Misc/PotatoComet/part/PotatoComet'
[LOG 14:55:53.895] PartLoader: Part 'Squad/Parts/Misc/PotatoComet/part/PotatoComet' has no database record. Creating.
[LOG 14:55:53.895] PartLoader: Compiling Part 'Squad/Parts/Misc/PotatoRoid/part/PotatoRoid'
[LOG 14:55:53.905] PartLoader: Part 'Squad/Parts/Misc/PotatoRoid/part/PotatoRoid' has no database record. Creating.
[LOG 14:55:53.905] PartLoader: Compiling Part 'Squad/Parts/Prebuilt/flag/flag'
[LOG 14:55:53.908] PartLoader: Compiling Part 'Squad/Parts/Prebuilt/kerbalEVA/kerbalEVA'
[LOG 14:55:53.925] PartLoader: Compiling Part 'Squad/Parts/Prebuilt/kerbalEVAfemale/kerbalEVAfemale'
[LOG 14:55:53.931] PartLoader: Compiling Part 'Squad/Parts/Prebuilt/kerbalEVASlimSuit/kerbalEVASlimSuit'
[LOG 14:55:53.936] PartLoader: Compiling Part 'Squad/Parts/Prebuilt/kerbalEVASlimSuitFemale/kerbalEVASlimSuitFemale'
[LOG 14:55:53.942] PartLoader: Compiling Part 'Squad/Parts/Resources/FuelCell/FuelCell/FuelCell'
[LOG 14:55:53.950] PartLoader: Part 'Squad/Parts/Resources/FuelCell/FuelCell/FuelCell' has no database record. Creating.
[LOG 14:55:53.950] [DragCubeSystem]: Drag cubes not found or cannot be read for part Part. Generating New drag cubes.
[LOG 14:55:53.950] [KSPCF/DragCubeGeneration] Creating drag cubes for part 'FuelCell'
[LOG 14:55:53.957] PartLoader: Compiling Part 'Squad/Parts/Resources/FuelCell/FuelCellArray/FuelCellArray'
[LOG 14:55:53.960] PartLoader: Part 'Squad/Parts/Resources/FuelCell/FuelCellArray/FuelCellArray' has no database record. Creating.
[LOG 14:55:53.961] [DragCubeSystem]: Drag cubes not found or cannot be read for part Part. Generating New drag cubes.
[LOG 14:55:53.961] [KSPCF/DragCubeGeneration] Creating drag cubes for part 'FuelCellArray'
[LOG 14:55:53.966] PartLoader: Compiling Part 'Squad/Parts/Resources/ISRU/ISRU/ISRU'
[LOG 14:55:53.975] PartLoader: Part 'Squad/Parts/Resources/ISRU/ISRU/ISRU' has no database record. Creating.
[LOG 14:55:53.975] [DragCubeSystem]: Drag cubes not found or cannot be read for part Part. Generating New drag cubes.
[LOG 14:55:53.975] [KSPCF/DragCubeGeneration] Creating drag cubes for part 'ISRU'
[LOG 14:55:53.988] PartLoader: Compiling Part 'Squad/Parts/Resources/LargeTank/LargeTank/LargeTank'
[LOG 14:55:53.993] PartLoader: Part 'Squad/Parts/Resources/LargeTank/LargeTank/LargeTank' has no database record. Creating.
[LOG 14:55:53.993] [DragCubeSystem]: Drag cubes not found or cannot be read for part Part. Generating New drag cubes.
[LOG 14:55:53.993] [KSPCF/DragCubeGeneration] Creating drag cubes for part 'LargeTank'
[LOG 14:55:53.998] PartLoader: Compiling Part 'Squad/Parts/Resources/MiniDrill/MiniDrill/MiniDrill'
[LOG 14:55:54.015] PartLoader: Part 'Squad/Parts/Resources/MiniDrill/MiniDrill/MiniDrill' has no database record. Creating.
[LOG 14:55:54.015] [DragCubeSystem]: Drag cubes not found or cannot be read for part Part. Generating New drag cubes.
[LOG 14:55:54.015] [KSPCF/DragCubeGeneration] Creating drag cubes for part 'MiniDrill'
[LOG 14:55:54.038] PartLoader: Compiling Part 'Squad/Parts/Resources/MiniISRU/MiniISRU/MiniISRU'
[LOG 14:55:54.043] PartLoader: Part 'Squad/Parts/Resources/MiniISRU/MiniISRU/MiniISRU' has no database record. Creating.
[LOG 14:55:54.043] [DragCubeSystem]: Drag cubes not found or cannot be read for part Part. Generating New drag cubes.
[LOG 14:55:54.043] [KSPCF/DragCubeGeneration] Creating drag cubes for part 'MiniISRU'
[LOG 14:55:54.048] PartLoader: Compiling Part 'Squad/Parts/Resources/OrbitalScanner/OrbitalScanner/OrbitalScanner'
[LOG 14:55:54.057] PartLoader: Part 'Squad/Parts/Resources/OrbitalScanner/OrbitalScanner/OrbitalScanner' has no database record. Creating.
[LOG 14:55:54.057] [DragCubeSystem]: Drag cubes not found or cannot be read for part Part. Generating New drag cubes.
[LOG 14:55:54.057] [KSPCF/DragCubeGeneration] Creating drag cubes for part 'OrbitalScanner'
[LOG 14:55:54.069] PartLoader: Compiling Part 'Squad/Parts/Resources/RadialDrill/RadialDrill/RadialDrill'
[LOG 14:55:54.075] PartLoader: Part 'Squad/Parts/Resources/RadialDrill/RadialDrill/RadialDrill' has no database record. Creating.
[LOG 14:55:54.075] [DragCubeSystem]: Drag cubes not found or cannot be read for part Part. Generating New drag cubes.
[LOG 14:55:54.075] [KSPCF/DragCubeGeneration] Creating drag cubes for part 'RadialDrill'
[LOG 14:55:54.099] PartLoader: Compiling Part 'Squad/Parts/Resources/RadialTank/RadialTank/RadialOreTank'
[LOG 14:55:54.102] PartLoader: Part 'Squad/Parts/Resources/RadialTank/RadialTank/RadialOreTank' has no database record. Creating.
[LOG 14:55:54.102] [DragCubeSystem]: Drag cubes not found or cannot be read for part Part. Generating New drag cubes.
[LOG 14:55:54.102] [KSPCF/DragCubeGeneration] Creating drag cubes for part 'RadialOreTank'
[LOG 14:55:54.106] PartLoader: Compiling Part 'Squad/Parts/Resources/SmallTank/SmallTank/SmallTank'
[LOG 14:55:54.109] PartLoader: Part 'Squad/Parts/Resources/SmallTank/SmallTank/SmallTank' has no database record. Creating.
[LOG 14:55:54.109] [DragCubeSystem]: Drag cubes not found or cannot be read for part Part. Generating New drag cubes.
[LOG 14:55:54.109] [KSPCF/DragCubeGeneration] Creating drag cubes for part 'SmallTank'
[LOG 14:55:54.113] PartLoader: Compiling Part 'Squad/Parts/Resources/SurfaceScanner/SurfaceScanner/SurfaceScanner'
[LOG 14:55:54.126] PartLoader: Part 'Squad/Parts/Resources/SurfaceScanner/SurfaceScanner/SurfaceScanner' has no database record. Creating.
[LOG 14:55:54.127] [DragCubeSystem]: Drag cubes not found or cannot be read for part Part. Generating New drag cubes.
[LOG 14:55:54.127] [KSPCF/DragCubeGeneration] Creating drag cubes for part 'SurfaceScanner'
[LOG 14:55:54.132] PartLoader: Compiling Part 'Squad/Parts/Resources/SurveyScanner/SurveyScanner/SurveyScanner'
[LOG 14:55:54.146] PartLoader: Part 'Squad/Parts/Resources/SurveyScanner/SurveyScanner/SurveyScanner' has no database record. Creating.
[LOG 14:55:54.146] [DragCubeSystem]: Drag cubes not found or cannot be read for part Part. Generating New drag cubes.
[LOG 14:55:54.146] [KSPCF/DragCubeGeneration] Creating drag cubes for part 'SurveyScanner'
[LOG 14:55:54.158] PartLoader: Compiling Part 'Squad/Parts/Science/AtmosphereSensor/sensorAtmosphere/sensorAtmosphere'
[LOG 14:55:54.161] PartLoader: Part 'Squad/Parts/Science/AtmosphereSensor/sensorAtmosphere/sensorAtmosphere' has no database record. Creating.
[LOG 14:55:54.161] [DragCubeSystem]: Drag cubes not found or cannot be read for part Part. Generating New drag cubes.
[LOG 14:55:54.161] [KSPCF/DragCubeGeneration] Creating drag cubes for part 'sensorAtmosphere'
[LOG 14:55:54.166] PartLoader: Compiling Part 'Squad/Parts/Science/GooExperiment/gooExperiment/GooExperiment'
[LOG 14:55:54.170] PartLoader: Part 'Squad/Parts/Science/GooExperiment/gooExperiment/GooExperiment' has no database record. Creating.
[LOG 14:55:54.170] [DragCubeSystem]: Drag cubes not found or cannot be read for part Part. Generating New drag cubes.
[LOG 14:55:54.170] [KSPCF/DragCubeGeneration] Creating drag cubes for part 'GooExperiment'
[LOG 14:55:54.181] PartLoader: Compiling Part 'Squad/Parts/Science/LargeCrewedLab/largeCrewedLab/Large_Crewed_Lab'
[LOG 14:55:54.197] PartLoader: Part 'Squad/Parts/Science/LargeCrewedLab/largeCrewedLab/Large_Crewed_Lab' has no database record. Creating.
[LOG 14:55:54.197] [DragCubeSystem]: Drag cubes not found or cannot be read for part Part. Generating New drag cubes.
[LOG 14:55:54.197] [KSPCF/DragCubeGeneration] Creating drag cubes for part 'Large.Crewed.Lab'
[LOG 14:55:54.202] PartLoader: Compiling Part 'Squad/Parts/Science/Magnetometer/Magnetometer/Magnetometer'
[LOG 14:55:54.211] PartLoader: Part 'Squad/Parts/Science/Magnetometer/Magnetometer/Magnetometer' has no database record. Creating.
[LOG 14:55:54.211] [DragCubeSystem]: Drag cubes not found or cannot be read for part Part. Generating New drag cubes.
[LOG 14:55:54.212] [KSPCF/DragCubeGeneration] Creating drag cubes for part 'Magnetometer'
[LOG 14:55:54.226] PartLoader: Compiling Part 'Squad/Parts/Science/MaterialBay/materialBay/science_module'
[LOG 14:55:54.230] PartLoader: Part 'Squad/Parts/Science/MaterialBay/materialBay/science_module' has no database record. Creating.
[LOG 14:55:54.230] [DragCubeSystem]: Drag cubes not found or cannot be read for part Part. Generating New drag cubes.
[LOG 14:55:54.230] [KSPCF/DragCubeGeneration] Creating drag cubes for part 'science.module'
[LOG 14:55:54.242] PartLoader: Compiling Part 'Squad/Parts/Science/ScienceBox/ScienceBox/ScienceBox'
[LOG 14:55:54.246] PartLoader: Part 'Squad/Parts/Science/ScienceBox/ScienceBox/ScienceBox' has no database record. Creating.
[LOG 14:55:54.246] [DragCubeSystem]: Drag cubes not found or cannot be read for part Part. Generating New drag cubes.
[LOG 14:55:54.246] [KSPCF/DragCubeGeneration] Creating drag cubes for part 'ScienceBox'
[LOG 14:55:54.250] PartLoader: Compiling Part 'Squad/Parts/Science/sensorAccelerometer/sensorAccelerometer/sensorAccelerometer'
[LOG 14:55:54.256] PartLoader: Part 'Squad/Parts/Science/sensorAccelerometer/sensorAccelerometer/sensorAccelerometer' has no database record. Creating.
[LOG 14:55:54.256] [DragCubeSystem]: Drag cubes not found or cannot be read for part Part. Generating New drag cubes.
[LOG 14:55:54.256] [KSPCF/DragCubeGeneration] Creating drag cubes for part 'sensorAccelerometer'
[LOG 14:55:54.260] PartLoader: Compiling Part 'Squad/Parts/Science/sensorBarometer/sensorBarometer/sensorBarometer'
[LOG 14:55:54.264] PartLoader: Part 'Squad/Parts/Science/sensorBarometer/sensorBarometer/sensorBarometer' has no database record. Creating.
[LOG 14:55:54.264] [DragCubeSystem]: Drag cubes not found or cannot be read for part Part. Generating New drag cubes.
[LOG 14:55:54.264] [KSPCF/DragCubeGeneration] Creating drag cubes for part 'sensorBarometer'
[LOG 14:55:54.268] PartLoader: Compiling Part 'Squad/Parts/Science/sensorGravimeter/sensorGravimeter/sensorGravimeter'
[LOG 14:55:54.276] PartLoader: Part 'Squad/Parts/Science/sensorGravimeter/sensorGravimeter/sensorGravimeter' has no database record. Creating.
[LOG 14:55:54.276] [DragCubeSystem]: Drag cubes not found or cannot be read for part Part. Generating New drag cubes.
[LOG 14:55:54.276] [KSPCF/DragCubeGeneration] Creating drag cubes for part 'sensorGravimeter'
[LOG 14:55:54.280] PartLoader: Compiling Part 'Squad/Parts/Science/sensorThermometer/sensorThermometer/sensorThermometer'
[LOG 14:55:54.283] PartLoader: Part 'Squad/Parts/Science/sensorThermometer/sensorThermometer/sensorThermometer' has no database record. Creating.
[LOG 14:55:54.283] [DragCubeSystem]: Drag cubes not found or cannot be read for part Part. Generating New drag cubes.
[LOG 14:55:54.283] [KSPCF/DragCubeGeneration] Creating drag cubes for part 'sensorThermometer'
[LOG 14:55:54.288] PartLoader: Compiling Part 'Squad/Parts/Structural/FLAdapters/adapterSmallMiniShort/adapterSmallMiniShort'
[LOG 14:55:54.291] PartLoader: Part 'Squad/Parts/Structural/FLAdapters/adapterSmallMiniShort/adapterSmallMiniShort' has no database record. Creating.
[LOG 14:55:54.291] [DragCubeSystem]: Drag cubes not found or cannot be read for part Part. Generating New drag cubes.
[LOG 14:55:54.291] [KSPCF/DragCubeGeneration] Creating drag cubes for part 'adapterSmallMiniShort'
[LOG 14:55:54.295] PartLoader: Compiling Part 'Squad/Parts/Structural/FLAdapters/adapterSmallMiniTall/adapterSmallMiniTall'
[LOG 14:55:54.298] PartLoader: Part 'Squad/Parts/Structural/FLAdapters/adapterSmallMiniTall/adapterSmallMiniTall' has no database record. Creating.
[LOG 14:55:54.298] [DragCubeSystem]: Drag cubes not found or cannot be read for part Part. Generating New drag cubes.
[LOG 14:55:54.298] [KSPCF/DragCubeGeneration] Creating drag cubes for part 'adapterSmallMiniTall'
[LOG 14:55:54.302] PartLoader: Compiling Part 'Squad/Parts/Structural/mk1Parts/engineBodyRadial/radialEngineBody'
[LOG 14:55:54.304] PartLoader: Part 'Squad/Parts/Structural/mk1Parts/engineBodyRadial/radialEngineBody' has no database record. Creating.
[LOG 14:55:54.304] [DragCubeSystem]: Drag cubes not found or cannot be read for part Part. Generating New drag cubes.
[LOG 14:55:54.305] [KSPCF/DragCubeGeneration] Creating drag cubes for part 'radialEngineBody'
[LOG 14:55:54.313] PartLoader: Compiling Part 'Squad/Parts/Structural/mk1Parts/engineNacelle/nacelleBody'
[LOG 14:55:54.317] PartLoader: Part 'Squad/Parts/Structural/mk1Parts/engineNacelle/nacelleBody' has no database record. Creating.
[LOG 14:55:54.318] [DragCubeSystem]: Drag cubes not found or cannot be read for part Part. Generating New drag cubes.
[LOG 14:55:54.318] [KSPCF/DragCubeGeneration] Creating drag cubes for part 'nacelleBody'
[LOG 14:55:54.323] PartLoader: Compiling Part 'Squad/Parts/Structural/mk1Parts/mk1Fuselage/MK1Fuselage'
[LOG 14:55:54.326] PartLoader: Part 'Squad/Parts/Structural/mk1Parts/mk1Fuselage/MK1Fuselage' has no database record. Creating.
[LOG 14:55:54.326] [DragCubeSystem]: Drag cubes not found or cannot be read for part Part. Generating New drag cubes.
[LOG 14:55:54.326] [KSPCF/DragCubeGeneration] Creating drag cubes for part 'MK1Fuselage'
[LOG 14:55:54.330] PartLoader: Compiling Part 'Squad/Parts/Structural/mk1Parts/mk1FuselageIntake/MK1IntakeFuselage'
[LOG 14:55:54.334] PartLoader: Part 'Squad/Parts/Structural/mk1Parts/mk1FuselageIntake/MK1IntakeFuselage' has no database record. Creating.
[LOG 14:55:54.335] [DragCubeSystem]: Drag cubes not found or cannot be read for part Part. Generating New drag cubes.
[LOG 14:55:54.335] [KSPCF/DragCubeGeneration] Creating drag cubes for part 'MK1IntakeFuselage'
[LOG 14:55:54.339] PartLoader: Compiling Part 'Squad/Parts/Structural/mk1Parts/mk1Structural/Mk1FuselageStructural'
[LOG 14:55:54.343] PartLoader: Part 'Squad/Parts/Structural/mk1Parts/mk1Structural/Mk1FuselageStructural' has no database record. Creating.
[LOG 14:55:54.343] PartLoader: Compiling Part 'Squad/Parts/Structural/Size3To2Adapter_v2/Size2to3_v2/Size3To2Adapter_v2'
[LOG 14:55:54.346] PartLoader: Part 'Squad/Parts/Structural/Size3To2Adapter_v2/Size2to3_v2/Size3To2Adapter_v2' has no database record. Creating.
[LOG 14:55:54.346] PartLoader: Compiling Part 'Squad/Parts/Structural/stackAdapters/adapterLargeSmallBi/adapterLargeSmallBi'
[LOG 14:55:54.354] PartLoader: Part 'Squad/Parts/Structural/stackAdapters/adapterLargeSmallBi/adapterLargeSmallBi' has no database record. Creating.
[LOG 14:55:54.354] [DragCubeSystem]: Drag cubes not found or cannot be read for part Part. Generating New drag cubes.
[LOG 14:55:54.354] [KSPCF/DragCubeGeneration] Creating drag cubes for part 'adapterLargeSmallBi'
[LOG 14:55:54.358] PartLoader: Compiling Part 'Squad/Parts/Structural/stackAdapters/adapterLargeSmallQuad/adapterLargeSmallQuad'
[LOG 14:55:54.363] PartLoader: Part 'Squad/Parts/Structural/stackAdapters/adapterLargeSmallQuad/adapterLargeSmallQuad' has no database record. Creating.
[LOG 14:55:54.363] [DragCubeSystem]: Drag cubes not found or cannot be read for part Part. Generating New drag cubes.
[LOG 14:55:54.363] [KSPCF/DragCubeGeneration] Creating drag cubes for part 'adapterLargeSmallQuad'
[LOG 14:55:54.367] PartLoader: Compiling Part 'Squad/Parts/Structural/stackAdapters/adapterLargeSmallTri/adapterLargeSmallTri'
[LOG 14:55:54.372] PartLoader: Part 'Squad/Parts/Structural/stackAdapters/adapterLargeSmallTri/adapterLargeSmallTri' has no database record. Creating.
[LOG 14:55:54.372] [DragCubeSystem]: Drag cubes not found or cannot be read for part Part. Generating New drag cubes.
[LOG 14:55:54.372] [KSPCF/DragCubeGeneration] Creating drag cubes for part 'adapterLargeSmallTri'
[LOG 14:55:54.376] PartLoader: Compiling Part 'Squad/Parts/Structural/stationHub/stationHub/stationHub'
[LOG 14:55:54.381] PartLoader: Part 'Squad/Parts/Structural/stationHub/stationHub/stationHub' has no database record. Creating.
[LOG 14:55:54.381] [DragCubeSystem]: Drag cubes not found or cannot be read for part Part. Generating New drag cubes.
[LOG 14:55:54.381] [KSPCF/DragCubeGeneration] Creating drag cubes for part 'stationHub'
[LOG 14:55:54.390] PartLoader: Compiling Part 'Squad/Parts/Structural/structuralIBeam200/structuralIBeam200/structuralIBeam2'
[LOG 14:55:54.394] PartLoader: Part 'Squad/Parts/Structural/structuralIBeam200/structuralIBeam200/structuralIBeam2' has no database record. Creating.
[LOG 14:55:54.394] [DragCubeSystem]: Drag cubes not found or cannot be read for part Part. Generating New drag cubes.
[LOG 14:55:54.394] [KSPCF/DragCubeGeneration] Creating drag cubes for part 'structuralIBeam2'
[LOG 14:55:54.398] PartLoader: Compiling Part 'Squad/Parts/Structural/structuralIBeam200Pocket/structuralIBeam200Pocket/structuralIBeam3'
[LOG 14:55:54.401] PartLoader: Part 'Squad/Parts/Structural/structuralIBeam200Pocket/structuralIBeam200Pocket/structuralIBeam3' has no database record. Creating.
[LOG 14:55:54.401] [DragCubeSystem]: Drag cubes not found or cannot be read for part Part. Generating New drag cubes.
[LOG 14:55:54.401] [KSPCF/DragCubeGeneration] Creating drag cubes for part 'structuralIBeam3'
[LOG 14:55:54.405] PartLoader: Compiling Part 'Squad/Parts/Structural/structuralIBeam650/structuralIBeam650/structuralIBeam1'
[LOG 14:55:54.416] PartLoader: Part 'Squad/Parts/Structural/structuralIBeam650/structuralIBeam650/structuralIBeam1' has no database record. Creating.
[LOG 14:55:54.416] [DragCubeSystem]: Drag cubes not found or cannot be read for part Part. Generating New drag cubes.
[LOG 14:55:54.416] [KSPCF/DragCubeGeneration] Creating drag cubes for part 'structuralIBeam1'
[LOG 14:55:54.422] PartLoader: Compiling Part 'Squad/Parts/Structural/structuralMicronode/structuralMicronode/structuralMiniNode'
[LOG 14:55:54.424] PartLoader: Part 'Squad/Parts/Structural/structuralMicronode/structuralMicronode/structuralMiniNode' has no database record. Creating.
[LOG 14:55:54.424] [DragCubeSystem]: Drag cubes not found or cannot be read for part Part. Generating New drag cubes.
[LOG 14:55:54.424] [KSPCF/DragCubeGeneration] Creating drag cubes for part 'structuralMiniNode'
[LOG 14:55:54.429] PartLoader: Compiling Part 'Squad/Parts/Structural/structuralPanel1x1/structuralPanel1x1/structuralPanel1'
[LOG 14:55:54.431] PartLoader: Part 'Squad/Parts/Structural/structuralPanel1x1/structuralPanel1x1/structuralPanel1' has no database record. Creating.
[LOG 14:55:54.431] [DragCubeSystem]: Drag cubes not found or cannot be read for part Part. Generating New drag cubes.
[LOG 14:55:54.431] [KSPCF/DragCubeGeneration] Creating drag cubes for part 'structuralPanel1'
[LOG 14:55:54.435] PartLoader: Compiling Part 'Squad/Parts/Structural/structuralPanel2x2/structuralPanel2x2/structuralPanel2'
[LOG 14:55:54.438] PartLoader: Part 'Squad/Parts/Structural/structuralPanel2x2/structuralPanel2x2/structuralPanel2' has no database record. Creating.
[LOG 14:55:54.438] [DragCubeSystem]: Drag cubes not found or cannot be read for part Part. Generating New drag cubes.
[LOG 14:55:54.438] [KSPCF/DragCubeGeneration] Creating drag cubes for part 'structuralPanel2'
[LOG 14:55:54.442] PartLoader: Compiling Part 'Squad/Parts/Structural/structuralPylons/smallHardpoint/smallHardpoint'
[LOG 14:55:54.448] PartLoader: Part 'Squad/Parts/Structural/structuralPylons/smallHardpoint/smallHardpoint' has no database record. Creating.
[LOG 14:55:54.448] [DragCubeSystem]: Drag cubes not found or cannot be read for part Part. Generating New drag cubes.
[LOG 14:55:54.448] [KSPCF/DragCubeGeneration] Creating drag cubes for part 'smallHardpoint'
[LOG 14:55:54.452] PartLoader: Compiling Part 'Squad/Parts/Structural/structuralPylons/structuralPylon/structuralPylon'
[LOG 14:55:54.458] PartLoader: Part 'Squad/Parts/Structural/structuralPylons/structuralPylon/structuralPylon' has no database record. Creating.
[LOG 14:55:54.458] [DragCubeSystem]: Drag cubes not found or cannot be read for part Part. Generating New drag cubes.
[LOG 14:55:54.458] [KSPCF/DragCubeGeneration] Creating drag cubes for part 'structuralPylon'
[LOG 14:55:54.462] PartLoader: Compiling Part 'Squad/Parts/Structural/strutCubicOcto/strutCubicOcto/strutCube'
[LOG 14:55:54.465] PartLoader: Part 'Squad/Parts/Structural/strutCubicOcto/strutCubicOcto/strutCube' has no database record. Creating.
[LOG 14:55:54.465] [DragCubeSystem]: Drag cubes not found or cannot be read for part Part. Generating New drag cubes.
[LOG 14:55:54.465] [KSPCF/DragCubeGeneration] Creating drag cubes for part 'strutCube'
[LOG 14:55:54.469] PartLoader: Compiling Part 'Squad/Parts/Structural/strutOcto/strutOcto/strutOcto'
[LOG 14:55:54.471] PartLoader: Part 'Squad/Parts/Structural/strutOcto/strutOcto/strutOcto' has no database record. Creating.
[LOG 14:55:54.472] [DragCubeSystem]: Drag cubes not found or cannot be read for part Part. Generating New drag cubes.
[LOG 14:55:54.472] [KSPCF/DragCubeGeneration] Creating drag cubes for part 'strutOcto'
[LOG 14:55:54.476] PartLoader: Compiling Part 'Squad/Parts/Structural/trussGirderAdapter/trussGirderAdapter/trussAdapter'
[LOG 14:55:54.478] PartLoader: Part 'Squad/Parts/Structural/trussGirderAdapter/trussGirderAdapter/trussAdapter' has no database record. Creating.
[LOG 14:55:54.478] [DragCubeSystem]: Drag cubes not found or cannot be read for part Part. Generating New drag cubes.
[LOG 14:55:54.478] [KSPCF/DragCubeGeneration] Creating drag cubes for part 'trussAdapter'
[LOG 14:55:54.483] PartLoader: Compiling Part 'Squad/Parts/Structural/trussGirderL/trussGirderL/trussPiece1x'
[LOG 14:55:54.485] PartLoader: Part 'Squad/Parts/Structural/trussGirderL/trussGirderL/trussPiece1x' has no database record. Creating.
[LOG 14:55:54.485] [DragCubeSystem]: Drag cubes not found or cannot be read for part Part. Generating New drag cubes.
[LOG 14:55:54.485] [KSPCF/DragCubeGeneration] Creating drag cubes for part 'trussPiece1x'
[LOG 14:55:54.490] PartLoader: Compiling Part 'Squad/Parts/Structural/trussGirderXL/trussGirderXL/trussPiece3x'
[LOG 14:55:54.493] PartLoader: Part 'Squad/Parts/Structural/trussGirderXL/trussGirderXL/trussPiece3x' has no database record. Creating.
[LOG 14:55:54.493] [DragCubeSystem]: Drag cubes not found or cannot be read for part Part. Generating New drag cubes.
[LOG 14:55:54.493] [KSPCF/DragCubeGeneration] Creating drag cubes for part 'trussPiece3x'
[LOG 14:55:54.497] PartLoader: Compiling Part 'Squad/Parts/Thermal/FoldingRadiators/foldingRadLarge/foldingRadLarge'
[LOG 14:55:54.510] PartLoader: Part 'Squad/Parts/Thermal/FoldingRadiators/foldingRadLarge/foldingRadLarge' has no database record. Creating.
[LOG 14:55:54.511] PartLoader: Compiling Part 'Squad/Parts/Thermal/FoldingRadiators/foldingRadMed/foldingRadMed'
[LOG 14:55:54.516] PartLoader: Part 'Squad/Parts/Thermal/FoldingRadiators/foldingRadMed/foldingRadMed' has no database record. Creating.
[LOG 14:55:54.517] PartLoader: Compiling Part 'Squad/Parts/Thermal/FoldingRadiators/foldingRadSmall/foldingRadSmall'
[LOG 14:55:54.521] PartLoader: Part 'Squad/Parts/Thermal/FoldingRadiators/foldingRadSmall/foldingRadSmall' has no database record. Creating.
[LOG 14:55:54.522] PartLoader: Compiling Part 'Squad/Parts/Thermal/RadiatorPanels/radPanelEdge/radPanelEdge'
[LOG 14:55:54.525] PartLoader: Part 'Squad/Parts/Thermal/RadiatorPanels/radPanelEdge/radPanelEdge' has no database record. Creating.
[LOG 14:55:54.525] [DragCubeSystem]: Drag cubes not found or cannot be read for part Part. Generating New drag cubes.
[LOG 14:55:54.525] [KSPCF/DragCubeGeneration] Creating drag cubes for part 'radPanelEdge'
[LOG 14:55:54.530] PartLoader: Compiling Part 'Squad/Parts/Thermal/RadiatorPanels/radPanelLg/radPanelLg'
[LOG 14:55:54.534] PartLoader: Part 'Squad/Parts/Thermal/RadiatorPanels/radPanelLg/radPanelLg' has no database record. Creating.
[LOG 14:55:54.534] [DragCubeSystem]: Drag cubes not found or cannot be read for part Part. Generating New drag cubes.
[LOG 14:55:54.534] [KSPCF/DragCubeGeneration] Creating drag cubes for part 'radPanelLg'
[LOG 14:55:54.538] PartLoader: Compiling Part 'Squad/Parts/Thermal/RadiatorPanels/radPanelSm/radPanelSm'
[LOG 14:55:54.541] PartLoader: Part 'Squad/Parts/Thermal/RadiatorPanels/radPanelSm/radPanelSm' has no database record. Creating.
[LOG 14:55:54.541] [DragCubeSystem]: Drag cubes not found or cannot be read for part Part. Generating New drag cubes.
[LOG 14:55:54.541] [KSPCF/DragCubeGeneration] Creating drag cubes for part 'radPanelSm'
[LOG 14:55:54.545] PartLoader: Compiling Part 'Squad/Parts/Utility/commDish88-88/commDish88-88/commDish'
[LOG 14:55:54.550] PartLoader: Part 'Squad/Parts/Utility/commDish88-88/commDish88-88/commDish' has no database record. Creating.
[LOG 14:55:54.550] [DragCubeSystem]: Drag cubes not found or cannot be read for part Part. Generating New drag cubes.
[LOG 14:55:54.550] [KSPCF/DragCubeGeneration] Creating drag cubes for part 'commDish'
[LOG 14:55:54.566] PartLoader: Compiling Part 'Squad/Parts/Utility/commsAntennaDTS-M1/commsAntennaDTS-M1/mediumDishAntenna'
[LOG 14:55:54.571] PartLoader: Part 'Squad/Parts/Utility/commsAntennaDTS-M1/commsAntennaDTS-M1/mediumDishAntenna' has no database record. Creating.
[LOG 14:55:54.571] [DragCubeSystem]: Drag cubes not found or cannot be read for part Part. Generating New drag cubes.
[LOG 14:55:54.571] [KSPCF/DragCubeGeneration] Creating drag cubes for part 'mediumDishAntenna'
[LOG 14:55:54.584] PartLoader: Compiling Part 'Squad/Parts/Utility/commsDish16/commsAntenna16/longAntenna'
[LOG 14:55:54.588] PartLoader: Part 'Squad/Parts/Utility/commsDish16/commsAntenna16/longAntenna' has no database record. Creating.
[LOG 14:55:54.588] [DragCubeSystem]: Drag cubes not found or cannot be read for part Part. Generating New drag cubes.
[LOG 14:55:54.588] [KSPCF/DragCubeGeneration] Creating drag cubes for part 'longAntenna'
[LOG 14:55:54.600] PartLoader: Compiling Part 'Squad/Parts/Utility/decouplerRadialHDM/decouplerRadialHDM/radialDecoupler1-2'
[LOG 14:55:54.607] PartLoader: Part 'Squad/Parts/Utility/decouplerRadialHDM/decouplerRadialHDM/radialDecoupler1-2' has no database record. Creating.
[LOG 14:55:54.607] [DragCubeSystem]: Drag cubes not found or cannot be read for part Part. Generating New drag cubes.
[LOG 14:55:54.607] [KSPCF/DragCubeGeneration] Creating drag cubes for part 'radialDecoupler1-2'
[LOG 14:55:54.612] PartLoader: Compiling Part 'Squad/Parts/Utility/decouplerRadialTT-38K/decouplerRadialTT-38K/radialDecoupler'
[LOG 14:55:54.616] PartLoader: Part 'Squad/Parts/Utility/decouplerRadialTT-38K/decouplerRadialTT-38K/radialDecoupler' has no database record. Creating.
[LOG 14:55:54.616] [DragCubeSystem]: Drag cubes not found or cannot be read for part Part. Generating New drag cubes.
[LOG 14:55:54.616] [KSPCF/DragCubeGeneration] Creating drag cubes for part 'radialDecoupler'
[LOG 14:55:54.621] PartLoader: Compiling Part 'Squad/Parts/Utility/decouplerRadialTT-70/decouplerRadialTT-70/radialDecoupler2'
[LOG 14:55:54.625] PartLoader: Part 'Squad/Parts/Utility/decouplerRadialTT-70/decouplerRadialTT-70/radialDecoupler2' has no database record. Creating.
[LOG 14:55:54.625] [DragCubeSystem]: Drag cubes not found or cannot be read for part Part. Generating New drag cubes.
[LOG 14:55:54.625] [KSPCF/DragCubeGeneration] Creating drag cubes for part 'radialDecoupler2'
[LOG 14:55:54.631] PartLoader: Compiling Part 'Squad/Parts/Utility/DirectAntennas/C16S/SurfAntenna'
[LOG 14:55:54.634] PartLoader: Part 'Squad/Parts/Utility/DirectAntennas/C16S/SurfAntenna' has no database record. Creating.
[LOG 14:55:54.634] [DragCubeSystem]: Drag cubes not found or cannot be read for part Part. Generating New drag cubes.
[LOG 14:55:54.634] [KSPCF/DragCubeGeneration] Creating drag cubes for part 'SurfAntenna'
[LOG 14:55:54.639] PartLoader: Compiling Part 'Squad/Parts/Utility/DirectAntennas/HG-5/HighGainAntenna5'
[LOG 14:55:54.643] PartLoader: Part 'Squad/Parts/Utility/DirectAntennas/HG-5/HighGainAntenna5' has no database record. Creating.
[LOG 14:55:54.643] [DragCubeSystem]: Drag cubes not found or cannot be read for part Part. Generating New drag cubes.
[LOG 14:55:54.643] [KSPCF/DragCubeGeneration] Creating drag cubes for part 'HighGainAntenna5'
[LOG 14:55:54.655] PartLoader: Compiling Part 'Squad/Parts/Utility/DirectAntennas/HG-5_v2/HighGainAntenna5_v2'
[LOG 14:55:54.660] PartLoader: Part 'Squad/Parts/Utility/DirectAntennas/HG-5_v2/HighGainAntenna5_v2' has no database record. Creating.
[LOG 14:55:54.660] [DragCubeSystem]: Drag cubes not found or cannot be read for part Part. Generating New drag cubes.
[LOG 14:55:54.660] [KSPCF/DragCubeGeneration] Creating drag cubes for part 'HighGainAntenna5.v2'
[LOG 14:55:54.671] PartLoader: Compiling Part 'Squad/Parts/Utility/dockingPort/dockingPort/dockingPort2'
[LOG 14:55:54.682] PartLoader: Part 'Squad/Parts/Utility/dockingPort/dockingPort/dockingPort2' has no database record. Creating.
[LOG 14:55:54.682] [DragCubeSystem]: Drag cubes not found or cannot be read for part Part. Generating New drag cubes.
[LOG 14:55:54.683] [KSPCF/DragCubeGeneration] Creating drag cubes for part 'dockingPort2'
[LOG 14:55:54.688] PartLoader: Compiling Part 'Squad/Parts/Utility/dockingPortInline/dockingPortInline/dockingPortLateral'
[LOG 14:55:54.694] PartLoader: Part 'Squad/Parts/Utility/dockingPortInline/dockingPortInline/dockingPortLateral' has no database record. Creating.
[LOG 14:55:54.694] [DragCubeSystem]: Drag cubes not found or cannot be read for part Part. Generating New drag cubes.
[LOG 14:55:54.694] [KSPCF/DragCubeGeneration] Creating drag cubes for part 'dockingPortLateral'
[LOG 14:55:54.707] PartLoader: Compiling Part 'Squad/Parts/Utility/dockingPortJr/dockingPortJr/dockingPort3'
[LOG 14:55:54.711] PartLoader: Part 'Squad/Parts/Utility/dockingPortJr/dockingPortJr/dockingPort3' has no database record. Creating.
[LOG 14:55:54.711] [DragCubeSystem]: Drag cubes not found or cannot be read for part Part. Generating New drag cubes.
[LOG 14:55:54.711] [KSPCF/DragCubeGeneration] Creating drag cubes for part 'dockingPort3'
[LOG 14:55:54.715] PartLoader: Compiling Part 'Squad/Parts/Utility/dockingPortShielded/dockingPortShielded/dockingPort1'
[LOG 14:55:54.720] PartLoader: Part 'Squad/Parts/Utility/dockingPortShielded/dockingPortShielded/dockingPort1' has no database record. Creating.
[LOG 14:55:54.721] [DragCubeSystem]: Drag cubes not found or cannot be read for part Part. Generating New drag cubes.
[LOG 14:55:54.721] [KSPCF/DragCubeGeneration] Creating drag cubes for part 'dockingPort1'
[LOG 14:55:54.732] PartLoader: Compiling Part 'Squad/Parts/Utility/dockingPortSr/dockingPortSr/dockingPortLarge'
[LOG 14:55:54.737] PartLoader: Part 'Squad/Parts/Utility/dockingPortSr/dockingPortSr/dockingPortLarge' has no database record. Creating.
[LOG 14:55:54.737] [DragCubeSystem]: Drag cubes not found or cannot be read for part Part. Generating New drag cubes.
[LOG 14:55:54.737] [KSPCF/DragCubeGeneration] Creating drag cubes for part 'dockingPortLarge'
[LOG 14:55:54.742] PartLoader: Compiling Part 'Squad/Parts/Utility/Fireworks/fireworksLauncherBig/fireworksLauncherBig'
[LOG 14:55:54.754] PartLoader: Part 'Squad/Parts/Utility/Fireworks/fireworksLauncherBig/fireworksLauncherBig' has no database record. Creating.
[LOG 14:55:54.754] [DragCubeSystem]: Drag cubes not found or cannot be read for part Part. Generating New drag cubes.
[LOG 14:55:54.754] [KSPCF/DragCubeGeneration] Creating drag cubes for part 'fireworksLauncherBig'
[LOG 14:55:54.758] PartLoader: Compiling Part 'Squad/Parts/Utility/Fireworks/fireworksLauncherSmall/fireworksLauncherSmall'
[LOG 14:55:54.767] PartLoader: Part 'Squad/Parts/Utility/Fireworks/fireworksLauncherSmall/fireworksLauncherSmall' has no database record. Creating.
[LOG 14:55:54.767] [DragCubeSystem]: Drag cubes not found or cannot be read for part Part. Generating New drag cubes.
[LOG 14:55:54.767] [KSPCF/DragCubeGeneration] Creating drag cubes for part 'fireworksLauncherSmall'
[LOG 14:55:54.771] PartLoader: Compiling Part 'Squad/Parts/Utility/flags/flagFlat/flagFlat/flagPartFlat'
[LOG 14:55:54.780] PartLoader: Part 'Squad/Parts/Utility/flags/flagFlat/flagFlat/flagPartFlat' has no database record. Creating.
[LOG 14:55:54.780] [DragCubeSystem]: Drag cubes not found or cannot be read for part Part. Generating New drag cubes.
[LOG 14:55:54.780] [KSPCF/DragCubeGeneration] Creating drag cubes for part 'flagPartFlat'
[LOG 14:55:54.784] PartLoader: Compiling Part 'Squad/Parts/Utility/flags/flagSize0/flagSize0/flagPartSize0'
[LOG 14:55:54.788] PartLoader: Part 'Squad/Parts/Utility/flags/flagSize0/flagSize0/flagPartSize0' has no database record. Creating.
[LOG 14:55:54.788] [DragCubeSystem]: Drag cubes not found or cannot be read for part Part. Generating New drag cubes.
[LOG 14:55:54.788] [KSPCF/DragCubeGeneration] Creating drag cubes for part 'flagPartSize0'
[LOG 14:55:54.792] PartLoader: Compiling Part 'Squad/Parts/Utility/flags/flagSize1/flagSize1/flagPartSize1'
[LOG 14:55:54.797] PartLoader: Part 'Squad/Parts/Utility/flags/flagSize1/flagSize1/flagPartSize1' has no database record. Creating.
[LOG 14:55:54.797] [DragCubeSystem]: Drag cubes not found or cannot be read for part Part. Generating New drag cubes.
[LOG 14:55:54.797] [KSPCF/DragCubeGeneration] Creating drag cubes for part 'flagPartSize1'
[LOG 14:55:54.803] PartLoader: Compiling Part 'Squad/Parts/Utility/flags/flagSize2/flagSize2/flagPartSize2'
[LOG 14:55:54.810] PartLoader: Part 'Squad/Parts/Utility/flags/flagSize2/flagSize2/flagPartSize2' has no database record. Creating.
[LOG 14:55:54.810] [DragCubeSystem]: Drag cubes not found or cannot be read for part Part. Generating New drag cubes.
[LOG 14:55:54.810] [KSPCF/DragCubeGeneration] Creating drag cubes for part 'flagPartSize2'
[LOG 14:55:54.814] PartLoader: Compiling Part 'Squad/Parts/Utility/flags/flagSize3/flagSize3/flagPartSize3'
[LOG 14:55:54.819] PartLoader: Part 'Squad/Parts/Utility/flags/flagSize3/flagSize3/flagPartSize3' has no database record. Creating.
[LOG 14:55:54.819] [DragCubeSystem]: Drag cubes not found or cannot be read for part Part. Generating New drag cubes.
[LOG 14:55:54.819] [KSPCF/DragCubeGeneration] Creating drag cubes for part 'flagPartSize3'
[LOG 14:55:54.823] PartLoader: Compiling Part 'Squad/Parts/Utility/GrapplingDevice/part/GrapplingDevice'
[LOG 14:55:54.834] PartLoader: Part 'Squad/Parts/Utility/GrapplingDevice/part/GrapplingDevice' has no database record. Creating.
[LOG 14:55:54.834] [DragCubeSystem]: Drag cubes not found or cannot be read for part Part. Generating New drag cubes.
[LOG 14:55:54.835] [KSPCF/DragCubeGeneration] Creating drag cubes for part 'GrapplingDevice'
[LOG 14:55:54.851] PartLoader: Compiling Part 'Squad/Parts/Utility/ladderRadial/ladderRadial/ladder1'
[LOG 14:55:54.854] PartLoader: Part 'Squad/Parts/Utility/ladderRadial/ladderRadial/ladder1' has no database record. Creating.
[LOG 14:55:54.854] [DragCubeSystem]: Drag cubes not found or cannot be read for part Part. Generating New drag cubes.
[LOG 14:55:54.854] [KSPCF/DragCubeGeneration] Creating drag cubes for part 'ladder1'
[LOG 14:55:54.857] PartLoader: Compiling Part 'Squad/Parts/Utility/ladderTelescopic/ladderTelescopic/telescopicLadder'
[LOG 14:55:54.863] PartLoader: Part 'Squad/Parts/Utility/ladderTelescopic/ladderTelescopic/telescopicLadder' has no database record. Creating.
[LOG 14:55:54.863] [DragCubeSystem]: Drag cubes not found or cannot be read for part Part. Generating New drag cubes.
[LOG 14:55:54.863] [KSPCF/DragCubeGeneration] Creating drag cubes for part 'telescopicLadder'
[LOG 14:55:54.874] PartLoader: Compiling Part 'Squad/Parts/Utility/ladderTelescopicBay/ladderTelescopicBay/telescopicLadderBay'
[LOG 14:55:54.887] PartLoader: Part 'Squad/Parts/Utility/ladderTelescopicBay/ladderTelescopicBay/telescopicLadderBay' has no database record. Creating.
[LOG 14:55:54.887] [DragCubeSystem]: Drag cubes not found or cannot be read for part Part. Generating New drag cubes.
[LOG 14:55:54.887] [KSPCF/DragCubeGeneration] Creating drag cubes for part 'telescopicLadderBay'
[LOG 14:55:54.900] PartLoader: Compiling Part 'Squad/Parts/Utility/landingLegLT-1/landingLegLT-1/landingLeg1'
[LOG 14:55:54.927] PartLoader: Part 'Squad/Parts/Utility/landingLegLT-1/landingLegLT-1/landingLeg1' has no database record. Creating.
[LOG 14:55:54.927] [DragCubeSystem]: Drag cubes not found or cannot be read for part Part. Generating New drag cubes.
[LOG 14:55:54.927] [KSPCF/DragCubeGeneration] Creating drag cubes for part 'landingLeg1'
[LOG 14:55:54.940] PartLoader: Compiling Part 'Squad/Parts/Utility/landingLegLT-2/landingLegLT-2/landingLeg1-2'
[LOG 14:55:54.947] PartLoader: Part 'Squad/Parts/Utility/landingLegLT-2/landingLegLT-2/landingLeg1-2' has no database record. Creating.
[LOG 14:55:54.947] [DragCubeSystem]: Drag cubes not found or cannot be read for part Part. Generating New drag cubes.
[LOG 14:55:54.947] [KSPCF/DragCubeGeneration] Creating drag cubes for part 'landingLeg1-2'
[LOG 14:55:54.957] PartLoader: Compiling Part 'Squad/Parts/Utility/landingLegLT-5/landingLegLT-5/miniLandingLeg'
[LOG 14:55:54.964] PartLoader: Part 'Squad/Parts/Utility/landingLegLT-5/landingLegLT-5/miniLandingLeg' has no database record. Creating.
[LOG 14:55:54.964] [DragCubeSystem]: Drag cubes not found or cannot be read for part Part. Generating New drag cubes.
[LOG 14:55:54.964] [KSPCF/DragCubeGeneration] Creating drag cubes for part 'miniLandingLeg'
[LOG 14:55:54.976] PartLoader: Compiling Part 'Squad/Parts/Utility/launchClamp1/launchClamp1/launchClamp1'
[LOG 14:55:54.983] PartLoader: Part 'Squad/Parts/Utility/launchClamp1/launchClamp1/launchClamp1' has no database record. Creating.
[LOG 14:55:54.983] [DragCubeSystem]: Drag cubes not found or cannot be read for part Part. Generating New drag cubes.
[LOG 14:55:54.983] [KSPCF/DragCubeGeneration] Creating drag cubes for part 'launchClamp1'
[LOG 14:55:54.987] PartLoader: Compiling Part 'Squad/Parts/Utility/launchEscapeSystem/part/LaunchEscapeSystem'
[LOG 14:55:54.993] PartLoader: Part 'Squad/Parts/Utility/launchEscapeSystem/part/LaunchEscapeSystem' has no database record. Creating.
[LOG 14:55:54.993] [DragCubeSystem]: Drag cubes not found or cannot be read for part Part. Generating New drag cubes.
[LOG 14:55:54.993] [KSPCF/DragCubeGeneration] Creating drag cubes for part 'LaunchEscapeSystem'
[LOG 14:55:54.997] PartLoader: Compiling Part 'Squad/Parts/Utility/Lights/domeLight1/domeLight1'
[LOG 14:55:55.002] PartLoader: Part 'Squad/Parts/Utility/Lights/domeLight1/domeLight1' has no database record. Creating.
[LOG 14:55:55.002] [DragCubeSystem]: Drag cubes not found or cannot be read for part Part. Generating New drag cubes.
[LOG 14:55:55.002] [KSPCF/DragCubeGeneration] Creating drag cubes for part 'domeLight1'
[LOG 14:55:55.007] PartLoader: Compiling Part 'Squad/Parts/Utility/Lights/groundLight1/groundLight1'
[LOG 14:55:55.011] PartLoader: Part 'Squad/Parts/Utility/Lights/groundLight1/groundLight1' has no database record. Creating.
[LOG 14:55:55.011] [DragCubeSystem]: Drag cubes not found or cannot be read for part Part. Generating New drag cubes.
[LOG 14:55:55.011] [KSPCF/DragCubeGeneration] Creating drag cubes for part 'groundLight1'
[LOG 14:55:55.015] PartLoader: Compiling Part 'Squad/Parts/Utility/Lights/groundLight2/groundLight2'
[LOG 14:55:55.019] PartLoader: Part 'Squad/Parts/Utility/Lights/groundLight2/groundLight2' has no database record. Creating.
[LOG 14:55:55.019] [DragCubeSystem]: Drag cubes not found or cannot be read for part Part. Generating New drag cubes.
[LOG 14:55:55.019] [KSPCF/DragCubeGeneration] Creating drag cubes for part 'groundLight2'
[LOG 14:55:55.024] PartLoader: Compiling Part 'Squad/Parts/Utility/Lights/navLight1/navLight1'
[LOG 14:55:55.029] PartLoader: Part 'Squad/Parts/Utility/Lights/navLight1/navLight1' has no database record. Creating.
[LOG 14:55:55.029] [DragCubeSystem]: Drag cubes not found or cannot be read for part Part. Generating New drag cubes.
[LOG 14:55:55.029] [KSPCF/DragCubeGeneration] Creating drag cubes for part 'navLight1'
[LOG 14:55:55.033] PartLoader: Compiling Part 'Squad/Parts/Utility/Lights/spotLight1/spotLight3'
[LOG 14:55:55.038] PartLoader: Part 'Squad/Parts/Utility/Lights/spotLight1/spotLight3' has no database record. Creating.
[LOG 14:55:55.038] [DragCubeSystem]: Drag cubes not found or cannot be read for part Part. Generating New drag cubes.
[LOG 14:55:55.038] [KSPCF/DragCubeGeneration] Creating drag cubes for part 'spotLight3'
[LOG 14:55:55.043] PartLoader: Compiling Part 'Squad/Parts/Utility/Lights/stripLight1/stripLight1'
[LOG 14:55:55.050] PartLoader: Part 'Squad/Parts/Utility/Lights/stripLight1/stripLight1' has no database record. Creating.
[LOG 14:55:55.050] [DragCubeSystem]: Drag cubes not found or cannot be read for part Part. Generating New drag cubes.
[LOG 14:55:55.050] [KSPCF/DragCubeGeneration] Creating drag cubes for part 'stripLight1'
[LOG 14:55:55.054] PartLoader: Compiling Part 'Squad/Parts/Utility/linearVernorRCS/linearRCS/linearRcs'
[LOG 14:55:55.062] PartLoader: Part 'Squad/Parts/Utility/linearVernorRCS/linearRCS/linearRcs' has no database record. Creating.
[LOG 14:55:55.062] [DragCubeSystem]: Drag cubes not found or cannot be read for part Part. Generating New drag cubes.
[LOG 14:55:55.062] [KSPCF/DragCubeGeneration] Creating drag cubes for part 'linearRcs'
[LOG 14:55:55.066] PartLoader: Compiling Part 'Squad/Parts/Utility/linearVernorRCS/vernorEngine/vernierEngine'
[LOG 14:55:55.071] PartLoader: Part 'Squad/Parts/Utility/linearVernorRCS/vernorEngine/vernierEngine' has no database record. Creating.
[LOG 14:55:55.071] [DragCubeSystem]: Drag cubes not found or cannot be read for part Part. Generating New drag cubes.
[LOG 14:55:55.071] [KSPCF/DragCubeGeneration] Creating drag cubes for part 'vernierEngine'
[LOG 14:55:55.075] PartLoader: Compiling Part 'Squad/Parts/Utility/mk2CargoBay/BayL/mk2CargoBayL'
[LOG 14:55:55.080] PartLoader: Part 'Squad/Parts/Utility/mk2CargoBay/BayL/mk2CargoBayL' has no database record. Creating.
[LOG 14:55:55.080] PartLoader: Compiling Part 'Squad/Parts/Utility/mk2CargoBay/BayS/mk2CargoBayS'
[LOG 14:55:55.084] PartLoader: Part 'Squad/Parts/Utility/mk2CargoBay/BayS/mk2CargoBayS' has no database record. Creating.
[LOG 14:55:55.084] PartLoader: Compiling Part 'Squad/Parts/Utility/mk2CrewCabin/mk2CrewCabin/mk2CrewCabin'
[WRN 14:55:55.086] [Part]: Cannot have ModuleCargoPart and ModuleInventoryPart on same Part [mk2CrewCabin'. Removed ModuleCargoPart
[LOG 14:55:55.089] PartLoader: Part 'Squad/Parts/Utility/mk2CrewCabin/mk2CrewCabin/mk2CrewCabin' has no database record. Creating.
[LOG 14:55:55.089] [DragCubeSystem]: Drag cubes not found or cannot be read for part Part. Generating New drag cubes.
[LOG 14:55:55.089] [KSPCF/DragCubeGeneration] Creating drag cubes for part 'mk2CrewCabin'
[LOG 14:55:55.093] PartLoader: Compiling Part 'Squad/Parts/Utility/mk2DockingPort/mk2DockingPort/mk2DockingPort'
[LOG 14:55:55.099] PartLoader: Part 'Squad/Parts/Utility/mk2DockingPort/mk2DockingPort/mk2DockingPort' has no database record. Creating.
[LOG 14:55:55.099] PartLoader: Compiling Part 'Squad/Parts/Utility/mk3CargoBay/long/mk3CargoBayL'
[LOG 14:55:55.103] PartLoader: Part 'Squad/Parts/Utility/mk3CargoBay/long/mk3CargoBayL' has no database record. Creating.
[LOG 14:55:55.103] PartLoader: Compiling Part 'Squad/Parts/Utility/mk3CargoBay/medium/mk3CargoBayM'
[LOG 14:55:55.106] PartLoader: Part 'Squad/Parts/Utility/mk3CargoBay/medium/mk3CargoBayM' has no database record. Creating.
[LOG 14:55:55.106] PartLoader: Compiling Part 'Squad/Parts/Utility/mk3CargoBay/ramp/mk3CargoRamp'
[LOG 14:55:55.109] PartLoader: Part 'Squad/Parts/Utility/mk3CargoBay/ramp/mk3CargoRamp' has no database record. Creating.
[LOG 14:55:55.109] PartLoader: Compiling Part 'Squad/Parts/Utility/mk3CargoBay/short/mk3CargoBayS'
[LOG 14:55:55.113] PartLoader: Part 'Squad/Parts/Utility/mk3CargoBay/short/mk3CargoBayS' has no database record. Creating.
[LOG 14:55:55.113] PartLoader: Compiling Part 'Squad/Parts/Utility/parachuteMk1/parachuteMk1/parachuteSingle'
[LOG 14:55:55.122] PartLoader: Part 'Squad/Parts/Utility/parachuteMk1/parachuteMk1/parachuteSingle' has no database record. Creating.
[LOG 14:55:55.122] [DragCubeSystem]: Drag cubes not found or cannot be read for part Part. Generating New drag cubes.
[LOG 14:55:55.123] [KSPCF/DragCubeGeneration] Creating drag cubes for part 'parachuteSingle'
[LOG 14:55:55.140] PartLoader: Compiling Part 'Squad/Parts/Utility/parachuteMk12-R/parachuteMk12-R/radialDrogue'
[LOG 14:55:55.144] PartLoader: Part 'Squad/Parts/Utility/parachuteMk12-R/parachuteMk12-R/radialDrogue' has no database record. Creating.
[LOG 14:55:55.144] [DragCubeSystem]: Drag cubes not found or cannot be read for part Part. Generating New drag cubes.
[LOG 14:55:55.144] [KSPCF/DragCubeGeneration] Creating drag cubes for part 'radialDrogue'
[LOG 14:55:55.159] PartLoader: Compiling Part 'Squad/Parts/Utility/parachuteMk16-XL/parachuteMk16-XL/parachuteLarge'
[LOG 14:55:55.163] PartLoader: Part 'Squad/Parts/Utility/parachuteMk16-XL/parachuteMk16-XL/parachuteLarge' has no database record. Creating.
[LOG 14:55:55.163] [DragCubeSystem]: Drag cubes not found or cannot be read for part Part. Generating New drag cubes.
[LOG 14:55:55.164] [KSPCF/DragCubeGeneration] Creating drag cubes for part 'parachuteLarge'
[LOG 14:55:55.178] PartLoader: Compiling Part 'Squad/Parts/Utility/parachuteMk2-R/parachuteMk2-R/parachuteRadial'
[LOG 14:55:55.182] PartLoader: Part 'Squad/Parts/Utility/parachuteMk2-R/parachuteMk2-R/parachuteRadial' has no database record. Creating.
[LOG 14:55:55.182] [DragCubeSystem]: Drag cubes not found or cannot be read for part Part. Generating New drag cubes.
[LOG 14:55:55.182] [KSPCF/DragCubeGeneration] Creating drag cubes for part 'parachuteRadial'
[LOG 14:55:55.197] PartLoader: Compiling Part 'Squad/Parts/Utility/parachuteMk25/parachuteMk25/parachuteDrogue'
[LOG 14:55:55.201] PartLoader: Part 'Squad/Parts/Utility/parachuteMk25/parachuteMk25/parachuteDrogue' has no database record. Creating.
[LOG 14:55:55.202] [DragCubeSystem]: Drag cubes not found or cannot be read for part Part. Generating New drag cubes.
[LOG 14:55:55.202] [KSPCF/DragCubeGeneration] Creating drag cubes for part 'parachuteDrogue'
[LOG 14:55:55.217] PartLoader: Compiling Part 'Squad/Parts/Utility/radialAttachmentPoint/radialAttachmentPoint/stackPoint1'
[LOG 14:55:55.219] PartLoader: Part 'Squad/Parts/Utility/radialAttachmentPoint/radialAttachmentPoint/stackPoint1' has no database record. Creating.
[LOG 14:55:55.219] [DragCubeSystem]: Drag cubes not found or cannot be read for part Part. Generating New drag cubes.
[LOG 14:55:55.220] [KSPCF/DragCubeGeneration] Creating drag cubes for part 'stackPoint1'
[LOG 14:55:55.224] PartLoader: Compiling Part 'Squad/Parts/Utility/rcsBlockRV-105_v2/rcsBlockRV-105/RCSBlock_v2'
[LOG 14:55:55.230] PartLoader: Part 'Squad/Parts/Utility/rcsBlockRV-105_v2/rcsBlockRV-105/RCSBlock_v2' has no database record. Creating.
[LOG 14:55:55.230] [DragCubeSystem]: Drag cubes not found or cannot be read for part Part. Generating New drag cubes.
[LOG 14:55:55.230] [KSPCF/DragCubeGeneration] Creating drag cubes for part 'RCSBlock.v2'
[LOG 14:55:55.256] PartLoader: Compiling Part 'Squad/Parts/Utility/rcsBlockRV-105_v2/RCSblock_01_small/RCSblock_01_small'
[LOG 14:55:55.262] PartLoader: Part 'Squad/Parts/Utility/rcsBlockRV-105_v2/RCSblock_01_small/RCSblock_01_small' has no database record. Creating.
[LOG 14:55:55.262] [DragCubeSystem]: Drag cubes not found or cannot be read for part Part. Generating New drag cubes.
[LOG 14:55:55.262] [KSPCF/DragCubeGeneration] Creating drag cubes for part 'RCSblock.01.small'
[LOG 14:55:55.289] PartLoader: Compiling Part 'Squad/Parts/Utility/rcsSmallLinear/RCSLinearSmall/RCSLinearSmall'
[LOG 14:55:55.294] PartLoader: Part 'Squad/Parts/Utility/rcsSmallLinear/RCSLinearSmall/RCSLinearSmall' has no database record. Creating.
[LOG 14:55:55.294] [DragCubeSystem]: Drag cubes not found or cannot be read for part Part. Generating New drag cubes.
[LOG 14:55:55.294] [KSPCF/DragCubeGeneration] Creating drag cubes for part 'RCSLinearSmall'
[LOG 14:55:55.306] PartLoader: Compiling Part 'Squad/Parts/Utility/RelayAntennas/RA-100/RelayAntenna100'
[LOG 14:55:55.310] PartLoader: Part 'Squad/Parts/Utility/RelayAntennas/RA-100/RelayAntenna100' has no database record. Creating.
[LOG 14:55:55.310] [DragCubeSystem]: Drag cubes not found or cannot be read for part Part. Generating New drag cubes.
[LOG 14:55:55.310] [KSPCF/DragCubeGeneration] Creating drag cubes for part 'RelayAntenna100'
[LOG 14:55:55.314] PartLoader: Compiling Part 'Squad/Parts/Utility/RelayAntennas/RA-5/RelayAntenna5'
[LOG 14:55:55.318] PartLoader: Part 'Squad/Parts/Utility/RelayAntennas/RA-5/RelayAntenna5' has no database record. Creating.
[LOG 14:55:55.318] [DragCubeSystem]: Drag cubes not found or cannot be read for part Part. Generating New drag cubes.
[LOG 14:55:55.318] [KSPCF/DragCubeGeneration] Creating drag cubes for part 'RelayAntenna5'
[LOG 14:55:55.322] PartLoader: Compiling Part 'Squad/Parts/Utility/RelayAntennas/RA-50/RelayAntenna50'
[LOG 14:55:55.325] PartLoader: Part 'Squad/Parts/Utility/RelayAntennas/RA-50/RelayAntenna50' has no database record. Creating.
[LOG 14:55:55.325] [DragCubeSystem]: Drag cubes not found or cannot be read for part Part. Generating New drag cubes.
[LOG 14:55:55.325] [KSPCF/DragCubeGeneration] Creating drag cubes for part 'RelayAntenna50'
[LOG 14:55:55.330] PartLoader: Compiling Part 'Squad/Parts/Utility/rockomaxAdapters/largeAdapter/largeAdapter'
[LOG 14:55:55.333] PartLoader: Part 'Squad/Parts/Utility/rockomaxAdapters/largeAdapter/largeAdapter' has no database record. Creating.
[LOG 14:55:55.333] [DragCubeSystem]: Drag cubes not found or cannot be read for part Part. Generating New drag cubes.
[LOG 14:55:55.333] [KSPCF/DragCubeGeneration] Creating drag cubes for part 'largeAdapter'
[LOG 14:55:55.338] PartLoader: Compiling Part 'Squad/Parts/Utility/rockomaxAdapters/largeAdapterShort/largeAdapter2'
[LOG 14:55:55.341] PartLoader: Part 'Squad/Parts/Utility/rockomaxAdapters/largeAdapterShort/largeAdapter2' has no database record. Creating.
[LOG 14:55:55.341] [DragCubeSystem]: Drag cubes not found or cannot be read for part Part. Generating New drag cubes.
[LOG 14:55:55.341] [KSPCF/DragCubeGeneration] Creating drag cubes for part 'largeAdapter2'
[LOG 14:55:55.345] PartLoader: Compiling Part 'Squad/Parts/Utility/ServiceBay_v2/ServiceBay_125_v2/ServiceBay_125_v2'
[LOG 14:55:55.350] PartLoader: Part 'Squad/Parts/Utility/ServiceBay_v2/ServiceBay_125_v2/ServiceBay_125_v2' has no database record. Creating.
[LOG 14:55:55.350] [DragCubeSystem]: Drag cubes not found or cannot be read for part Part. Generating New drag cubes.
[LOG 14:55:55.350] [KSPCF/DragCubeGeneration] Creating drag cubes for part 'ServiceBay.125.v2'
[LOG 14:55:55.361] PartLoader: Compiling Part 'Squad/Parts/Utility/ServiceBay_v2/ServiceBay_250_v2/ServiceBay_250_v2'
[LOG 14:55:55.366] PartLoader: Part 'Squad/Parts/Utility/ServiceBay_v2/ServiceBay_250_v2/ServiceBay_250_v2' has no database record. Creating.
[LOG 14:55:55.366] [DragCubeSystem]: Drag cubes not found or cannot be read for part Part. Generating New drag cubes.
[LOG 14:55:55.366] [KSPCF/DragCubeGeneration] Creating drag cubes for part 'ServiceBay.250.v2'
[LOG 14:55:55.378] PartLoader: Compiling Part 'Squad/Parts/Utility/smallClaw/smallClaw/smallClaw'
[LOG 14:55:55.385] PartLoader: Part 'Squad/Parts/Utility/smallClaw/smallClaw/smallClaw' has no database record. Creating.
[LOG 14:55:55.385] [DragCubeSystem]: Drag cubes not found or cannot be read for part Part. Generating New drag cubes.
[LOG 14:55:55.385] [KSPCF/DragCubeGeneration] Creating drag cubes for part 'smallClaw'
[LOG 14:55:55.401] PartLoader: Compiling Part 'Squad/Parts/Utility/spotLightMk1/spotLightMk1/spotLight1'
[LOG 14:55:55.405] PartLoader: Part 'Squad/Parts/Utility/spotLightMk1/spotLightMk1/spotLight1' has no database record. Creating.
[LOG 14:55:55.405] [DragCubeSystem]: Drag cubes not found or cannot be read for part Part. Generating New drag cubes.
[LOG 14:55:55.405] [KSPCF/DragCubeGeneration] Creating drag cubes for part 'spotLight1'
[LOG 14:55:55.409] PartLoader: Compiling Part 'Squad/Parts/Utility/spotLightMk1_v2/spotLightMk1_v2/spotLight1_v2'
[LOG 14:55:55.413] PartLoader: Part 'Squad/Parts/Utility/spotLightMk1_v2/spotLightMk1_v2/spotLight1_v2' has no database record. Creating.
[LOG 14:55:55.414] [DragCubeSystem]: Drag cubes not found or cannot be read for part Part. Generating New drag cubes.
[LOG 14:55:55.414] [KSPCF/DragCubeGeneration] Creating drag cubes for part 'spotLight1.v2'
[LOG 14:55:55.418] PartLoader: Compiling Part 'Squad/Parts/Utility/spotLightMk2/spotLightMk2/spotLight2'
[LOG 14:55:55.421] PartLoader: Part 'Squad/Parts/Utility/spotLightMk2/spotLightMk2/spotLight2' has no database record. Creating.
[LOG 14:55:55.421] [DragCubeSystem]: Drag cubes not found or cannot be read for part Part. Generating New drag cubes.
[LOG 14:55:55.421] [KSPCF/DragCubeGeneration] Creating drag cubes for part 'spotLight2'
[LOG 14:55:55.426] PartLoader: Compiling Part 'Squad/Parts/Utility/spotLightMk2_v2/spotLightMk2_v2/spotLight2_v2'
[LOG 14:55:55.431] PartLoader: Part 'Squad/Parts/Utility/spotLightMk2_v2/spotLightMk2_v2/spotLight2_v2' has no database record. Creating.
[LOG 14:55:55.431] [DragCubeSystem]: Drag cubes not found or cannot be read for part Part. Generating New drag cubes.
[LOG 14:55:55.431] [KSPCF/DragCubeGeneration] Creating drag cubes for part 'spotLight2.v2'
[LOG 14:55:55.436] PartLoader: Compiling Part 'Squad/Parts/Utility/stackCouplers/stackBiCoupler_v2/stackBiCoupler_v2'
[LOG 14:55:55.439] PartLoader: Part 'Squad/Parts/Utility/stackCouplers/stackBiCoupler_v2/stackBiCoupler_v2' has no database record. Creating.
[LOG 14:55:55.439] [DragCubeSystem]: Drag cubes not found or cannot be read for part Part. Generating New drag cubes.
[LOG 14:55:55.439] [KSPCF/DragCubeGeneration] Creating drag cubes for part 'stackBiCoupler.v2'
[LOG 14:55:55.443] PartLoader: Compiling Part 'Squad/Parts/Utility/stackCouplers/stackQuadCoupler/stackQuadCoupler'
[LOG 14:55:55.447] PartLoader: Part 'Squad/Parts/Utility/stackCouplers/stackQuadCoupler/stackQuadCoupler' has no database record. Creating.
[LOG 14:55:55.447] [DragCubeSystem]: Drag cubes not found or cannot be read for part Part. Generating New drag cubes.
[LOG 14:55:55.447] [KSPCF/DragCubeGeneration] Creating drag cubes for part 'stackQuadCoupler'
[LOG 14:55:55.451] PartLoader: Compiling Part 'Squad/Parts/Utility/stackCouplers/stackTriCoupler_v2/stackTriCoupler_v2'
[LOG 14:55:55.454] PartLoader: Part 'Squad/Parts/Utility/stackCouplers/stackTriCoupler_v2/stackTriCoupler_v2' has no database record. Creating.
[LOG 14:55:55.454] [DragCubeSystem]: Drag cubes not found or cannot be read for part Part. Generating New drag cubes.
[LOG 14:55:55.454] [KSPCF/DragCubeGeneration] Creating drag cubes for part 'stackTriCoupler.v2'
[LOG 14:55:55.458] PartLoader: Compiling Part 'Squad/Parts/Wheel/LandingGear/GearExtraLarge/GearLarge'
[LOG 14:55:55.475] PartLoader: Part 'Squad/Parts/Wheel/LandingGear/GearExtraLarge/GearLarge' has no database record. Creating.
[LOG 14:55:55.475] [DragCubeSystem]: Drag cubes not found or cannot be read for part Part. Generating New drag cubes.
[LOG 14:55:55.475] [KSPCF/DragCubeGeneration] Creating drag cubes for part 'GearLarge'
[LOG 14:55:55.491] PartLoader: Compiling Part 'Squad/Parts/Wheel/LandingGear/GearFixed/GearFixed'
[LOG 14:55:55.496] PartLoader: Part 'Squad/Parts/Wheel/LandingGear/GearFixed/GearFixed' has no database record. Creating.
[LOG 14:55:55.496] [DragCubeSystem]: Drag cubes not found or cannot be read for part Part. Generating New drag cubes.
[LOG 14:55:55.496] [KSPCF/DragCubeGeneration] Creating drag cubes for part 'GearFixed'
[LOG 14:55:55.499] PartLoader: Compiling Part 'Squad/Parts/Wheel/LandingGear/GearFree/GearFree'
[LOG 14:55:55.508] PartLoader: Part 'Squad/Parts/Wheel/LandingGear/GearFree/GearFree' has no database record. Creating.
[LOG 14:55:55.508] [DragCubeSystem]: Drag cubes not found or cannot be read for part Part. Generating New drag cubes.
[LOG 14:55:55.508] [KSPCF/DragCubeGeneration] Creating drag cubes for part 'GearFree'
[LOG 14:55:55.513] PartLoader: Compiling Part 'Squad/Parts/Wheel/LandingGear/GearLarge/GearMedium'
[LOG 14:55:55.526] PartLoader: Part 'Squad/Parts/Wheel/LandingGear/GearLarge/GearMedium' has no database record. Creating.
[LOG 14:55:55.526] [DragCubeSystem]: Drag cubes not found or cannot be read for part Part. Generating New drag cubes.
[LOG 14:55:55.526] [KSPCF/DragCubeGeneration] Creating drag cubes for part 'GearMedium'
[LOG 14:55:55.542] PartLoader: Compiling Part 'Squad/Parts/Wheel/LandingGear/GearMedium/GearSmall'
[LOG 14:55:55.556] PartLoader: Part 'Squad/Parts/Wheel/LandingGear/GearMedium/GearSmall' has no database record. Creating.
[LOG 14:55:55.556] [DragCubeSystem]: Drag cubes not found or cannot be read for part Part. Generating New drag cubes.
[LOG 14:55:55.556] [KSPCF/DragCubeGeneration] Creating drag cubes for part 'GearSmall'
[LOG 14:55:55.573] PartLoader: Compiling Part 'Squad/Parts/Wheel/LandingGear/GearSmall/SmallGearBay'
[LOG 14:55:55.587] PartLoader: Part 'Squad/Parts/Wheel/LandingGear/GearSmall/SmallGearBay' has no database record. Creating.
[LOG 14:55:55.587] [DragCubeSystem]: Drag cubes not found or cannot be read for part Part. Generating New drag cubes.
[LOG 14:55:55.587] [KSPCF/DragCubeGeneration] Creating drag cubes for part 'SmallGearBay'
[LOG 14:55:55.609] PartLoader: Compiling Part 'Squad/Parts/Wheel/roverWheelM1/roverWheelM1/roverWheel1'
[LOG 14:55:55.622] PartLoader: Part 'Squad/Parts/Wheel/roverWheelM1/roverWheelM1/roverWheel1' has no database record. Creating.
[LOG 14:55:55.622] [DragCubeSystem]: Drag cubes not found or cannot be read for part Part. Generating New drag cubes.
[LOG 14:55:55.623] [KSPCF/DragCubeGeneration] Creating drag cubes for part 'roverWheel1'
[LOG 14:55:55.629] PartLoader: Compiling Part 'Squad/Parts/Wheel/roverWheelS2/roverWheelS2/roverWheel2'
[LOG 14:55:55.645] PartLoader: Part 'Squad/Parts/Wheel/roverWheelS2/roverWheelS2/roverWheel2' has no database record. Creating.
[LOG 14:55:55.646] [DragCubeSystem]: Drag cubes not found or cannot be read for part Part. Generating New drag cubes.
[LOG 14:55:55.646] [KSPCF/DragCubeGeneration] Creating drag cubes for part 'roverWheel2'
[LOG 14:55:55.650] PartLoader: Compiling Part 'Squad/Parts/Wheel/roverWheelTR-2L/roverWheelTR-2L/wheelMed'
[LOG 14:55:55.657] PartLoader: Part 'Squad/Parts/Wheel/roverWheelTR-2L/roverWheelTR-2L/wheelMed' has no database record. Creating.
[LOG 14:55:55.657] [DragCubeSystem]: Drag cubes not found or cannot be read for part Part. Generating New drag cubes.
[LOG 14:55:55.657] [KSPCF/DragCubeGeneration] Creating drag cubes for part 'wheelMed'
[LOG 14:55:55.662] PartLoader: Compiling Part 'Squad/Parts/Wheel/roverWheelXL3/roverWheelXL3/roverWheel3'
[LOG 14:55:55.671] PartLoader: Part 'Squad/Parts/Wheel/roverWheelXL3/roverWheelXL3/roverWheel3' has no database record. Creating.
[LOG 14:55:55.671] [DragCubeSystem]: Drag cubes not found or cannot be read for part Part. Generating New drag cubes.
[LOG 14:55:55.671] [KSPCF/DragCubeGeneration] Creating drag cubes for part 'roverWheel3'
[LOG 14:55:55.677] PartLoader: Compiling Part 'SquadExpansion/MakingHistory/Parts/Aero/protectiveRocketNoseMk16/rocketNoseCone_size4/rocketNoseConeSize4'
[LOG 14:55:55.680] PartLoader: Part 'SquadExpansion/MakingHistory/Parts/Aero/protectiveRocketNoseMk16/rocketNoseCone_size4/rocketNoseConeSize4' has no database record. Creating.
[LOG 14:55:55.680] [DragCubeSystem]: Drag cubes not found or cannot be read for part Part. Generating New drag cubes.
[LOG 14:55:55.680] [KSPCF/DragCubeGeneration] Creating drag cubes for part 'rocketNoseConeSize4'
[LOG 14:55:55.685] PartLoader: Compiling Part 'SquadExpansion/MakingHistory/Parts/Aero/protectiveRocketNoseMk5A/Size_1_5_Cone/Size_1_5_Cone'
[LOG 14:55:55.688] PartLoader: Part 'SquadExpansion/MakingHistory/Parts/Aero/protectiveRocketNoseMk5A/Size_1_5_Cone/Size_1_5_Cone' has no database record. Creating.
[LOG 14:55:55.688] [DragCubeSystem]: Drag cubes not found or cannot be read for part Part. Generating New drag cubes.
[LOG 14:55:55.688] [KSPCF/DragCubeGeneration] Creating drag cubes for part 'Size.1.5.Cone'
[LOG 14:55:55.692] PartLoader: Compiling Part 'SquadExpansion/MakingHistory/Parts/Coupling/Decoupler_1p5/Decoupler_1p5'
[LOG 14:55:55.697] PartLoader: Part 'SquadExpansion/MakingHistory/Parts/Coupling/Decoupler_1p5/Decoupler_1p5' has no database record. Creating.
[LOG 14:55:55.697] PartLoader: Compiling Part 'SquadExpansion/MakingHistory/Parts/Coupling/Decoupler_4/Decoupler_4'
[LOG 14:55:55.701] PartLoader: Part 'SquadExpansion/MakingHistory/Parts/Coupling/Decoupler_4/Decoupler_4' has no database record. Creating.
[LOG 14:55:55.702] PartLoader: Compiling Part 'SquadExpansion/MakingHistory/Parts/Coupling/EnginePlate_1p5/EnginePlate1p5'
[LOG 14:55:55.711] PartLoader: Part 'SquadExpansion/MakingHistory/Parts/Coupling/EnginePlate_1p5/EnginePlate1p5' has no database record. Creating.
[LOG 14:55:55.711] [DragCubeSystem]: Drag cubes not found or cannot be read for part Part. Generating New drag cubes.
[LOG 14:55:55.711] [KSPCF/DragCubeGeneration] Part 'EnginePlate1p5' has defined a procedural drag cube setup
[LOG 14:55:55.712] PartLoader: Compiling Part 'SquadExpansion/MakingHistory/Parts/Coupling/EnginePlate_2/EnginePlate2'
[LOG 14:55:55.718] PartLoader: Part 'SquadExpansion/MakingHistory/Parts/Coupling/EnginePlate_2/EnginePlate2' has no database record. Creating.
[LOG 14:55:55.718] [DragCubeSystem]: Drag cubes not found or cannot be read for part Part. Generating New drag cubes.
[LOG 14:55:55.718] [KSPCF/DragCubeGeneration] Part 'EnginePlate2' has defined a procedural drag cube setup
[LOG 14:55:55.719] PartLoader: Compiling Part 'SquadExpansion/MakingHistory/Parts/Coupling/EnginePlate_3/EnginePlate3'
[LOG 14:55:55.727] PartLoader: Part 'SquadExpansion/MakingHistory/Parts/Coupling/EnginePlate_3/EnginePlate3' has no database record. Creating.
[LOG 14:55:55.727] [DragCubeSystem]: Drag cubes not found or cannot be read for part Part. Generating New drag cubes.
[LOG 14:55:55.727] [KSPCF/DragCubeGeneration] Part 'EnginePlate3' has defined a procedural drag cube setup
[LOG 14:55:55.728] PartLoader: Compiling Part 'SquadExpansion/MakingHistory/Parts/Coupling/EnginePlate_4/EnginePlate4'
[LOG 14:55:55.733] PartLoader: Part 'SquadExpansion/MakingHistory/Parts/Coupling/EnginePlate_4/EnginePlate4' has no database record. Creating.
[LOG 14:55:55.733] [DragCubeSystem]: Drag cubes not found or cannot be read for part Part. Generating New drag cubes.
[LOG 14:55:55.733] [KSPCF/DragCubeGeneration] Part 'EnginePlate4' has defined a procedural drag cube setup
[LOG 14:55:55.734] PartLoader: Compiling Part 'SquadExpansion/MakingHistory/Parts/Coupling/EnginePlate_5/EnginePlate5'
[LOG 14:55:55.739] PartLoader: Part 'SquadExpansion/MakingHistory/Parts/Coupling/EnginePlate_5/EnginePlate5' has no database record. Creating.
[LOG 14:55:55.739] [DragCubeSystem]: Drag cubes not found or cannot be read for part Part. Generating New drag cubes.
[LOG 14:55:55.739] [KSPCF/DragCubeGeneration] Part 'EnginePlate5' has defined a procedural drag cube setup
[LOG 14:55:55.740] PartLoader: Compiling Part 'SquadExpansion/MakingHistory/Parts/Coupling/InflatableAirlock/InflatableAirlock'
[LOG 14:55:55.744] PartLoader: Part 'SquadExpansion/MakingHistory/Parts/Coupling/InflatableAirlock/InflatableAirlock' has no database record. Creating.
[LOG 14:55:55.744] [DragCubeSystem]: Drag cubes not found or cannot be read for part Part. Generating New drag cubes.
[LOG 14:55:55.744] [KSPCF/DragCubeGeneration] Creating drag cubes for part 'InflatableAirlock'
[LOG 14:55:55.756] PartLoader: Compiling Part 'SquadExpansion/MakingHistory/Parts/Coupling/Separator_1p5/Separator_1p5'
[LOG 14:55:55.761] PartLoader: Part 'SquadExpansion/MakingHistory/Parts/Coupling/Separator_1p5/Separator_1p5' has no database record. Creating.
[LOG 14:55:55.762] PartLoader: Compiling Part 'SquadExpansion/MakingHistory/Parts/Coupling/Separator_4/Separator_4'
[LOG 14:55:55.766] PartLoader: Part 'SquadExpansion/MakingHistory/Parts/Coupling/Separator_4/Separator_4' has no database record. Creating.
[LOG 14:55:55.766] PartLoader: Compiling Part 'SquadExpansion/MakingHistory/Parts/Coupling/Size1p5_Strut_Decoupler/Size1p5_Strut_Decoupler'
[LOG 14:55:55.770] PartLoader: Part 'SquadExpansion/MakingHistory/Parts/Coupling/Size1p5_Strut_Decoupler/Size1p5_Strut_Decoupler' has no database record. Creating.
[LOG 14:55:55.771] PartLoader: Compiling Part 'SquadExpansion/MakingHistory/Parts/Engine/LiquidEngineKE-1/LiquidEngineKE-1'
[LOG 14:55:55.778] PartLoader: Part 'SquadExpansion/MakingHistory/Parts/Engine/LiquidEngineKE-1/LiquidEngineKE-1' has no database record. Creating.
[LOG 14:55:55.778] [DragCubeSystem]: Drag cubes not found or cannot be read for part Part. Generating New drag cubes.
[LOG 14:55:55.778] [KSPCF/DragCubeGeneration] Creating drag cubes for part 'LiquidEngineKE-1'
[LOG 14:55:55.810] PartLoader: Compiling Part 'SquadExpansion/MakingHistory/Parts/Engine/LiquidEngineLV-T91/LiquidEngineLV-T91'
[LOG 14:55:55.818] PartLoader: Part 'SquadExpansion/MakingHistory/Parts/Engine/LiquidEngineLV-T91/LiquidEngineLV-T91' has no database record. Creating.
[LOG 14:55:55.818] [DragCubeSystem]: Drag cubes not found or cannot be read for part Part. Generating New drag cubes.
[LOG 14:55:55.818] [KSPCF/DragCubeGeneration] Creating drag cubes for part 'LiquidEngineLV-T91'
[LOG 14:55:55.842] PartLoader: Compiling Part 'SquadExpansion/MakingHistory/Parts/Engine/LiquidEngineLV-TX87/LiquidEngineLV-TX87'
[LOG 14:55:55.850] PartLoader: Part 'SquadExpansion/MakingHistory/Parts/Engine/LiquidEngineLV-TX87/LiquidEngineLV-TX87' has no database record. Creating.
[LOG 14:55:55.850] [DragCubeSystem]: Drag cubes not found or cannot be read for part Part. Generating New drag cubes.
[LOG 14:55:55.850] [KSPCF/DragCubeGeneration] Creating drag cubes for part 'LiquidEngineLV-TX87'
[LOG 14:55:55.875] PartLoader: Compiling Part 'SquadExpansion/MakingHistory/Parts/Engine/LiquidEngineRE-I2/LiquidEngineRE-I2'
[LOG 14:55:55.884] PartLoader: Part 'SquadExpansion/MakingHistory/Parts/Engine/LiquidEngineRE-I2/LiquidEngineRE-I2' has no database record. Creating.
[LOG 14:55:55.884] [DragCubeSystem]: Drag cubes not found or cannot be read for part Part. Generating New drag cubes.
[LOG 14:55:55.884] [KSPCF/DragCubeGeneration] Creating drag cubes for part 'LiquidEngineRE-I2'
[LOG 14:55:55.907] PartLoader: Compiling Part 'SquadExpansion/MakingHistory/Parts/Engine/LiquidEngineRE-J10/LiquidEngineRE-J10'
[LOG 14:55:55.916] PartLoader: Part 'SquadExpansion/MakingHistory/Parts/Engine/LiquidEngineRE-J10/LiquidEngineRE-J10' has no database record. Creating.
[LOG 14:55:55.916] [DragCubeSystem]: Drag cubes not found or cannot be read for part Part. Generating New drag cubes.
[LOG 14:55:55.916] [KSPCF/DragCubeGeneration] Creating drag cubes for part 'LiquidEngineRE-J10'
[LOG 14:55:55.938] PartLoader: Compiling Part 'SquadExpansion/MakingHistory/Parts/Engine/LiquidEngineRK-7/LiquidEngineRK-7'
[LOG 14:55:55.945] PartLoader: Part 'SquadExpansion/MakingHistory/Parts/Engine/LiquidEngineRK-7/LiquidEngineRK-7' has no database record. Creating.
[LOG 14:55:55.945] [DragCubeSystem]: Drag cubes not found or cannot be read for part Part. Generating New drag cubes.
[LOG 14:55:55.945] [KSPCF/DragCubeGeneration] Creating drag cubes for part 'LiquidEngineRK-7'
[LOG 14:55:55.972] PartLoader: Compiling Part 'SquadExpansion/MakingHistory/Parts/Engine/LiquidEngineRV-1/LiquidEngineRV-1'
[LOG 14:55:55.982] PartLoader: Part 'SquadExpansion/MakingHistory/Parts/Engine/LiquidEngineRV-1/LiquidEngineRV-1' has no database record. Creating.
[LOG 14:55:55.982] [DragCubeSystem]: Drag cubes not found or cannot be read for part Part. Generating New drag cubes.
[LOG 14:55:55.983] [KSPCF/DragCubeGeneration] Creating drag cubes for part 'LiquidEngineRV-1'
[LOG 14:55:55.988] PartLoader: Compiling Part 'SquadExpansion/MakingHistory/Parts/Engine/solidBoosterTHK/solidBoosterTHK/Pollux'
[LOG 14:55:55.994] PartLoader: Part 'SquadExpansion/MakingHistory/Parts/Engine/solidBoosterTHK/solidBoosterTHK/Pollux' has no database record. Creating.
[LOG 14:55:55.994] [DragCubeSystem]: Drag cubes not found or cannot be read for part Part. Generating New drag cubes.
[LOG 14:55:55.994] [KSPCF/DragCubeGeneration] Creating drag cubes for part 'Pollux'
[LOG 14:55:55.999] PartLoader: Compiling Part 'SquadExpansion/MakingHistory/Parts/FuelTank/MonoPropMini/monopropMiniSphere'
[LOG 14:55:56.003] PartLoader: Part 'SquadExpansion/MakingHistory/Parts/FuelTank/MonoPropMini/monopropMiniSphere' has no database record. Creating.
[LOG 14:55:56.003] [DragCubeSystem]: Drag cubes not found or cannot be read for part Part. Generating New drag cubes.
[LOG 14:55:56.003] [KSPCF/DragCubeGeneration] Creating drag cubes for part 'monopropMiniSphere'
[LOG 14:55:56.008] PartLoader: Compiling Part 'SquadExpansion/MakingHistory/Parts/FuelTank/Size1p5_Monoprop/Size1p5_Monoprop'
[LOG 14:55:56.011] PartLoader: Part 'SquadExpansion/MakingHistory/Parts/FuelTank/Size1p5_Monoprop/Size1p5_Monoprop' has no database record. Creating.
[LOG 14:55:56.011] [DragCubeSystem]: Drag cubes not found or cannot be read for part Part. Generating New drag cubes.
[LOG 14:55:56.011] [KSPCF/DragCubeGeneration] Creating drag cubes for part 'Size1p5.Monoprop'
[LOG 14:55:56.015] PartLoader: Compiling Part 'SquadExpansion/MakingHistory/Parts/FuelTank/Size1p5_Size0_Adapter_01/Size1p5_Size0_Adapter_01'
[LOG 14:55:56.018] PartLoader: Part 'SquadExpansion/MakingHistory/Parts/FuelTank/Size1p5_Size0_Adapter_01/Size1p5_Size0_Adapter_01' has no database record. Creating.
[LOG 14:55:56.018] [DragCubeSystem]: Drag cubes not found or cannot be read for part Part. Generating New drag cubes.
[LOG 14:55:56.018] [KSPCF/DragCubeGeneration] Creating drag cubes for part 'Size1p5.Size0.Adapter.01'
[LOG 14:55:56.023] PartLoader: Compiling Part 'SquadExpansion/MakingHistory/Parts/FuelTank/Size1p5_Size1_Adapter_01/Size1p5_Size1_Adapter_01'
[LOG 14:55:56.026] PartLoader: Part 'SquadExpansion/MakingHistory/Parts/FuelTank/Size1p5_Size1_Adapter_01/Size1p5_Size1_Adapter_01' has no database record. Creating.
[LOG 14:55:56.026] [DragCubeSystem]: Drag cubes not found or cannot be read for part Part. Generating New drag cubes.
[LOG 14:55:56.026] [KSPCF/DragCubeGeneration] Creating drag cubes for part 'Size1p5.Size1.Adapter.01'
[LOG 14:55:56.031] PartLoader: Compiling Part 'SquadExpansion/MakingHistory/Parts/FuelTank/Size1p5_Size1_Adapter_02/Size1p5_Size1_Adapter_02'
[LOG 14:55:56.033] PartLoader: Part 'SquadExpansion/MakingHistory/Parts/FuelTank/Size1p5_Size1_Adapter_02/Size1p5_Size1_Adapter_02' has no database record. Creating.
[LOG 14:55:56.033] [DragCubeSystem]: Drag cubes not found or cannot be read for part Part. Generating New drag cubes.
[LOG 14:55:56.033] [KSPCF/DragCubeGeneration] Creating drag cubes for part 'Size1p5.Size1.Adapter.02'
[LOG 14:55:56.040] PartLoader: Compiling Part 'SquadExpansion/MakingHistory/Parts/FuelTank/Size1p5_Size2_Adapter_01/Size1p5_Size2_Adapter_01'
[LOG 14:55:56.044] PartLoader: Part 'SquadExpansion/MakingHistory/Parts/FuelTank/Size1p5_Size2_Adapter_01/Size1p5_Size2_Adapter_01' has no database record. Creating.
[LOG 14:55:56.044] [DragCubeSystem]: Drag cubes not found or cannot be read for part Part. Generating New drag cubes.
[LOG 14:55:56.044] [KSPCF/DragCubeGeneration] Creating drag cubes for part 'Size1p5.Size2.Adapter.01'
[LOG 14:55:56.049] PartLoader: Compiling Part 'SquadExpansion/MakingHistory/Parts/FuelTank/Size1p5_Tank_01/Size1p5_Tank_01'
[LOG 14:55:56.052] PartLoader: Part 'SquadExpansion/MakingHistory/Parts/FuelTank/Size1p5_Tank_01/Size1p5_Tank_01' has no database record. Creating.
[LOG 14:55:56.052] [DragCubeSystem]: Drag cubes not found or cannot be read for part Part. Generating New drag cubes.
[LOG 14:55:56.052] [KSPCF/DragCubeGeneration] Creating drag cubes for part 'Size1p5.Tank.01'
[LOG 14:55:56.057] PartLoader: Compiling Part 'SquadExpansion/MakingHistory/Parts/FuelTank/Size1p5_Tank_02/Size1p5_Tank_02'
[LOG 14:55:56.060] PartLoader: Part 'SquadExpansion/MakingHistory/Parts/FuelTank/Size1p5_Tank_02/Size1p5_Tank_02' has no database record. Creating.
[LOG 14:55:56.060] [DragCubeSystem]: Drag cubes not found or cannot be read for part Part. Generating New drag cubes.
[LOG 14:55:56.060] [KSPCF/DragCubeGeneration] Creating drag cubes for part 'Size1p5.Tank.02'
[LOG 14:55:56.065] PartLoader: Compiling Part 'SquadExpansion/MakingHistory/Parts/FuelTank/Size1p5_Tank_03/Size1p5_Tank_03'
[LOG 14:55:56.068] PartLoader: Part 'SquadExpansion/MakingHistory/Parts/FuelTank/Size1p5_Tank_03/Size1p5_Tank_03' has no database record. Creating.
[LOG 14:55:56.068] [DragCubeSystem]: Drag cubes not found or cannot be read for part Part. Generating New drag cubes.
[LOG 14:55:56.068] [KSPCF/DragCubeGeneration] Creating drag cubes for part 'Size1p5.Tank.03'
[LOG 14:55:56.075] PartLoader: Compiling Part 'SquadExpansion/MakingHistory/Parts/FuelTank/Size1p5_Tank_04/Size1p5_Tank_04'
[LOG 14:55:56.078] PartLoader: Part 'SquadExpansion/MakingHistory/Parts/FuelTank/Size1p5_Tank_04/Size1p5_Tank_04' has no database record. Creating.
[LOG 14:55:56.078] [DragCubeSystem]: Drag cubes not found or cannot be read for part Part. Generating New drag cubes.
[LOG 14:55:56.078] [KSPCF/DragCubeGeneration] Creating drag cubes for part 'Size1p5.Tank.04'
[LOG 14:55:56.082] PartLoader: Compiling Part 'SquadExpansion/MakingHistory/Parts/FuelTank/Size1p5_Tank_05/Size1p5_Tank_05'
[LOG 14:55:56.087] PartLoader: Part 'SquadExpansion/MakingHistory/Parts/FuelTank/Size1p5_Tank_05/Size1p5_Tank_05' has no database record. Creating.
[LOG 14:55:56.087] [DragCubeSystem]: Drag cubes not found or cannot be read for part Part. Generating New drag cubes.
[LOG 14:55:56.087] [KSPCF/DragCubeGeneration] Creating drag cubes for part 'Size1p5.Tank.05'
[LOG 14:55:56.092] PartLoader: Compiling Part 'SquadExpansion/MakingHistory/Parts/FuelTank/Size3_Size4_Adapter_01/Size3_Size4_Adapter_01'
[LOG 14:55:56.095] PartLoader: Part 'SquadExpansion/MakingHistory/Parts/FuelTank/Size3_Size4_Adapter_01/Size3_Size4_Adapter_01' has no database record. Creating.
[LOG 14:55:56.095] [DragCubeSystem]: Drag cubes not found or cannot be read for part Part. Generating New drag cubes.
[LOG 14:55:56.095] [KSPCF/DragCubeGeneration] Creating drag cubes for part 'Size3.Size4.Adapter.01'
[LOG 14:55:56.100] PartLoader: Compiling Part 'SquadExpansion/MakingHistory/Parts/FuelTank/Size4_EngineAdapter_01/Size4_EngineAdapter_01'
[LOG 14:55:56.103] PartLoader: Part 'SquadExpansion/MakingHistory/Parts/FuelTank/Size4_EngineAdapter_01/Size4_EngineAdapter_01' has no database record. Creating.
[LOG 14:55:56.103] [DragCubeSystem]: Drag cubes not found or cannot be read for part Part. Generating New drag cubes.
[LOG 14:55:56.103] [KSPCF/DragCubeGeneration] Creating drag cubes for part 'Size4.EngineAdapter.01'
[LOG 14:55:56.109] PartLoader: Compiling Part 'SquadExpansion/MakingHistory/Parts/FuelTank/Size4_Tank_01/Size4_Tank_01'
[LOG 14:55:56.112] PartLoader: Part 'SquadExpansion/MakingHistory/Parts/FuelTank/Size4_Tank_01/Size4_Tank_01' has no database record. Creating.
[LOG 14:55:56.112] [DragCubeSystem]: Drag cubes not found or cannot be read for part Part. Generating New drag cubes.
[LOG 14:55:56.112] [KSPCF/DragCubeGeneration] Creating drag cubes for part 'Size4.Tank.01'
[LOG 14:55:56.116] PartLoader: Compiling Part 'SquadExpansion/MakingHistory/Parts/FuelTank/Size4_Tank_02/Size4_Tank_02'
[LOG 14:55:56.119] PartLoader: Part 'SquadExpansion/MakingHistory/Parts/FuelTank/Size4_Tank_02/Size4_Tank_02' has no database record. Creating.
[LOG 14:55:56.119] [DragCubeSystem]: Drag cubes not found or cannot be read for part Part. Generating New drag cubes.
[LOG 14:55:56.119] [KSPCF/DragCubeGeneration] Creating drag cubes for part 'Size4.Tank.02'
[LOG 14:55:56.124] PartLoader: Compiling Part 'SquadExpansion/MakingHistory/Parts/FuelTank/Size4_Tank_03/Size4_Tank_03'
[LOG 14:55:56.126] PartLoader: Part 'SquadExpansion/MakingHistory/Parts/FuelTank/Size4_Tank_03/Size4_Tank_03' has no database record. Creating.
[LOG 14:55:56.126] [DragCubeSystem]: Drag cubes not found or cannot be read for part Part. Generating New drag cubes.
[LOG 14:55:56.126] [KSPCF/DragCubeGeneration] Creating drag cubes for part 'Size4.Tank.03'
[LOG 14:55:56.131] PartLoader: Compiling Part 'SquadExpansion/MakingHistory/Parts/FuelTank/Size4_Tank_04/Size4_Tank_04'
[LOG 14:55:56.134] PartLoader: Part 'SquadExpansion/MakingHistory/Parts/FuelTank/Size4_Tank_04/Size4_Tank_04' has no database record. Creating.
[LOG 14:55:56.134] [DragCubeSystem]: Drag cubes not found or cannot be read for part Part. Generating New drag cubes.
[LOG 14:55:56.134] [KSPCF/DragCubeGeneration] Creating drag cubes for part 'Size4.Tank.04'
[LOG 14:55:56.139] PartLoader: Compiling Part 'SquadExpansion/MakingHistory/Parts/Ground/RoverWheel/roverWheelM1-F'
[LOG 14:55:56.149] PartLoader: Part 'SquadExpansion/MakingHistory/Parts/Ground/RoverWheel/roverWheelM1-F' has no database record. Creating.
[LOG 14:55:56.149] [DragCubeSystem]: Drag cubes not found or cannot be read for part Part. Generating New drag cubes.
[LOG 14:55:56.149] [KSPCF/DragCubeGeneration] Creating drag cubes for part 'roverWheelM1-F'
[LOG 14:55:56.166] PartLoader: Compiling Part 'SquadExpansion/MakingHistory/Parts/Payload/fairingSize1p5/fairingSize1p5'
[LOG 14:55:56.175] PartLoader: Part 'SquadExpansion/MakingHistory/Parts/Payload/fairingSize1p5/fairingSize1p5' has no database record. Creating.
[LOG 14:55:56.175] [DragCubeSystem]: Drag cubes not found or cannot be read for part Part. Generating New drag cubes.
[LOG 14:55:56.175] [KSPCF/DragCubeGeneration] Creating drag cubes for part 'fairingSize1p5'
[LOG 14:55:56.180] PartLoader: Compiling Part 'SquadExpansion/MakingHistory/Parts/Payload/fairingSize4/fairingSize4'
[LOG 14:55:56.189] PartLoader: Part 'SquadExpansion/MakingHistory/Parts/Payload/fairingSize4/fairingSize4' has no database record. Creating.
[LOG 14:55:56.189] [DragCubeSystem]: Drag cubes not found or cannot be read for part Part. Generating New drag cubes.
[LOG 14:55:56.189] [KSPCF/DragCubeGeneration] Creating drag cubes for part 'fairingSize4'
[LOG 14:55:56.194] PartLoader: Compiling Part 'SquadExpansion/MakingHistory/Parts/Payload/Size1to0ServiceModule/Size1to0ServiceModule'
[LOG 14:55:56.203] PartLoader: Part 'SquadExpansion/MakingHistory/Parts/Payload/Size1to0ServiceModule/Size1to0ServiceModule' has no database record. Creating.
[LOG 14:55:56.203] [DragCubeSystem]: Drag cubes not found or cannot be read for part Part. Generating New drag cubes.
[LOG 14:55:56.203] [KSPCF/DragCubeGeneration] Part 'Size1to0ServiceModule' has defined a procedural drag cube setup
[LOG 14:55:56.203] PartLoader: Compiling Part 'SquadExpansion/MakingHistory/Parts/Payload/SM18/ServiceModule18'
[LOG 14:55:56.210] PartLoader: Part 'SquadExpansion/MakingHistory/Parts/Payload/SM18/ServiceModule18' has no database record. Creating.
[LOG 14:55:56.210] [DragCubeSystem]: Drag cubes not found or cannot be read for part Part. Generating New drag cubes.
[LOG 14:55:56.210] [KSPCF/DragCubeGeneration] Part 'ServiceModule18' has defined a procedural drag cube setup
[LOG 14:55:56.210] PartLoader: Compiling Part 'SquadExpansion/MakingHistory/Parts/Payload/SM25/ServiceModule25'
[LOG 14:55:56.215] PartLoader: Part 'SquadExpansion/MakingHistory/Parts/Payload/SM25/ServiceModule25' has no database record. Creating.
[LOG 14:55:56.215] [DragCubeSystem]: Drag cubes not found or cannot be read for part Part. Generating New drag cubes.
[LOG 14:55:56.215] [KSPCF/DragCubeGeneration] Part 'ServiceModule25' has defined a procedural drag cube setup
[LOG 14:55:56.216] PartLoader: Compiling Part 'SquadExpansion/MakingHistory/Parts/Pods/KV1Pod/kv1Pod'
[WRN 14:55:56.219] [Part]: Cannot have ModuleCargoPart and ModuleInventoryPart on same Part [kv1Pod'. Removed ModuleCargoPart
[LOG 14:55:56.223] PartLoader: Part 'SquadExpansion/MakingHistory/Parts/Pods/KV1Pod/kv1Pod' has no database record. Creating.
[LOG 14:55:56.225] PartLoader: Compiling Part 'SquadExpansion/MakingHistory/Parts/Pods/KV2Pod/kv2Pod'
[WRN 14:55:56.228] [Part]: Cannot have ModuleCargoPart and ModuleInventoryPart on same Part [kv2Pod'. Removed ModuleCargoPart
[LOG 14:55:56.232] PartLoader: Part 'SquadExpansion/MakingHistory/Parts/Pods/KV2Pod/kv2Pod' has no database record. Creating.
[LOG 14:55:56.234] PartLoader: Compiling Part 'SquadExpansion/MakingHistory/Parts/Pods/KV3Pod/kv3Pod'
[WRN 14:55:56.237] [Part]: Cannot have ModuleCargoPart and ModuleInventoryPart on same Part [kv3Pod'. Removed ModuleCargoPart
[LOG 14:55:56.241] PartLoader: Part 'SquadExpansion/MakingHistory/Parts/Pods/KV3Pod/kv3Pod' has no database record. Creating.
[LOG 14:55:56.243] PartLoader: Compiling Part 'SquadExpansion/MakingHistory/Parts/Pods/Mk2Pod/Mk2Pod'
[WRN 14:55:56.246] [Part]: Cannot have ModuleCargoPart and ModuleInventoryPart on same Part [Mk2Pod'. Removed ModuleCargoPart
[LOG 14:55:56.250] PartLoader: Part 'SquadExpansion/MakingHistory/Parts/Pods/Mk2Pod/Mk2Pod' has no database record. Creating.
[LOG 14:55:56.250] [DragCubeSystem]: Drag cubes not found or cannot be read for part Part. Generating New drag cubes.
[LOG 14:55:56.250] [KSPCF/DragCubeGeneration] Creating drag cubes for part 'Mk2Pod'
[LOG 14:55:56.256] PartLoader: Compiling Part 'SquadExpansion/MakingHistory/Parts/Pods/Size1_5_Lander/MEMLander'
[WRN 14:55:56.261] [Part]: Cannot add ModuleCargoPart as this Part 'MEMLander' already has a ModuleInventoryPart PartModule and they are mutually exclusive.
[LOG 14:55:56.265] PartLoader: Part 'SquadExpansion/MakingHistory/Parts/Pods/Size1_5_Lander/MEMLander' has no database record. Creating.
[LOG 14:55:56.265] [DragCubeSystem]: Drag cubes not found or cannot be read for part Part. Generating New drag cubes.
[LOG 14:55:56.265] [KSPCF/DragCubeGeneration] Creating drag cubes for part 'MEMLander'
[LOG 14:55:56.271] PartLoader: Compiling Part 'SquadExpansion/MakingHistory/Parts/Prebuilt/kerbalEVAfemaleVintage/kerbalEVAfemaleVintage'
[LOG 14:55:56.277] PartLoader: Compiling Part 'SquadExpansion/MakingHistory/Parts/Prebuilt/kerbalEVAVintage/kerbalEVAVintage'
[LOG 14:55:56.283] PartLoader: Compiling Part 'SquadExpansion/MakingHistory/Parts/Structural/EquiTriangle0/EquiTriangle0'
[LOG 14:55:56.289] PartLoader: Part 'SquadExpansion/MakingHistory/Parts/Structural/EquiTriangle0/EquiTriangle0' has no database record. Creating.
[LOG 14:55:56.289] [DragCubeSystem]: Drag cubes not found or cannot be read for part Part. Generating New drag cubes.
[LOG 14:55:56.289] [KSPCF/DragCubeGeneration] Creating drag cubes for part 'EquiTriangle0'
[LOG 14:55:56.292] PartLoader: Compiling Part 'SquadExpansion/MakingHistory/Parts/Structural/EquiTriangle1/EquiTriangle1'
[LOG 14:55:56.296] PartLoader: Part 'SquadExpansion/MakingHistory/Parts/Structural/EquiTriangle1/EquiTriangle1' has no database record. Creating.
[LOG 14:55:56.296] [DragCubeSystem]: Drag cubes not found or cannot be read for part Part. Generating New drag cubes.
[LOG 14:55:56.296] [KSPCF/DragCubeGeneration] Creating drag cubes for part 'EquiTriangle1'
[LOG 14:55:56.300] PartLoader: Compiling Part 'SquadExpansion/MakingHistory/Parts/Structural/EquiTriangle1p5/EquiTriangle1p5'
[LOG 14:55:56.303] PartLoader: Part 'SquadExpansion/MakingHistory/Parts/Structural/EquiTriangle1p5/EquiTriangle1p5' has no database record. Creating.
[LOG 14:55:56.303] [DragCubeSystem]: Drag cubes not found or cannot be read for part Part. Generating New drag cubes.
[LOG 14:55:56.303] [KSPCF/DragCubeGeneration] Creating drag cubes for part 'EquiTriangle1p5'
[LOG 14:55:56.307] PartLoader: Compiling Part 'SquadExpansion/MakingHistory/Parts/Structural/EquiTriangle2/EquiTriangle2'
[LOG 14:55:56.310] PartLoader: Part 'SquadExpansion/MakingHistory/Parts/Structural/EquiTriangle2/EquiTriangle2' has no database record. Creating.
[LOG 14:55:56.310] [DragCubeSystem]: Drag cubes not found or cannot be read for part Part. Generating New drag cubes.
[LOG 14:55:56.310] [KSPCF/DragCubeGeneration] Creating drag cubes for part 'EquiTriangle2'
[LOG 14:55:56.314] PartLoader: Compiling Part 'SquadExpansion/MakingHistory/Parts/Structural/Panel0/Panel0'
[LOG 14:55:56.317] PartLoader: Part 'SquadExpansion/MakingHistory/Parts/Structural/Panel0/Panel0' has no database record. Creating.
[LOG 14:55:56.317] [DragCubeSystem]: Drag cubes not found or cannot be read for part Part. Generating New drag cubes.
[LOG 14:55:56.317] [KSPCF/DragCubeGeneration] Creating drag cubes for part 'Panel0'
[LOG 14:55:56.321] PartLoader: Compiling Part 'SquadExpansion/MakingHistory/Parts/Structural/Panel1/Panel1'
[LOG 14:55:56.325] PartLoader: Part 'SquadExpansion/MakingHistory/Parts/Structural/Panel1/Panel1' has no database record. Creating.
[LOG 14:55:56.325] [DragCubeSystem]: Drag cubes not found or cannot be read for part Part. Generating New drag cubes.
[LOG 14:55:56.325] [KSPCF/DragCubeGeneration] Creating drag cubes for part 'Panel1'
[LOG 14:55:56.329] PartLoader: Compiling Part 'SquadExpansion/MakingHistory/Parts/Structural/Panel1p5/Panel1p5'
[LOG 14:55:56.332] PartLoader: Part 'SquadExpansion/MakingHistory/Parts/Structural/Panel1p5/Panel1p5' has no database record. Creating.
[LOG 14:55:56.332] [DragCubeSystem]: Drag cubes not found or cannot be read for part Part. Generating New drag cubes.
[LOG 14:55:56.332] [KSPCF/DragCubeGeneration] Creating drag cubes for part 'Panel1p5'
[LOG 14:55:56.337] PartLoader: Compiling Part 'SquadExpansion/MakingHistory/Parts/Structural/Panel2/Panel2'
[LOG 14:55:56.340] PartLoader: Part 'SquadExpansion/MakingHistory/Parts/Structural/Panel2/Panel2' has no database record. Creating.
[LOG 14:55:56.340] [DragCubeSystem]: Drag cubes not found or cannot be read for part Part. Generating New drag cubes.
[LOG 14:55:56.340] [KSPCF/DragCubeGeneration] Creating drag cubes for part 'Panel2'
[LOG 14:55:56.344] PartLoader: Compiling Part 'SquadExpansion/MakingHistory/Parts/Structural/Triangle0/Triangle0'
[LOG 14:55:56.347] PartLoader: Part 'SquadExpansion/MakingHistory/Parts/Structural/Triangle0/Triangle0' has no database record. Creating.
[LOG 14:55:56.347] [DragCubeSystem]: Drag cubes not found or cannot be read for part Part. Generating New drag cubes.
[LOG 14:55:56.347] [KSPCF/DragCubeGeneration] Creating drag cubes for part 'Triangle0'
[LOG 14:55:56.351] PartLoader: Compiling Part 'SquadExpansion/MakingHistory/Parts/Structural/Triangle1/Triangle1'
[LOG 14:55:56.354] PartLoader: Part 'SquadExpansion/MakingHistory/Parts/Structural/Triangle1/Triangle1' has no database record. Creating.
[LOG 14:55:56.354] [DragCubeSystem]: Drag cubes not found or cannot be read for part Part. Generating New drag cubes.
[LOG 14:55:56.354] [KSPCF/DragCubeGeneration] Creating drag cubes for part 'Triangle1'
[LOG 14:55:56.358] PartLoader: Compiling Part 'SquadExpansion/MakingHistory/Parts/Structural/Triangle1p5/Triangle1p5'
[LOG 14:55:56.362] PartLoader: Part 'SquadExpansion/MakingHistory/Parts/Structural/Triangle1p5/Triangle1p5' has no database record. Creating.
[LOG 14:55:56.362] [DragCubeSystem]: Drag cubes not found or cannot be read for part Part. Generating New drag cubes.
[LOG 14:55:56.362] [KSPCF/DragCubeGeneration] Creating drag cubes for part 'Triangle1p5'
[LOG 14:55:56.366] PartLoader: Compiling Part 'SquadExpansion/MakingHistory/Parts/Structural/Triangle2/Triangle2'
[LOG 14:55:56.369] PartLoader: Part 'SquadExpansion/MakingHistory/Parts/Structural/Triangle2/Triangle2' has no database record. Creating.
[LOG 14:55:56.369] [DragCubeSystem]: Drag cubes not found or cannot be read for part Part. Generating New drag cubes.
[LOG 14:55:56.369] [KSPCF/DragCubeGeneration] Creating drag cubes for part 'Triangle2'
[LOG 14:55:56.373] PartLoader: Compiling Part 'SquadExpansion/MakingHistory/Parts/Structural/Tube1/Tube1'
[LOG 14:55:56.377] PartLoader: Part 'SquadExpansion/MakingHistory/Parts/Structural/Tube1/Tube1' has no database record. Creating.
[LOG 14:55:56.377] PartLoader: Compiling Part 'SquadExpansion/MakingHistory/Parts/Structural/Tube1p5/Tube1p5'
[LOG 14:55:56.382] PartLoader: Part 'SquadExpansion/MakingHistory/Parts/Structural/Tube1p5/Tube1p5' has no database record. Creating.
[LOG 14:55:56.382] PartLoader: Compiling Part 'SquadExpansion/MakingHistory/Parts/Structural/Tube2/Tube2'
[LOG 14:55:56.385] PartLoader: Part 'SquadExpansion/MakingHistory/Parts/Structural/Tube2/Tube2' has no database record. Creating.
[LOG 14:55:56.385] PartLoader: Compiling Part 'SquadExpansion/MakingHistory/Parts/Structural/Tube3/Tube3'
[LOG 14:55:56.389] PartLoader: Part 'SquadExpansion/MakingHistory/Parts/Structural/Tube3/Tube3' has no database record. Creating.
[LOG 14:55:56.389] PartLoader: Compiling Part 'SquadExpansion/MakingHistory/Parts/Structural/Tube4/Tube4'
[LOG 14:55:56.392] PartLoader: Part 'SquadExpansion/MakingHistory/Parts/Structural/Tube4/Tube4' has no database record. Creating.
[LOG 14:55:56.392] PartLoader: Compiling Part 'SquadExpansion/MakingHistory/Parts/Thermal/HeatShield1p5/HeatShield1p5'
[LOG 14:55:56.398] PartLoader: Part 'SquadExpansion/MakingHistory/Parts/Thermal/HeatShield1p5/HeatShield1p5' has no database record. Creating.
[LOG 14:55:56.398] [DragCubeSystem]: Drag cubes not found or cannot be read for part Part. Generating New drag cubes.
[LOG 14:55:56.398] [KSPCF/DragCubeGeneration] Creating drag cubes for part 'HeatShield1p5'
[LOG 14:55:56.411] PartLoader: Compiling Part 'SquadExpansion/MakingHistory/Parts/Utility/flags/flagSize1p5/flagSize1p5/flagPartSize1p5'
[LOG 14:55:56.415] PartLoader: Part 'SquadExpansion/MakingHistory/Parts/Utility/flags/flagSize1p5/flagSize1p5/flagPartSize1p5' has no database record. Creating.
[LOG 14:55:56.415] [DragCubeSystem]: Drag cubes not found or cannot be read for part Part. Generating New drag cubes.
[LOG 14:55:56.415] [KSPCF/DragCubeGeneration] Creating drag cubes for part 'flagPartSize1p5'
[LOG 14:55:56.419] PartLoader: Compiling Part 'SquadExpansion/MakingHistory/Parts/Utility/flags/flagSize4/flagSize4/flagPartSize4'
[LOG 14:55:56.424] PartLoader: Part 'SquadExpansion/MakingHistory/Parts/Utility/flags/flagSize4/flagSize4/flagPartSize4' has no database record. Creating.
[LOG 14:55:56.424] [DragCubeSystem]: Drag cubes not found or cannot be read for part Part. Generating New drag cubes.
[LOG 14:55:56.424] [KSPCF/DragCubeGeneration] Creating drag cubes for part 'flagPartSize4'
[LOG 14:55:56.428] PartLoader: Compiling Part 'SquadExpansion/Serenity/Parts/Aero/FanShroud_01/FanShroud_01'
[LOG 14:55:56.431] PartLoader: Part 'SquadExpansion/Serenity/Parts/Aero/FanShroud_01/FanShroud_01' has no database record. Creating.
[LOG 14:55:56.431] [DragCubeSystem]: Drag cubes not found or cannot be read for part Part. Generating New drag cubes.
[LOG 14:55:56.431] [KSPCF/DragCubeGeneration] Creating drag cubes for part 'FanShroud.01'
[LOG 14:55:56.435] PartLoader: Compiling Part 'SquadExpansion/Serenity/Parts/Aero/FanShroud_02/FanShroud_02'
[LOG 14:55:56.438] PartLoader: Part 'SquadExpansion/Serenity/Parts/Aero/FanShroud_02/FanShroud_02' has no database record. Creating.
[LOG 14:55:56.439] [DragCubeSystem]: Drag cubes not found or cannot be read for part Part. Generating New drag cubes.
[LOG 14:55:56.439] [KSPCF/DragCubeGeneration] Creating drag cubes for part 'FanShroud.02'
[LOG 14:55:56.443] PartLoader: Compiling Part 'SquadExpansion/Serenity/Parts/Aero/FanShroud_03/FanShroud_03'
[LOG 14:55:56.447] PartLoader: Part 'SquadExpansion/Serenity/Parts/Aero/FanShroud_03/FanShroud_03' has no database record. Creating.
[LOG 14:55:56.447] [DragCubeSystem]: Drag cubes not found or cannot be read for part Part. Generating New drag cubes.
[LOG 14:55:56.447] [KSPCF/DragCubeGeneration] Creating drag cubes for part 'FanShroud.03'
[LOG 14:55:56.451] PartLoader: Compiling Part 'SquadExpansion/Serenity/Parts/Aero/noseconeTiny/noseconeTiny'
[LOG 14:55:56.454] PartLoader: Part 'SquadExpansion/Serenity/Parts/Aero/noseconeTiny/noseconeTiny' has no database record. Creating.
[LOG 14:55:56.454] [DragCubeSystem]: Drag cubes not found or cannot be read for part Part. Generating New drag cubes.
[LOG 14:55:56.454] [KSPCF/DragCubeGeneration] Creating drag cubes for part 'noseconeTiny'
[LOG 14:55:56.458] PartLoader: Compiling Part 'SquadExpansion/Serenity/Parts/Aero/noseconeVS/noseconeVS'
[LOG 14:55:56.461] PartLoader: Part 'SquadExpansion/Serenity/Parts/Aero/noseconeVS/noseconeVS' has no database record. Creating.
[LOG 14:55:56.461] [DragCubeSystem]: Drag cubes not found or cannot be read for part Part. Generating New drag cubes.
[LOG 14:55:56.461] [KSPCF/DragCubeGeneration] Creating drag cubes for part 'noseconeVS'
[LOG 14:55:56.465] PartLoader: Compiling Part 'SquadExpansion/Serenity/Parts/DeployedScience/centralStation/DeployedCentralStation'
[LOG 14:55:56.474] PartLoader: Part 'SquadExpansion/Serenity/Parts/DeployedScience/centralStation/DeployedCentralStation' has no database record. Creating.
[LOG 14:55:56.474] [DragCubeSystem]: Drag cubes not found or cannot be read for part Part. Generating New drag cubes.
[LOG 14:55:56.474] [KSPCF/DragCubeGeneration] Creating drag cubes for part 'DeployedCentralStation'
[LOG 14:55:56.497] PartLoader: Compiling Part 'SquadExpansion/Serenity/Parts/DeployedScience/gooObservation/DeployedGoExOb'
[LOG 14:55:56.506] PartLoader: Part 'SquadExpansion/Serenity/Parts/DeployedScience/gooObservation/DeployedGoExOb' has no database record. Creating.
[LOG 14:55:56.506] [DragCubeSystem]: Drag cubes not found or cannot be read for part Part. Generating New drag cubes.
[LOG 14:55:56.506] [KSPCF/DragCubeGeneration] Creating drag cubes for part 'DeployedGoExOb'
[LOG 14:55:56.529] PartLoader: Compiling Part 'SquadExpansion/Serenity/Parts/DeployedScience/ionCollector/DeployedIONExp'
[LOG 14:55:56.533] PartLoader: Part 'SquadExpansion/Serenity/Parts/DeployedScience/ionCollector/DeployedIONExp' has no database record. Creating.
[LOG 14:55:56.533] [DragCubeSystem]: Drag cubes not found or cannot be read for part Part. Generating New drag cubes.
[LOG 14:55:56.533] [KSPCF/DragCubeGeneration] Creating drag cubes for part 'DeployedIONExp'
[LOG 14:55:56.544] PartLoader: Compiling Part 'SquadExpansion/Serenity/Parts/DeployedScience/rtg/DeployedRTG'
[LOG 14:55:56.553] PartLoader: Part 'SquadExpansion/Serenity/Parts/DeployedScience/rtg/DeployedRTG' has no database record. Creating.
[LOG 14:55:56.553] [DragCubeSystem]: Drag cubes not found or cannot be read for part Part. Generating New drag cubes.
[LOG 14:55:56.553] [KSPCF/DragCubeGeneration] Creating drag cubes for part 'DeployedRTG'
[LOG 14:55:56.567] PartLoader: Compiling Part 'SquadExpansion/Serenity/Parts/DeployedScience/satDish/DeployedSatDish'
[LOG 14:55:56.575] PartLoader: Part 'SquadExpansion/Serenity/Parts/DeployedScience/satDish/DeployedSatDish' has no database record. Creating.
[LOG 14:55:56.575] [DragCubeSystem]: Drag cubes not found or cannot be read for part Part. Generating New drag cubes.
[LOG 14:55:56.575] [KSPCF/DragCubeGeneration] Creating drag cubes for part 'DeployedSatDish'
[LOG 14:55:56.589] PartLoader: Compiling Part 'SquadExpansion/Serenity/Parts/DeployedScience/seismicSensor/DeployedSeismicSensor'
[LOG 14:55:56.594] PartLoader: Part 'SquadExpansion/Serenity/Parts/DeployedScience/seismicSensor/DeployedSeismicSensor' has no database record. Creating.
[LOG 14:55:56.594] [DragCubeSystem]: Drag cubes not found or cannot be read for part Part. Generating New drag cubes.
[LOG 14:55:56.594] [KSPCF/DragCubeGeneration] Creating drag cubes for part 'DeployedSeismicSensor'
[LOG 14:55:56.607] PartLoader: Compiling Part 'SquadExpansion/Serenity/Parts/DeployedScience/solarPanel/DeployedSolarPanel'
[LOG 14:55:56.612] PartLoader: Part 'SquadExpansion/Serenity/Parts/DeployedScience/solarPanel/DeployedSolarPanel' has no database record. Creating.
[LOG 14:55:56.612] [DragCubeSystem]: Drag cubes not found or cannot be read for part Part. Generating New drag cubes.
[LOG 14:55:56.612] [KSPCF/DragCubeGeneration] Creating drag cubes for part 'DeployedSolarPanel'
[LOG 14:55:56.626] PartLoader: Compiling Part 'SquadExpansion/Serenity/Parts/DeployedScience/weatherStation/DeployedWeatherStn'
[LOG 14:55:56.631] PartLoader: Part 'SquadExpansion/Serenity/Parts/DeployedScience/weatherStation/DeployedWeatherStn' has no database record. Creating.
[LOG 14:55:56.631] [DragCubeSystem]: Drag cubes not found or cannot be read for part Part. Generating New drag cubes.
[LOG 14:55:56.631] [KSPCF/DragCubeGeneration] Creating drag cubes for part 'DeployedWeatherStn'
[LOG 14:55:56.654] PartLoader: Compiling Part 'SquadExpansion/Serenity/Parts/Prebuilt/kerbalEVA/kerbalEVA'
[LOG 14:55:56.655] PartLoader: Compiling Part 'SquadExpansion/Serenity/Parts/Prebuilt/kerbalEVAfemale/kerbalEVAfemale'
[LOG 14:55:56.657] PartLoader: Compiling Part 'SquadExpansion/Serenity/Parts/Prebuilt/kerbalEVAfemaleFuture/kerbalEVAfemaleFuture'
[LOG 14:55:56.663] PartLoader: Compiling Part 'SquadExpansion/Serenity/Parts/Prebuilt/kerbalEVAfemaleVintage/kerbalEVAfemaleVintage'
[LOG 14:55:56.665] PartLoader: Compiling Part 'SquadExpansion/Serenity/Parts/Prebuilt/kerbalEVAFuture/kerbalEVAFuture'
[LOG 14:55:56.671] PartLoader: Compiling Part 'SquadExpansion/Serenity/Parts/Prebuilt/kerbalEVASlimSuit/kerbalEVASlimSuit'
[LOG 14:55:56.673] PartLoader: Compiling Part 'SquadExpansion/Serenity/Parts/Prebuilt/kerbalEVASlimSuitFemale/kerbalEVASlimSuitFemale'
[LOG 14:55:56.674] PartLoader: Compiling Part 'SquadExpansion/Serenity/Parts/Prebuilt/kerbalEVAVintage/kerbalEVAVintage'
[LOG 14:55:56.676] PartLoader: Compiling Part 'SquadExpansion/Serenity/Parts/Propellers/largeFanBlade/largeFanBlade'
[LOG 14:55:56.680] PartLoader: Part 'SquadExpansion/Serenity/Parts/Propellers/largeFanBlade/largeFanBlade' has no database record. Creating.
[LOG 14:55:56.680] [DragCubeSystem]: Drag cubes not found or cannot be read for part Part. Generating New drag cubes.
[LOG 14:55:56.680] [KSPCF/DragCubeGeneration] Creating drag cubes for part 'largeFanBlade'
[LOG 14:55:56.694] PartLoader: Compiling Part 'SquadExpansion/Serenity/Parts/Propellers/largeHeliBlade/largeHeliBlade'
[LOG 14:55:56.698] PartLoader: Part 'SquadExpansion/Serenity/Parts/Propellers/largeHeliBlade/largeHeliBlade' has no database record. Creating.
[LOG 14:55:56.699] [DragCubeSystem]: Drag cubes not found or cannot be read for part Part. Generating New drag cubes.
[LOG 14:55:56.699] [KSPCF/DragCubeGeneration] Creating drag cubes for part 'largeHeliBlade'
[LOG 14:55:56.712] PartLoader: Compiling Part 'SquadExpansion/Serenity/Parts/Propellers/largePropeller/largePropeller'
[LOG 14:55:56.717] PartLoader: Part 'SquadExpansion/Serenity/Parts/Propellers/largePropeller/largePropeller' has no database record. Creating.
[LOG 14:55:56.717] [DragCubeSystem]: Drag cubes not found or cannot be read for part Part. Generating New drag cubes.
[LOG 14:55:56.717] [KSPCF/DragCubeGeneration] Creating drag cubes for part 'largePropeller'
[LOG 14:55:56.731] PartLoader: Compiling Part 'SquadExpansion/Serenity/Parts/Propellers/mediumFanBlade/mediumFanBlade'
[LOG 14:55:56.736] PartLoader: Part 'SquadExpansion/Serenity/Parts/Propellers/mediumFanBlade/mediumFanBlade' has no database record. Creating.
[LOG 14:55:56.736] [DragCubeSystem]: Drag cubes not found or cannot be read for part Part. Generating New drag cubes.
[LOG 14:55:56.736] [KSPCF/DragCubeGeneration] Creating drag cubes for part 'mediumFanBlade'
[LOG 14:55:56.752] PartLoader: Compiling Part 'SquadExpansion/Serenity/Parts/Propellers/mediumHeliBlade/mediumHeliBlade'
[LOG 14:55:56.757] PartLoader: Part 'SquadExpansion/Serenity/Parts/Propellers/mediumHeliBlade/mediumHeliBlade' has no database record. Creating.
[LOG 14:55:56.757] [DragCubeSystem]: Drag cubes not found or cannot be read for part Part. Generating New drag cubes.
[LOG 14:55:56.757] [KSPCF/DragCubeGeneration] Creating drag cubes for part 'mediumHeliBlade'
[LOG 14:55:56.770] PartLoader: Compiling Part 'SquadExpansion/Serenity/Parts/Propellers/mediumPropeller/mediumPropeller'
[LOG 14:55:56.775] PartLoader: Part 'SquadExpansion/Serenity/Parts/Propellers/mediumPropeller/mediumPropeller' has no database record. Creating.
[LOG 14:55:56.775] [DragCubeSystem]: Drag cubes not found or cannot be read for part Part. Generating New drag cubes.
[LOG 14:55:56.775] [KSPCF/DragCubeGeneration] Creating drag cubes for part 'mediumPropeller'
[LOG 14:55:56.790] PartLoader: Compiling Part 'SquadExpansion/Serenity/Parts/Propellers/smallFanBlade/smallFanBlade'
[LOG 14:55:56.795] PartLoader: Part 'SquadExpansion/Serenity/Parts/Propellers/smallFanBlade/smallFanBlade' has no database record. Creating.
[LOG 14:55:56.795] [DragCubeSystem]: Drag cubes not found or cannot be read for part Part. Generating New drag cubes.
[LOG 14:55:56.795] [KSPCF/DragCubeGeneration] Creating drag cubes for part 'smallFanBlade'
[LOG 14:55:56.810] PartLoader: Compiling Part 'SquadExpansion/Serenity/Parts/Propellers/smallHeliBlade/smallHeliBlade'
[LOG 14:55:56.814] PartLoader: Part 'SquadExpansion/Serenity/Parts/Propellers/smallHeliBlade/smallHeliBlade' has no database record. Creating.
[LOG 14:55:56.814] [DragCubeSystem]: Drag cubes not found or cannot be read for part Part. Generating New drag cubes.
[LOG 14:55:56.815] [KSPCF/DragCubeGeneration] Creating drag cubes for part 'smallHeliBlade'
[LOG 14:55:56.829] PartLoader: Compiling Part 'SquadExpansion/Serenity/Parts/Propellers/smallPropeller/smallPropeller'
[LOG 14:55:56.834] PartLoader: Part 'SquadExpansion/Serenity/Parts/Propellers/smallPropeller/smallPropeller' has no database record. Creating.
[LOG 14:55:56.834] [DragCubeSystem]: Drag cubes not found or cannot be read for part Part. Generating New drag cubes.
[LOG 14:55:56.834] [KSPCF/DragCubeGeneration] Creating drag cubes for part 'smallPropeller'
[LOG 14:55:56.849] PartLoader: Compiling Part 'SquadExpansion/Serenity/Parts/Robotics/hinge_01/hinge_01'
[LOG 14:55:56.868] PartLoader: Part 'SquadExpansion/Serenity/Parts/Robotics/hinge_01/hinge_01' has no database record. Creating.
[LOG 14:55:56.868] [DragCubeSystem]: Drag cubes not found or cannot be read for part Part. Generating New drag cubes.
[LOG 14:55:56.868] [KSPCF/DragCubeGeneration] Creating drag cubes for part 'hinge.01'
[LOG 14:55:56.873] PartLoader: Compiling Part 'SquadExpansion/Serenity/Parts/Robotics/hinge_01_s/hinge_01_s'
[LOG 14:55:56.880] PartLoader: Part 'SquadExpansion/Serenity/Parts/Robotics/hinge_01_s/hinge_01_s' has no database record. Creating.
[LOG 14:55:56.880] [DragCubeSystem]: Drag cubes not found or cannot be read for part Part. Generating New drag cubes.
[LOG 14:55:56.880] [KSPCF/DragCubeGeneration] Creating drag cubes for part 'hinge.01.s'
[LOG 14:55:56.886] PartLoader: Compiling Part 'SquadExpansion/Serenity/Parts/Robotics/hinge_03/hinge_03'
[LOG 14:55:56.895] PartLoader: Part 'SquadExpansion/Serenity/Parts/Robotics/hinge_03/hinge_03' has no database record. Creating.
[LOG 14:55:56.896] PartLoader: Compiling Part 'SquadExpansion/Serenity/Parts/Robotics/hinge_03_s/hinge_03_s'
[LOG 14:55:56.905] PartLoader: Part 'SquadExpansion/Serenity/Parts/Robotics/hinge_03_s/hinge_03_s' has no database record. Creating.
[LOG 14:55:56.906] PartLoader: Compiling Part 'SquadExpansion/Serenity/Parts/Robotics/hinge_04/hinge_04'
[LOG 14:55:56.914] PartLoader: Part 'SquadExpansion/Serenity/Parts/Robotics/hinge_04/hinge_04' has no database record. Creating.
[LOG 14:55:56.915] PartLoader: Compiling Part 'SquadExpansion/Serenity/Parts/Robotics/piston_01/piston_01'
[LOG 14:55:56.925] PartLoader: Part 'SquadExpansion/Serenity/Parts/Robotics/piston_01/piston_01' has no database record. Creating.
[LOG 14:55:56.926] PartLoader: Compiling Part 'SquadExpansion/Serenity/Parts/Robotics/piston_02/piston_02'
[LOG 14:55:56.931] PartLoader: Part 'SquadExpansion/Serenity/Parts/Robotics/piston_02/piston_02' has no database record. Creating.
[LOG 14:55:56.932] PartLoader: Compiling Part 'SquadExpansion/Serenity/Parts/Robotics/piston_03/piston_03'
[LOG 14:55:56.937] PartLoader: Part 'SquadExpansion/Serenity/Parts/Robotics/piston_03/piston_03' has no database record. Creating.
[LOG 14:55:56.938] PartLoader: Compiling Part 'SquadExpansion/Serenity/Parts/Robotics/piston_04/piston_04'
[LOG 14:55:56.944] PartLoader: Part 'SquadExpansion/Serenity/Parts/Robotics/piston_04/piston_04' has no database record. Creating.
[LOG 14:55:56.945] PartLoader: Compiling Part 'SquadExpansion/Serenity/Parts/Robotics/RotorEngine_02/RotorEngine_02'
[LOG 14:55:56.965] PartLoader: Part 'SquadExpansion/Serenity/Parts/Robotics/RotorEngine_02/RotorEngine_02' has no database record. Creating.
[LOG 14:55:56.965] [DragCubeSystem]: Drag cubes not found or cannot be read for part Part. Generating New drag cubes.
[LOG 14:55:56.965] [KSPCF/DragCubeGeneration] Creating drag cubes for part 'RotorEngine.02'
[LOG 14:55:56.971] PartLoader: Compiling Part 'SquadExpansion/Serenity/Parts/Robotics/RotorEngine_03/RotorEngine_03'
[LOG 14:55:56.978] PartLoader: Part 'SquadExpansion/Serenity/Parts/Robotics/RotorEngine_03/RotorEngine_03' has no database record. Creating.
[LOG 14:55:56.978] [DragCubeSystem]: Drag cubes not found or cannot be read for part Part. Generating New drag cubes.
[LOG 14:55:56.978] [KSPCF/DragCubeGeneration] Creating drag cubes for part 'RotorEngine.03'
[LOG 14:55:56.984] PartLoader: Compiling Part 'SquadExpansion/Serenity/Parts/Robotics/rotor_01/rotor_01'
[LOG 14:55:56.993] PartLoader: Part 'SquadExpansion/Serenity/Parts/Robotics/rotor_01/rotor_01' has no database record. Creating.
[LOG 14:55:56.993] [DragCubeSystem]: Drag cubes not found or cannot be read for part Part. Generating New drag cubes.
[LOG 14:55:56.993] [KSPCF/DragCubeGeneration] Creating drag cubes for part 'rotor.01'
[LOG 14:55:57.003] PartLoader: Compiling Part 'SquadExpansion/Serenity/Parts/Robotics/rotor_01s/rotor_01s'
[LOG 14:55:57.012] PartLoader: Part 'SquadExpansion/Serenity/Parts/Robotics/rotor_01s/rotor_01s' has no database record. Creating.
[LOG 14:55:57.012] [DragCubeSystem]: Drag cubes not found or cannot be read for part Part. Generating New drag cubes.
[LOG 14:55:57.012] [KSPCF/DragCubeGeneration] Creating drag cubes for part 'rotor.01s'
[LOG 14:55:57.017] PartLoader: Compiling Part 'SquadExpansion/Serenity/Parts/Robotics/rotor_02/rotor_02'
[LOG 14:55:57.028] PartLoader: Part 'SquadExpansion/Serenity/Parts/Robotics/rotor_02/rotor_02' has no database record. Creating.
[LOG 14:55:57.028] [DragCubeSystem]: Drag cubes not found or cannot be read for part Part. Generating New drag cubes.
[LOG 14:55:57.028] [KSPCF/DragCubeGeneration] Creating drag cubes for part 'rotor.02'
[LOG 14:55:57.038] PartLoader: Compiling Part 'SquadExpansion/Serenity/Parts/Robotics/rotor_02s/rotor_02s'
[LOG 14:55:57.053] PartLoader: Part 'SquadExpansion/Serenity/Parts/Robotics/rotor_02s/rotor_02s' has no database record. Creating.
[LOG 14:55:57.054] [DragCubeSystem]: Drag cubes not found or cannot be read for part Part. Generating New drag cubes.
[LOG 14:55:57.054] [KSPCF/DragCubeGeneration] Creating drag cubes for part 'rotor.02s'
[LOG 14:55:57.059] PartLoader: Compiling Part 'SquadExpansion/Serenity/Parts/Robotics/rotor_03/rotor_03'
[LOG 14:55:57.065] PartLoader: Part 'SquadExpansion/Serenity/Parts/Robotics/rotor_03/rotor_03' has no database record. Creating.
[LOG 14:55:57.065] [DragCubeSystem]: Drag cubes not found or cannot be read for part Part. Generating New drag cubes.
[LOG 14:55:57.065] [KSPCF/DragCubeGeneration] Creating drag cubes for part 'rotor.03'
[LOG 14:55:57.071] PartLoader: Compiling Part 'SquadExpansion/Serenity/Parts/Robotics/rotor_03s/rotor_03s'
[LOG 14:55:57.078] PartLoader: Part 'SquadExpansion/Serenity/Parts/Robotics/rotor_03s/rotor_03s' has no database record. Creating.
[LOG 14:55:57.078] [DragCubeSystem]: Drag cubes not found or cannot be read for part Part. Generating New drag cubes.
[LOG 14:55:57.078] [KSPCF/DragCubeGeneration] Creating drag cubes for part 'rotor.03s'
[LOG 14:55:57.082] PartLoader: Compiling Part 'SquadExpansion/Serenity/Parts/Robotics/rotoServo_00/rotoServo_00'
[LOG 14:55:57.094] PartLoader: Part 'SquadExpansion/Serenity/Parts/Robotics/rotoServo_00/rotoServo_00' has no database record. Creating.
[LOG 14:55:57.094] [DragCubeSystem]: Drag cubes not found or cannot be read for part Part. Generating New drag cubes.
[LOG 14:55:57.094] [KSPCF/DragCubeGeneration] Creating drag cubes for part 'rotoServo.00'
[LOG 14:55:57.099] PartLoader: Compiling Part 'SquadExpansion/Serenity/Parts/Robotics/rotoServo_02/rotoServo_02'
[LOG 14:55:57.106] PartLoader: Part 'SquadExpansion/Serenity/Parts/Robotics/rotoServo_02/rotoServo_02' has no database record. Creating.
[LOG 14:55:57.106] [DragCubeSystem]: Drag cubes not found or cannot be read for part Part. Generating New drag cubes.
[LOG 14:55:57.106] [KSPCF/DragCubeGeneration] Creating drag cubes for part 'rotoServo.02'
[LOG 14:55:57.111] PartLoader: Compiling Part 'SquadExpansion/Serenity/Parts/Robotics/rotoServo_03/rotoServo_03'
[LOG 14:55:57.117] PartLoader: Part 'SquadExpansion/Serenity/Parts/Robotics/rotoServo_03/rotoServo_03' has no database record. Creating.
[LOG 14:55:57.117] [DragCubeSystem]: Drag cubes not found or cannot be read for part Part. Generating New drag cubes.
[LOG 14:55:57.117] [KSPCF/DragCubeGeneration] Creating drag cubes for part 'rotoServo.03'
[LOG 14:55:57.122] PartLoader: Compiling Part 'SquadExpansion/Serenity/Parts/Robotics/rotoServo_04/rotoServo_04'
[LOG 14:55:57.128] PartLoader: Part 'SquadExpansion/Serenity/Parts/Robotics/rotoServo_04/rotoServo_04' has no database record. Creating.
[LOG 14:55:57.128] [DragCubeSystem]: Drag cubes not found or cannot be read for part Part. Generating New drag cubes.
[LOG 14:55:57.128] [KSPCF/DragCubeGeneration] Creating drag cubes for part 'rotoServo.04'
[LOG 14:55:57.132] PartLoader: Compiling Part 'SquadExpansion/Serenity/Parts/Robotics/Controllers/KAL1000/controller1000'
[LOG 14:55:57.144] PartLoader: Part 'SquadExpansion/Serenity/Parts/Robotics/Controllers/KAL1000/controller1000' has no database record. Creating.
[LOG 14:55:57.144] [DragCubeSystem]: Drag cubes not found or cannot be read for part Part. Generating New drag cubes.
[LOG 14:55:57.144] [KSPCF/DragCubeGeneration] Creating drag cubes for part 'controller1000'
[LOG 14:55:57.148] PartLoader: Compiling Part 'SquadExpansion/Serenity/Parts/Science/RobotArmScanner/RobotArmScanner_S1/RobotArmScanner_S1'
[LOG 14:55:57.160] PartLoader: Part 'SquadExpansion/Serenity/Parts/Science/RobotArmScanner/RobotArmScanner_S1/RobotArmScanner_S1' has no database record. Creating.
[LOG 14:55:57.160] [DragCubeSystem]: Drag cubes not found or cannot be read for part Part. Generating New drag cubes.
[LOG 14:55:57.160] [KSPCF/DragCubeGeneration] Creating drag cubes for part 'RobotArmScanner.S1'
[LOG 14:55:57.181] PartLoader: Compiling Part 'SquadExpansion/Serenity/Parts/Science/RobotArmScanner/RobotArmScanner_S2/RobotArmScanner_S2'
[LOG 14:55:57.188] PartLoader: Part 'SquadExpansion/Serenity/Parts/Science/RobotArmScanner/RobotArmScanner_S2/RobotArmScanner_S2' has no database record. Creating.
[LOG 14:55:57.188] [DragCubeSystem]: Drag cubes not found or cannot be read for part Part. Generating New drag cubes.
[LOG 14:55:57.188] [KSPCF/DragCubeGeneration] Creating drag cubes for part 'RobotArmScanner.S2'
[LOG 14:55:57.205] PartLoader: Compiling Part 'SquadExpansion/Serenity/Parts/Science/RobotArmScanner/RobotArmScanner_S3/RobotArmScanner_S3'
[LOG 14:55:57.211] PartLoader: Part 'SquadExpansion/Serenity/Parts/Science/RobotArmScanner/RobotArmScanner_S3/RobotArmScanner_S3' has no database record. Creating.
[LOG 14:55:57.211] [DragCubeSystem]: Drag cubes not found or cannot be read for part Part. Generating New drag cubes.
[LOG 14:55:57.211] [KSPCF/DragCubeGeneration] Creating drag cubes for part 'RobotArmScanner.S3'
[LOG 14:55:57.229] PartLoader: Compiling Part 'SquadExpansion/Serenity/Parts/Structural/gripPads/lGripPad/lGripPad'
[LOG 14:55:57.237] PartLoader: Part 'SquadExpansion/Serenity/Parts/Structural/gripPads/lGripPad/lGripPad' has no database record. Creating.
[LOG 14:55:57.237] [DragCubeSystem]: Drag cubes not found or cannot be read for part Part. Generating New drag cubes.
[LOG 14:55:57.237] [KSPCF/DragCubeGeneration] Creating drag cubes for part 'lGripPad'
[LOG 14:55:57.248] PartLoader: Compiling Part 'SquadExpansion/Serenity/Parts/Structural/gripPads/lGripStrip/lGripStrip'
[LOG 14:55:57.252] PartLoader: Part 'SquadExpansion/Serenity/Parts/Structural/gripPads/lGripStrip/lGripStrip' has no database record. Creating.
[LOG 14:55:57.252] [DragCubeSystem]: Drag cubes not found or cannot be read for part Part. Generating New drag cubes.
[LOG 14:55:57.252] [KSPCF/DragCubeGeneration] Creating drag cubes for part 'lGripStrip'
[LOG 14:55:57.255] PartLoader: Compiling Part 'SquadExpansion/Serenity/Parts/Structural/gripPads/mGripPad/mGripPad'
[LOG 14:55:57.259] PartLoader: Part 'SquadExpansion/Serenity/Parts/Structural/gripPads/mGripPad/mGripPad' has no database record. Creating.
[LOG 14:55:57.259] [DragCubeSystem]: Drag cubes not found or cannot be read for part Part. Generating New drag cubes.
[LOG 14:55:57.259] [KSPCF/DragCubeGeneration] Creating drag cubes for part 'mGripPad'
[LOG 14:55:57.270] PartLoader: Compiling Part 'SquadExpansion/Serenity/Parts/Structural/gripPads/sGripPad/sGripPad'
[LOG 14:55:57.273] PartLoader: Part 'SquadExpansion/Serenity/Parts/Structural/gripPads/sGripPad/sGripPad' has no database record. Creating.
[LOG 14:55:57.273] [DragCubeSystem]: Drag cubes not found or cannot be read for part Part. Generating New drag cubes.
[LOG 14:55:57.273] [KSPCF/DragCubeGeneration] Creating drag cubes for part 'sGripPad'
[LOG 14:55:57.283] PartLoader: Compiling Part 'SquadExpansion/Serenity/Parts/Structural/gripPads/sGripStrip/sGripStrip'
[LOG 14:55:57.286] PartLoader: Part 'SquadExpansion/Serenity/Parts/Structural/gripPads/sGripStrip/sGripStrip' has no database record. Creating.
[LOG 14:55:57.286] [DragCubeSystem]: Drag cubes not found or cannot be read for part Part. Generating New drag cubes.
[LOG 14:55:57.286] [KSPCF/DragCubeGeneration] Creating drag cubes for part 'sGripStrip'
[LOG 14:55:57.292] PartLoader: Compiling Internal Prop 'Squad/Props/AltimeterThreeHands/prop/AltimeterThreeHands'
[LOG 14:55:57.295] PartLoader: Compiling Internal Prop 'Squad/Props/AtmosphereDepth/prop/AtmosphereDepth'
[LOG 14:55:57.296] PartLoader: Compiling Internal Prop 'Squad/Props/AxisIndicator/pitchConfig/AxisIndicatorPitch'
[LOG 14:55:57.297] PartLoader: Compiling Internal Prop 'Squad/Props/AxisIndicator/rollConfig/AxisIndicatorRoll'
[LOG 14:55:57.299] PartLoader: Compiling Internal Prop 'Squad/Props/AxisIndicator/yawConfig/AxisIndicatorYaw'
[LOG 14:55:57.300] PartLoader: Compiling Internal Prop 'Squad/Props/buttonsGeneric/circularButton/genericCircularButton'
[LOG 14:55:57.301] PartLoader: Compiling Internal Prop 'Squad/Props/buttonsGeneric/clusterButtons/genericClusterButtons'
[LOG 14:55:57.301] PartLoader: Compiling Internal Prop 'Squad/Props/buttonsGeneric/clusterButtons2/genericClusterButtons2'
[LOG 14:55:57.302] PartLoader: Compiling Internal Prop 'Squad/Props/buttonsGeneric/clusterKnob/genericClusterKnobs'
[LOG 14:55:57.302] PartLoader: Compiling Internal Prop 'Squad/Props/buttonsGeneric/clusterKnob2/genericClusterKnobs2'
[LOG 14:55:57.303] PartLoader: Compiling Internal Prop 'Squad/Props/buttonsGeneric/clusterMixed/genericClusterMixed'
[LOG 14:55:57.304] PartLoader: Compiling Internal Prop 'Squad/Props/buttonsGeneric/clusterSwitches01/genericClusterSwitches01'
[LOG 14:55:57.304] PartLoader: Compiling Internal Prop 'Squad/Props/buttonsGeneric/clusterSwitches02/genericClusterSwitches02'
[LOG 14:55:57.305] PartLoader: Compiling Internal Prop 'Squad/Props/buttonsGeneric/clusterSwitches03/genericClusterSwitches03'
[LOG 14:55:57.305] PartLoader: Compiling Internal Prop 'Squad/Props/buttonsGeneric/clusterSwitches04/genericClusterSwitches04'
[LOG 14:55:57.306] PartLoader: Compiling Internal Prop 'Squad/Props/buttonsGeneric/clusterSwitches05/genericClusterSwitches05'
[LOG 14:55:57.306] PartLoader: Compiling Internal Prop 'Squad/Props/buttonsGeneric/clusterSwitches06/genericClusterSwitches06'
[LOG 14:55:57.307] PartLoader: Compiling Internal Prop 'Squad/Props/buttonsGeneric/clusterSwitches07/genericClusterSwitches07'
[LOG 14:55:57.307] PartLoader: Compiling Internal Prop 'Squad/Props/buttonsGeneric/directionalKnob/genericDirectionalKnob'
[LOG 14:55:57.308] PartLoader: Compiling Internal Prop 'Squad/Props/buttonsGeneric/directionalKnob2/genericDirectionalKnob2'
[LOG 14:55:57.308] PartLoader: Compiling Internal Prop 'Squad/Props/buttonsGeneric/pullSwitch/genericPullSwitch'
[LOG 14:55:57.309] PartLoader: Compiling Internal Prop 'Squad/Props/buttonsGeneric/squareButton/genericSquareButton'
[LOG 14:55:57.309] PartLoader: Compiling Internal Prop 'Squad/Props/buttonsGeneric/standingSwitch/genericStandingSwitch'
[LOG 14:55:57.310] PartLoader: Compiling Internal Prop 'Squad/Props/buttonsGeneric/switch/genericSwitch'
[LOG 14:55:57.310] PartLoader: Compiling Internal Prop 'Squad/Props/buttonsGeneric/switchWithGuards/genericSwitchWithGuards'
[LOG 14:55:57.311] PartLoader: Compiling Internal Prop 'Squad/Props/ButtonSquare/prop/ButtonSquare'
[LOG 14:55:57.313] PartLoader: Compiling Internal Prop 'Squad/Props/circularButton/prop/circularButton'
[LOG 14:55:57.314] PartLoader: Compiling Internal Prop 'Squad/Props/Compass/prop/Compass'
[LOG 14:55:57.315] PartLoader: Compiling Internal Prop 'Squad/Props/directionalKnob/prop/directionalKnob'
[LOG 14:55:57.315] PartLoader: Compiling Internal Prop 'Squad/Props/directionalKnob2/prop/directionalKnob2'
[LOG 14:55:57.316] PartLoader: Compiling Internal Prop 'Squad/Props/IndicatorPanel/prop/IndicatorPanel'
[LOG 14:55:57.318] PartLoader: Compiling Internal Prop 'Squad/Props/IVANavBall/prop/NavBall'
[LOG 14:55:57.321] PartLoader: Compiling Internal Prop 'Squad/Props/IVANavBallNoBase/prop/NavBallNoBase'
[LOG 14:55:57.322] PartLoader: Compiling Internal Prop 'Squad/Props/ledPanelSpeed/prop/ledPanelSpeed'
[LOG 14:55:57.324] PartLoader: Compiling Internal Prop 'Squad/Props/Monitor/DockingMode/MonitorDockingMode'
[LOG 14:55:57.324] PartLoader: Compiling Internal Prop 'Squad/Props/NavBall/prop/NavBall'
[LOG 14:55:57.325] PartLoader: Compiling Internal Prop 'Squad/Props/PropsGeneric/Button_DockingMode/Button_DockingMode'
[LOG 14:55:57.325] PartLoader: Compiling Internal Prop 'Squad/Props/PropsGeneric/CargoBagA/CargoBagA'
[LOG 14:55:57.326] PartLoader: Compiling Internal Prop 'Squad/Props/PropsGeneric/CargoBagB/CargoBagB'
[LOG 14:55:57.327] PartLoader: Compiling Internal Prop 'Squad/Props/PropsGeneric/CargoBagC/CargoBagC'
[LOG 14:55:57.327] PartLoader: Compiling Internal Prop 'Squad/Props/PropsGeneric/Hatch_Plane/Hatch_Plane'
[LOG 14:55:57.328] PartLoader: Compiling Internal Prop 'Squad/Props/PropsGeneric/Hatch_Plane_Curve90/Hatch_Plane_Curve90'
[LOG 14:55:57.328] PartLoader: Compiling Internal Prop 'Squad/Props/PropsGeneric/Hatch_Plane_Frame/Hatch_Plane_Frame'
[LOG 14:55:57.329] PartLoader: Compiling Internal Prop 'Squad/Props/PropsGeneric/Seat_Passenger/Seat_Passenger'
[LOG 14:55:57.330] PartLoader: Compiling Internal Prop 'Squad/Props/PropsGeneric/Seat_Pilot/Seat_Pilot'
[LOG 14:55:57.331] PartLoader: Compiling Internal Prop 'Squad/Props/PropsGeneric/Seat_Pilot_Helmet/Seat_Pilot_Helmet'
[LOG 14:55:57.331] PartLoader: Compiling Internal Prop 'Squad/Props/PropsGeneric/SideStick/SideStick'
[LOG 14:55:57.332] PartLoader: Compiling Internal Prop 'Squad/Props/pullSwitch/prop/pullSwitch'
[LOG 14:55:57.333] PartLoader: Compiling Internal Prop 'Squad/Props/radarAltitude/prop/RadarAltimeter'
[LOG 14:55:57.334] PartLoader: Compiling Internal Prop 'Squad/Props/squareButton/prop/squareButton'
[LOG 14:55:57.335] PartLoader: Compiling Internal Prop 'Squad/Props/standingSwitch/prop/standingSwitch'
[LOG 14:55:57.335] PartLoader: Compiling Internal Prop 'Squad/Props/switch/prop/switch'
[LOG 14:55:57.336] PartLoader: Compiling Internal Prop 'Squad/Props/switchGuard/prop/switchGuard'
[LOG 14:55:57.337] PartLoader: Compiling Internal Prop 'Squad/Props/switchWithGuards/prop/switchWithGuards'
[LOG 14:55:57.337] PartLoader: Compiling Internal Prop 'Squad/Props/throttle/prop/throttle'
[LOG 14:55:57.339] PartLoader: Compiling Internal Prop 'Squad/Props/VSI/prop/VSI'
[LOG 14:55:57.340] PartLoader: Compiling Internal Space 'Squad/Spaces/crewCabinInternals/internal/crewCabinInternals'
[LOG 14:55:57.348] PartLoader: Compiling Internal Space 'Squad/Spaces/cupolaInternal/internal/cupolaInternal'
[LOG 14:55:57.361] PartLoader: Compiling Internal Space 'Squad/Spaces/GenericSpace1/internal/GenericSpace1'
[LOG 14:55:57.362] PartLoader: Compiling Internal Space 'Squad/Spaces/GenericSpace3/internal/GenericSpace3'
[LOG 14:55:57.364] PartLoader: Compiling Internal Space 'Squad/Spaces/landerCabinInternals/internal/landerCabinInternals'
[LOG 14:55:57.367] PartLoader: Compiling Internal Space 'Squad/Spaces/landerCabinSmallInternal/internal/landerCabinSmallInternal'
[LOG 14:55:57.370] PartLoader: Compiling Internal Space 'Squad/Spaces/LargeCrewedLabInternals/internal/Mobile_Processing_Lab_Int'
[LOG 14:55:57.372] PartLoader: Compiling Internal Space 'Squad/Spaces/Mk1-3/internal/Mk1-3'
[LOG 14:55:57.379] PartLoader: Compiling Internal Space 'Squad/Spaces/mk1CabinInternal/internal/mk1CabinInternal'
[LOG 14:55:57.384] PartLoader: Compiling Internal Space 'Squad/Spaces/mk1CockpitInternal/internal/mk1CockpitInternal'
[LOG 14:55:57.391] PartLoader: Compiling Internal Space 'Squad/Spaces/mk1InlineInternal/internal/mk1InlineInternal'
[LOG 14:55:57.397] PartLoader: Compiling Internal Space 'Squad/Spaces/mk1PodCockpit/internal/mk1PodCockpit'
[LOG 14:55:57.399] PartLoader: Compiling Internal Space 'Squad/Spaces/mk1pod_IVA/mk1pod_Internal/mk1pod_IVA'
[LOG 14:55:57.405] PartLoader: Compiling Internal Space 'Squad/Spaces/mk2CockpitStandardInternal/internal/mk2CockpitStandardInternals'
[LOG 14:55:57.413] PartLoader: Compiling Internal Space 'Squad/Spaces/Mk2CrewCabinInternal/internal_MK2_CrewCab/MK2_CrewCab_Int'
[LOG 14:55:57.418] PartLoader: Compiling Internal Space 'Squad/Spaces/mk2InlineInternal/internal/mk2InlineInternal'
[LOG 14:55:57.429] PartLoader: Compiling Internal Space 'Squad/Spaces/mk2LanderCanInternal/internal/mk2LanderCanInternal'
[LOG 14:55:57.436] PartLoader: Compiling Internal Space 'Squad/Spaces/MK3CockpitInternal/internal_MK3/MK3_Cockpit_Int'
[LOG 14:55:57.449] PartLoader: Compiling Internal Space 'Squad/Spaces/MK3_CrewCab_Int/internal_MK3_CrewCab/MK3_CrewCab_Int'
[LOG 14:55:57.452] InternalSeat: Cannot find portraitCamera of name 'Camera_Left003'
[LOG 14:55:57.459] PartLoader: Compiling Internal Space 'Squad/Spaces/Placeholder/internal/Placeholder'
[LOG 14:55:57.468] PartLoader: Compiling Internal Space 'Squad/Spaces/PodCockpit/internal/PodCockpit'
[LOG 14:55:57.476] PartLoader: Compiling Internal Space 'SquadExpansion/MakingHistory/Spaces/KVPods/Airlock_Internal/Airlock_IVA'
[LOG 14:55:57.477] PartLoader: Compiling Internal Space 'SquadExpansion/MakingHistory/Spaces/KVPods/KV1_Internal/KV1_IVA'
[LOG 14:55:57.480] PartLoader: Compiling Internal Space 'SquadExpansion/MakingHistory/Spaces/KVPods/KV2_Internal/KV2_IVA'
[LOG 14:55:57.486] PartLoader: Compiling Internal Space 'SquadExpansion/MakingHistory/Spaces/KVPods/KV3_Internal/KV3_IVA'
[LOG 14:55:57.491] PartLoader: Compiling Internal Space 'SquadExpansion/MakingHistory/Spaces/MEM/MEM_IVA/MEM_IVA'
[LOG 14:55:57.499] PartLoader: Compiling Internal Space 'SquadExpansion/MakingHistory/Spaces/Mk2Pod/Mk2Pod_Internal/MK2POD_IVA'
[LOG 14:55:58.421] Assets:
[LOG 14:55:58.421] anim_missionsapp_idle.anim
[LOG 14:55:58.421] anim_missionsapp_idle_warning.anim
[LOG 14:55:58.421] anim_missionsapp_warning.anim
[LOG 14:55:58.421] anim_missionssapp.anim
[LOG 14:55:58.421] animcontroller_missionsappmaster.controller
[LOG 14:55:58.421] app_bg.tif
[LOG 14:55:58.421] app_bottom_gray.tif
[LOG 14:55:58.421] app_divider_pulldown_body.tif
[LOG 14:55:58.421] app_divider_pulldown_footer.tif
[LOG 14:55:58.421] app_divider_pulldown_header.tif
[LOG 14:55:58.421] app_divider_pulldown_header_over.tif
[LOG 14:55:58.421] app_header_gray.tif
[LOG 14:55:58.421] app_missions_icon_active.tif
[LOG 14:55:58.421] app_missions_icon_complete.tif
[LOG 14:55:58.421] app_missions_icon_failed.tif
[LOG 14:55:58.421] app_missions_icon_inactive.tif
[LOG 14:55:58.421] spritesheet_missionsapp.tif
[LOG 14:55:58.421] spritesheet_missionsappwarning.tif
[LOG 14:55:58.421] missionbriefingdialog.prefab
[LOG 14:55:58.422] missionbriefingtag.prefab
[LOG 14:55:58.422] awardwidget.prefab
[LOG 14:55:58.422] missionenddialog.prefab
[LOG 14:55:58.422] missionitemwidget.prefab
[LOG 14:55:58.422] missionplaybutton.prefab
[LOG 14:55:58.422] missionplaydialog.prefab
[LOG 14:55:58.422] missionsteamitemwidget.prefab
[LOG 14:55:58.422] missionvalidationdialog.prefab
[LOG 14:55:58.422] validationentry.prefab
[LOG 14:55:58.422] comettoken.fbx
[LOG 14:55:58.422] comettoken.jpg
[LOG 14:55:58.422] placementegizmo_comet.mat
[LOG 14:55:58.422] placementegizmo_comet_tail.mat
[LOG 14:55:58.422] femalevintagepreview.prefab
[LOG 14:55:58.422] malevintagepreview.prefab
[LOG 14:55:58.422] checkpointentrywidget.prefab
[LOG 14:55:58.422] crewmanagementdialog.prefab
[LOG 14:55:58.422] listitem_vesseltitle.prefab
[LOG 14:55:58.422] missionbrowser.prefab
[LOG 14:55:58.422] missioncheckpointbrowser.prefab
[LOG 14:55:58.422] missioncrewlistitem.prefab
[LOG 14:55:58.422] missionentrywidget.prefab
[LOG 14:55:58.422] missiontemplateentrywidget.prefab
[LOG 14:55:58.422] partcategorizerbutton.prefab
[LOG 14:55:58.422] partselectorbrowser.prefab
[LOG 14:55:58.422] partselectorentry.prefab
[LOG 14:55:58.422] gaputil_vesselframe.prefab
[LOG 14:55:58.422] meguiconnector.prefab
[LOG 14:55:58.423] meguinode.prefab
[LOG 14:55:58.423] meguinodecategorybutton.prefab
[LOG 14:55:58.423] meguinodeicon.prefab
[LOG 14:55:58.423] meguinodeicongroup.prefab
[LOG 14:55:58.423] meguiscrollviewitem.prefab
[LOG 14:55:58.423] meiconloaderbasicnode.prefab
[LOG 14:55:58.423] meiconloadergap.prefab
[LOG 14:55:58.423] meiconloadernodecategorizer.prefab
[LOG 14:55:58.423] menodecanvas.prefab
[LOG 14:55:58.423] missioneditorscreen.prefab
[LOG 14:55:58.423] nodelisttooltip.prefab
[LOG 14:55:58.423] nodelisttooltipextinfolistspacer.prefab
[LOG 14:55:58.423] orbitgizmo.prefab
[LOG 14:55:58.423] biomeshighlight.shader
[LOG 14:55:58.423] projector-surfacegizmo.shader
[LOG 14:55:58.423] scaledplanetbiomeshighlight.shader
[LOG 14:55:58.423] sprites-alwaysover.shader
[LOG 14:55:58.423] ui-unlit-infinite.shader
[LOG 14:55:58.423] ui-unlit-solid.shader
[LOG 14:55:58.423] assetgraph_connectionpoint_inputmark.png
[LOG 14:55:58.423] assetgraph_inputbg.png
[LOG 14:55:58.423] boldly.png
[LOG 14:55:58.424] carpool.png
[LOG 14:55:58.424] frugal.png
[LOG 14:55:58.424] homesick.png
[LOG 14:55:58.424] keys.png
[LOG 14:55:58.424] saint.png
[LOG 14:55:58.424] sinner.png
[LOG 14:55:58.424] thespot.png
[LOG 14:55:58.424] timekeeper.png
[LOG 14:55:58.424] helmetbronze.png
[LOG 14:55:58.424] helmetgold.png
[LOG 14:55:58.424] helmetsilver.png
[LOG 14:55:58.424] action-part-resource-drain.png
[LOG 14:55:58.424] change-part-resource-levels.png
[LOG 14:55:58.424] create-asteroid.png
[LOG 14:55:58.424] create-kerbal.png
[LOG 14:55:58.424] create-vessel.png
[LOG 14:55:58.424] crew-assignment.png
[LOG 14:55:58.424] dialog-message.png
[LOG 14:55:58.424] display-message.png
[LOG 14:55:58.424] fail-part.png
[LOG 14:55:58.424] fly-through.png
[LOG 14:55:58.424] funds-recovery.png
[LOG 14:55:58.424] generic-node.png
[LOG 14:55:58.424] go-to.png
[LOG 14:55:58.424] kerbal-boarded.png
[LOG 14:55:58.424] kerbal-recovery.png
[LOG 14:55:58.424] kerbal-rescue.png
[LOG 14:55:58.425] launch-site.png
[LOG 14:55:58.425] leave-soi.png
[LOG 14:55:58.425] orbit.png
[LOG 14:55:58.425] part-explode.png
[LOG 14:55:58.425] plant-flag.png
[LOG 14:55:58.425] reach-soi.png
[LOG 14:55:58.425] repair-part.png
[LOG 14:55:58.425] resource-amount.png
[LOG 14:55:58.425] resource-recovery.png
[LOG 14:55:58.425] science-experiment.png
[LOG 14:55:58.425] score.png
[LOG 14:55:58.425] take-tourist.png
[LOG 14:55:58.425] test-altitude.png
[LOG 14:55:58.425] test-eva.png
[LOG 14:55:58.425] test-grapple.png
[LOG 14:55:58.425] time-of-flight.png
[LOG 14:55:58.425] time-of-mission.png
[LOG 14:55:58.425] time-since-node.png
[LOG 14:55:58.425] vessel-crashed.png
[LOG 14:55:58.425] vessel-crew-count.png
[LOG 14:55:58.425] vessel-explode.png
[LOG 14:55:58.425] vessel-flying.png
[LOG 14:55:58.425] vessel-landed.png
[LOG 14:55:58.425] vessel-mass.png
[LOG 14:55:58.425] vessel-splashed.png
[LOG 14:55:58.425] vessel-stage-activated.png
[LOG 14:55:58.425] vessel-stage.png
[LOG 14:55:58.426] arrange-graph.png
[LOG 14:55:58.426] builderbuttons_briefing.png
[LOG 14:55:58.426] builderbuttons_reset.png
[LOG 14:55:58.426] builderbuttons_trackingstation.png
[LOG 14:55:58.426] frame-graph.png
[LOG 14:55:58.426] lock.png
[LOG 14:55:58.426] maximize.png
[LOG 14:55:58.426] minimize.png
[LOG 14:55:58.426] pin.png
[LOG 14:55:58.426] pin_down.png
[LOG 14:55:58.426] redo.png
[LOG 14:55:58.426] reset.png
[LOG 14:55:58.426] tracking-station.png
[LOG 14:55:58.426] undo.png
[LOG 14:55:58.426] visible-in-gap.png
[LOG 14:55:58.426] location.png
[LOG 14:55:58.426] logic.png
[LOG 14:55:58.426] science.png
[LOG 14:55:58.427] utility.png
[LOG 14:55:58.427] vessel.png
[LOG 14:55:58.427] eye.png
[LOG 14:55:58.427] iconmb.png
[LOG 14:55:58.427] me_btn_generic_normal.tif
[LOG 14:55:58.427] me_button_generic_normal.tif
[LOG 14:55:58.427] nodecat_bg.png
[LOG 14:55:58.427] nodecat_divider.tif
[LOG 14:55:58.427] nodecat_divider_bottom.tif
[LOG 14:55:58.427] pholderwarningicon.png
[LOG 14:55:58.427] reseticon.png
[LOG 14:55:58.427] validityindicator.controller
[LOG 14:55:58.427] validtyinidicatorpulse.anim
[LOG 14:55:58.427] broadorbittoggle button.png
[LOG 14:55:58.427] maneuvertoggle button.png
[LOG 14:55:58.427] orbitalgizmoicons.png
[LOG 14:55:58.427] reset orbit button.png
[LOG 14:55:58.427] nodelabel.prefab
[LOG 14:55:58.427] kerbaleva_female_exp.prefab
[LOG 14:55:58.427] kerbaleva_rd_exp.prefab
[LOG 14:55:58.427] missioneditorevabody.mat
[LOG 14:55:58.427] missioneditorevabodyalternate.mat
[LOG 14:55:58.427] missioneditorevabodybrown.mat
[LOG 14:55:58.427] missioneditorevaeyeballs.mat
[LOG 14:55:58.427] missioneditorevaeyes.mat
[LOG 14:55:58.427] missioneditorevahead.mat
[LOG 14:55:58.427] missioneditorevahelmet.mat
[LOG 14:55:58.427] missioneditorevahelmetred.mat
[LOG 14:55:58.428] missioneditorevajetpack.mat
[LOG 14:55:58.428] missioneditorevalight.mat
[LOG 14:55:58.428] kbevafemalevintage.prefab
[LOG 14:55:58.428] kbevavintage.prefab
[LOG 14:55:58.428] evalight.fbx
[LOG 14:55:58.428] kbeva@new.fbx
[LOG 14:55:58.428] kbeva@newfem.fbx
[LOG 14:55:58.428] mevahelmetlight.fbx
[LOG 14:55:58.428] evajetpackscondary.dds
[LOG 14:55:58.428] evajetpacksecondary_n.dds
[LOG 14:55:58.428] evalight.png
[LOG 14:55:58.428] kerbalmainnrm.dds
[LOG 14:55:58.428] me_suit_difuse_blue.dds
[LOG 14:55:58.428] me_suit_difuse_low_polybrown.dds
[LOG 14:55:58.428] me_suit_difuse_orange.dds
[LOG 14:55:58.428] kerbalfemalevintage.prefab
[LOG 14:55:58.428] kerbalmalevintage.prefab
[LOG 14:55:58.428] evahelmet.mat
[LOG 14:55:58.428] evatexture.mat
[LOG 14:55:58.428] kerbalgirl_06_basecolor.mat
[LOG 14:55:58.428] kerbalhead.mat
[LOG 14:55:58.428] lambert6.mat
[LOG 14:55:58.428] mat_eyeballs.mat
[LOG 14:55:58.428] mat_eyes01.mat
[LOG 14:55:58.428] material #4.mat
[LOG 14:55:58.428] mesh_female_kerbalastronaut01_kerbalgirl_export_15_lambert20.mat
[LOG 14:55:58.428] mesh_female_kerbalastronaut01_kerbalgirl_export_15_lambert21.mat
[LOG 14:55:58.429] kbfemale_iva_mecanim.fbx
[LOG 14:55:58.429] kbiva_mecanim.fbx
[LOG 14:55:58.429] kerbalicon_eva_female_vintage.tif
[LOG 14:55:58.429] kerbalicon_eva_vintage.tif
[LOG 14:55:58.429] kerbalicon_suit_female_vintage.tif
[LOG 14:55:58.429] kerbalicon_suit_orange_female_vintage.tif
[LOG 14:55:58.429] kerbalicon_suit_orange_vintage.tif
[LOG 14:55:58.429] kerbalicon_suit_vintage.tif
[LOG 14:55:58.429] gap_celestialbody_camerasetup.prefab
[LOG 14:55:58.429] gap_celestialbody_collisionsphere.prefab
[LOG 14:55:58.429] gap_celestialbody_surfacegizmo_area.prefab
[LOG 14:55:58.429] gap_celestialbody_surfacegizmo_basic.prefab
[LOG 14:55:58.429] gap_celestialbody_surfacegizmo_icon.prefab
[LOG 14:55:58.429] gap_celestialbody_surfacegizmo_vessel.prefab
[LOG 14:55:58.429] gap_celestialbody_surfacegizmo_volume.prefab
[LOG 14:55:58.429] gap_proceduralasteroid.prefab
[LOG 14:55:58.429] gap_proceduralcomet.prefab
[LOG 14:55:58.429] gapbuttonprefab.prefab
[LOG 14:55:58.429] gapkerbal_femaleveteran.prefab
[LOG 14:55:58.429] gapkerbal_femaleveteran_vintage.prefab
[LOG 14:55:58.429] gapkerbal_male_slimsuit.prefab
[LOG 14:55:58.429] gapkerbal_maleveteran.prefab
[LOG 14:55:58.429] gapkerbal_maleveteran_vintage.prefab
[LOG 14:55:58.429] gapscrollablesidebarbutton.prefab
[LOG 14:55:58.429] gapsidebarbutton.prefab
[LOG 14:55:58.429] gaptoggleprefab.prefab
[LOG 14:55:58.429] gaputil_biselector.prefab
[LOG 14:55:58.430] gaputil_celestialbody.prefab
[LOG 14:55:58.430] vesseldisplay_camerasetup.prefab
[LOG 14:55:58.430] desert_airfield.prefab
[LOG 14:55:58.430] desert_groundobjects.prefab
[LOG 14:55:58.430] desert_launch_site.prefab
[LOG 14:55:58.430] larkes.prefab
[LOG 14:55:58.430] floor bottom.mat
[LOG 14:55:58.430] floor top.mat
[LOG 14:55:58.430] legs.mat
[LOG 14:55:58.430] ramp.mat
[LOG 14:55:58.430] stairs grid lights pivot.mat
[LOG 14:55:58.430] supports 1.mat
[LOG 14:55:58.430] supports 2.mat
[LOG 14:55:58.430] tunnels.mat
[LOG 14:55:58.430] floor bottom.dds
[LOG 14:55:58.430] floor top.dds
[LOG 14:55:58.430] floor top_normal.dds
[LOG 14:55:58.430] legs.dds
[LOG 14:55:58.430] ramp.dds
[LOG 14:55:58.430] stairs grid lights pivot.dds
[LOG 14:55:58.430] supports 1.dds
[LOG 14:55:58.430] supports 2.dds
[LOG 14:55:58.430] tunnels.dds
[LOG 14:55:58.430] diffuse.mat
[LOG 14:55:58.430] floor bottom_base_color.mat
[LOG 14:55:58.430] floor top_base_color.mat
[LOG 14:55:58.430] legs_base_color.mat
[LOG 14:55:58.430] ramp_base_color.mat
[LOG 14:55:58.430] stairs grid lights pivot_base_colormodpsd.mat
[LOG 14:55:58.431] stairs_grid_lights_pivot_base_color.mat
[LOG 14:55:58.431] supports 1_base_color.mat
[LOG 14:55:58.431] supports 2_base_color.mat
[LOG 14:55:58.431] tunnels_base_color.mat
[LOG 14:55:58.431] mobilelaunchpad_19.fbx
[LOG 14:55:58.431] pontoons.fbx
[LOG 14:55:58.431] pontoons_diffuse.dds
[LOG 14:55:58.431] ramp_normal.png
[LOG 14:55:58.431] 1001_base_color.mat
[LOG 14:55:58.431] desert groundtransition.mat
[LOG 14:55:58.431] desert groundtransition_highquality.mat
[LOG 14:55:58.431] desert groundtransition_lowquality.mat
[LOG 14:55:58.431] desert groundtransition_mediumquality.mat
[LOG 14:55:58.431] desert groundtransition_ultraquality.mat
[LOG 14:55:58.431] desert runway sand.mat
[LOG 14:55:58.431] desert runway stone.mat
[LOG 14:55:58.431] mobilelaunchpad.prefab
[LOG 14:55:58.431] woomerang_groundobjects.prefab
[LOG 14:55:58.431] woomerang_launch_site.prefab
[LOG 14:55:58.432] Scenes:
[LOG 14:55:58.432] kspMissionEditor.unity
[LOG 14:56:07.391] Assets:
[LOG 14:56:07.391] appanim_missionsapp.prefab
[LOG 14:56:07.391] cascading_body_missionheader.prefab
[LOG 14:56:07.392] cascading_body_missioninfo.prefab
[LOG 14:56:07.392] cascading_body_missionobjective.prefab
[LOG 14:56:07.392] cascading_body_missionsvesselheader.prefab
[LOG 14:56:07.392] cascading_body_missionsvesselitem.prefab
[LOG 14:56:07.392] cascading_body_settingsbutton.prefab
[LOG 14:56:07.392] cascading_body_settingstoggle.prefab
[LOG 14:56:07.392] missionsapp.prefab
[LOG 14:56:07.392] axislimitline.prefab
[LOG 14:56:07.392] controlleraction.prefab
[LOG 14:56:07.392] controlleraxis.prefab
[LOG 14:56:07.392] controllerwindow.prefab
[LOG 14:56:07.392] curvepanelpoint.prefab
[LOG 14:56:07.392] curvepanelpointaction.prefab
[LOG 14:56:07.392] axis_align_ends.png
[LOG 14:56:07.392] axis_clamp_values.png
[LOG 14:56:07.392] axis_copy.png
[LOG 14:56:07.392] axis_flip_horizontal.png
[LOG 14:56:07.392] axis_flip_vertical.png
[LOG 14:56:07.392] axis_move_down-trackrow.png
[LOG 14:56:07.392] axis_move_down.png
[LOG 14:56:07.392] axis_move_up-trackrow.png
[LOG 14:56:07.392] axis_move_up.png
[LOG 14:56:07.392] axis_paste.png
[LOG 14:56:07.392] axis_preset_flat.png
[LOG 14:56:07.392] axis_preset_sawtooth.png
[LOG 14:56:07.392] axis_preset_sine.png
[LOG 14:56:07.392] axis_preset_square.png
[LOG 14:56:07.393] axis_preset_triangle.png
[LOG 14:56:07.393] axis_select_all.png
[LOG 14:56:07.393] background_squared_inset.png
[LOG 14:56:07.393] close.png
[LOG 14:56:07.393] direction_forward.png
[LOG 14:56:07.393] direction_reverse.png
[LOG 14:56:07.393] edit.png
[LOG 14:56:07.393] fieldlimitline.png
[LOG 14:56:07.393] keyframe_add.png
[LOG 14:56:07.393] keyframe_clamp_value.png
[LOG 14:56:07.393] keyframe_delete.png
[LOG 14:56:07.393] keyframe_linear.png
[LOG 14:56:07.393] keyframe_smooth.png
[LOG 14:56:07.393] keyframe_step_backward.png
[LOG 14:56:07.393] keyframe_step_forward.png
[LOG 14:56:07.393] line.png
[LOG 14:56:07.393] line_dashed.png
[LOG 14:56:07.393] loop_pingpong.png
[LOG 14:56:07.393] loop_playonce.png
[LOG 14:56:07.393] loop_repeat.png
[LOG 14:56:07.393] node.png
[LOG 14:56:07.393] node_circle.png
[LOG 14:56:07.393] node_square.png
[LOG 14:56:07.393] pause.png
[LOG 14:56:07.393] play.png
[LOG 14:56:07.393] pointer.png
[LOG 14:56:07.393] remove-axis.png
[LOG 14:56:07.393] remove_key.png
[LOG 14:56:07.393] resize_icon.png
[LOG 14:56:07.394] sequence_resize_button_states.png
[LOG 14:56:07.394] sequence_resize_maintain.png
[LOG 14:56:07.394] sequence_resize_scale.png
[LOG 14:56:07.394] sequence_speed.png
[LOG 14:56:07.394] tracking_editor_button_states.png
[LOG 14:56:07.394] femalefuturepreview.prefab
[LOG 14:56:07.394] malefuturepreview.prefab
[LOG 14:56:07.394] kbfemale@controlpanel_a.fbx
[LOG 14:56:07.394] kbfemale@controlpanel_b.fbx
[LOG 14:56:07.394] kbfemale@controlpanel_c.fbx
[LOG 14:56:07.394] kbfemale@rocksample.fbx
[LOG 14:56:07.394] hammerfemale.fbx
[LOG 14:56:07.394] hammermale.fbx
[LOG 14:56:07.394] kbeva@controlpanel_a.fbx
[LOG 14:56:07.394] kbeva@controlpanel_b.fbx
[LOG 14:56:07.394] kbeva@controlpanel_c.fbx
[LOG 14:56:07.394] kbeva@rocksample.fbx
[LOG 14:56:07.394] kerbaleva_female_future.prefab
[LOG 14:56:07.394] kerbaleva_rd_future.prefab
[LOG 14:56:07.394] futureevabody.mat
[LOG 14:56:07.394] futureevabodyalternate.mat
[LOG 14:56:07.394] futureevajetpack.mat
[LOG 14:56:07.394] futureevalight.mat
[LOG 14:56:07.394] futurehelmet.mat
[LOG 14:56:07.394] kbevafemalefuture.prefab
[LOG 14:56:07.394] kbevafuture.prefab
[LOG 14:56:07.394] kbeva@new.fbx
[LOG 14:56:07.394] kbeva@newfem.fbx
[LOG 14:56:07.394] mevahelmetlight.fbx
[LOG 14:56:07.395] serenityfemaleeva.fbx
[LOG 14:56:07.395] serenityflares.fbx
[LOG 14:56:07.395] serenitymaleeva.fbx
[LOG 14:56:07.395] evajetpacknrm.dds
[LOG 14:56:07.395] futuresuit_diffuse_orange.dds
[LOG 14:56:07.395] futuresuit_diffuse_whiteblue.dds
[LOG 14:56:07.395] futuresuit_diffuse_whiteorange.dds
[LOG 14:56:07.395] futuresuit_emissive.dds
[LOG 14:56:07.395] futuresuit_evalight.png
[LOG 14:56:07.395] futuresuitmainnrm.dds
[LOG 14:56:07.395] ksp_ig_jetpack_diffuse.jpg
[LOG 14:56:07.395] kerbalfemalefuture.prefab
[LOG 14:56:07.395] kerbalmalefuture.prefab
[LOG 14:56:07.395] futuresuit_diffuse.mat
[LOG 14:56:07.395] serenityfemaleiva.fbx
[LOG 14:56:07.395] serenitymaleiva.fbx
[LOG 14:56:07.395] kerbalicon_eva_female_future.tif
[LOG 14:56:07.395] kerbalicon_eva_future.tif
[LOG 14:56:07.395] kerbalicon_suit_female_future.tif
[LOG 14:56:07.395] kerbalicon_suit_future.tif
[LOG 14:56:07.395] kerbalicon_suit_orange_female_future.tif
[LOG 14:56:07.395] kerbalicon_suit_orange_future.tif
[LOG 14:56:07.395] bottom_emissor.mat
[LOG 14:56:07.395] burst_emissor.mat
[LOG 14:56:07.395] burstprojectiles_emissor.mat
[LOG 14:56:07.395] constantburst_emissor.mat
[LOG 14:56:07.395] snowflakes_emissor.mat
[LOG 14:56:07.395] vapor_emissor.mat
[LOG 14:56:07.396] base_0.mat
[LOG 14:56:07.396] base_1.mat
[LOG 14:56:07.396] base_2.mat
[LOG 14:56:07.396] base_3_1.mat
[LOG 14:56:07.396] base_3_2.mat
[LOG 14:56:07.396] vapor.mat
[LOG 14:56:07.396] burst.png
[LOG 14:56:07.396] cloud2.png
[LOG 14:56:07.396] v1.png
[LOG 14:56:07.396] v2.png
[LOG 14:56:07.396] v3.png
[LOG 14:56:07.396] v5.png
[LOG 14:56:07.396] gapkerbal_female_future.prefab
[LOG 14:56:07.396] gapkerbal_male_future.prefab
[LOG 14:56:07.396] hammerfemale.prefab
[LOG 14:56:07.396] hammermale.prefab
[LOG 14:56:07.396] bopgravelpile.prefab
[LOG 14:56:07.396] bopgravelpile.fbx
[LOG 14:56:07.396] bop_gravel pile_d.mat
[LOG 14:56:07.396] lambert1.mat
[LOG 14:56:07.396] bop_gravel pile_d.png
[LOG 14:56:07.396] bop_gravel pile_d.tga
[LOG 14:56:07.396] bop_gravel pile_n.png
[LOG 14:56:07.396] bop_gravel pile_s.png
[LOG 14:56:07.396] drescrater.prefab
[LOG 14:56:07.396] dresmeteorite.prefab
[LOG 14:56:07.396] drescrater.fbx
[LOG 14:56:07.396] dresmeteorite.fbx
[LOG 14:56:07.396] dres_crater_d.mat
[LOG 14:56:07.396] dres_meteorite_d.mat
[LOG 14:56:07.397] lambert1.mat
[LOG 14:56:07.397] dres_crater_d.tga
[LOG 14:56:07.397] dres_crater_n.png
[LOG 14:56:07.397] dres_meteorite_d.tga
[LOG 14:56:07.397] dres_meteorite_n.png
[LOG 14:56:07.397] dunablueberries.prefab
[LOG 14:56:07.397] dunadune.prefab
[LOG 14:56:07.397] dunameteorite.prefab
[LOG 14:56:07.397] dunastone.prefab
[LOG 14:56:07.397] dunaasteroid.fbx
[LOG 14:56:07.397] dunablueberries.fbx
[LOG 14:56:07.397] dunadune.fbx
[LOG 14:56:07.397] dunastone.fbx
[LOG 14:56:07.397] duna_asteroid_d.mat
[LOG 14:56:07.397] duna_dune_d.mat
[LOG 14:56:07.397] duna_stone_d.mat
[LOG 14:56:07.397] dune_blueberries_d.mat
[LOG 14:56:07.397] lambert1.mat
[LOG 14:56:07.397] duna_asteroid_d.tga
[LOG 14:56:07.397] duna_asteroid_n.png
[LOG 14:56:07.397] duna_dune_d.tga
[LOG 14:56:07.397] duna_dune_n.tga
[LOG 14:56:07.397] duna_stone_d.tga
[LOG 14:56:07.397] duna_stone_n.png
[LOG 14:56:07.397] dune_blueberries_d.tga
[LOG 14:56:07.397] dune_blueberries_n.png
[LOG 14:56:07.397] eelooberg.prefab
[LOG 14:56:07.397] eeloobrownboulder.prefab
[LOG 14:56:07.397] eelooicechunk.prefab
[LOG 14:56:07.398] eelooberg.fbx
[LOG 14:56:07.398] eelooboulder.fbx
[LOG 14:56:07.398] eelooicechunk.fbx
[LOG 14:56:07.398] eeloo_alien_glacier_d.mat
[LOG 14:56:07.398] eeloo_brown_ boulder_d.mat
[LOG 14:56:07.398] eeloo_ice chunk_d.mat
[LOG 14:56:07.398] lambert1.mat
[LOG 14:56:07.398] eeloo_alien_glacier_d.tga
[LOG 14:56:07.398] eeloo_alien_glacier_e.tga
[LOG 14:56:07.398] eeloo_alien_glacier_n.png
[LOG 14:56:07.398] eeloo_brown_ boulder_d.tga
[LOG 14:56:07.398] eeloo_brown_ boulder_n.png
[LOG 14:56:07.398] eeloo_ice chunk_d.tga
[LOG 14:56:07.398] eeloo_ice chunk_e.tga
[LOG 14:56:07.398] eeloo_ice chunk_n.png
[LOG 14:56:07.398] eeloo_ice chunk_s.tga
[LOG 14:56:07.398] evebasaltformation.prefab
[LOG 14:56:07.398] evepancakedome.prefab
[LOG 14:56:07.398] evevolcanicrock.prefab
[LOG 14:56:07.398] evebasaltformation.fbx
[LOG 14:56:07.398] evepancakeformation.fbx
[LOG 14:56:07.398] evevolcanicrock.fbx
[LOG 14:56:07.398] eve basalt formation_d.mat
[LOG 14:56:07.398] eve pancake formation_d.mat
[LOG 14:56:07.398] eve volcanic rock_d.mat
[LOG 14:56:07.398] lambert1.mat
[LOG 14:56:07.398] eve basalt formation_d.tga
[LOG 14:56:07.398] eve basalt formation_n.tga
[LOG 14:56:07.399] eve pancake formation_d.tga
[LOG 14:56:07.399] eve pancake formation_e.png
[LOG 14:56:07.399] eve pancake formation_n.png
[LOG 14:56:07.399] eve volcanic rock_d.tga
[LOG 14:56:07.399] eve volcanic rock_n.png
[LOG 14:56:07.399] gillyridgeline.fbx
[LOG 14:56:07.399] gilly ridegeline_d.mat
[LOG 14:56:07.399] lambert1.mat
[LOG 14:56:07.399] gillyridgeline.prefab
[LOG 14:56:07.399] gilly ridegeline_d.tga
[LOG 14:56:07.399] gilly ridegeline_n.png
[LOG 14:56:07.399] dunaejecta.prefab
[LOG 14:56:07.399] ikedunaejecta.fbx
[LOG 14:56:07.399] ike_duna_ejecta_mat.mat
[LOG 14:56:07.399] ike duna ejecta_d.tga
[LOG 14:56:07.399] ike duna ejecta_n.png
[LOG 14:56:07.399] kerbinbaobabtree.fbx
[LOG 14:56:07.399] kerbinquartz.fbx
[LOG 14:56:07.399] baobaptree.mat
[LOG 14:56:07.399] kerbin_baobab_tree_d.mat
[LOG 14:56:07.399] kerbin_boabob_tree_d.mat
[LOG 14:56:07.399] kerbin_giant_quartz_d.mat
[LOG 14:56:07.399] lambert1.mat
[LOG 14:56:07.399] lambert2.mat
[LOG 14:56:07.399] kerbinbaobabtree.prefab
[LOG 14:56:07.399] kerbinquartz.prefab
[LOG 14:56:07.399] kerbin_baobab_tree_alpha.png
[LOG 14:56:07.399] kerbin_baobab_tree_d.tga
[LOG 14:56:07.399] kerbin_baobab_tree_n.png
[LOG 14:56:07.399] kerbin_giant_quartz_d.tga
[LOG 14:56:07.400] kerbin_giant_quartz_e.tga
[LOG 14:56:07.400] kerbin_giant_quartz_n.tga
[LOG 14:56:07.400] kerbin_giant_quartz_s.tga
[LOG 14:56:07.400] laytheboulder.fbx
[LOG 14:56:07.400] laythegeyser.fbx
[LOG 14:56:07.400] laythestone.fbx
[LOG 14:56:07.400] lambert1.mat
[LOG 14:56:07.400] laythe_boulder_d.mat
[LOG 14:56:07.400] laythe_geyser_d.mat
[LOG 14:56:07.400] laythe_stone_d.mat
[LOG 14:56:07.400] laytheboulder.prefab
[LOG 14:56:07.400] laythegeyser.prefab
[LOG 14:56:07.400] laythestone.prefab
[LOG 14:56:07.400] laythe_boulder_d.tga
[LOG 14:56:07.400] laythe_boulder_n.png
[LOG 14:56:07.400] laythe_geyser_d.tga
[LOG 14:56:07.400] laythe_geyser_n.png
[LOG 14:56:07.400] laythe_stone_d.tga
[LOG 14:56:07.400] laythe_stone_n.png
[LOG 14:56:07.400] greensandstone.fbx
[LOG 14:56:07.400] lambert1.mat
[LOG 14:56:07.400] minmus_green_sandstone_d.mat
[LOG 14:56:07.400] minmus_olivine_formation_d.mat
[LOG 14:56:07.400] minmusolivineformation.fbx
[LOG 14:56:07.400] minmus_greensandstone.prefab
[LOG 14:56:07.400] minmus_olivineformation.prefab
[LOG 14:56:07.400] minmus_green_sandstone_d.tga
[LOG 14:56:07.400] minmus_green_sandstone_n.png
[LOG 14:56:07.400] minmus_olivine_formation_d.tga
[LOG 14:56:07.401] minmus_olivine_formation_n.png
[LOG 14:56:07.401] lambert1.mat
[LOG 14:56:07.401] moho wrinkleridge_d.mat
[LOG 14:56:07.401] moho_stone_d.mat
[LOG 14:56:07.401] mohostone.fbx
[LOG 14:56:07.401] mohowrinkleridge.fbx
[LOG 14:56:07.401] mohostone.prefab
[LOG 14:56:07.401] mohowrinkleridge.prefab
[LOG 14:56:07.401] moho wrinkleridge_d.tga
[LOG 14:56:07.401] moho wrinkleridge_e.png
[LOG 14:56:07.401] moho wrinkleridge_n.png
[LOG 14:56:07.401] moho_stone_d.tga
[LOG 14:56:07.401] moho_stone_n.png
[LOG 14:56:07.401] lambert1.mat
[LOG 14:56:07.401] mun_crater_d.mat
[LOG 14:56:07.401] mun_large_crater_d.mat
[LOG 14:56:07.401] mun_stone_d.mat
[LOG 14:56:07.401] muncrater.fbx
[LOG 14:56:07.401] munlargecrater.fbx
[LOG 14:56:07.401] munstone.fbx
[LOG 14:56:07.401] muncrater.prefab
[LOG 14:56:07.401] munlargecrater.prefab
[LOG 14:56:07.401] munstone.prefab
[LOG 14:56:07.401] mun_crater_d.tga
[LOG 14:56:07.401] mun_crater_n.png
[LOG 14:56:07.401] mun_large_crater_d.tga
[LOG 14:56:07.401] mun_large_crater_n.png
[LOG 14:56:07.401] mun_stone_d.tga
[LOG 14:56:07.401] mun_stone_n.png
[LOG 14:56:07.402] lambert1.mat
[LOG 14:56:07.402] pol_yellowstone_d.mat
[LOG 14:56:07.402] polyellowstone.fbx
[LOG 14:56:07.402] pol_yellowstones.prefab
[LOG 14:56:07.402] pol_yellowstone_d.png
[LOG 14:56:07.402] pol_yellowstone_n.png
[LOG 14:56:07.402] lambert1.mat
[LOG 14:56:07.402] tylo_checkerboard_d.mat
[LOG 14:56:07.402] tylo_dark boulder_d.mat
[LOG 14:56:07.402] tylo_light_d.mat
[LOG 14:56:07.402] tyloboulder.fbx
[LOG 14:56:07.402] tylocheckerboard.fbx
[LOG 14:56:07.402] tylolightstone.fbx
[LOG 14:56:07.402] tylo_ checkerboard_n.png
[LOG 14:56:07.402] tylo_checkerboard_d.png
[LOG 14:56:07.402] tylo_dark boulder_d.tga
[LOG 14:56:07.402] tylo_dark boulder_n.png
[LOG 14:56:07.402] tylo_light_d.tga
[LOG 14:56:07.402] tylo_light_n.png
[LOG 14:56:07.402] tylocheckerboard.prefab
[LOG 14:56:07.402] tylodarkboulder.prefab
[LOG 14:56:07.402] tylolightstone.prefab
[LOG 14:56:07.402] cryovolcano_d.mat
[LOG 14:56:07.402] lambert1.mat
[LOG 14:56:07.402] vallicechunk_d.mat
[LOG 14:56:07.402] vallstone_d.mat
[LOG 14:56:07.402] vall_cryovolcano.fbx
[LOG 14:56:07.402] vall_icechunk.fbx
[LOG 14:56:07.402] vall_stone.fbx
[LOG 14:56:07.403] cryovolcano_d.tga
[LOG 14:56:07.403] cryovolcano_e.png
[LOG 14:56:07.403] cryovolcano_n.jpg
[LOG 14:56:07.403] cryovolcano_s.jpg
[LOG 14:56:07.403] vallicechunk_d.jpg
[LOG 14:56:07.403] vallicechunk_e.jpg
[LOG 14:56:07.403] vallicechunk_n.jpg
[LOG 14:56:07.403] vallicechunk_s.jpg
[LOG 14:56:07.403] vallstone_d.jpg
[LOG 14:56:07.403] vallstone_e.jpg
[LOG 14:56:07.403] vallstone_n.jpg
[LOG 14:56:07.403] vallstone_s.jpg
[LOG 14:56:07.403] vallcryovolcano.prefab
[LOG 14:56:07.403] vallicechunk.prefab
[LOG 14:56:07.403] vallstone.prefab
[LOG 14:56:07.403] vfx_spark.mat
[LOG 14:56:07.403] vfx_welding_flare.mat
[LOG 14:56:07.403] cometdustmaterial.mat
[LOG 14:56:07.403] cometgeysermat.mat
[LOG 14:56:07.412] GetTypesOfModulesImplementingInterface2: Found 69 types with IPartModuleAdjuster interface in 8 assemblies.
[LOG 14:56:07.420] GetSubclassesOfParentClass: Found 0 types with ModuleActiveRadiator parent in 8 assemblies.
[LOG 14:56:07.428] GetSubclassesOfParentClass: Found 0 types with ModuleAlternator parent in 8 assemblies.
[LOG 14:56:07.435] GetSubclassesOfParentClass: Found 1 types with ModuleControlSurface parent in 8 assemblies.
[LOG 14:56:07.442] GetSubclassesOfParentClass: Found 0 types with ModuleDataTransmitter parent in 8 assemblies.
[LOG 14:56:07.448] GetSubclassesOfParentClass: Found 0 types with ModuleDeployableSolarPanel parent in 8 assemblies.
[LOG 14:56:07.455] GetSubclassesOfParentClass: Found 1 types with ModuleEngines parent in 8 assemblies.
[LOG 14:56:07.461] GetSubclassesOfParentClass: Found 0 types with ModuleGenerator parent in 8 assemblies.
[LOG 14:56:07.467] GetSubclassesOfParentClass: Found 0 types with ModuleGimbal parent in 8 assemblies.
[LOG 14:56:07.473] GetSubclassesOfParentClass: Found 2 types with ModuleLiftingSurface parent in 8 assemblies.
[LOG 14:56:07.479] GetSubclassesOfParentClass: Found 0 types with ModuleLight parent in 8 assemblies.
[LOG 14:56:07.485] GetSubclassesOfParentClass: Found 0 types with ModuleReactionWheel parent in 8 assemblies.
[LOG 14:56:07.491] GetSubclassesOfParentClass: Found 0 types with ModuleSAS parent in 8 assemblies.
[LOG 14:56:07.497] GetSubclassesOfParentClass: Found 0 types with ModuleWheelBrakes parent in 8 assemblies.
[LOG 14:56:07.504] GetSubclassesOfParentClass: Found 1 types with ModuleWheelMotor parent in 8 assemblies.
[LOG 14:56:07.504] GetSubclassesOfParentClass: Using cached results for ModuleActiveRadiator
[LOG 14:56:07.510] GetSubclassesOfParentClass: Found 0 types with ModuleAnchoredDecoupler parent in 8 assemblies.
[LOG 14:56:07.516] GetSubclassesOfParentClass: Found 0 types with ModuleCargoBay parent in 8 assemblies.
[LOG 14:56:07.516] GetSubclassesOfParentClass: Using cached results for ModuleControlSurface
[LOG 14:56:07.516] GetSubclassesOfParentClass: Using cached results for ModuleDataTransmitter
[LOG 14:56:07.522] GetSubclassesOfParentClass: Found 0 types with ModuleDecouple parent in 8 assemblies.
[LOG 14:56:07.528] GetSubclassesOfParentClass: Found 4 types with ModuleDeployablePart parent in 8 assemblies.
[LOG 14:56:07.534] GetSubclassesOfParentClass: Found 0 types with ModuleDockingNode parent in 8 assemblies.
[LOG 14:56:07.534] GetSubclassesOfParentClass: Using cached results for ModuleEngines
[LOG 14:56:07.541] GetSubclassesOfParentClass: Found 0 types with CModuleFuelLine parent in 8 assemblies.
[LOG 14:56:07.547] GetSubclassesOfParentClass: Found 0 types with ModuleGPS parent in 8 assemblies.
[LOG 14:56:07.552] GetSubclassesOfParentClass: Found 0 types with ModuleGrappleNode parent in 8 assemblies.
[LOG 14:56:07.552] GetSubclassesOfParentClass: Using cached results for ModuleGrappleNode
[LOG 14:56:07.558] GetSubclassesOfParentClass: Found 0 types with ModuleKerbNetAccess parent in 8 assemblies.
[LOG 14:56:07.558] GetSubclassesOfParentClass: Using cached results for ModuleLight
[LOG 14:56:07.559] GetSubclassesOfParentClass: Using cached results for ModuleLight
[LOG 14:56:07.564] GetSubclassesOfParentClass: Found 0 types with ModuleProbeControlPoint parent in 8 assemblies.
[LOG 14:56:07.571] GetSubclassesOfParentClass: Found 1 types with ModuleRCS parent in 8 assemblies.
[LOG 14:56:07.571] GetSubclassesOfParentClass: Using cached results for ModuleRCS
[LOG 14:56:07.571] GetSubclassesOfParentClass: Using cached results for ModuleReactionWheel
[LOG 14:56:07.571] GetSubclassesOfParentClass: Using cached results for ModuleReactionWheel
[LOG 14:56:07.577] GetSubclassesOfParentClass: Found 0 types with ModuleResourceIntake parent in 8 assemblies.
[LOG 14:56:07.583] GetSubclassesOfParentClass: Found 0 types with ModuleScienceExperiment parent in 8 assemblies.
[LOG 14:56:07.589] GetSubclassesOfParentClass: Found 0 types with ModuleToggleCrossfeed parent in 8 assemblies.
[LOG 14:56:07.594] GetSubclassesOfParentClass: Found 0 types with ModuleWheelDeployment parent in 8 assemblies.
[LOG 14:56:07.613] ExpansionsLoader: Expansions loaded in 10.036s
[LOG 14:56:07.613] Loading Systems: Elapsed time is 26.03549s
[LOG 14:56:10.878] [AddonLoader]: Instantiating addon 'KSPCFFastLoaderPSystemSetup' from assembly 'KSPCommunityFixes'
[LOG 14:56:11.194] [Agent]: Found 19 agent mentality types
[LOG 14:56:11.196] [AgentList]: 31 agents parsed and loaded.
[LOG 14:56:11.233] [UIMasterController]: HideUI
[LOG 14:56:11.318] [CelestialBody]: Kerbin's solar day length is 1d, 0h, 0m long. sidereal day length is 5h, 59m, 9s long
[LOG 14:56:17.005] [UIMasterController]: HideUI
[LOG 14:56:17.012] [HighLogic]: =========================== Scene Change : From LOADING to MAINMENU =====================
[LOG 14:56:17.558] [AddonLoader]: Instantiating addon 'ContractDefs' from assembly 'KSP'
[LOG 14:56:17.588] [AddonLoader]: Instantiating addon 'KSPCFFastLoaderReport' from assembly 'KSPCommunityFixes'
[LOG 14:56:17.615] [UIMasterController]: ShowUI
[LOG 14:56:17.869] [GameParameters]: Loaded custom parameter class CommNetParams.
[LOG 14:56:17.870] [GameParameters]: Loaded custom parameter class MissionParamsGeneral.
[LOG 14:56:17.870] [GameParameters]: Loaded custom parameter class MissionParamsFacilities.
[LOG 14:56:17.870] [GameParameters]: Loaded custom parameter class MissionParamsExtras.
[LOG 14:56:17.871] [GameParameters]: Loaded custom parameter class AdvancedParams.
[LOG 14:56:17.891] [ReflectionUtil]: Found 40 types with UpgradeModule attribute in 8 assemblies.
[LOG 14:56:17.908] [KSPCF:FastLoader] Intel(R) Core(TM) i7-4790K CPU @ 4.00GHz | 32687 MB | NVIDIA GeForce GTX 1060 6GB (6029 MB)
Total loading time to main menu : 39.743s
- Configs and assemblies loaded in 5.044s
- Configs reload done in 1.073s
- Configs translated in 0.016s
- 2331 assets loaded in 3.371s :
  - 86 audio assets (79.689 MiB) in 0.586s, 136.096 MiB/s
  - 1618 texture assets (1.293 GiB) in 2.223s, 595.708 MiB/s
  - 626 model assets (64.41 MiB) in 0.557s, 115.659 MiB/s
- Asset bundles loaded in 0.488s
- GameDatabase (configs, resources, traits, upgrades...) loaded in 0.065s
- Built-in parts copied in 0.021s
- Part and internal configs extracted in 0.001s
- 483 parts and 1927 modules compiled in 6.739s
  - 4.0 modules/part, 13.952 ms/part, 3.497 ms/module
  - PartIcon compilation : 1.081s
- 27 internal spaces and 56 props compiled in 0.216s
- 2 DLC (Making History, Breaking Ground) loaded in 10.083s
- Planetary system loaded in 7.422s
[LOG 14:56:17.908] Texture queries : 1709, slow path : 1 (0.06 %)
[LOG 14:56:17.912] [ModuleManager] Total loading Time = 34.947s
[LOG 14:56:17.953] [ScenarioTypes]: List Created 23 scenario types loaded from 8 loaded assemblies.
[WRN 14:56:17.961] File 'D:/KSP-Dev/KSP_x64_Data/../Missions/MissionScoreInfo.cfg' does not exist
[LOG 14:56:17.964] [ApplicationLauncher] Awake False
[LOG 14:56:17.964] [ApplicationLauncher] SpawnSimpleLayout: VerticalTopDown
[LOG 14:56:17.979] [UiApp] Awake: 
[LOG 14:56:17.980] [ApplicationLauncher] OnSceneLoadedGUIReady: scene MAINMENU ShouldBeVisible() True ShouldBeOnTop() True iIsPositionedAtTop True
[LOG 14:56:18.001] [UIApp] Adding  to Application Launcher
[LOG 14:56:18.005] [ApplicationLauncher] SetHidden: 
[LOG 14:56:18.010] [MessageSystem] OnAppInitialized
[LOG 14:56:18.010] [MessageSystem] Reposition 0.0402655 28884
[LOG 14:56:27.491] [KSPUpgradePipeline]: claude (1.12.5) is up to date.
[LOG 14:56:27.499] [ExperienceSystem]: Found 0 trait types
[LOG 14:56:27.506] [ExperienceSystem]: Found 20 effect types
[LOG 14:56:27.537] [ScenarioTypes]: List Created 23 scenario types loaded from 8 loaded assemblies.
[LOG 14:56:27.556] Game State Saved to saves/claude/persistent
[LOG 14:56:27.566] [MessageSystem] Load Messages
[LOG 14:56:27.569] [UIMasterController]: HideUI
[LOG 14:56:27.571] [HighLogic]: =========================== Scene Change : From MAINMENU to SPACECENTER =====================
[LOG 14:56:27.882] [AddonLoader]: Instantiating addon 'CustomConfigsManager' from assembly 'ModuleManager'
[LOG 14:56:30.785] [UIMasterController]: ShowUI
[LOG 14:56:31.068] [SceneLoadSpeedBoost] Save loaded from disk in 1ms
[LOG 14:56:31.079] GetSubclassesOfParentClass: Found 7 types with AlarmTypeBase parent in 8 assemblies.
[LOG 14:56:31.088] Loading Depletion Nodes
[LOG 14:56:31.088] DepNodeCount:  0
[LOG 14:56:31.088] Loading Biome Nodes
[LOG 14:56:31.088] BiomeNodeCount:  0
[LOG 14:56:31.089] Loading Planet Nodes
[LOG 14:56:31.089] PlanetNodeCount:  0
[LOG 14:56:31.103] [ScenarioDestructibles]: Loading... 0 objects registered
[LOG 14:56:31.215] [UiApp] Awake: KSPedia
[LOG 14:56:31.216] [UiApp] Awake: Missions App
[LOG 14:56:31.216] [UiApp] Awake: AlarmClock
[LOG 14:56:31.216] [GenericAppFrame] Reposition 0 32344
[LOG 14:56:31.217] [ApplicationLauncher] OnSceneLoadedGUIReady: scene SPACECENTER ShouldBeVisible() True ShouldBeOnTop() False iIsPositionedAtTop True
[LOG 14:56:31.217] [ApplicationLauncher] SpawnSimpleLayout: HorizontalRightLeft
[LOG 14:56:31.220] [ApplicationLauncher] SetVisible: 
[LOG 14:56:31.266] [UIApp] OnDestroy: Contracts
[LOG 14:56:31.272] [MessageSystem] Reposition 0.02 32345
[LOG 14:56:31.272] [GenericAppFrame] Reposition 0.02 32345
[LOG 14:56:31.272] [GenericAppFrame] Reposition 0.02 32345
[LOG 14:56:31.403] [UIApp] Adding AlarmClock to Application Launcher
[LOG 14:56:31.404] [UIApp] Adding Missions App to Application Launcher
[LOG 14:56:31.431] [GenericAppFrame] Reposition 0.0932385 32351
[LOG 14:56:31.435] [MissionsApp] OnAppStarted(): id: -383372
[LOG 14:56:31.435] MissionsApp does not execute in this game mode, destroying this instance
[LOG 14:56:31.435] [UIApp] OnDestroy: Missions App
[LOG 14:56:31.445] [UIApp] Adding KSPedia to Application Launcher
[LOG 14:56:32.264] Game Paused!
[LOG 14:56:32.265] [UIMasterController]: ShowUI
[LOG 14:56:36.129] [KSPUpgradePipeline]: claude (1.12.5) is up to date.
[LOG 14:56:36.138] [ScenarioTypes]: List Created 23 scenario types loaded from 8 loaded assemblies.
[LOG 14:56:36.138] [MessageSystem] Load Messages
[LOG 14:56:36.142] [UIMasterController]: HideUI
[LOG 14:56:36.150] [HighLogic]: =========================== Scene Change : From SPACECENTER to FLIGHT =====================
[LOG 14:56:36.153] Game Unpaused!
[LOG 14:56:36.433] [UIApp] OnDestroy: KSPedia
[LOG 14:56:36.436] [UIApp] OnDestroy: AlarmClock
[LOG 14:56:36.442] [KSPCF:MemoryLeaks] Removed a onPlanetariumTargetChange callback owned by a destroyed Assembly-CSharp:CommNetVessel instance
[LOG 14:56:36.452] [KSPCF:MemoryLeaks] Leaving scene "SpaceCenter", cleaned 5 memory leaks in 0.013s. GameEvents callbacks : 471. Allocated memory : 651.652 MiB (managed heap), 2.189 GiB (unmanaged)
[LOG 14:56:36.462] UICanvasPrefabSpawner FlightUI spawning Flight
[LOG 14:56:36.496] UICanvasPrefabSpawner FlightUI spawning VesselLabels
[LOG 14:56:36.497] [UiApp] Awake: ResourceDisplay
[LOG 14:56:36.581] [AddonLoader]: Instantiating addon 'AeroGUI' from assembly 'KSP'
[LOG 14:56:36.595] [PlanetariumCamera]: Focus: Kerbin
[LOG 14:56:36.595] [UIMasterController]: HideUI
[LOG 14:56:36.889] [UIMasterController]: HideUI
[LOG 14:56:36.889] ------------------- initializing flight mode... ------------------
[LOG 14:56:36.890] GetSubclassesOfParentClass: Using cached results for AlarmTypeBase
[LOG 14:56:36.891] Loading Depletion Nodes
[LOG 14:56:36.891] DepNodeCount:  0
[LOG 14:56:36.891] Loading Biome Nodes
[LOG 14:56:36.891] BiomeNodeCount:  0
[LOG 14:56:36.891] Loading Planet Nodes
[LOG 14:56:36.891] PlanetNodeCount:  0
[LOG 14:56:36.893] [ScenarioDestructibles]: Loading... 0 objects registered
[LOG 14:56:36.919] Target vessel index: 1  vessel count: 3
[LOG 14:56:36.920] [FLIGHT GLOBALS]: Switching To Vessel Vaisseau sans nom ---------------------- 
[LOG 14:56:36.921] setting new dominant body: Mun
FlightGlobals.mainBody: Mun
[LOG 14:56:36.923] Reference Frame: Rotating
[WRN 14:56:36.933] [Part]: Cannot have ModuleCargoPart and ModuleInventoryPart on same Part [Vaisseau sans nom (unloaded)'. Removed ModuleCargoPart
[LOG 14:56:36.954] Camera Mode: AUTO
[LOG 14:56:40.342] all systems started
[LOG 14:56:40.342] [UIMasterController]: ShowUI
[LOG 14:56:40.473] [AsteroidSpawner]: No new objects this time. (Odds are 1:2)
[LOG 14:56:40.606] [UiApp] Awake: CurrencyWidgetsApp
[LOG 14:56:40.606] [UiApp] Awake: ResourceDisplay
[LOG 14:56:40.606] [UiApp] Awake: KSPedia
[LOG 14:56:40.606] [UiApp] Awake: Missions App
[LOG 14:56:40.606] [UiApp] Awake: DeltaVApp
[LOG 14:56:40.606] [UiApp] Awake: ActionGroupsApp
[LOG 14:56:40.607] [UiApp] Awake: Construction
[LOG 14:56:40.607] [UiApp] Awake: Cargo
[LOG 14:56:40.607] [UiApp] Awake: AlarmClock
[LOG 14:56:40.607] [UiApp] Awake: ManeuverTool
[LOG 14:56:40.607] [ApplicationLauncher] OnSceneLoadedGUIReady: scene FLIGHT ShouldBeVisible() True ShouldBeOnTop() True iIsPositionedAtTop False
[LOG 14:56:40.607] [ApplicationLauncher] SpawnSimpleLayout: VerticalTopDown
[LOG 14:56:40.610] [KnowledgeBase] OnAppLauncherReady 33281
[LOG 14:56:40.631] [UIApp] OnDestroy: Contracts
[LOG 14:56:40.715] [FlightIntegrator]: Reloaded drag cube for zeroed cube root part mk1pod.v2 (Vaisseau sans nom) on vessel Vaisseau sans nom
[LOG 14:56:40.729] [MessageSystem] Reposition 0.02 33282
[LOG 14:56:40.729] [GenericAppFrame] Reposition 0.02 33282
[LOG 14:56:40.729] [GenericAppFrame] Reposition 0.02 33282
[LOG 14:56:40.833] [PlanetariumCamera]: Focus: Vaisseau sans nom
[LOG 14:56:40.861] [UIApp] Adding ResourceDisplay to Application Launcher
[LOG 14:56:40.863] [UIApp] Adding ResourceDisplay to Application Launcher
[LOG 14:56:40.875] [ResourceDisplay] OnAppStarted(): id: -417952
[LOG 14:56:40.875] [GenericAppFrame] Reposition 0.1439838 33286
[LOG 14:56:40.876] [ResourceDisplay] OnAppStarted(): id: 264296
[LOG 14:56:40.876] ResourceDisplay already exist, destroying this instance
[LOG 14:56:40.876] [UIApp] OnDestroy: ResourceDisplay
[LOG 14:56:40.893] [UIApp] Adding AlarmClock to Application Launcher
[LOG 14:56:40.894] [UIApp] Adding ActionGroupsApp to Application Launcher
[LOG 14:56:40.896] [UIApp] Adding Missions App to Application Launcher
[LOG 14:56:40.897] CURRENCY WIDGET False False False
[LOG 14:56:40.899] [UIApp] OnDestroy: CurrencyWidgetsApp
[LOG 14:56:40.923] [GenericAppFrame] Reposition 0.1759077 33288
[LOG 14:56:40.926] [ActionGroupsApp] OnAppStarted(): id: -417976
[LOG 14:56:40.927] [GenericAppFrame] Reposition 0.1759077 33288
[LOG 14:56:40.928] [UIApp] Adding DeltaVApp to Application Launcher
[LOG 14:56:40.929] [MissionsApp] OnAppStarted(): id: -417964
[LOG 14:56:40.929] MissionsApp does not execute in this game mode, destroying this instance
[LOG 14:56:40.929] [UIApp] OnDestroy: Missions App
[LOG 14:56:40.944] [GenericAppFrame] Reposition 0.2085306 33289
[LOG 14:56:40.955] [UIApp] Adding Cargo to Application Launcher
[LOG 14:56:40.957] [UIApp] Adding Construction to Application Launcher
[LOG 14:56:40.958] [UIApp] Adding KSPedia to Application Launcher
[WRN 14:56:40.967] HighlightingSystem : Framebuffer depth data is not available and can't be used to occlude highlighting. Highlighting occluders enabled.
[LOG 14:56:40.982] [UIApp] Adding ManeuverTool to Application Launcher
[LOG 14:56:40.984] [ApplicationLauncher] SetHidden: 
[LOG 14:56:40.999] [GenericAppFrame] Reposition 0.2641653 33292
[LOG 14:56:41.009] [ManeuverTool]: Found 1 transfer types
[LOG 14:56:41.109] Flight State Captured
[LOG 14:56:41.113] Saving Achievements Tree...
[LOG 14:56:41.114] Saving Achievements Tree...
[LOG 14:56:41.114] Saving Achievements Tree...
[LOG 14:56:41.117] [MessageSystem] Save Messages
[LOG 14:56:41.129] Game State Saved as persistent
[LOG 14:56:41.273] Unpacking Vaisseau sans nom
[LOG 14:56:41.284] [UIMasterController]: ShowUI
[LOG 14:56:55.823] [Comet Manager]:Generated Comet Type:short
[LOG 14:56:55.832] [CometSpawner]: New object found near Kerbin
[LOG 14:57:08.718] [PQSBench] BENCH reset
[LOG 14:57:10.843] [AsteroidSpawner]: New object found near Kerbin: Ast. TMI-469!
[LOG 14:57:25.870] [AsteroidSpawner]: No new objects this time. (Odds are 1:2)
[LOG 14:57:40.892] [AsteroidSpawner]: No new objects this time. (Odds are 1:2)
[LOG 14:57:55.929] [AsteroidSpawner]: New object found near Kerbin: Ast. PTK-035!
[LOG 14:58:18.879] [PQSBench] BENCH begin;vertexPlacementPatchedBy=com.github.lhervier.ksp.stockquadcache;quadBuildPatchedBy=com.github.lhervier.ksp.pqsbench+com.github.lhervier.ksp.stockquadcache
[LOG 14:58:18.880] [PQSBench] BENCH machine;cpu=Intel(R) Core(TM) i7-4790K CPU @ 4.00GHz;logicalCores=8;memoryMb=32687;gpu=NVIDIA GeForce GTX 1060 6GB;os=Windows 10  (10.0.0) 64bit
[LOG 14:58:18.880] [PQSBench] BENCH run;save=claude (SANDBOX);vessel=Vaisseau sans nom;body=Mun;terrainPreset=High;terrainPresetIndex=2;verticesPerQuad=225;utStart=54.64;utEnd=124.66;utSpan=70.02;realSeconds=70.16;altitudeStart=4999.9;altitude=4999.9;speed=554.4;quads=1803;topLevelQuads=704
[LOG 14:58:18.881] [PQSBench] BENCH sphere;name=Mun;radius=200000;minLevel=2;maxLevel=9;highestLevelUnder=6250;subdivisionOffAbove=20000000;maxAnglePerSample=9.204E-005;speedCapAt60Fps=1104
[LOG 14:58:18.882] [PQSBench] BENCH colliders;name=Mun;maxLevelOffset=0;lowestLevelWithCollider=9
[LOG 14:58:18.883] [PQSBench] BENCH calibration;quads=22;roundsPerQuad=8;verticesPerFormula=39600;stockNsPerVertex=282.7;installedNsPerVertex=200.9;differenceNsPerVertex=-81.7;harnessNsPerVertex=5.9;stockRawNsPerVertex=288.6;installedRawNsPerVertex=206.9
[LOG 14:58:18.883] [PQSBench] BENCH end
[LOG 14:58:20.875] Game Paused!
[LOG 14:58:20.876] [UIMasterController]: ShowUI
[LOG 14:58:21.315] Flight State Captured
[LOG 14:58:21.315] Saving Achievements Tree...
[LOG 14:58:21.315] Saving Achievements Tree...
[LOG 14:58:21.315] Saving Achievements Tree...
[LOG 14:58:21.315] [MessageSystem] Save Messages
[LOG 14:58:21.329] Game State Saved to saves/claude/persistent
[LOG 14:58:21.339] [UIMasterController]: HideUI
[LOG 14:58:21.349] [HighLogic]: =========================== Scene Change : From FLIGHT to MAINMENU =====================
[LOG 14:58:21.891] KbApp.OnDestroy Vessel Crew
[LOG 14:58:21.891] KbApp.OnDestroy Vessel Info
[LOG 14:58:21.891] [UIApp] OnDestroy: AlarmClock
[LOG 14:58:21.894] KbApp.OnDestroy Unowned Info
[LOG 14:58:21.896] [UIApp] OnDestroy: Construction
[LOG 14:58:21.896] [UIApp] OnDestroy: Cargo
[LOG 14:58:21.897] KbApp.OnDestroy Planet Resources
[LOG 14:58:21.900] [UIApp] OnDestroy: ResourceDisplay
[LOG 14:58:21.900] [UIApp] OnDestroy: ActionGroupsApp
[LOG 14:58:21.901] [UIApp] OnDestroy: DeltaVApp
[LOG 14:58:21.901] [UIApp] OnDestroy: KSPedia
[LOG 14:58:21.902] [UIApp] OnDestroy: ManeuverTool
[LOG 14:58:21.902] KbApp.OnDestroy Planet Parameters
[LOG 14:58:21.902] KbApp.OnDestroy Planet Info
[LOG 14:58:21.902] KbApp.OnDestroy NullName
[LOG 14:58:21.904] [KSPCF:MemoryLeaks] Removed a OnMapExited callback owned by a destroyed Assembly-CSharp:NavBallToggle instance
[LOG 14:58:21.904] [KSPCF:MemoryLeaks] Removed a OnGameSettingsApplied callback owned by a destroyed Assembly-CSharp:VesselAutopilotUI instance
[LOG 14:58:21.904] [KSPCF:MemoryLeaks] Removed a onPartActionUICreate callback owned by a destroyed Assembly-CSharp:ModuleInventoryPart instance
[LOG 14:58:21.905] [KSPCF:MemoryLeaks] Removed a onModuleInventoryChanged callback owned by a destroyed Assembly-CSharp:ModuleInventoryPart instance
[LOG 14:58:21.905] [KSPCF:MemoryLeaks] Removed a OnDestructibleLoaded callback owned by a destroyed Assembly-CSharp:RunwayCollisionHandler instance
[LOG 14:58:21.905] [KSPCF:MemoryLeaks] Removed a OnClick callback owned by a destroyed Assembly-CSharp:EVAConstructionModeEditor instance
[LOG 14:58:21.906] [KSPCF:MemoryLeaks] Removed a TimingManager.Instance.timing5.onLateUpdate callback owned by a destroyed Assembly-CSharp:MapView instance
[LOG 14:58:21.906] [KSPCF:MemoryLeaks] Leaving scene "Flight", cleaned 23 memory leaks in 0.002s. GameEvents callbacks : 849. Allocated memory : 671.621 MiB (managed heap), 2.176 GiB (unmanaged)
[LOG 14:58:22.033] [UIMasterController]: ShowUI
[LOG 14:58:22.359] [ScenarioTypes]: List Created 23 scenario types loaded from 8 loaded assemblies.
[WRN 14:58:22.363] File 'D:/KSP-Dev/KSP_x64_Data/../Missions/MissionScoreInfo.cfg' does not exist
[LOG 14:58:22.363] [ApplicationLauncher] OnSceneLoadedGUIReady: scene MAINMENU ShouldBeVisible() True ShouldBeOnTop() True iIsPositionedAtTop True
[LOG 14:58:22.364] [ApplicationLauncher] SetHidden: 
[LOG 14:58:22.367] [MessageSystem] Reposition 0.02 44289
[LOG 14:58:22.367] [GenericAppFrame] Reposition 0.02 44289
[LOG 14:58:22.367] [GenericAppFrame] Reposition 0.02 44289
[LOG 14:58:27.125] [UIApp] OnDestroy: 
