[LOG 15:10:44.005] ******* Log Initiated for Kerbal Space Program - 1.12.5.3190 (WindowsPlayer x64) fr-fr *******
Kerbal Space Program - 1.12.5.3190 (WindowsPlayer x64) fr-fr


OS: Windows 10  (10.0.0) 64bit
CPU: Intel(R) Core(TM) i7-4790K CPU @ 4.00GHz (8)
RAM: 32687
GPU: NVIDIA GeForce GTX 1060 6GB (6029MB)
SM: 50 (Direct3D 11.0 [level 11.1])
RT Formats: ARGB32, Depth, ARGBHalf, Shadowmap, RGB565, ARGB4444, ARGB1555, Default, ARGB2101010, DefaultHDR, ARGB64, ARGBFloat, RGFloat, RGHalf, RFloat, RHalf, R8, ARGBInt, RGInt, RInt, BGRA32, RGB111110Float, RG32, RGBAUShort, RG16, BGRA10101010_XR, BGR101010_XR, R16


Log started: Mon, Sep 21, 2026 15:10:44


[LOG 15:10:44.025] ActionCanvas MASK: 3458764513820540928
[LOG 15:10:44.026] AppCanvas MASK: 3458764513820540928
[LOG 15:10:44.027] MainCanvas MASK: 3458764513820540928
[LOG 15:10:45.260] Load(Assembly): /ModuleManager.4.2.3
[LOG 15:10:45.260] AssemblyLoader: Loading assembly at D:\KSP-Dev\GameData\ModuleManager.4.2.3.dll
[LOG 15:10:45.284] AssemblyLoader: KSPAssembly 'ModuleManager' V2.5.0
[LOG 15:10:45.284] Load(Assembly): 000_Harmony/0Harmony
[LOG 15:10:45.284] AssemblyLoader: Loading assembly at D:\KSP-Dev\GameData\000_Harmony\0Harmony.dll
[LOG 15:10:45.286] Load(Assembly): 000_Harmony/HarmonyInstallChecker
[LOG 15:10:45.286] AssemblyLoader: Loading assembly at D:\KSP-Dev\GameData\000_Harmony\HarmonyInstallChecker.dll
[LOG 15:10:45.287] AssemblyLoader: KSPAssembly 'HarmonyKSP' V1.0.0
[LOG 15:10:45.287] Load(Assembly): KSPCommunityFixes/Plugins/0_MultipleModuleInPartAPI
[LOG 15:10:45.287] AssemblyLoader: Loading assembly at D:\KSP-Dev\GameData\KSPCommunityFixes\Plugins\0_MultipleModuleInPartAPI.dll
[LOG 15:10:45.288] AssemblyLoader: KSPAssembly 'MultipleModulePartAPI' V1.0.0
[LOG 15:10:45.288] Load(Assembly): KSPCommunityFixes/Plugins/KSPCommunityFixes
[LOG 15:10:45.288] AssemblyLoader: Loading assembly at D:\KSP-Dev\GameData\KSPCommunityFixes\Plugins\KSPCommunityFixes.dll
[LOG 15:10:45.297] AssemblyLoader: KSPAssembly 'KSPCommunityFixes' V1.41.1
[LOG 15:10:45.298] AssemblyLoader: KSPAssemblyDependency 'HarmonyKSP' V1.0.0
[LOG 15:10:45.298] AssemblyLoader: KSPAssemblyDependency 'ModuleManager' V1.0.0
[LOG 15:10:45.298] AssemblyLoader: KSPAssemblyDependency 'MultipleModulePartAPI' V1.0.0
[LOG 15:10:45.298] Load(Assembly): PQSBenchMod/PQSBenchMod
[LOG 15:10:45.298] AssemblyLoader: Loading assembly at D:\KSP-Dev\GameData\PQSBenchMod\PQSBenchMod.dll
[LOG 15:10:45.299] Load(Assembly): StockQuadCacheMod/StockQuadCacheMod
[LOG 15:10:45.299] AssemblyLoader: Loading assembly at D:\KSP-Dev\GameData\StockQuadCacheMod\StockQuadCacheMod.dll
[LOG 15:10:45.301] AssemblyLoader: Loading assemblies
[LOG 15:10:45.398] VesselModules: Found VesselModule of type AxisGroupsModule with order 999
[LOG 15:10:45.441] VesselModules: Found VesselModule of type CometVessel with order 999
[LOG 15:10:45.443] VesselModules: Found VesselModule of type SuspensionLoadBalancer with order 999
[LOG 15:10:45.444] VesselModules: Found VesselModule of type FlightIntegrator with order 0
[LOG 15:10:45.447] VesselModules: Found VesselModule of type CommNetVessel with order 999
[LOG 15:10:45.452] VesselModules: Found 5 VesselModule types
[LOG 15:10:45.458] 
************************************************************************

Environment Info
Win32NT 7FFFFFFFFFFFFFFF  Args: KSP_x64.exe 

Mod DLLs found:
Stock assembly: Assembly-CSharp v0.0.0.0
ModuleManager v4.2.3.0
0Harmony v2.2.1.0
HarmonyInstallChecker v2.2.1.0
0_MultipleModuleInPartAPI v1.0.0.0 / v1.0.0+7969fdc50bf4e350193abe5ba2e89533b12ca02f
KSPCommunityFixes v1.41.0.0 / v1.41.1+7969fdc50bf4e350193abe5ba2e89533b12ca02f / v1.41.1.0
PQSBenchMod v0.1.0.0 / v0.1.0+6e20ea945c2aaa133a9f50dda0128414ee5c88f6
StockQuadCacheMod v0.1.0.0 / v0.1.0+084e95e6c8781a0c7258ea70c15110ab44474903

Folders and files in GameData:
000_Harmony
KSPCommunityFixes
PQSBenchMod
Stock folder: Squad

Stock folder: SquadExpansion

StockQuadCacheMod
ModuleManager.4.2.3.dll
ModuleManager.ConfigCache
ModuleManager.ConfigSHA
ModuleManager.Physics
ModuleManager.TechTree

************************************************************************

[LOG 15:10:45.478] [AddonLoader]: Instantiating addon 'ModuleManager' from assembly 'ModuleManager'
[LOG 15:10:45.490] [ModuleManager] Adding post patch to the loading screen 4
[LOG 15:10:45.492] [ModuleManager] Patching started on a new thread, all output will be directed to D:\KSP-Dev\Logs\ModuleManager\ModuleManager.log
[LOG 15:10:45.496] [AddonLoader]: Instantiating addon 'HarmonyInstallChecker' from assembly 'HarmonyKSP'
[LOG 15:10:45.497] [AddonLoader]: Instantiating addon 'KSPCommunityFixes' from assembly 'KSPCommunityFixes'
[LOG 15:10:45.498] [AddonLoader]: Instantiating addon 'NoIVA' from assembly 'KSPCommunityFixes'
[LOG 15:10:45.498] [AddonLoader]: Instantiating addon 'ConfigNodePerf' from assembly 'KSPCommunityFixes'
[LOG 15:10:45.733] [AddonLoader]: Instantiating addon 'KSPCFFastLoader' from assembly 'KSPCommunityFixes'
[LOG 15:10:45.735] [KSPCF] Injecting FastLoader...
[LOG 15:10:45.760] [KSPCommunityFixes] Patch GameDatabasePerf applied.
[LOG 15:10:45.858] [AddonLoader]: Instantiating addon 'ReflectionTypeLoadExceptionHandler' from assembly 'KSPCommunityFixes'
[LOG 15:10:45.860] [AddonLoader]: Instantiating addon 'PQSBenchMod' from assembly 'PQSBenchMod'
[LOG 15:10:45.861] [AddonLoader]: Instantiating addon 'CalibrateBenchAddon' from assembly 'PQSBenchMod'
[LOG 15:10:45.862] [AddonLoader]: Instantiating addon 'StockQuadCacheMod' from assembly 'StockQuadCacheMod'
[LOG 15:10:46.977] [KSPCF] Taking over stock loader. An exception will follow, this is intended.
[EXC 15:10:46.982] Exception: Terminating stock loader coroutine, this is intended and not an error
	KSPCommunityFixes.Performance.KSPCFFastLoader.GameDatabase_SetupMainLoaders_Prefix () (at <62bb7f5420994f409a34377c091e8538>:0)
	(wrapper dynamic-method) GameDatabase.GameDatabase.SetupMainLoaders_Patch1(GameDatabase)
	GameDatabase+<LoadObjects>d__90.MoveNext () (at <4b449f2841f84227adfaad3149c8fdba>:0)
	UnityEngine.SetupCoroutine.InvokeMoveNext (System.Collections.IEnumerator enumerator, System.IntPtr returnValueAddress) (at <12e76cd50cc64cf19e759e981cb725af>:0)
	UnityEngine.DebugLogHandler:LogException(Exception, Object)
	ModuleManager.UnityLogHandle.InterceptLogHandler:LogException(Exception, Object)
	UnityEngine.MonoBehaviour:StartCoroutine(IEnumerator)
	<CreateDatabase>d__71:MoveNext()
	UnityEngine.MonoBehaviour:StartCoroutine(IEnumerator)
	GameDatabase:StartLoad()
	<LoadSystems>d__11:MoveNext()
	UnityEngine.MonoBehaviour:StartCoroutine(IEnumerator)
	LoadingScreen:Start()
[LOG 15:10:47.058] [PQSBench] Version 0.1.0.0 installed, measuring. Alt+F8 dumps what has been recorded, Alt+F7 throws it away.
[LOG 15:10:47.083] [StockQuadCache] Version 0.1.0.0 installed, log level Info
[LOG 15:10:47.207] Preloading Asset Bundle Definitions
[LOG 15:10:47.603] Load Audio: Squad/Alarms/Sounds/Chirps
[LOG 15:10:47.625] Load Audio: Squad/Alarms/Sounds/Classic
[LOG 15:10:47.625] Load Audio: Squad/Alarms/Sounds/ClockTower
[LOG 15:10:47.625] Load Audio: Squad/Alarms/Sounds/ComputerGlass1
[LOG 15:10:47.625] Load Audio: Squad/Alarms/Sounds/ComputerGlass2
[LOG 15:10:47.625] Load Audio: Squad/Alarms/Sounds/ComputerShort
[LOG 15:10:47.626] Load Audio: Squad/Alarms/Sounds/ComputerTriad
[LOG 15:10:47.626] Load Audio: Squad/Alarms/Sounds/DoorBell
[LOG 15:10:47.626] Load Audio: Squad/Alarms/Sounds/Glass
[LOG 15:10:47.626] Load Audio: Squad/Alarms/Sounds/Klaxon
[LOG 15:10:47.626] Load Audio: Squad/Alarms/Sounds/Mobile
[LOG 15:10:47.626] Load Audio: Squad/Alarms/Sounds/Morning
[LOG 15:10:47.626] Load Audio: Squad/Alarms/Sounds/OldClock
[LOG 15:10:47.627] Load Audio: Squad/Alarms/Sounds/OldHorn
[LOG 15:10:47.627] Load Audio: Squad/Alarms/Sounds/Ripple
[LOG 15:10:47.627] Load Audio: Squad/Sounds/editorLoop01
[LOG 15:10:47.627] Load Audio: Squad/Sounds/elev_loop
[LOG 15:10:47.627] Load Audio: Squad/Sounds/elev_start
[LOG 15:10:47.627] Load Audio: Squad/Sounds/elev_stop
[LOG 15:10:47.627] Load Audio: Squad/Sounds/fireworks_explosion_2
[LOG 15:10:47.628] Load Audio: Squad/Sounds/fireworks_explosion_3
[LOG 15:10:47.628] Load Audio: Squad/Sounds/fireworks_explosion_4
[LOG 15:10:47.628] Load Audio: Squad/Sounds/fireworks_launch_boom
[LOG 15:10:47.628] Load Audio: Squad/Sounds/fireworks_only_crackle_crackle_1
[LOG 15:10:47.628] Load Audio: Squad/Sounds/fireworks_only_crackle_dragon_1
[LOG 15:10:48.113] Load Audio: Squad/Sounds/fireworks_only_crackle_palm_1
[LOG 15:10:48.114] Load Audio: Squad/Sounds/fireworks_whistle
[LOG 15:10:48.114] Load Audio: Squad/Sounds/ksp1_banana_V2_01
[LOG 15:10:48.114] Load Audio: Squad/Sounds/ksp1_banana_V2_04
[LOG 15:10:48.114] Load Audio: Squad/Sounds/ksp1_banana_V2_05
[LOG 15:10:48.114] Load Audio: Squad/Sounds/ksp1_golf_swing_normal
[LOG 15:10:48.114] Load Audio: Squad/Sounds/ksp1_ground_anchor_v2_1
[LOG 15:10:48.114] Load Audio: Squad/Sounds/ksp1_strunts_disconnect_v3_pitched2
[LOG 15:10:48.115] Load Audio: Squad/Sounds/repairKit_repair1
[LOG 15:10:48.115] Load Audio: Squad/Sounds/repairKit_repair2
[LOG 15:10:48.115] Load Audio: Squad/Sounds/sound_ambience_nature
[LOG 15:10:48.115] Load Audio: Squad/Sounds/sound_click_flick
[LOG 15:10:48.115] Load Audio: Squad/Sounds/sound_click_latch
[LOG 15:10:48.115] Load Audio: Squad/Sounds/sound_click_sharp
[LOG 15:10:48.115] Load Audio: Squad/Sounds/sound_click_tick
[LOG 15:10:48.116] Load Audio: Squad/Sounds/sound_click_tock
[LOG 15:10:48.116] Load Audio: Squad/Sounds/sound_decoupler_fire
[LOG 15:10:48.116] Load Audio: Squad/Sounds/sound_delete_bin
[LOG 15:10:48.116] Load Audio: Squad/Sounds/sound_explosion_debris1
[LOG 15:10:48.116] Load Audio: Squad/Sounds/sound_explosion_debris2
[LOG 15:10:48.116] Load Audio: Squad/Sounds/sound_explosion_large
[LOG 15:10:48.116] Load Audio: Squad/Sounds/sound_rocket_mini
[LOG 15:10:48.116] Load Audio: Squad/Sounds/sound_rocket_spurts
[LOG 15:10:48.117] Load Audio: Squad/Sounds/sound_servomotor
[LOG 15:10:48.117] Load Audio: Squad/Sounds/sound_tab_extend
[LOG 15:10:48.125] Load Audio: Squad/Sounds/sound_tab_retreat
[LOG 15:10:48.126] Load Audio: SquadExpansion/Serenity/Sounds/robo_arm_large_end
[LOG 15:10:48.126] Load Audio: SquadExpansion/Serenity/Sounds/robo_arm_large_motor_00
[LOG 15:10:48.126] Load Audio: SquadExpansion/Serenity/Sounds/robo_arm_large_scan
[LOG 15:10:48.126] Load Audio: SquadExpansion/Serenity/Sounds/robo_arm_large_start
[LOG 15:10:48.126] Load Audio: SquadExpansion/Serenity/Sounds/robo_arm_medium_end
[LOG 15:10:48.126] Load Audio: SquadExpansion/Serenity/Sounds/robo_arm_medium_motor_00
[LOG 15:10:48.126] Load Audio: SquadExpansion/Serenity/Sounds/robo_arm_medium_scan
[LOG 15:10:48.127] Load Audio: SquadExpansion/Serenity/Sounds/robo_arm_medium_start
[LOG 15:10:48.127] Load Audio: SquadExpansion/Serenity/Sounds/robo_arm_small_end
[LOG 15:10:48.127] Load Audio: SquadExpansion/Serenity/Sounds/robo_arm_small_motor_00
[LOG 15:10:48.127] Load Audio: SquadExpansion/Serenity/Sounds/robo_arm_small_scan
[LOG 15:10:48.127] Load Audio: SquadExpansion/Serenity/Sounds/robo_arm_small_start
[LOG 15:10:48.127] Load Audio: SquadExpansion/Serenity/Sounds/sfx_cryoVolcano_burst
[LOG 15:10:48.127] Load Audio: SquadExpansion/Serenity/Sounds/sfx_cryoVolcano_idle
[LOG 15:10:48.128] Load Audio: SquadExpansion/Serenity/Sounds/sfx_deployable_booster_antena_end
[LOG 15:10:48.128] Load Audio: SquadExpansion/Serenity/Sounds/sfx_deployable_booster_antena_start
[LOG 15:10:48.128] Load Audio: SquadExpansion/Serenity/Sounds/sfx_deployable_central_station_end
[LOG 15:10:48.128] Load Audio: SquadExpansion/Serenity/Sounds/sfx_deployable_central_station_loop
[LOG 15:10:48.128] Load Audio: SquadExpansion/Serenity/Sounds/sfx_deployable_central_station_start
[LOG 15:10:48.129] Load Audio: SquadExpansion/Serenity/Sounds/sfx_deployable_detector_end
[LOG 15:10:48.129] Load Audio: SquadExpansion/Serenity/Sounds/sfx_deployable_detector_start
[LOG 15:10:48.129] Load Audio: SquadExpansion/Serenity/Sounds/sfx_deployable_GoObEd_end
[LOG 15:10:48.129] Load Audio: SquadExpansion/Serenity/Sounds/sfx_deployable_GoObEd_loop
[LOG 15:10:48.129] Load Audio: SquadExpansion/Serenity/Sounds/sfx_deployable_GoObEd_start
[LOG 15:10:48.167] Load Audio: SquadExpansion/Serenity/Sounds/sfx_deployable_rtg_end
[LOG 15:10:48.167] Load Audio: SquadExpansion/Serenity/Sounds/sfx_deployable_rtg_start
[LOG 15:10:48.167] Load Audio: SquadExpansion/Serenity/Sounds/sfx_deployable_seismometer_end
[LOG 15:10:48.167] Load Audio: SquadExpansion/Serenity/Sounds/sfx_deployable_seismometer_start
[LOG 15:10:48.168] Load Audio: SquadExpansion/Serenity/Sounds/sfx_deployable_solar_panel_end
[LOG 15:10:48.168] Load Audio: SquadExpansion/Serenity/Sounds/sfx_deployable_solar_panel_start
[LOG 15:10:48.168] Load Audio: SquadExpansion/Serenity/Sounds/sfx_deployable_weather_station_end
[LOG 15:10:48.168] Load Audio: SquadExpansion/Serenity/Sounds/sfx_deployable_weather_station_loop
[LOG 15:10:48.168] Load Audio: SquadExpansion/Serenity/Sounds/sfx_deployable_weather_station_start
[LOG 15:10:48.168] Load Audio: SquadExpansion/Serenity/Sounds/sfx_geyser_burst
[LOG 15:10:48.169] Load Audio: SquadExpansion/Serenity/Sounds/sfx_geyser_idle
[LOG 15:10:48.190] Load DDS texture: KSPCommunityFixes/MMPatches/StockTweaks/Icons/Clamp-O-Tron
[LOG 15:10:48.194] Load TRUECOLOR texture: KSPCommunityFixes/MMPatches/StockTweaks/Icons/Clamp-O-Tron_scaled
[LOG 15:10:48.195] Load DDS texture: KSPCommunityFixes/MMPatches/StockTweaks/Icons/FreeFallParachutes
[LOG 15:10:48.195] Load TRUECOLOR texture: KSPCommunityFixes/MMPatches/StockTweaks/Icons/FreeFallParachutes_scaled
[LOG 15:10:48.195] Load DDS texture: KSPCommunityFixes/MMPatches/StockTweaks/Icons/LightYearTireCompany
[LOG 15:10:48.195] Load TRUECOLOR texture: KSPCommunityFixes/MMPatches/StockTweaks/Icons/LightYearTireCompany_scaled
[LOG 15:10:48.196] Load DDS texture: KSPCommunityFixes/MMPatches/StockTweaks/Icons/StratusCorporation
[LOG 15:10:48.196] Load TRUECOLOR texture: KSPCommunityFixes/MMPatches/StockTweaks/Icons/StratusCorporation_scaled
[LOG 15:10:48.196] Load DDS texture: Squad/Agencies/C7AerospaceDivision
[LOG 15:10:48.196] Load TRUECOLOR texture: Squad/Agencies/C7AerospaceDivision_scaled
[LOG 15:10:48.196] Load DDS texture: Squad/Agencies/DinkelsteinKermansConstructionEmporium
[LOG 15:10:48.197] Load TRUECOLOR texture: Squad/Agencies/DinkelsteinKermansConstructionEmporium_scaled
[LOG 15:10:48.197] Load DDS texture: Squad/Agencies/ExperimentalEngineering
[LOG 15:10:48.197] Load TRUECOLOR texture: Squad/Agencies/ExperimentalEngineering_scaled
[LOG 15:10:48.197] Load DDS texture: Squad/Agencies/FlooydResearchLab
[LOG 15:10:48.198] Load TRUECOLOR texture: Squad/Agencies/FlooydResearchLab_scaled
[LOG 15:10:48.198] Load DDS texture: Squad/Agencies/GoliathNationalProducts
[LOG 15:10:48.198] Load TRUECOLOR texture: Squad/Agencies/GoliathNationalProducts_scaled
[LOG 15:10:48.198] Load DDS texture: Squad/Agencies/IntegratedIntegrals
[LOG 15:10:48.198] Load TRUECOLOR texture: Squad/Agencies/IntegratedIntegrals_scaled
[LOG 15:10:48.199] Load DDS texture: Squad/Agencies/IonicSymphonicProtonicElectronics
[LOG 15:10:48.199] Load TRUECOLOR texture: Squad/Agencies/IonicSymphonicProtonicElectronics_scaled
[LOG 15:10:48.199] Load DDS texture: Squad/Agencies/JebsJunkyard
[LOG 15:10:48.199] Load TRUECOLOR texture: Squad/Agencies/JebsJunkyard_scaled
[LOG 15:10:48.199] Load DDS texture: Squad/Agencies/KerbalMotion
[LOG 15:10:48.200] Load TRUECOLOR texture: Squad/Agencies/KerbalMotion_scaled
[LOG 15:10:48.200] Load DDS texture: Squad/Agencies/KerbinWorldFirstRecordKeepingSociety
[LOG 15:10:48.200] Load TRUECOLOR texture: Squad/Agencies/KerbinWorldFirstRecordKeepingSociety_scaled
[LOG 15:10:48.200] Load DDS texture: Squad/Agencies/Kerbodyne
[LOG 15:10:48.200] Load TRUECOLOR texture: Squad/Agencies/Kerbodyne_scaled
[LOG 15:10:48.200] Load DDS texture: Squad/Agencies/Kerlington
[LOG 15:10:48.201] Load TRUECOLOR texture: Squad/Agencies/Kerlington_scaled
[LOG 15:10:48.201] Load DDS texture: Squad/Agencies/MaxoConstructionToys
[LOG 15:10:48.201] Load TRUECOLOR texture: Squad/Agencies/MaxoConstructionToys_scaled
[LOG 15:10:48.201] Load DDS texture: Squad/Agencies/MovingPartsExpertsGroup
[LOG 15:10:48.202] Load TRUECOLOR texture: Squad/Agencies/MovingPartsExpertsGroup_scaled
[LOG 15:10:48.202] Load DDS texture: Squad/Agencies/OMBDemolition
[LOG 15:10:48.202] Load TRUECOLOR texture: Squad/Agencies/OMBDemolition_scaled
[LOG 15:10:48.203] Load DDS texture: Squad/Agencies/PeriapsisCo
[LOG 15:10:48.203] Load TRUECOLOR texture: Squad/Agencies/PeriapsisCo_scaled
[LOG 15:10:48.204] Load DDS texture: Squad/Agencies/Probodobodyne
[LOG 15:10:48.204] Load TRUECOLOR texture: Squad/Agencies/Probodobodyne_scaled
[LOG 15:10:48.204] Load DDS texture: Squad/Agencies/R&D
[LOG 15:10:48.204] Load TRUECOLOR texture: Squad/Agencies/R&D_scaled
[LOG 15:10:48.205] Load DDS texture: Squad/Agencies/ReactionSystemsLtd
[LOG 15:10:48.205] Load TRUECOLOR texture: Squad/Agencies/ReactionSystemsLtd_scaled
[LOG 15:10:48.205] Load DDS texture: Squad/Agencies/Rockomax
[LOG 15:10:48.205] Load TRUECOLOR texture: Squad/Agencies/Rockomax_scaled
[LOG 15:10:48.205] Load DDS texture: Squad/Agencies/Rokea
[LOG 15:10:48.205] Load TRUECOLOR texture: Squad/Agencies/Rokea_scaled
[LOG 15:10:48.206] Load DDS texture: Squad/Agencies/SeansCannery
[LOG 15:10:48.206] Load TRUECOLOR texture: Squad/Agencies/SeansCannery_scaled
[LOG 15:10:48.206] Load DDS texture: Squad/Agencies/SteadlerEngineeringCorps
[LOG 15:10:48.206] Load TRUECOLOR texture: Squad/Agencies/SteadlerEngineeringCorps_scaled
[LOG 15:10:48.207] Load DDS texture: Squad/Agencies/StrutCo
[LOG 15:10:48.207] Load TRUECOLOR texture: Squad/Agencies/StrutCo_scaled
[LOG 15:10:48.207] Load DDS texture: Squad/Agencies/Vac-Co
[LOG 15:10:48.207] Load TRUECOLOR texture: Squad/Agencies/Vac-Co_scaled
[LOG 15:10:48.207] Load DDS texture: Squad/Agencies/WinterOwl
[LOG 15:10:48.208] Load TRUECOLOR texture: Squad/Agencies/WinterOwl_scaled
[LOG 15:10:48.208] Load DDS texture: Squad/Agencies/ZaltonicElectronics
[LOG 15:10:48.208] Load TRUECOLOR texture: Squad/Agencies/ZaltonicElectronics_scaled
[LOG 15:10:48.208] Load Cached PNG Texture: Squad/Alarms/Icons/ap
[LOG 15:10:48.209] Load Cached PNG Texture: Squad/Alarms/Icons/default
[LOG 15:10:48.209] Load Cached PNG Texture: Squad/Alarms/Icons/maneuver
[LOG 15:10:48.209] Load Cached PNG Texture: Squad/Alarms/Icons/pe
[LOG 15:10:48.209] Load Cached PNG Texture: Squad/Alarms/Icons/raw
[LOG 15:10:48.209] Load Cached PNG Texture: Squad/Alarms/Icons/soi
[LOG 15:10:48.209] Load Cached PNG Texture: Squad/Alarms/Icons/xfer
[LOG 15:10:48.209] Load DDS texture: Squad/Contracts/Icons/balloon
[LOG 15:10:48.209] Load DDS texture: Squad/Contracts/Icons/custom
[LOG 15:10:48.209] Load DDS texture: Squad/Contracts/Icons/default
[LOG 15:10:48.210] Load DDS texture: Squad/Contracts/Icons/dish
[LOG 15:10:48.210] Load DDS texture: Squad/Contracts/Icons/eva
[LOG 15:10:48.210] Load DDS texture: Squad/Contracts/Icons/gravity
[LOG 15:10:48.210] Load Cached PNG Texture: Squad/Contracts/Icons/ksc
[LOG 15:10:48.210] Load DDS texture: Squad/Contracts/Icons/launchsite
[LOG 15:10:48.210] Load DDS texture: Squad/Contracts/Icons/marker
[LOG 15:10:48.210] Load DDS texture: Squad/Contracts/Icons/pressure
[LOG 15:10:48.210] Load DDS texture: Squad/Contracts/Icons/report
[LOG 15:10:48.210] Load DDS texture: Squad/Contracts/Icons/runway
[LOG 15:10:48.210] Load DDS texture: Squad/Contracts/Icons/sample
[LOG 15:10:48.210] Load DDS texture: Squad/Contracts/Icons/seismic
[LOG 15:10:48.210] Load DDS texture: Squad/Contracts/Icons/thermometer
[LOG 15:10:48.210] Load DDS texture: Squad/Contracts/Icons/vessel
[LOG 15:10:48.210] Load Cached PNG Texture: Squad/Flags/09
[LOG 15:10:48.211] Load Cached PNG Texture: Squad/Flags/blorbs
[LOG 15:10:48.211] Load Cached PNG Texture: Squad/Flags/bullseye
[LOG 15:10:48.211] Load Cached PNG Texture: Squad/Flags/capsule
[LOG 15:10:48.211] Load Cached PNG Texture: Squad/Flags/circles
[LOG 15:10:48.212] Load Cached PNG Texture: Squad/Flags/default
[LOG 15:10:48.212] Load Cached PNG Texture: Squad/Flags/hexagon
[LOG 15:10:48.212] Load Cached PNG Texture: Squad/Flags/hexagonCircles
[LOG 15:10:48.213] Load Cached PNG Texture: Squad/Flags/kerbal1
[LOG 15:10:48.213] Load Cached PNG Texture: Squad/Flags/kerbal2
[LOG 15:10:48.216] Load Cached PNG Texture: Squad/Flags/kerbin
[LOG 15:10:48.217] Load Cached PNG Texture: Squad/Flags/kerbinmunflag
[LOG 15:10:48.218] Load Cached PNG Texture: Squad/Flags/line
[LOG 15:10:48.218] Load Cached PNG Texture: Squad/Flags/minimalistic
[LOG 15:10:48.221] Load Cached PNG Texture: Squad/Flags/orbit
[LOG 15:10:48.223] Load Cached PNG Texture: Squad/Flags/orbs
[LOG 15:10:48.223] Load Cached PNG Texture: Squad/Flags/retro
[LOG 15:10:48.223] Load Cached PNG Texture: Squad/Flags/rings
[LOG 15:10:48.223] Load Cached PNG Texture: Squad/Flags/rocketScience
[LOG 15:10:48.223] Load Cached PNG Texture: Squad/Flags/satellite
[LOG 15:10:48.224] Load Cached PNG Texture: Squad/Flags/Sentinel_Flag
[LOG 15:10:48.224] Load Cached PNG Texture: Squad/Flags/spheres
[LOG 15:10:48.224] Load Cached PNG Texture: Squad/Flags/squadLogo
[LOG 15:10:48.224] Load Cached PNG Texture: Squad/Flags/squadLogo2
[LOG 15:10:48.225] Load Cached PNG Texture: Squad/Flags/stripes
[LOG 15:10:48.225] Load Cached PNG Texture: Squad/Flags/trees
[LOG 15:10:48.225] Load Cached PNG Texture: Squad/Flags/trippy
[LOG 15:10:48.226] Load Cached PNG Texture: Squad/FlagsAgency/esa_dark_blue
[LOG 15:10:48.226] Load Cached PNG Texture: Squad/FlagsAgency/NASA
[LOG 15:10:48.226] Load Cached PNG Texture: Squad/FlagsAgency/uk_space_agency
[LOG 15:10:48.226] Load Cached PNG Texture: Squad/FlagsOrganization/B612_Foundation_flag
[LOG 15:10:48.226] Load Cached PNG Texture: Squad/FlagsOrganization/electron
[LOG 15:10:48.226] Load Cached PNG Texture: Squad/FlagsOrganization/ESA_Arianespace
[LOG 15:10:48.227] Load Cached PNG Texture: Squad/FlagsOrganization/rocketlab
[LOG 15:10:48.227] Load DDS texture: Squad/FX/DiamondBlue
[LOG 15:10:48.227] Load DDS texture: Squad/FX/FlameBlueOrange
[LOG 15:10:48.227] Load DDS texture: Squad/FX/FlamePurple
[LOG 15:10:48.227] Load DDS texture: Squad/FX/FlameRed
[LOG 15:10:48.227] Load DDS texture: Squad/FX/FlameRedOrange
[LOG 15:10:48.227] Load DDS texture: Squad/FX/Monoprop
[LOG 15:10:48.229] Load DDS texture: Squad/FX/plasma2
[LOG 15:10:48.229] Load DDS texture: Squad/FX/rocketplume2
[LOG 15:10:48.229] Load DDS texture: Squad/FX/shockDiamond2
[LOG 15:10:48.230] Load DDS texture: Squad/FX/smokepuff1
[LOG 15:10:48.233] Load DDS texture: Squad/Interiors/Administration/AdminBuilding_Lvl1
[LOG 15:10:48.239] Load DDS texture: Squad/Interiors/Administration/AdminBuilding_Lvl2
[LOG 15:10:48.248] Load DDS texture: Squad/Interiors/Administration/AdminBuilding_Lvl3
[LOG 15:10:48.260] Load DDS texture: Squad/MenuProps/MunOrBust
[LOG 15:10:48.261] Load Cached PNG Texture: Squad/Missions/Banners/Fail/default
[LOG 15:10:48.262] Load PNG texture: Squad/Missions/Banners/Menu/default
[WRN 15:10:48.267] Texture isn't eligible for DXT compression, width and height must be multiples of 4
[LOG 15:10:48.267] Load Cached PNG Texture: Squad/Missions/Banners/Success/default
[LOG 15:10:48.267] Load PNG texture: Squad/Missions/ESA-BepiColombo/Banners/Fail/ESA_MB_Fail_01
[WRN 15:10:48.271] Texture isn't eligible for DXT compression, width and height must be multiples of 4
[LOG 15:10:48.271] Load PNG texture: Squad/Missions/ESA-BepiColombo/Banners/Menu/ESA_MB_Select_01
[WRN 15:10:48.276] Texture isn't eligible for DXT compression, width and height must be multiples of 4
[LOG 15:10:48.276] Load PNG texture: Squad/Missions/ESA-BepiColombo/Banners/Success/ESA_MB_Success_01
[WRN 15:10:48.280] Texture isn't eligible for DXT compression, width and height must be multiples of 4
[LOG 15:10:48.280] Load PNG texture: Squad/Missions/ESA-BepiColombo-Short/Banners/Fail/ESA_MB_Fail_01
[WRN 15:10:48.285] Texture isn't eligible for DXT compression, width and height must be multiples of 4
[LOG 15:10:48.285] Load PNG texture: Squad/Missions/ESA-BepiColombo-Short/Banners/Menu/ESA_MB_Select_01
[WRN 15:10:48.290] Texture isn't eligible for DXT compression, width and height must be multiples of 4
[LOG 15:10:48.295] Load PNG texture: Squad/Missions/ESA-BepiColombo-Short/Banners/Success/ESA_MB_Success_01
[WRN 15:10:48.300] Texture isn't eligible for DXT compression, width and height must be multiples of 4
[LOG 15:10:48.300] Load PNG texture: Squad/Missions/ESA-Rosetta/Banners/Fail/ESA_MB_Fail_02
[WRN 15:10:48.307] Texture isn't eligible for DXT compression, width and height must be multiples of 4
[LOG 15:10:48.307] Load PNG texture: Squad/Missions/ESA-Rosetta/Banners/Menu/ESA_MB_Select_02
[WRN 15:10:48.312] Texture isn't eligible for DXT compression, width and height must be multiples of 4
[LOG 15:10:48.312] Load PNG texture: Squad/Missions/ESA-Rosetta/Banners/Success/ESA_MB_Success_02
[WRN 15:10:48.317] Texture isn't eligible for DXT compression, width and height must be multiples of 4
[LOG 15:10:48.318] Load Cached PNG Texture: Squad/PartList/SimpleIcons/ablator
[LOG 15:10:48.318] Load Cached PNG Texture: Squad/PartList/SimpleIcons/active_radiator
[LOG 15:10:48.318] Load Cached PNG Texture: Squad/PartList/SimpleIcons/asteroid_drill
[LOG 15:10:48.318] Load Cached PNG Texture: Squad/PartList/SimpleIcons/cargo_part
[LOG 15:10:48.318] Load Cached PNG Texture: Squad/PartList/SimpleIcons/comet_drill
[LOG 15:10:48.318] Load Cached PNG Texture: Squad/PartList/SimpleIcons/core_heat
[LOG 15:10:48.318] Load Cached PNG Texture: Squad/PartList/SimpleIcons/cs_main
[LOG 15:10:48.319] Load Cached PNG Texture: Squad/PartList/SimpleIcons/cs_mk2
[LOG 15:10:48.319] Load Cached PNG Texture: Squad/PartList/SimpleIcons/cs_mk3
[LOG 15:10:48.319] Load Cached PNG Texture: Squad/PartList/SimpleIcons/cs_size0
[LOG 15:10:48.319] Load Cached PNG Texture: Squad/PartList/SimpleIcons/cs_size1
[LOG 15:10:48.319] Load Cached PNG Texture: Squad/PartList/SimpleIcons/cs_size1p5
[LOG 15:10:48.319] Load Cached PNG Texture: Squad/PartList/SimpleIcons/cs_size2
[LOG 15:10:48.319] Load Cached PNG Texture: Squad/PartList/SimpleIcons/cs_size3
[LOG 15:10:48.319] Load Cached PNG Texture: Squad/PartList/SimpleIcons/cs_size4
[LOG 15:10:48.319] Load Cached PNG Texture: Squad/PartList/SimpleIcons/cs_surface
[LOG 15:10:48.319] Load Cached PNG Texture: Squad/PartList/SimpleIcons/custom_built_fairing
[LOG 15:10:48.319] Load Cached PNG Texture: Squad/PartList/SimpleIcons/deployable_antenna
[LOG 15:10:48.320] Load Cached PNG Texture: Squad/PartList/SimpleIcons/deployable_comms_part
[LOG 15:10:48.320] Load Cached PNG Texture: Squad/PartList/SimpleIcons/deployable_ground_part
[LOG 15:10:48.320] Load Cached PNG Texture: Squad/PartList/SimpleIcons/deployable_part
[LOG 15:10:48.320] Load Cached PNG Texture: Squad/PartList/SimpleIcons/deployable_radiator
[LOG 15:10:48.320] Load Cached PNG Texture: Squad/PartList/SimpleIcons/deployed_science_control_unit
[LOG 15:10:48.320] Load Cached PNG Texture: Squad/PartList/SimpleIcons/deployed_science_experiment
[LOG 15:10:48.320] Load Cached PNG Texture: Squad/PartList/SimpleIcons/deployed_science_part
[LOG 15:10:48.320] Load Cached PNG Texture: Squad/PartList/SimpleIcons/enviro_sensor
[LOG 15:10:48.320] Load Cached PNG Texture: Squad/PartList/SimpleIcons/experience_management
[LOG 15:10:48.320] Load Cached PNG Texture: Squad/PartList/SimpleIcons/fuels_monopropellant
[LOG 15:10:48.320] Load Cached PNG Texture: Squad/PartList/SimpleIcons/fuels_ore
[LOG 15:10:48.320] Load Cached PNG Texture: Squad/PartList/SimpleIcons/fuels_oxidizer
[LOG 15:10:48.321] Load Cached PNG Texture: Squad/PartList/SimpleIcons/fuels_solidfuel
[LOG 15:10:48.321] Load Cached PNG Texture: Squad/PartList/SimpleIcons/fuels_xenongas
[LOG 15:10:48.321] Load Cached PNG Texture: Squad/PartList/SimpleIcons/inventory_part
[LOG 15:10:48.321] Load Cached PNG Texture: Squad/PartList/SimpleIcons/kerbnet_access
[LOG 15:10:48.321] Load Cached PNG Texture: Squad/PartList/SimpleIcons/number1
[LOG 15:10:48.321] Load Cached PNG Texture: Squad/PartList/SimpleIcons/number2
[LOG 15:10:48.321] Load Cached PNG Texture: Squad/PartList/SimpleIcons/number3
[LOG 15:10:48.321] Load Cached PNG Texture: Squad/PartList/SimpleIcons/number4
[LOG 15:10:48.321] Load Cached PNG Texture: Squad/PartList/SimpleIcons/number5
[LOG 15:10:48.321] Load Cached PNG Texture: Squad/PartList/SimpleIcons/number6
[LOG 15:10:48.321] Load Cached PNG Texture: Squad/PartList/SimpleIcons/number7
[LOG 15:10:48.321] Load Cached PNG Texture: Squad/PartList/SimpleIcons/number8
[LOG 15:10:48.321] Load Cached PNG Texture: Squad/PartList/SimpleIcons/number9
[LOG 15:10:48.322] Load Cached PNG Texture: Squad/PartList/SimpleIcons/probe_control_unit
[LOG 15:10:48.322] Load Cached PNG Texture: Squad/PartList/SimpleIcons/R&D_node_icon_advaerodynamics
[LOG 15:10:48.322] Load Cached PNG Texture: Squad/PartList/SimpleIcons/R&D_node_icon_advancedmotors
[LOG 15:10:48.322] Load Cached PNG Texture: Squad/PartList/SimpleIcons/R&D_node_icon_advconstruction
[LOG 15:10:48.322] Load Cached PNG Texture: Squad/PartList/SimpleIcons/R&D_node_icon_advelectrics
[LOG 15:10:48.322] Load Cached PNG Texture: Squad/PartList/SimpleIcons/R&D_node_icon_advexploration
[LOG 15:10:48.322] Load Cached PNG Texture: Squad/PartList/SimpleIcons/R&D_node_icon_advflightcontrol
[LOG 15:10:48.322] Load Cached PNG Texture: Squad/PartList/SimpleIcons/R&D_node_icon_advlanding
[LOG 15:10:48.322] Load Cached PNG Texture: Squad/PartList/SimpleIcons/R&D_node_icon_advmetalworks
[LOG 15:10:48.322] Load Cached PNG Texture: Squad/PartList/SimpleIcons/R&D_node_icon_advrocketry
[LOG 15:10:48.322] Load Cached PNG Texture: Squad/PartList/SimpleIcons/R&D_node_icon_advsciencetech
[LOG 15:10:48.322] Load Cached PNG Texture: Squad/PartList/SimpleIcons/R&D_node_icon_advunmanned
[LOG 15:10:48.322] Load Cached PNG Texture: Squad/PartList/SimpleIcons/R&D_node_icon_aerodynamicsystems
[LOG 15:10:48.322] Load Cached PNG Texture: Squad/PartList/SimpleIcons/R&D_node_icon_aerospacetech
[LOG 15:10:48.323] Load Cached PNG Texture: Squad/PartList/SimpleIcons/R&D_node_icon_automation
[LOG 15:10:48.323] Load Cached PNG Texture: Squad/PartList/SimpleIcons/R&D_node_icon_basicprobes
[LOG 15:10:48.323] Load Cached PNG Texture: Squad/PartList/SimpleIcons/R&D_node_icon_basicrocketry
[LOG 15:10:48.323] Load Cached PNG Texture: Squad/PartList/SimpleIcons/R&D_node_icon_composites
[LOG 15:10:48.323] Load Cached PNG Texture: Squad/PartList/SimpleIcons/R&D_node_icon_electrics
[LOG 15:10:48.323] Load Cached PNG Texture: Squad/PartList/SimpleIcons/R&D_node_icon_electronics
[LOG 15:10:48.323] Load Cached PNG Texture: Squad/PartList/SimpleIcons/R&D_node_icon_evatech
[LOG 15:10:48.323] Load Cached PNG Texture: Squad/PartList/SimpleIcons/R&D_node_icon_experimentalaerodynamics
[LOG 15:10:48.323] Load Cached PNG Texture: Squad/PartList/SimpleIcons/R&D_node_icon_experimentalelectrics
[LOG 15:10:48.323] Load Cached PNG Texture: Squad/PartList/SimpleIcons/R&D_node_icon_experimentalmotors
[LOG 15:10:48.323] Load Cached PNG Texture: Squad/PartList/SimpleIcons/R&D_node_icon_experimentalrocketry
[LOG 15:10:48.324] Load Cached PNG Texture: Squad/PartList/SimpleIcons/R&D_node_icon_experimentalscience
[LOG 15:10:48.324] Load Cached PNG Texture: Squad/PartList/SimpleIcons/R&D_node_icon_fieldscience
[LOG 15:10:48.324] Load Cached PNG Texture: Squad/PartList/SimpleIcons/R&D_node_icon_flightcontrol
[LOG 15:10:48.324] Load Cached PNG Texture: Squad/PartList/SimpleIcons/R&D_node_icon_fuelsystems
[LOG 15:10:48.325] Load Cached PNG Texture: Squad/PartList/SimpleIcons/R&D_node_icon_generalconstruction
[LOG 15:10:48.325] Load Cached PNG Texture: Squad/PartList/SimpleIcons/R&D_node_icon_generalrocketry
[LOG 15:10:48.325] Load Cached PNG Texture: Squad/PartList/SimpleIcons/R&D_node_icon_generic
[LOG 15:10:48.325] Load Cached PNG Texture: Squad/PartList/SimpleIcons/R&D_node_icon_heavierrocketry
[LOG 15:10:48.325] Load Cached PNG Texture: Squad/PartList/SimpleIcons/R&D_node_icon_heavyaerodynamics
[LOG 15:10:48.325] Load Cached PNG Texture: Squad/PartList/SimpleIcons/R&D_node_icon_heavyrocketry
[LOG 15:10:48.325] Load Cached PNG Texture: Squad/PartList/SimpleIcons/R&D_node_icon_highaltitudeflight
[LOG 15:10:48.325] Load Cached PNG Texture: Squad/PartList/SimpleIcons/R&D_node_icon_highaltitudepropulsion
[LOG 15:10:48.325] Load Cached PNG Texture: Squad/PartList/SimpleIcons/R&D_node_icon_hypersonicflight
[LOG 15:10:48.325] Load Cached PNG Texture: Squad/PartList/SimpleIcons/R&D_node_icon_ionpropulsion
[LOG 15:10:48.326] Load Cached PNG Texture: Squad/PartList/SimpleIcons/R&D_node_icon_landing
[LOG 15:10:48.326] Load Cached PNG Texture: Squad/PartList/SimpleIcons/R&D_node_icon_largecontrol
[LOG 15:10:48.326] Load Cached PNG Texture: Squad/PartList/SimpleIcons/R&D_node_icon_largeelectrics
[LOG 15:10:48.326] Load Cached PNG Texture: Squad/PartList/SimpleIcons/R&D_node_icon_largeprobes
[LOG 15:10:48.326] Load Cached PNG Texture: Squad/PartList/SimpleIcons/R&D_node_icon_metamaterials
[LOG 15:10:48.326] Load Cached PNG Texture: Squad/PartList/SimpleIcons/R&D_node_icon_nanolathing
[LOG 15:10:48.326] Load Cached PNG Texture: Squad/PartList/SimpleIcons/R&D_node_icon_nuclearpropulsion
[LOG 15:10:48.326] Load Cached PNG Texture: Squad/PartList/SimpleIcons/R&D_node_icon_precisionengineering
[LOG 15:10:48.326] Load Cached PNG Texture: Squad/PartList/SimpleIcons/R&D_node_icon_robotics
[LOG 15:10:48.326] Load Cached PNG Texture: Squad/PartList/SimpleIcons/R&D_node_icon_sciencetech
[LOG 15:10:48.326] Load Cached PNG Texture: Squad/PartList/SimpleIcons/R&D_node_icon_specializedconstruction
[LOG 15:10:48.326] Load Cached PNG Texture: Squad/PartList/SimpleIcons/R&D_node_icon_specializedcontrol
[LOG 15:10:48.326] Load Cached PNG Texture: Squad/PartList/SimpleIcons/R&D_node_icon_specializedelectrics
[LOG 15:10:48.327] Load Cached PNG Texture: Squad/PartList/SimpleIcons/R&D_node_icon_stability
[LOG 15:10:48.327] Load Cached PNG Texture: Squad/PartList/SimpleIcons/R&D_node_icon_start
[LOG 15:10:48.327] Load Cached PNG Texture: Squad/PartList/SimpleIcons/R&D_node_icon_supersonicflight
[LOG 15:10:48.327] Load Cached PNG Texture: Squad/PartList/SimpleIcons/R&D_node_icon_survivability
[LOG 15:10:48.327] Load Cached PNG Texture: Squad/PartList/SimpleIcons/R&D_node_icon_unmannedtech
[LOG 15:10:48.327] Load Cached PNG Texture: Squad/PartList/SimpleIcons/R&D_node_icon_veryheavyrocketry
[LOG 15:10:48.327] Load Cached PNG Texture: Squad/PartList/SimpleIcons/rcsfx
[LOG 15:10:48.327] Load Cached PNG Texture: Squad/PartList/SimpleIcons/RDicon_aerospaceTech2
[LOG 15:10:48.327] Load Cached PNG Texture: Squad/PartList/SimpleIcons/RDicon_commandmodules
[LOG 15:10:48.327] Load Cached PNG Texture: Squad/PartList/SimpleIcons/RDicon_fuelSystems-advanced
[LOG 15:10:48.327] Load Cached PNG Texture: Squad/PartList/SimpleIcons/RDicon_fuelSystems-highPerformance
[LOG 15:10:48.327] Load Cached PNG Texture: Squad/PartList/SimpleIcons/RDicon_largeVolumeContainment
[LOG 15:10:48.328] Load Cached PNG Texture: Squad/PartList/SimpleIcons/RDicon_miniaturization
[LOG 15:10:48.328] Load Cached PNG Texture: Squad/PartList/SimpleIcons/RDicon_propulsion-precision
[LOG 15:10:48.328] Load Cached PNG Texture: Squad/PartList/SimpleIcons/RDicon_propulsionSystems
[LOG 15:10:48.328] Load Cached PNG Texture: Squad/PartList/SimpleIcons/RDicon_telescope
[LOG 15:10:48.328] Load Cached PNG Texture: Squad/PartList/SimpleIcons/robotic_controller
[LOG 15:10:48.328] Load Cached PNG Texture: Squad/PartList/SimpleIcons/robotic_rotation_servo
[LOG 15:10:48.328] Load Cached PNG Texture: Squad/PartList/SimpleIcons/robotic_servo_hinge
[LOG 15:10:48.328] Load Cached PNG Texture: Squad/PartList/SimpleIcons/robotic_servo_piston
[LOG 15:10:48.328] Load Cached PNG Texture: Squad/PartList/SimpleIcons/robotic_servo_rotor
[LOG 15:10:48.328] Load Cached PNG Texture: Squad/PartList/SimpleIcons/scanner_arm
[LOG 15:10:48.328] Load Cached PNG Texture: Squad/PartList/SimpleIcons/variant
[LOG 15:10:48.328] Load Cached PNG Texture: Squad/Parts/@thumbs/adapterSmallMiniShort_icon0
[LOG 15:10:48.328] Load Cached PNG Texture: Squad/Parts/@thumbs/adapterSmallMiniShort_icon1
[LOG 15:10:48.328] Load Cached PNG Texture: Squad/Parts/@thumbs/adapterSmallMiniTall_icon0
[LOG 15:10:48.329] Load Cached PNG Texture: Squad/Parts/@thumbs/adapterSmallMiniTall_icon1
[LOG 15:10:48.329] Load Cached PNG Texture: Squad/Parts/@thumbs/AdvancedCanard_icon
[LOG 15:10:48.329] Load Cached PNG Texture: Squad/Parts/@thumbs/advSasModule_icon
[LOG 15:10:48.329] Load Cached PNG Texture: Squad/Parts/@thumbs/airbrake1_icon
[LOG 15:10:48.329] Load Cached PNG Texture: Squad/Parts/@thumbs/airScoop_icon
[LOG 15:10:48.329] Load Cached PNG Texture: Squad/Parts/@thumbs/avionicsNoseCone_icon
[LOG 15:10:48.329] Load Cached PNG Texture: Squad/Parts/@thumbs/basicFin_icon
[LOG 15:10:48.329] Load Cached PNG Texture: Squad/Parts/@thumbs/batteryBankMini_icon
[LOG 15:10:48.329] Load Cached PNG Texture: Squad/Parts/@thumbs/batteryBank_icon
[LOG 15:10:48.329] Load Cached PNG Texture: Squad/Parts/@thumbs/batteryPack_icon
[LOG 15:10:48.329] Load Cached PNG Texture: Squad/Parts/@thumbs/cargoContainer_icon
[LOG 15:10:48.329] Load Cached PNG Texture: Squad/Parts/@thumbs/CargoStorageUnit_icon
[LOG 15:10:48.330] Load Cached PNG Texture: Squad/Parts/@thumbs/CircularIntake_icon
[LOG 15:10:48.330] Load Cached PNG Texture: Squad/Parts/@thumbs/commDish_icon
[LOG 15:10:48.330] Load Cached PNG Texture: Squad/Parts/@thumbs/Decoupler.0_icon0
[LOG 15:10:48.330] Load Cached PNG Texture: Squad/Parts/@thumbs/Decoupler.0_icon1
[LOG 15:10:48.330] Load Cached PNG Texture: Squad/Parts/@thumbs/Decoupler.1_icon0
[LOG 15:10:48.330] Load Cached PNG Texture: Squad/Parts/@thumbs/Decoupler.1_icon1
[LOG 15:10:48.330] Load Cached PNG Texture: Squad/Parts/@thumbs/dockingPort1_icon
[LOG 15:10:48.330] Load Cached PNG Texture: Squad/Parts/@thumbs/dockingPort2_icon
[LOG 15:10:48.330] Load Cached PNG Texture: Squad/Parts/@thumbs/dockingPort3_icon
[LOG 15:10:48.330] Load Cached PNG Texture: Squad/Parts/@thumbs/domeLight1_icon0
[LOG 15:10:48.330] Load Cached PNG Texture: Squad/Parts/@thumbs/domeLight1_icon1
[LOG 15:10:48.330] Load Cached PNG Texture: Squad/Parts/@thumbs/elevon2_icon
[LOG 15:10:48.330] Load Cached PNG Texture: Squad/Parts/@thumbs/elevon3_icon
[LOG 15:10:48.331] Load Cached PNG Texture: Squad/Parts/@thumbs/elevon5_icon
[LOG 15:10:48.331] Load Cached PNG Texture: Squad/Parts/@thumbs/evaChute_icon
[LOG 15:10:48.331] Load Cached PNG Texture: Squad/Parts/@thumbs/evaCylinder_icon
[LOG 15:10:48.331] Load Cached PNG Texture: Squad/Parts/@thumbs/evaJetpack_icon
[LOG 15:10:48.331] Load Cached PNG Texture: Squad/Parts/@thumbs/evaRepairKit_icon
[LOG 15:10:48.331] Load Cached PNG Texture: Squad/Parts/@thumbs/evaScienceKit_icon
[LOG 15:10:48.331] Load Cached PNG Texture: Squad/Parts/@thumbs/externalTankCapsule_icon0
[LOG 15:10:48.331] Load Cached PNG Texture: Squad/Parts/@thumbs/externalTankCapsule_icon1
[LOG 15:10:48.331] Load Cached PNG Texture: Squad/Parts/@thumbs/externalTankRound_icon0
[LOG 15:10:48.331] Load Cached PNG Texture: Squad/Parts/@thumbs/externalTankRound_icon1
[LOG 15:10:48.331] Load Cached PNG Texture: Squad/Parts/@thumbs/externalTankToroid_icon0
[LOG 15:10:48.331] Load Cached PNG Texture: Squad/Parts/@thumbs/externalTankToroid_icon1
[LOG 15:10:48.332] Load Cached PNG Texture: Squad/Parts/@thumbs/fireworksLauncherBig_icon
[LOG 15:10:48.332] Load Cached PNG Texture: Squad/Parts/@thumbs/fireworksLauncherSmall_icon
[LOG 15:10:48.332] Load Cached PNG Texture: Squad/Parts/@thumbs/foldingRadMed_icon
[LOG 15:10:48.332] Load Cached PNG Texture: Squad/Parts/@thumbs/foldingRadSmall_icon
[LOG 15:10:48.332] Load Cached PNG Texture: Squad/Parts/@thumbs/FuelCellArray_icon
[LOG 15:10:48.332] Load Cached PNG Texture: Squad/Parts/@thumbs/FuelCell_icon
[LOG 15:10:48.332] Load Cached PNG Texture: Squad/Parts/@thumbs/fuelTankSmallFlat_icon0
[LOG 15:10:48.332] Load Cached PNG Texture: Squad/Parts/@thumbs/fuelTankSmallFlat_icon1
[LOG 15:10:48.332] Load Cached PNG Texture: Squad/Parts/@thumbs/fuelTankSmallFlat_icon2
[LOG 15:10:48.332] Load Cached PNG Texture: Squad/Parts/@thumbs/fuelTankSmallFlat_icon3
[LOG 15:10:48.332] Load Cached PNG Texture: Squad/Parts/@thumbs/fuelTankSmall_icon0
[LOG 15:10:48.332] Load Cached PNG Texture: Squad/Parts/@thumbs/fuelTankSmall_icon1
[LOG 15:10:48.333] Load Cached PNG Texture: Squad/Parts/@thumbs/fuelTankSmall_icon2
[LOG 15:10:48.333] Load Cached PNG Texture: Squad/Parts/@thumbs/fuelTankSmall_icon3
[LOG 15:10:48.333] Load Cached PNG Texture: Squad/Parts/@thumbs/GearFixed_icon
[LOG 15:10:48.333] Load Cached PNG Texture: Squad/Parts/@thumbs/GearFree_icon
[LOG 15:10:48.333] Load Cached PNG Texture: Squad/Parts/@thumbs/GearSmall_icon
[LOG 15:10:48.333] Load Cached PNG Texture: Squad/Parts/@thumbs/GooExperiment_icon
[LOG 15:10:48.333] Load Cached PNG Texture: Squad/Parts/@thumbs/groundAnchor_icon
[LOG 15:10:48.333] Load Cached PNG Texture: Squad/Parts/@thumbs/groundLight1_icon
[LOG 15:10:48.333] Load Cached PNG Texture: Squad/Parts/@thumbs/groundLight2_icon
[LOG 15:10:48.333] Load Cached PNG Texture: Squad/Parts/@thumbs/HeatShield0_icon
[LOG 15:10:48.333] Load Cached PNG Texture: Squad/Parts/@thumbs/HeatShield1_icon
[LOG 15:10:48.333] Load Cached PNG Texture: Squad/Parts/@thumbs/HECS2.ProbeCore_icon
[LOG 15:10:48.334] Load Cached PNG Texture: Squad/Parts/@thumbs/HighGainAntenna5.v2_icon
[LOG 15:10:48.334] Load Cached PNG Texture: Squad/Parts/@thumbs/HighGainAntenna5_icon
[LOG 15:10:48.334] Load Cached PNG Texture: Squad/Parts/@thumbs/HighGainAntenna_icon
[LOG 15:10:48.334] Load Cached PNG Texture: Squad/Parts/@thumbs/IntakeRadialLong_icon
[LOG 15:10:48.334] Load Cached PNG Texture: Squad/Parts/@thumbs/ionEngine_icon
[LOG 15:10:48.334] Load Cached PNG Texture: Squad/Parts/@thumbs/ksp.r.largeBatteryPack_icon
[LOG 15:10:48.334] Load Cached PNG Texture: Squad/Parts/@thumbs/ladder1_icon
[LOG 15:10:48.334] Load Cached PNG Texture: Squad/Parts/@thumbs/landingLeg1-2_icon
[LOG 15:10:48.334] Load Cached PNG Texture: Squad/Parts/@thumbs/landingLeg1_icon
[LOG 15:10:48.334] Load Cached PNG Texture: Squad/Parts/@thumbs/LgRadialSolarPanel_icon
[LOG 15:10:48.334] Load Cached PNG Texture: Squad/Parts/@thumbs/linearRcs_icon
[LOG 15:10:48.334] Load Cached PNG Texture: Squad/Parts/@thumbs/liquidEngine3.v2_icon0
[LOG 15:10:48.335] Load Cached PNG Texture: Squad/Parts/@thumbs/liquidEngine3.v2_icon1
[LOG 15:10:48.335] Load Cached PNG Texture: Squad/Parts/@thumbs/liquidEngine3.v2_icon2
[LOG 15:10:48.335] Load Cached PNG Texture: Squad/Parts/@thumbs/liquidEngineMini.v2_icon0
[LOG 15:10:48.335] Load Cached PNG Texture: Squad/Parts/@thumbs/liquidEngineMini.v2_icon1
[LOG 15:10:48.335] Load Cached PNG Texture: Squad/Parts/@thumbs/liquidEngineMini.v2_icon2
[LOG 15:10:48.335] Load Cached PNG Texture: Squad/Parts/@thumbs/longAntenna_icon
[LOG 15:10:48.335] Load Cached PNG Texture: Squad/Parts/@thumbs/Magnetometer_icon
[LOG 15:10:48.335] Load Cached PNG Texture: Squad/Parts/@thumbs/mediumDishAntenna_icon
[LOG 15:10:48.335] Load Cached PNG Texture: Squad/Parts/@thumbs/microEngine.v2_icon0
[LOG 15:10:48.335] Load Cached PNG Texture: Squad/Parts/@thumbs/microEngine.v2_icon1
[LOG 15:10:48.335] Load Cached PNG Texture: Squad/Parts/@thumbs/MiniDrill_icon
[LOG 15:10:48.336] Load Cached PNG Texture: Squad/Parts/@thumbs/miniFuelTank_icon
[LOG 15:10:48.336] Load Cached PNG Texture: Squad/Parts/@thumbs/miniFuselage_icon
[LOG 15:10:48.336] Load Cached PNG Texture: Squad/Parts/@thumbs/miniIntake_icon
[LOG 15:10:48.336] Load Cached PNG Texture: Squad/Parts/@thumbs/miniJetEngine_icon
[LOG 15:10:48.336] Load Cached PNG Texture: Squad/Parts/@thumbs/miniLandingLeg_icon
[LOG 15:10:48.336] Load Cached PNG Texture: Squad/Parts/@thumbs/Mite_icon
[LOG 15:10:48.336] Load Cached PNG Texture: Squad/Parts/@thumbs/mk1pod.v2_icon0
[LOG 15:10:48.336] Load Cached PNG Texture: Squad/Parts/@thumbs/mk2DroneCore_icon
[LOG 15:10:48.336] Load Cached PNG Texture: Squad/Parts/@thumbs/MpoProbe_icon
[LOG 15:10:48.336] Load Cached PNG Texture: Squad/Parts/@thumbs/navLight1_icon0
[LOG 15:10:48.336] Load Cached PNG Texture: Squad/Parts/@thumbs/navLight1_icon1
[LOG 15:10:48.336] Load Cached PNG Texture: Squad/Parts/@thumbs/noseCone_icon0
[LOG 15:10:48.337] Load Cached PNG Texture: Squad/Parts/@thumbs/noseCone_icon1
[LOG 15:10:48.337] Load Cached PNG Texture: Squad/Parts/@thumbs/noseCone_icon2
[LOG 15:10:48.337] Load Cached PNG Texture: Squad/Parts/@thumbs/omsEngine_icon
[LOG 15:10:48.337] Load Cached PNG Texture: Squad/Parts/@thumbs/OrbitalScanner_icon
[LOG 15:10:48.337] Load Cached PNG Texture: Squad/Parts/@thumbs/parachuteDrogue_icon
[LOG 15:10:48.337] Load Cached PNG Texture: Squad/Parts/@thumbs/parachuteLarge_icon
[LOG 15:10:48.337] Load Cached PNG Texture: Squad/Parts/@thumbs/parachuteRadial_icon
[LOG 15:10:48.337] Load Cached PNG Texture: Squad/Parts/@thumbs/parachuteSingle_icon
[LOG 15:10:48.337] Load Cached PNG Texture: Squad/Parts/@thumbs/probeCoreCube_icon
[LOG 15:10:48.337] Load Cached PNG Texture: Squad/Parts/@thumbs/probeCoreHex.v2_icon
[LOG 15:10:48.338] Load Cached PNG Texture: Squad/Parts/@thumbs/probeCoreOcto.v2_icon
[LOG 15:10:48.338] Load Cached PNG Texture: Squad/Parts/@thumbs/probeCoreOcto2.v2_icon
[LOG 15:10:48.338] Load Cached PNG Texture: Squad/Parts/@thumbs/probeCoreSphere.v2_icon
[LOG 15:10:48.338] Load Cached PNG Texture: Squad/Parts/@thumbs/probeStackLarge_icon
[LOG 15:10:48.338] Load Cached PNG Texture: Squad/Parts/@thumbs/probeStackSmall_icon
[LOG 15:10:48.338] Load Cached PNG Texture: Squad/Parts/@thumbs/R8winglet_icon
[LOG 15:10:48.338] Load Cached PNG Texture: Squad/Parts/@thumbs/radialDecoupler1-2_icon
[LOG 15:10:48.338] Load Cached PNG Texture: Squad/Parts/@thumbs/radialDecoupler2_icon
[LOG 15:10:48.338] Load Cached PNG Texture: Squad/Parts/@thumbs/radialDecoupler_icon
[LOG 15:10:48.338] Load Cached PNG Texture: Squad/Parts/@thumbs/radialDrogue_icon
[LOG 15:10:48.338] Load Cached PNG Texture: Squad/Parts/@thumbs/radialEngineMini.v2_icon0
[LOG 15:10:48.338] Load Cached PNG Texture: Squad/Parts/@thumbs/radialEngineMini.v2_icon1
[LOG 15:10:48.338] Load Cached PNG Texture: Squad/Parts/@thumbs/radialLiquidEngine1-2_icon
[LOG 15:10:48.339] Load Cached PNG Texture: Squad/Parts/@thumbs/RadialOreTank_icon
[LOG 15:10:48.339] Load Cached PNG Texture: Squad/Parts/@thumbs/radialRCSTank_icon
[LOG 15:10:48.339] Load Cached PNG Texture: Squad/Parts/@thumbs/radPanelEdge_icon
[LOG 15:10:48.339] Load Cached PNG Texture: Squad/Parts/@thumbs/radPanelLg_icon
[LOG 15:10:48.339] Load Cached PNG Texture: Squad/Parts/@thumbs/radPanelSm_icon
[LOG 15:10:48.339] Load Cached PNG Texture: Squad/Parts/@thumbs/RCSblock.01.small_icon0
[LOG 15:10:48.339] Load Cached PNG Texture: Squad/Parts/@thumbs/RCSblock.01.small_icon1
[LOG 15:10:48.339] Load Cached PNG Texture: Squad/Parts/@thumbs/RCSblock.01.small_icon2
[LOG 15:10:48.339] Load Cached PNG Texture: Squad/Parts/@thumbs/RCSblock.01.small_icon3
[LOG 15:10:48.339] Load Cached PNG Texture: Squad/Parts/@thumbs/RCSblock.01.small_icon4
[LOG 15:10:48.339] Load Cached PNG Texture: Squad/Parts/@thumbs/RCSBlock.v2_icon
[LOG 15:10:48.339] Load Cached PNG Texture: Squad/Parts/@thumbs/RCSBlock.v2_icon0
[LOG 15:10:48.339] Load Cached PNG Texture: Squad/Parts/@thumbs/RCSBlock.v2_icon1
[LOG 15:10:48.339] Load Cached PNG Texture: Squad/Parts/@thumbs/RCSBlock.v2_icon2
[LOG 15:10:48.340] Load Cached PNG Texture: Squad/Parts/@thumbs/RCSBlock.v2_icon3
[LOG 15:10:48.340] Load Cached PNG Texture: Squad/Parts/@thumbs/RCSBlock.v2_icon4
[LOG 15:10:48.340] Load Cached PNG Texture: Squad/Parts/@thumbs/RCSFuelTank_icon
[LOG 15:10:48.340] Load Cached PNG Texture: Squad/Parts/@thumbs/RCSLinearSmall_icon
[LOG 15:10:48.340] Load Cached PNG Texture: Squad/Parts/@thumbs/rcsTankMini_icon
[LOG 15:10:48.340] Load Cached PNG Texture: Squad/Parts/@thumbs/RelayAntenna5_icon
[LOG 15:10:48.340] Load Cached PNG Texture: Squad/Parts/@thumbs/ReleaseValve_icon
[LOG 15:10:48.340] Load Cached PNG Texture: Squad/Parts/@thumbs/roverBody.v2_icon0
[LOG 15:10:48.340] Load Cached PNG Texture: Squad/Parts/@thumbs/roverBody.v2_icon1
[LOG 15:10:48.340] Load Cached PNG Texture: Squad/Parts/@thumbs/roverBody.v2_icon2
[LOG 15:10:48.340] Load Cached PNG Texture: Squad/Parts/@thumbs/roverWheel1_icon
[LOG 15:10:48.340] Load Cached PNG Texture: Squad/Parts/@thumbs/roverWheel2_icon
[LOG 15:10:48.340] Load Cached PNG Texture: Squad/Parts/@thumbs/rtg_icon
[LOG 15:10:48.341] Load Cached PNG Texture: Squad/Parts/@thumbs/sasModule_icon
[LOG 15:10:48.344] Load Cached PNG Texture: Squad/Parts/@thumbs/science.module_icon
[LOG 15:10:48.344] Load Cached PNG Texture: Squad/Parts/@thumbs/ScienceBox_icon
[LOG 15:10:48.344] Load Cached PNG Texture: Squad/Parts/@thumbs/seatExternalCmd_icon
[LOG 15:10:48.344] Load Cached PNG Texture: Squad/Parts/@thumbs/sensorAccelerometer_icon
[LOG 15:10:48.344] Load Cached PNG Texture: Squad/Parts/@thumbs/sensorAtmosphere_icon
[LOG 15:10:48.344] Load Cached PNG Texture: Squad/Parts/@thumbs/sensorBarometer_icon
[LOG 15:10:48.344] Load Cached PNG Texture: Squad/Parts/@thumbs/sensorGravimeter_icon
[LOG 15:10:48.344] Load Cached PNG Texture: Squad/Parts/@thumbs/sensorThermometer_icon
[LOG 15:10:48.344] Load Cached PNG Texture: Squad/Parts/@thumbs/Separator.0_icon0
[LOG 15:10:48.345] Load Cached PNG Texture: Squad/Parts/@thumbs/Separator.0_icon1
[LOG 15:10:48.345] Load Cached PNG Texture: Squad/Parts/@thumbs/Separator.1_icon0
[LOG 15:10:48.345] Load Cached PNG Texture: Squad/Parts/@thumbs/Separator.1_icon1
[LOG 15:10:48.345] Load Cached PNG Texture: Squad/Parts/@thumbs/sepMotor1_icon
[LOG 15:10:48.345] Load Cached PNG Texture: Squad/Parts/@thumbs/ServiceBay.125.v2_icon
[LOG 15:10:48.345] Load Cached PNG Texture: Squad/Parts/@thumbs/shockConeIntake_icon
[LOG 15:10:48.345] Load Cached PNG Texture: Squad/Parts/@thumbs/Shrimp_icon
[LOG 15:10:48.345] Load Cached PNG Texture: Squad/Parts/@thumbs/smallCargoContainer_icon
[LOG 15:10:48.345] Load Cached PNG Texture: Squad/Parts/@thumbs/smallClaw_icon0
[LOG 15:10:48.345] Load Cached PNG Texture: Squad/Parts/@thumbs/smallClaw_icon1
[LOG 15:10:48.345] Load Cached PNG Texture: Squad/Parts/@thumbs/smallCtrlSrf_icon
[LOG 15:10:48.345] Load Cached PNG Texture: Squad/Parts/@thumbs/SmallGearBay_icon
[LOG 15:10:48.346] Load Cached PNG Texture: Squad/Parts/@thumbs/smallHardpoint_icon
[LOG 15:10:48.346] Load Cached PNG Texture: Squad/Parts/@thumbs/smallRadialEngine.v2_icon0
[LOG 15:10:48.346] Load Cached PNG Texture: Squad/Parts/@thumbs/smallRadialEngine.v2_icon1
[LOG 15:10:48.346] Load Cached PNG Texture: Squad/Parts/@thumbs/solarPanelOX10C_icon
[LOG 15:10:48.346] Load Cached PNG Texture: Squad/Parts/@thumbs/solarPanelOX10L_icon
[LOG 15:10:48.346] Load Cached PNG Texture: Squad/Parts/@thumbs/solarPanels1_icon
[LOG 15:10:48.346] Load Cached PNG Texture: Squad/Parts/@thumbs/solarPanels2_icon
[LOG 15:10:48.346] Load Cached PNG Texture: Squad/Parts/@thumbs/solarPanels3_icon
[LOG 15:10:48.346] Load Cached PNG Texture: Squad/Parts/@thumbs/solarPanels4_icon
[LOG 15:10:48.346] Load Cached PNG Texture: Squad/Parts/@thumbs/solarPanels5_icon
[LOG 15:10:48.347] Load Cached PNG Texture: Squad/Parts/@thumbs/solarPanelSP10C_icon
[LOG 15:10:48.347] Load Cached PNG Texture: Squad/Parts/@thumbs/solarPanelSP10L_icon
[LOG 15:10:48.347] Load Cached PNG Texture: Squad/Parts/@thumbs/spotLight1_icon
[LOG 15:10:48.350] Load Cached PNG Texture: Squad/Parts/@thumbs/spotLight2_icon
[LOG 15:10:48.350] Load Cached PNG Texture: Squad/Parts/@thumbs/spotLight3_icon0
[LOG 15:10:48.350] Load Cached PNG Texture: Squad/Parts/@thumbs/spotLight3_icon1
[LOG 15:10:48.350] Load Cached PNG Texture: Squad/Parts/@thumbs/stackPoint1_icon
[LOG 15:10:48.350] Load Cached PNG Texture: Squad/Parts/@thumbs/StandardCtrlSrf_icon
[LOG 15:10:48.350] Load Cached PNG Texture: Squad/Parts/@thumbs/standardNoseCone_icon
[LOG 15:10:48.350] Load Cached PNG Texture: Squad/Parts/@thumbs/stripLight1_icon0
[LOG 15:10:48.350] Load Cached PNG Texture: Squad/Parts/@thumbs/stripLight1_icon1
[LOG 15:10:48.351] Load Cached PNG Texture: Squad/Parts/@thumbs/structuralIBeam1_icon
[LOG 15:10:48.351] Load Cached PNG Texture: Squad/Parts/@thumbs/structuralIBeam3_icon
[LOG 15:10:48.351] Load Cached PNG Texture: Squad/Parts/@thumbs/structuralMiniNode_icon
[LOG 15:10:48.351] Load Cached PNG Texture: Squad/Parts/@thumbs/structuralPanel1_icon
[LOG 15:10:48.351] Load Cached PNG Texture: Squad/Parts/@thumbs/structuralPanel2_icon
[LOG 15:10:48.351] Load Cached PNG Texture: Squad/Parts/@thumbs/structuralWing4_icon
[LOG 15:10:48.351] Load Cached PNG Texture: Squad/Parts/@thumbs/strutCube_icon
[LOG 15:10:48.351] Load Cached PNG Texture: Squad/Parts/@thumbs/strutOcto_icon
[LOG 15:10:48.351] Load Cached PNG Texture: Squad/Parts/@thumbs/SurfaceScanner_icon
[LOG 15:10:48.351] Load Cached PNG Texture: Squad/Parts/@thumbs/SurfAntenna_icon
[LOG 15:10:48.351] Load Cached PNG Texture: Squad/Parts/@thumbs/telescopicLadderBay_icon
[LOG 15:10:48.351] Load Cached PNG Texture: Squad/Parts/@thumbs/telescopicLadder_icon
[LOG 15:10:48.352] Load Cached PNG Texture: Squad/Parts/@thumbs/toroidalAerospike_icon
[LOG 15:10:48.352] Load Cached PNG Texture: Squad/Parts/@thumbs/trussAdapter_icon
[LOG 15:10:48.352] Load Cached PNG Texture: Squad/Parts/@thumbs/trussPiece1x_icon
[LOG 15:10:48.352] Load Cached PNG Texture: Squad/Parts/@thumbs/trussPiece3x_icon
[LOG 15:10:48.352] Load Cached PNG Texture: Squad/Parts/@thumbs/vernierEngine_icon
[LOG 15:10:48.352] Load Cached PNG Texture: Squad/Parts/@thumbs/wheelMed_icon
[LOG 15:10:48.352] Load Cached PNG Texture: Squad/Parts/@thumbs/wingConnector4_icon
[LOG 15:10:48.352] Load Cached PNG Texture: Squad/Parts/@thumbs/wingConnector5_icon
[LOG 15:10:48.352] Load Cached PNG Texture: Squad/Parts/@thumbs/winglet3_icon
[LOG 15:10:48.352] Load Cached PNG Texture: Squad/Parts/@thumbs/winglet_icon
[LOG 15:10:48.352] Load Cached PNG Texture: Squad/Parts/@thumbs/wingShuttleElevon1_icon
[LOG 15:10:48.352] Load Cached PNG Texture: Squad/Parts/@thumbs/xenonTankLarge_icon
[LOG 15:10:48.353] Load Cached PNG Texture: Squad/Parts/@thumbs/xenonTankRadial_icon
[LOG 15:10:48.353] Load Cached PNG Texture: Squad/Parts/@thumbs/xenonTank_icon
[LOG 15:10:48.353] Load DDS texture: Squad/Parts/Aero/aerodynamicNoseCone/Rockomax_Adapters_diffuse
[LOG 15:10:48.353] Load DDS texture: Squad/Parts/Aero/aerodynamicNoseCone/Rockomax_Adapters_normal
[LOG 15:10:48.353] Load DDS texture: Squad/Parts/Aero/airbrake/airbrake
[LOG 15:10:48.354] Load DDS texture: Squad/Parts/Aero/airIntakeRadialXM-G50/RadialIntake
[LOG 15:10:48.356] Load DDS texture: Squad/Parts/Aero/airlinerWings/AirlinerWings
[LOG 15:10:48.374] Load DDS texture: Squad/Parts/Aero/airplaneFins/AirplaneFins
[LOG 15:10:48.376] Load DDS texture: Squad/Parts/Aero/basicFin/BasicFin
[LOG 15:10:48.376] Load DDS texture: Squad/Parts/Aero/circularIntake/CircluarIntakes
[LOG 15:10:48.376] Load DDS texture: Squad/Parts/Aero/circularIntake/CircluarIntakes_Heat
[LOG 15:10:48.376] Load DDS texture: Squad/Parts/Aero/cones/Assets/Cones
[LOG 15:10:48.376] Load DDS texture: Squad/Parts/Aero/cones/Assets/ConesDiffuse
[LOG 15:10:48.378] Load DDS texture: Squad/Parts/Aero/cones/Assets/ConesDiffuse_Orange
[LOG 15:10:48.380] Load DDS texture: Squad/Parts/Aero/cones/Assets/ConesDiffuse_White
[LOG 15:10:48.382] Load DDS texture: Squad/Parts/Aero/cones/Assets/ConesHeat
[LOG 15:10:48.388] Load DDS texture: Squad/Parts/Aero/cones/Assets/ConesHeat_Orange
[LOG 15:10:48.390] Load DDS texture: Squad/Parts/Aero/cones/Assets/ConesHeat_White
[LOG 15:10:48.392] Load DDS texture: Squad/Parts/Aero/cones/Assets/Cones_Heat
[LOG 15:10:48.392] Load Cached PNG Texture: Squad/Parts/Aero/cones/Assets/rocketNoseCones_O
[LOG 15:10:48.402] Load Cached PNG Texture: Squad/Parts/Aero/cones/Assets/rocketNoseCones_O_Normal
[LOG 15:10:48.405] Load DDS texture: Squad/Parts/Aero/cones/Assets/rocketNoseCones_W
[LOG 15:10:48.413] Load DDS texture: Squad/Parts/Aero/cones/Assets/Rockomax_Adapters_diffuse
[LOG 15:10:48.414] Load DDS texture: Squad/Parts/Aero/cones/Assets/Rockomax_Adapters_normal
[LOG 15:10:48.414] Load DDS texture: Squad/Parts/Aero/fairings/AutoTruss
[LOG 15:10:48.415] Load DDS texture: Squad/Parts/Aero/fairings/FairingBase
[LOG 15:10:48.415] Load DDS texture: Squad/Parts/Aero/fairings/FairingBaseNormals
[LOG 15:10:48.422] Load DDS texture: Squad/Parts/Aero/fairings/FairingBaseNormals_bw
[LOG 15:10:48.422] Load DDS texture: Squad/Parts/Aero/fairings/FairingBaseNormals_goldSilver
[LOG 15:10:48.423] Load DDS texture: Squad/Parts/Aero/fairings/FairingBaseNormals_orange
[LOG 15:10:48.423] Load Cached PNG Texture: Squad/Parts/Aero/fairings/FairingBase_black
[LOG 15:10:48.424] Load DDS texture: Squad/Parts/Aero/fairings/FairingBase_bw
[LOG 15:10:48.424] Load DDS texture: Squad/Parts/Aero/fairings/FairingBase_goldDiffuse
[LOG 15:10:48.425] Load DDS texture: Squad/Parts/Aero/fairings/FairingBase_goldSpecular
[LOG 15:10:48.425] Load DDS texture: Squad/Parts/Aero/fairings/FairingBase_orange
[LOG 15:10:48.426] Load DDS texture: Squad/Parts/Aero/fairings/FairingBase_silverDiffuse
[LOG 15:10:48.426] Load DDS texture: Squad/Parts/Aero/fairings/FairingBase_silverSpecular
[LOG 15:10:48.426] Load DDS texture: Squad/Parts/Aero/fairings/fairingsCap
[LOG 15:10:48.427] Load DDS texture: Squad/Parts/Aero/fairings/FairingsMat_silverSpecular
[LOG 15:10:48.429] Load DDS texture: Squad/Parts/Aero/fairings/fairings_diff
[LOG 15:10:48.430] Load DDS texture: Squad/Parts/Aero/fairings/fairings_diff_grey
[LOG 15:10:48.435] Load DDS texture: Squad/Parts/Aero/fairings/fairings_diff_orange
[LOG 15:10:48.435] Load DDS texture: Squad/Parts/Aero/fairings/fairings_grey_normals
[LOG 15:10:48.436] Load DDS texture: Squad/Parts/Aero/fairings/fairings_normals
[LOG 15:10:48.438] Load DDS texture: Squad/Parts/Aero/fairings/fairings_normals_silver
[LOG 15:10:48.439] Load DDS texture: Squad/Parts/Aero/fairings/fairings_orange_normals
[LOG 15:10:48.439] Load DDS texture: Squad/Parts/Aero/fairings/fairings_silverDiffuse
[LOG 15:10:48.440] Load DDS texture: Squad/Parts/Aero/HeatShield/Fairing
[LOG 15:10:48.440] Load DDS texture: Squad/Parts/Aero/HeatShield/heatshield
[LOG 15:10:48.440] Load DDS texture: Squad/Parts/Aero/InflatableHeatShield/HeatShield
[LOG 15:10:48.441] Load DDS texture: Squad/Parts/Aero/InflatableHeatShield/HeatShieldFairing
[LOG 15:10:48.441] Load DDS texture: Squad/Parts/Aero/InflatableHeatShield/HeatShield_NRM
[LOG 15:10:48.442] Load DDS texture: Squad/Parts/Aero/intakeRadialLong/Radial_long
[LOG 15:10:48.442] Load DDS texture: Squad/Parts/Aero/miniIntake/SmallIntake
[LOG 15:10:48.442] Load DDS texture: Squad/Parts/Aero/ramAirIntake/RampIntake
[LOG 15:10:48.443] Load DDS texture: Squad/Parts/Aero/ramAirIntake/RampIntake_Heat
[LOG 15:10:48.443] Load DDS texture: Squad/Parts/Aero/shuttleWings/ShuttleWings
[LOG 15:10:48.454] Load DDS texture: Squad/Parts/Aero/wingletAV-R8/model000
[LOG 15:10:48.454] Load DDS texture: Squad/Parts/Aero/wingletAV-R8/model001
[LOG 15:10:48.455] Load DDS texture: Squad/Parts/Aero/wingletAV-T1/model000
[LOG 15:10:48.455] Load DDS texture: Squad/Parts/Aero/wingletAV-T1/model001
[LOG 15:10:48.456] Load DDS texture: Squad/Parts/Aero/wingletDeltaDeluxe/model000
[LOG 15:10:48.456] Load DDS texture: Squad/Parts/Aero/wings/Wings
[LOG 15:10:48.456] Load DDS texture: Squad/Parts/Cargo/CargoContainers/cargoContainer_diff
[LOG 15:10:48.457] Load DDS texture: Squad/Parts/Cargo/CargoContainers/smallCargoContainer_diffuse
[LOG 15:10:48.457] Load DDS texture: Squad/Parts/Cargo/CargoContainers/smallCargoContainer_nrm
[LOG 15:10:48.457] Load DDS texture: Squad/Parts/Cargo/CargoContainers/smallCargoContainer_specular
[LOG 15:10:48.458] Load DDS texture: Squad/Parts/Cargo/Cylinder/EVAcylinder_diffuse
[LOG 15:10:48.458] Load DDS texture: Squad/Parts/Cargo/Cylinder/EVAcylinder_nrm
[LOG 15:10:48.459] Load DDS texture: Squad/Parts/Cargo/GroundAnchor/groundAnchor_diffuse
[LOG 15:10:48.459] Load DDS texture: Squad/Parts/Cargo/GroundAnchor/groundAnchor_nrm
[LOG 15:10:48.460] Load DDS texture: Squad/Parts/Cargo/Jetpack/EVAjetpack
[LOG 15:10:48.462] Load DDS texture: Squad/Parts/Cargo/Jetpack/EVAjetpackEmmisive
[LOG 15:10:48.462] Load DDS texture: Squad/Parts/Cargo/Jetpack/EVAjetpackNRM
[LOG 15:10:48.463] Load DDS texture: Squad/Parts/Cargo/Parachute/backpack_Diff
[LOG 15:10:48.476] Load DDS texture: Squad/Parts/Cargo/Parachute/backpack_NM
[LOG 15:10:48.488] Load DDS texture: Squad/Parts/Cargo/RepairKit/RepairKit_Diffuse
[LOG 15:10:48.489] Load DDS texture: Squad/Parts/Cargo/RepairKit/RepairKit_Normal
[LOG 15:10:48.493] Load DDS texture: Squad/Parts/Cargo/ScienceKit/ExperimentKit_Material_Diffuse
[LOG 15:10:48.494] Load DDS texture: Squad/Parts/Cargo/ScienceKit/ExperimentKit_Material_Emissive
[LOG 15:10:48.495] Load DDS texture: Squad/Parts/Cargo/ScienceKit/ExperimentKit_Material_Normal
[LOG 15:10:48.496] Load DDS texture: Squad/Parts/Cargo/StorageUnits/Assets/Cargo_Material_Diffuse
[LOG 15:10:48.505] Load DDS texture: Squad/Parts/Cargo/StorageUnits/Assets/Cargo_Material_Normal
[LOG 15:10:48.523] Load DDS texture: Squad/Parts/Command/advancedSasModuleLarge/model000
[LOG 15:10:48.523] Load DDS texture: Squad/Parts/Command/advancedSasModuleLarge/model001
[LOG 15:10:48.523] Load DDS texture: Squad/Parts/Command/cupola/cupola_Emissive
[LOG 15:10:48.524] Load DDS texture: Squad/Parts/Command/cupola/ksp_l_cupola_diff
[LOG 15:10:48.524] Load DDS texture: Squad/Parts/Command/cupola/ksp_l_cupola_normal
[LOG 15:10:48.526] Load DDS texture: Squad/Parts/Command/cupola/window
[LOG 15:10:48.526] Load DDS texture: Squad/Parts/Command/externalCommandSeat/model000
[LOG 15:10:48.527] Load DDS texture: Squad/Parts/Command/hitchhikerStorageContainer/cabin
[LOG 15:10:48.528] Load DDS texture: Squad/Parts/Command/hitchhikerStorageContainer/cabin_Illum
[LOG 15:10:48.529] Load DDS texture: Squad/Parts/Command/hitchhikerStorageContainer/cabin_n
[LOG 15:10:48.530] Load DDS texture: Squad/Parts/Command/hitchhikerStorageContainer/window
[LOG 15:10:48.530] Load DDS texture: Squad/Parts/Command/inlineAdvancedStabilizer/model000
[LOG 15:10:48.531] Load DDS texture: Squad/Parts/Command/inlineAdvancedStabilizer/model001
[LOG 15:10:48.531] Load DDS texture: Squad/Parts/Command/inlineReactionWheel/model000
[LOG 15:10:48.531] Load DDS texture: Squad/Parts/Command/inlineReactionWheel/model001
[LOG 15:10:48.531] Load DDS texture: Squad/Parts/Command/inlineReactionWheel/model002
[LOG 15:10:48.531] Load DDS texture: Squad/Parts/Command/Mk1-2Pod/mk 1-2 external shell Variant-Hatch
[LOG 15:10:48.532] Load DDS texture: Squad/Parts/Command/Mk1-3Pod/M1-3 Pod
[LOG 15:10:48.533] Load DDS texture: Squad/Parts/Command/Mk1-3Pod/M1-3 Pod_GLOW
[LOG 15:10:48.533] Load DDS texture: Squad/Parts/Command/mk1Cockpits/GLOW
[LOG 15:10:48.534] Load DDS texture: Squad/Parts/Command/mk1Cockpits/Mk1Cockpit
[LOG 15:10:48.535] Load DDS texture: Squad/Parts/Command/mk1LanderCan/ksp_s_landerCan_diff
[LOG 15:10:48.537] Load DDS texture: Squad/Parts/Command/mk1LanderCan/ksp_s_landerCan_normal
[LOG 15:10:48.537] Load DDS texture: Squad/Parts/Command/mk1LanderCan/ksp_s_landerCan_psd_illum
[LOG 15:10:48.537] Load DDS texture: Squad/Parts/Command/mk1pod/outer shell
[LOG 15:10:48.537] Load DDS texture: Squad/Parts/Command/mk1pod_v2/Mk1_v2
[LOG 15:10:48.538] Load DDS texture: Squad/Parts/Command/mk1pod_v2/Mk1_v2_GLOW
[LOG 15:10:48.539] Load DDS texture: Squad/Parts/Command/mk1pod_v2/Mk1_v2_GW
[LOG 15:10:48.540] Load DDS texture: Squad/Parts/Command/mk1pod_v2/Mk1_v2_N
[LOG 15:10:48.541] Load DDS texture: Squad/Parts/Command/mk1pod_v2/Mk1_v2_W
[LOG 15:10:48.542] Load DDS texture: Squad/Parts/Command/mk1pod_v2/Mk1_v2_W_N
[LOG 15:10:48.543] Load DDS texture: Squad/Parts/Command/mk2CockpitInline/Cockpit_inline_A
[LOG 15:10:48.545] Load DDS texture: Squad/Parts/Command/mk2CockpitInline/Cockpit_inline_Emissive
[LOG 15:10:48.545] Load DDS texture: Squad/Parts/Command/mk2CockpitInline/Cockpit_inline_normal
[LOG 15:10:48.546] Load DDS texture: Squad/Parts/Command/mk2CockpitStandard/Cockpit
[LOG 15:10:48.550] Load DDS texture: Squad/Parts/Command/mk2CockpitStandard/Cockpit_Lum
[LOG 15:10:48.550] Load DDS texture: Squad/Parts/Command/mk2CockpitStandard/Cockpit_NRM
[LOG 15:10:48.553] Load DDS texture: Squad/Parts/Command/mk2DroneCore/mk2Dronecore
[LOG 15:10:48.554] Load DDS texture: Squad/Parts/Command/mk2LanderCan/Illum
[LOG 15:10:48.554] Load DDS texture: Squad/Parts/Command/mk2LanderCan/ladder
[LOG 15:10:48.554] Load DDS texture: Squad/Parts/Command/mk2LanderCan/outershell
[LOG 15:10:48.555] Load DDS texture: Squad/Parts/Command/mk2LanderCan/outershell_n
[LOG 15:10:48.555] Load DDS texture: Squad/Parts/Command/mk2LanderCan/window
[LOG 15:10:48.555] Load DDS texture: Squad/Parts/Command/mk2LanderCan_v2/Mk2Can
[LOG 15:10:48.562] Load DDS texture: Squad/Parts/Command/mk2LanderCan_v2/Mk2Can_glow
[LOG 15:10:48.571] Load DDS texture: Squad/Parts/Command/mk3CockpitShuttle/Mk3CockpitShuttle
[LOG 15:10:48.572] Load DDS texture: Squad/Parts/Command/mk3CockpitShuttle/Mk3CockpitShuttle_LUM
[LOG 15:10:48.572] Load DDS texture: Squad/Parts/Command/MpoProbe/MpoProbe_diffuse
[LOG 15:10:48.573] Load DDS texture: Squad/Parts/Command/MpoProbe/MpoProbe_nrm
[LOG 15:10:48.581] Load DDS texture: Squad/Parts/Command/MpoProbe/MpoProbe_specular
[LOG 15:10:48.585] Load DDS texture: Squad/Parts/Command/MtmStage/mtmStage_diffuse
[LOG 15:10:48.587] Load DDS texture: Squad/Parts/Command/MtmStage/mtmStage_nrm
[LOG 15:10:48.589] Load DDS texture: Squad/Parts/Command/MtmStage/mtmStage_specular
[LOG 15:10:48.596] Load DDS texture: Squad/Parts/Command/probeCoreCube/QBE_New_diffuse
[LOG 15:10:48.597] Load Cached PNG Texture: Squad/Parts/Command/probeCoreCube/QBE_New_NRM
[LOG 15:10:48.599] Load DDS texture: Squad/Parts/Command/probeCoreCube/QBE_New_specular
[LOG 15:10:48.602] Load DDS texture: Squad/Parts/Command/probeCoreHex/ksp_m_hexProbe_diff
[LOG 15:10:48.604] Load DDS texture: Squad/Parts/Command/probeCoreHex/ksp_m_hexProbe_normal
[LOG 15:10:48.604] Load DDS texture: Squad/Parts/Command/probeCoreHex_v2/hecsDiffuse
[LOG 15:10:48.604] Load DDS texture: Squad/Parts/Command/probeCoreHex_v2/hecsNormal
[LOG 15:10:48.605] Load DDS texture: Squad/Parts/Command/probeCoreOcto2_v2/octoDiffuse
[LOG 15:10:48.605] Load DDS texture: Squad/Parts/Command/probeCoreOcto2_v2/octoNormal
[LOG 15:10:48.605] Load DDS texture: Squad/Parts/Command/probeCoreOcto2_v2/octoSpecular
[LOG 15:10:48.605] Load DDS texture: Squad/Parts/Command/probeCoreOcto_v2/octoDiffuse
[LOG 15:10:48.605] Load DDS texture: Squad/Parts/Command/probeCoreOcto_v2/octoNormal
[LOG 15:10:48.606] Load DDS texture: Squad/Parts/Command/probeCoreOcto_v2/octoSpecular
[LOG 15:10:48.607] Load DDS texture: Squad/Parts/Command/probeRoverBody/model000
[LOG 15:10:48.607] Load DDS texture: Squad/Parts/Command/probeRoverBody/model001
[LOG 15:10:48.607] Load DDS texture: Squad/Parts/Command/probeRoverBody_v2/probeRoverBody_v2_gold_diffuse
[LOG 15:10:48.610] Load Cached PNG Texture: Squad/Parts/Command/probeRoverBody_v2/probeRoverBody_v2_gold_NRM
[LOG 15:10:48.612] Load DDS texture: Squad/Parts/Command/probeRoverBody_v2/probeRoverBody_v2_gold_specular
[LOG 15:10:48.614] Load DDS texture: Squad/Parts/Command/probeRoverBody_v2/probeRoverBody_v2_silver_diffuse
[LOG 15:10:48.616] Load Cached PNG Texture: Squad/Parts/Command/probeRoverBody_v2/probeRoverBody_v2_silver_NRM
[LOG 15:10:48.620] Load DDS texture: Squad/Parts/Command/probeRoverBody_v2/probeRoverBody_v2_silver_specular
[LOG 15:10:48.622] Load DDS texture: Squad/Parts/Command/probeRoverBody_v2/QBE_New_diffuse
[LOG 15:10:48.623] Load DDS texture: Squad/Parts/Command/probeRoverBody_v2/QBE_New_NRM
[LOG 15:10:48.623] Load DDS texture: Squad/Parts/Command/probeRoverBody_v2/QBE_New_specular
[LOG 15:10:48.624] Load DDS texture: Squad/Parts/Command/probeStackLarge/model000
[LOG 15:10:48.625] Load DDS texture: Squad/Parts/Command/probeStackLarge/model001
[LOG 15:10:48.626] Load DDS texture: Squad/Parts/Command/probeStackSmall/model000
[LOG 15:10:48.628] Load DDS texture: Squad/Parts/Command/probeStackSmall/model001
[LOG 15:10:48.628] Load DDS texture: Squad/Parts/Command/probeStackSphere_v2/probeStackSphere_diffuse
[LOG 15:10:48.629] Load DDS texture: Squad/Parts/Command/probeStackSphere_v2/probeStackSphere_normal
[LOG 15:10:48.633] Load DDS texture: Squad/Parts/Command/probeStackSphere_v2/probeStackSphere_specular
[LOG 15:10:48.634] Load Cached PNG Texture: Squad/Parts/CompoundParts/@thumbs/fuelLine_icon0
[LOG 15:10:48.635] Load Cached PNG Texture: Squad/Parts/CompoundParts/@thumbs/fuelLine_icon1
[LOG 15:10:48.635] Load Cached PNG Texture: Squad/Parts/CompoundParts/@thumbs/strutConnector_icon0
[LOG 15:10:48.635] Load Cached PNG Texture: Squad/Parts/CompoundParts/@thumbs/strutConnector_icon1
[LOG 15:10:48.635] Load DDS texture: Squad/Parts/CompoundParts/FuelLine/FTX-2 External Fuel Duct
[LOG 15:10:48.635] Load DDS texture: Squad/Parts/CompoundParts/FuelLine/FTX-2 External Fuel Duct_ESA
[LOG 15:10:48.635] Load DDS texture: Squad/Parts/CompoundParts/strutConnector/EAS-4 Strut Connector
[LOG 15:10:48.635] Load DDS texture: Squad/Parts/CompoundParts/strutConnector/EAS-4 Strut Connector_white
[LOG 15:10:48.635] Load DDS texture: Squad/Parts/Coupling/Assets/Decouplers
[LOG 15:10:48.639] Load DDS texture: Squad/Parts/Coupling/Assets/Decouplers_N
[LOG 15:10:48.643] Load DDS texture: Squad/Parts/Coupling/Assets/Decouplers_whiteYellow
[LOG 15:10:48.646] Load DDS texture: Squad/Parts/Coupling/Assets/Decouplers_whiteYellow_N
[LOG 15:10:48.657] Load DDS texture: Squad/Parts/Electrical/10CSolarPanels/assets/circularSolarPanel_diffuse
[LOG 15:10:48.657] Load DDS texture: Squad/Parts/Electrical/10CSolarPanels/assets/circularSolarPanel_nrm
[LOG 15:10:48.659] Load DDS texture: Squad/Parts/Electrical/10LSolarPanels/assets/retractableSolarPanel_diffuse
[LOG 15:10:48.660] Load DDS texture: Squad/Parts/Electrical/10LSolarPanels/assets/retractableSolarPanel_nrm
[LOG 15:10:48.661] Load DDS texture: Squad/Parts/Electrical/1x6ShroudSolarPanels/model000
[LOG 15:10:48.661] Load DDS texture: Squad/Parts/Electrical/1x6ShroudSolarPanels/model001
[LOG 15:10:48.661] Load DDS texture: Squad/Parts/Electrical/1x6ShroudSolarPanels/model002
[LOG 15:10:48.662] Load DDS texture: Squad/Parts/Electrical/1x6SolarPanels/model000
[LOG 15:10:48.662] Load DDS texture: Squad/Parts/Electrical/1x6SolarPanels/model001
[LOG 15:10:48.662] Load DDS texture: Squad/Parts/Electrical/1x6SolarPanels/model002
[LOG 15:10:48.662] Load DDS texture: Squad/Parts/Electrical/3x2ShroudSolarPanels/model000
[LOG 15:10:48.662] Load DDS texture: Squad/Parts/Electrical/3x2ShroudSolarPanels/model001
[LOG 15:10:48.663] Load DDS texture: Squad/Parts/Electrical/3x2ShroudSolarPanels/model002
[LOG 15:10:48.663] Load DDS texture: Squad/Parts/Electrical/3x2SolarPanels/model000
[LOG 15:10:48.663] Load DDS texture: Squad/Parts/Electrical/3x2SolarPanels/model001
[LOG 15:10:48.663] Load DDS texture: Squad/Parts/Electrical/3x2SolarPanels/model002
[LOG 15:10:48.663] Load DDS texture: Squad/Parts/Electrical/gigantorXlSolarArray/panel
[LOG 15:10:48.663] Load DDS texture: Squad/Parts/Electrical/radialFlatSolarPanel/model000
[LOG 15:10:48.663] Load DDS texture: Squad/Parts/Electrical/RTG/model000
[LOG 15:10:48.664] Load DDS texture: Squad/Parts/Electrical/z-100Battery/model000
[LOG 15:10:48.664] Load DDS texture: Squad/Parts/Electrical/z-1kBattery/model000
[LOG 15:10:48.664] Load DDS texture: Squad/Parts/Electrical/z-1kBattery/model001
[LOG 15:10:48.664] Load DDS texture: Squad/Parts/Electrical/z-200Battery/ksp_m_batteryPack_diff
[LOG 15:10:48.664] Load DDS texture: Squad/Parts/Electrical/z-400Battery/model000
[LOG 15:10:48.664] Load DDS texture: Squad/Parts/Electrical/z-4kBattery/ksp_l_batteryPack_diff
[LOG 15:10:48.665] Load DDS texture: Squad/Parts/Electrical/z-4kBattery/ksp_l_batteryPack_normal
[LOG 15:10:48.665] Load DDS texture: Squad/Parts/Engine/ionEngine/model000
[LOG 15:10:48.665] Load DDS texture: Squad/Parts/Engine/jetEngines/Jet Engines
[LOG 15:10:48.670] Load DDS texture: Squad/Parts/Engine/jetEngines/Jet_Heat
[LOG 15:10:48.682] Load DDS texture: Squad/Parts/Engine/liquidEngine24-77/engine
[LOG 15:10:48.682] Load DDS texture: Squad/Parts/Engine/liquidEngine24-77_v2/Twitch
[LOG 15:10:48.683] Load DDS texture: Squad/Parts/Engine/liquidEngine24-77_v2/Twitch_G
[LOG 15:10:48.683] Load DDS texture: Squad/Parts/Engine/liquidEngine24-77_v2/Twitch_GLOW
[LOG 15:10:48.683] Load DDS texture: Squad/Parts/Engine/liquidEngine48-7S/ksp_m_liquidEngine_diff
[LOG 15:10:48.684] Load DDS texture: Squad/Parts/Engine/liquidEngine48-7S_v2/Spark
[LOG 15:10:48.684] Load DDS texture: Squad/Parts/Engine/liquidEngine48-7S_v2/Spark_Glow
[LOG 15:10:48.684] Load DDS texture: Squad/Parts/Engine/liquidEngineAerospike/Aerospike
[LOG 15:10:48.684] Load DDS texture: Squad/Parts/Engine/liquidEngineAerospike/Aerospike_Heat
[LOG 15:10:48.684] Load DDS texture: Squad/Parts/Engine/liquidEngineLV-1_v2/Assets/Ant_and_Spider_diffuse
[LOG 15:10:48.685] Load DDS texture: Squad/Parts/Engine/liquidEngineLV-1_v2/Assets/Ant_and_Spider_emissive
[LOG 15:10:48.685] Load DDS texture: Squad/Parts/Engine/liquidEngineLV-1_v2/Assets/Ant_and_Spider_normal
[LOG 15:10:48.685] Load DDS texture: Squad/Parts/Engine/liquidEngineLV-1_v2/Assets/Ant_and_Spider_specular
[LOG 15:10:48.685] Load DDS texture: Squad/Parts/Engine/liquidEngineLV-909_v2/Terrier
[LOG 15:10:48.686] Load DDS texture: Squad/Parts/Engine/liquidEngineLV-909_v2/TerrierFairing
[LOG 15:10:48.686] Load DDS texture: Squad/Parts/Engine/liquidEngineLV-909_v2/Terrier_glow
[LOG 15:10:48.702] Load DDS texture: Squad/Parts/Engine/liquidEngineLV-N/model000
[LOG 15:10:48.702] Load DDS texture: Squad/Parts/Engine/liquidEngineLV-N/model001
[LOG 15:10:48.702] Load DDS texture: Squad/Parts/Engine/liquidEngineLV-N/model002
[LOG 15:10:48.702] Load DDS texture: Squad/Parts/Engine/liquidEngineLV-N/model003
[LOG 15:10:48.703] Load DDS texture: Squad/Parts/Engine/liquidEngineLV-T30/model000
[LOG 15:10:48.703] Load DDS texture: Squad/Parts/Engine/liquidEngineLV-T30/model001
[LOG 15:10:48.703] Load DDS texture: Squad/Parts/Engine/liquidEngineLV-T30/model002
[LOG 15:10:48.703] Load DDS texture: Squad/Parts/Engine/liquidEngineLV-T30_v2/Engine_Emissive
[LOG 15:10:48.709] Load DDS texture: Squad/Parts/Engine/liquidEngineLV-T30_v2/Engine_Normal
[LOG 15:10:48.715] Load DDS texture: Squad/Parts/Engine/liquidEngineLV-T30_v2/Fairing
[LOG 15:10:48.716] Load DDS texture: Squad/Parts/Engine/liquidEngineLV-T30_v2/Reliant_v2-shroud_Diffuse
[LOG 15:10:48.723] Load DDS texture: Squad/Parts/Engine/liquidEngineLV-T30_v2/Reliant_v2_Diffuse
[LOG 15:10:48.730] Load DDS texture: Squad/Parts/Engine/liquidEngineLV-T45/model000
[LOG 15:10:48.732] Load DDS texture: Squad/Parts/Engine/liquidEngineLV-T45/model001
[LOG 15:10:48.732] Load DDS texture: Squad/Parts/Engine/liquidEngineLV-T45/model002
[LOG 15:10:48.734] Load DDS texture: Squad/Parts/Engine/liquidEngineLV-T45/model003
[LOG 15:10:48.738] Load DDS texture: Squad/Parts/Engine/liquidEngineLV-T45_v2/Engine_Emissive
[LOG 15:10:48.742] Load DDS texture: Squad/Parts/Engine/liquidEngineLV-T45_v2/Fairing
[LOG 15:10:48.744] Load DDS texture: Squad/Parts/Engine/liquidEngineLV-T45_v2/Swivel_v2_Diffuse
[LOG 15:10:48.750] Load DDS texture: Squad/Parts/Engine/liquidEngineLV-T45_v2/Swivel_v2_Normal
[LOG 15:10:48.759] Load DDS texture: Squad/Parts/Engine/liquidEngineMainsail_v2/mainsail_diffuse
[LOG 15:10:48.765] Load DDS texture: Squad/Parts/Engine/liquidEngineMainsail_v2/mainsail_emissive
[LOG 15:10:48.766] Load DDS texture: Squad/Parts/Engine/liquidEngineMainsail_v2/mainsail_nrm
[LOG 15:10:48.782] Load DDS texture: Squad/Parts/Engine/liquidEngineMainsail_v2/mainsail_specular
[LOG 15:10:48.791] Load DDS texture: Squad/Parts/Engine/liquidEngineMainsail_v2/Shroud
[LOG 15:10:48.792] Load DDS texture: Squad/Parts/Engine/liquidEngineMk55/Thud
[LOG 15:10:48.792] Load DDS texture: Squad/Parts/Engine/liquidEngineMk55/Thud_Heat
[LOG 15:10:48.793] Load DDS texture: Squad/Parts/Engine/liquidEnginePoodle_v2/poodle
[LOG 15:10:48.794] Load DDS texture: Squad/Parts/Engine/liquidEnginePoodle_v2/PoodleShroud
[LOG 15:10:48.795] Load DDS texture: Squad/Parts/Engine/liquidEnginePoodle_v2/poodle_Glow
[LOG 15:10:48.800] Load DDS texture: Squad/Parts/Engine/liquidEnginePoodle_v2/Poodle_SingleBell_Poodle_Diffuse
[LOG 15:10:48.801] Load DDS texture: Squad/Parts/Engine/liquidEnginePoodle_v2/Poodle_SingleBell_Poodle_Emissive
[LOG 15:10:48.803] Load DDS texture: Squad/Parts/Engine/liquidEnginePoodle_v2/Poodle_SingleBell_Poodle_Normal
[LOG 15:10:48.804] Load DDS texture: Squad/Parts/Engine/liquidEngineSkipper_v2/Shroud
[LOG 15:10:48.804] Load DDS texture: Squad/Parts/Engine/liquidEngineSkipper_v2/skipper_v2_diffuse
[LOG 15:10:48.810] Load DDS texture: Squad/Parts/Engine/liquidEngineSkipper_v2/skipper_v2_emissive
[LOG 15:10:48.819] Load DDS texture: Squad/Parts/Engine/liquidEngineSkipper_v2/skipper_v2_normal
[LOG 15:10:48.825] Load DDS texture: Squad/Parts/Engine/liquidEngineSSME/SSME
[LOG 15:10:48.830] Load DDS texture: Squad/Parts/Engine/liquidEngineSSME/SSME_GLOW
[LOG 15:10:48.831] Load DDS texture: Squad/Parts/Engine/liquidEngineSSME/SSME_NRM
[LOG 15:10:48.831] Load DDS texture: Squad/Parts/Engine/MassiveSRB/solid_booster_cm
[LOG 15:10:48.831] Load DDS texture: Squad/Parts/Engine/MassiveSRB/solid_booster_cm_esa
[LOG 15:10:48.833] Load DDS texture: Squad/Parts/Engine/MassiveSRB/solid_booster_em
[LOG 15:10:48.834] Load DDS texture: Squad/Parts/Engine/MassiveSRB/solid_booster_nm
[LOG 15:10:48.834] Load DDS texture: Squad/Parts/Engine/miniJet/SmallJet
[LOG 15:10:48.835] Load DDS texture: Squad/Parts/Engine/OMSEngine/Puff_diffuse
[LOG 15:10:48.835] Load DDS texture: Squad/Parts/Engine/OMSEngine/Puff_emissive
[LOG 15:10:48.835] Load DDS texture: Squad/Parts/Engine/OMSEngine/Puff_normal
[LOG 15:10:48.835] Load DDS texture: Squad/Parts/Engine/OMSEngine/Puff_specular
[LOG 15:10:48.835] Load DDS texture: Squad/Parts/Engine/rapierEngine/rapierDiffuse
[LOG 15:10:48.858] Load DDS texture: Squad/Parts/Engine/rapierEngine/rapieremit
[LOG 15:10:48.859] Load DDS texture: Squad/Parts/Engine/Size1_SRBs/SRB_O
[LOG 15:10:48.859] Load DDS texture: Squad/Parts/Engine/Size1_SRBs/SRB_W
[LOG 15:10:48.860] Load DDS texture: Squad/Parts/Engine/Size1_SRBs/SRB_Y
[LOG 15:10:48.860] Load DDS texture: Squad/Parts/Engine/Size2LFB/Size2LFBEmissive
[LOG 15:10:48.860] Load DDS texture: Squad/Parts/Engine/Size2LFB/twin_nozzle_booster_cm
[LOG 15:10:48.862] Load DDS texture: Squad/Parts/Engine/Size2LFB/twin_nozzle_booster_nm
[LOG 15:10:48.863] Load DDS texture: Squad/Parts/Engine/Size2LFB_v2/Size2LFBEmissive
[LOG 15:10:48.864] Load DDS texture: Squad/Parts/Engine/Size2LFB_v2/twin_nozzle_booster_cm
[LOG 15:10:48.865] Load DDS texture: Squad/Parts/Engine/Size2LFB_v2/twin_nozzle_booster_nm
[LOG 15:10:48.866] Load DDS texture: Squad/Parts/Engine/Size3AdvancedEngine/decoupler_and_adaptor_cm
[LOG 15:10:48.870] Load DDS texture: Squad/Parts/Engine/Size3AdvancedEngine/Size3AdvancedEngineDiffuse
[LOG 15:10:48.872] Load DDS texture: Squad/Parts/Engine/Size3AdvancedEngine/Size3AdvancedEngineEmissive
[LOG 15:10:48.872] Load DDS texture: Squad/Parts/Engine/Size3AdvancedEngine/Size3AdvancedEngineNormal
[LOG 15:10:48.877] Load DDS texture: Squad/Parts/Engine/Size3EngineCluster/ClusterEngineEmit
[LOG 15:10:48.877] Load DDS texture: Squad/Parts/Engine/Size3EngineCluster/four_nozzle_engine_cm
[LOG 15:10:48.877] Load DDS texture: Squad/Parts/Engine/Size3EngineCluster/four_nozzle_engine_nm
[LOG 15:10:48.878] Load DDS texture: Squad/Parts/Engine/solidBoosterBACC/model000
[LOG 15:10:48.880] Load DDS texture: Squad/Parts/Engine/solidBoosterBACC/model001
[LOG 15:10:48.880] Load DDS texture: Squad/Parts/Engine/solidBoosterBACC/model002
[LOG 15:10:48.882] Load DDS texture: Squad/Parts/Engine/solidBoosterRT-5/RT5
[LOG 15:10:48.882] Load DDS texture: Squad/Parts/Engine/solidBoosterS2-17/solidBoosterS2-17_diffuse
[LOG 15:10:48.902] Load DDS texture: Squad/Parts/Engine/solidBoosterS2-17/solidBoosterS2-17_emissive
[LOG 15:10:48.917] Load DDS texture: Squad/Parts/Engine/solidBoosterS2-17/solidBoosterS2-17_normal
[LOG 15:10:48.931] Load DDS texture: Squad/Parts/Engine/solidBoosterS2-33/solidBoosterS2-33_diffuse
[LOG 15:10:48.965] Load DDS texture: Squad/Parts/Engine/solidBoosterS2-33/solidBoosterS2-33_emissive
[LOG 15:10:49.039] Load DDS texture: Squad/Parts/Engine/solidBoosterS2-33/solidBoosterS2-33_normal
[LOG 15:10:49.093] Load DDS texture: Squad/Parts/Engine/solidBoosterSep/model000
[LOG 15:10:49.096] Load DDS texture: Squad/Parts/Engine/solidBoosterSep/motor
[LOG 15:10:49.096] Load DDS texture: Squad/Parts/Engine/SolidBoostersF/Assets/SolidBoosterF3S0_diffuse
[LOG 15:10:49.096] Load DDS texture: Squad/Parts/Engine/SolidBoostersF/Assets/SolidBoosterF3S0_emissive
[LOG 15:10:49.099] Load DDS texture: Squad/Parts/Engine/SolidBoostersF/Assets/SolidBoosterF3S0_normal
[LOG 15:10:49.099] Load DDS texture: Squad/Parts/FuelTank/adapterTanks/Mk3Adapters
[LOG 15:10:49.105] Load DDS texture: Squad/Parts/FuelTank/drainTankFTE-1/fuelValve_diffuse
[LOG 15:10:49.106] Load DDS texture: Squad/Parts/FuelTank/drainTankFTE-1/fuelValve_nrm
[LOG 15:10:49.106] Load DDS texture: Squad/Parts/FuelTank/FoilTanks/RadialTanks
[LOG 15:10:49.107] Load DDS texture: Squad/Parts/FuelTank/FoilTanks/RadialTanksGold_specular
[LOG 15:10:49.113] Load DDS texture: Squad/Parts/FuelTank/FoilTanks/RadialTanksSilver_specular
[LOG 15:10:49.116] Load DDS texture: Squad/Parts/FuelTank/FoilTanks/RadialTanks_N
[LOG 15:10:49.116] Load DDS texture: Squad/Parts/FuelTank/FoilTanks/RadialTanks_silver
[LOG 15:10:49.117] Load DDS texture: Squad/Parts/FuelTank/fuelTankOscarB/model000
[LOG 15:10:49.118] Load DDS texture: Squad/Parts/FuelTank/fuelTankOscarB/model001
[LOG 15:10:49.118] Load DDS texture: Squad/Parts/FuelTank/fuelTankOscarB/tank
[LOG 15:10:49.118] Load DDS texture: Squad/Parts/FuelTank/fuelTankOscarB/tank_n
[LOG 15:10:49.122] Load DDS texture: Squad/Parts/FuelTank/miniFuselage/Fuselage
[LOG 15:10:49.122] Load DDS texture: Squad/Parts/FuelTank/mk2Adapters/mk2adapters1m
[LOG 15:10:49.131] Load DDS texture: Squad/Parts/FuelTank/mk2FuselageLong/mk2Fuselage
[LOG 15:10:49.132] Load DDS texture: Squad/Parts/FuelTank/mk2FuselageShort/mk2FuselageShort
[LOG 15:10:49.134] Load DDS texture: Squad/Parts/FuelTank/mk3Fuselage/Mk3Fuselage
[LOG 15:10:49.135] Load DDS texture: Squad/Parts/FuelTank/mk3Fuselage/Mk3Fuselage_LUM
[LOG 15:10:49.136] Load DDS texture: Squad/Parts/FuelTank/RCSFuelTankR1/RCSFuelTankR1_01
[LOG 15:10:49.136] Load DDS texture: Squad/Parts/FuelTank/RCSFuelTankR1/RCSFuelTankR1_02
[LOG 15:10:49.137] Load DDS texture: Squad/Parts/FuelTank/RCSFuelTankR1/RCSFuelTankR1_N
[LOG 15:10:49.138] Load DDS texture: Squad/Parts/FuelTank/RCSFuelTankR10/ksp_m_rcsTank_diff
[LOG 15:10:49.138] Load DDS texture: Squad/Parts/FuelTank/RCSFuelTankR10/ksp_m_rcsTank_normal
[LOG 15:10:49.138] Load DDS texture: Squad/Parts/FuelTank/RCSFuelTankR25/FL-R25 RCS Fuel Tank_D
[LOG 15:10:49.138] Load DDS texture: Squad/Parts/FuelTank/RCSFuelTankR25/FL-R25 RCS Fuel Tank_N
[LOG 15:10:49.138] Load DDS texture: Squad/Parts/FuelTank/RCSTankRadial/model000
[LOG 15:10:49.138] Load DDS texture: Squad/Parts/FuelTank/RCStankRadialLong/ksp_r_rcsCylTank_diff
[LOG 15:10:49.138] Load DDS texture: Squad/Parts/FuelTank/RockomaxTanks/Assets/rockomax_16 [AlbedoM] BW
[LOG 15:10:49.148] Load DDS texture: Squad/Parts/FuelTank/RockomaxTanks/Assets/rockomax_16 [AlbedoM] ESA
[LOG 15:10:49.153] Load DDS texture: Squad/Parts/FuelTank/RockomaxTanks/Assets/rockomax_16 [AlbedoM] O
[LOG 15:10:49.162] Load DDS texture: Squad/Parts/FuelTank/RockomaxTanks/Assets/rockomax_16 [Normal] BW
[LOG 15:10:49.167] Load DDS texture: Squad/Parts/FuelTank/RockomaxTanks/Assets/rockomax_16 [Normal]ESA
[LOG 15:10:49.174] Load DDS texture: Squad/Parts/FuelTank/RockomaxTanks/Assets/rockomax_16 [Normal]O
[LOG 15:10:49.188] Load DDS texture: Squad/Parts/FuelTank/RockomaxTanks/Assets/rockomax_32 [AlbedoM] ESA
[LOG 15:10:49.188] Load DDS texture: Squad/Parts/FuelTank/RockomaxTanks/Assets/rockomax_32 [Normal]ESA
[LOG 15:10:49.190] Load DDS texture: Squad/Parts/FuelTank/Size1_Tanks/125Tanks_BW
[LOG 15:10:49.194] Load DDS texture: Squad/Parts/FuelTank/Size1_Tanks/125Tanks_D
[LOG 15:10:49.197] Load DDS texture: Squad/Parts/FuelTank/Size1_Tanks/125Tanks_N
[LOG 15:10:49.200] Load DDS texture: Squad/Parts/FuelTank/Size1_Tanks/125Tanks_O
[LOG 15:10:49.203] Load DDS texture: Squad/Parts/FuelTank/Size1_Tanks/125Tanks_W
[LOG 15:10:49.206] Load DDS texture: Squad/Parts/FuelTank/Size3Tanks/fueltTanks_cm
[LOG 15:10:49.208] Load Cached PNG Texture: Squad/Parts/FuelTank/Size3Tanks/Size3Tanks
[LOG 15:10:49.208] Load Cached PNG Texture: Squad/Parts/FuelTank/Size3Tanks/Size3Tanks_Norm
[LOG 15:10:49.209] Load Cached PNG Texture: Squad/Parts/FuelTank/Size3Tanks/Size3Tanks_Orange
[LOG 15:10:49.210] Load Cached PNG Texture: Squad/Parts/FuelTank/Size3Tanks/Size3Tanks_Orange_Norm
[LOG 15:10:49.210] Load DDS texture: Squad/Parts/FuelTank/xenonTank/model000
[LOG 15:10:49.212] Load DDS texture: Squad/Parts/FuelTank/xenonTank/model001
[LOG 15:10:49.212] Load DDS texture: Squad/Parts/FuelTank/xenonTankLarge/tank
[LOG 15:10:49.212] Load DDS texture: Squad/Parts/FuelTank/xenonTankRadial/ksp_r_xenonTank_diff
[LOG 15:10:49.212] Load DDS texture: Squad/Parts/Misc/AsteroidDay/CamSat
[LOG 15:10:49.213] Load DDS texture: Squad/Parts/Misc/AsteroidDay/CamSat_glow
[LOG 15:10:49.213] Load DDS texture: Squad/Parts/Misc/AsteroidDay/CamSat_N_NRM
[LOG 15:10:49.215] Load DDS texture: Squad/Parts/Misc/AsteroidDay/default
[LOG 15:10:49.215] Load DDS texture: Squad/Parts/Misc/AsteroidDay/hecsDiffuse
[LOG 15:10:49.215] Load DDS texture: Squad/Parts/Misc/AsteroidDay/hecsNormal
[LOG 15:10:49.215] Load DDS texture: Squad/Parts/Misc/AsteroidDay/hecsSpecular
[LOG 15:10:49.215] Load DDS texture: Squad/Parts/Misc/AsteroidDay/JumboHexProbe
[LOG 15:10:49.215] Load DDS texture: Squad/Parts/Misc/AsteroidDay/JumboHexProbe_NORM_NRM
[LOG 15:10:49.215] Load DDS texture: Squad/Parts/Resources/FuelCell/FCLamp
[LOG 15:10:49.215] Load DDS texture: Squad/Parts/Resources/FuelCell/FuelCellRack
[LOG 15:10:49.216] Load DDS texture: Squad/Parts/Resources/FuelCell/fuellcell
[LOG 15:10:49.216] Load DDS texture: Squad/Parts/Resources/ISRU/Processor_Large
[LOG 15:10:49.216] Load DDS texture: Squad/Parts/Resources/LargeTank/ksp_l_resourceContainer_diff
[LOG 15:10:49.216] Load DDS texture: Squad/Parts/Resources/LargeTank/ksp_l_resourceContainer_norm
[LOG 15:10:49.218] Load DDS texture: Squad/Parts/Resources/MiniDrill/DustParticle
[LOG 15:10:49.218] Load DDS texture: Squad/Parts/Resources/MiniDrill/ksp_r_rockProbe_diff
[LOG 15:10:49.221] Load DDS texture: Squad/Parts/Resources/MiniDrill/RockParticle
[LOG 15:10:49.221] Load DDS texture: Squad/Parts/Resources/MiniISRU/ksp_s_processorSmall_diff
[LOG 15:10:49.221] Load DDS texture: Squad/Parts/Resources/OrbitalScanner/detector
[LOG 15:10:49.221] Load DDS texture: Squad/Parts/Resources/RadialDrill/DustParticle
[LOG 15:10:49.222] Load DDS texture: Squad/Parts/Resources/RadialDrill/RockParticle
[LOG 15:10:49.222] Load DDS texture: Squad/Parts/Resources/RadialDrill/TriBitDrill
[LOG 15:10:49.222] Load DDS texture: Squad/Parts/Resources/RadialTank/ksp_r_resourceContainer_psd_2
[LOG 15:10:49.222] Load DDS texture: Squad/Parts/Resources/SmallTank/ksp_s_resourceContainer_diff
[LOG 15:10:49.223] Load DDS texture: Squad/Parts/Resources/SmallTank/ksp_s_resourceContainer_normal
[LOG 15:10:49.224] Load DDS texture: Squad/Parts/Resources/SurfaceScanner/ksp_r_samplerAir_diff
[LOG 15:10:49.227] Load DDS texture: Squad/Parts/Resources/SurveyScanner/dish
[LOG 15:10:49.227] Load DDS texture: Squad/Parts/Resources/SurveyScanner/dish_n
[LOG 15:10:49.227] Load DDS texture: Squad/Parts/Science/AtmosphereSensor/ksp_r_hydroscoop_diff
[LOG 15:10:49.228] Load DDS texture: Squad/Parts/Science/GooExperiment/GooExperiment
[LOG 15:10:49.228] Load DDS texture: Squad/Parts/Science/LargeCrewedLab/Large_Crewed_Lab
[LOG 15:10:49.231] Load DDS texture: Squad/Parts/Science/LargeCrewedLab/Large_Crewed_Lab_glow
[LOG 15:10:49.233] Load DDS texture: Squad/Parts/Science/LargeCrewedLab/window
[LOG 15:10:49.235] Load DDS texture: Squad/Parts/Science/Magnetometer/Magnetometer_diffuse
[LOG 15:10:49.235] Load DDS texture: Squad/Parts/Science/Magnetometer/Magnetometer_nrm
[LOG 15:10:49.235] Load DDS texture: Squad/Parts/Science/MaterialBay/science_module_small
[LOG 15:10:49.236] Load DDS texture: Squad/Parts/Science/MaterialBay/science_module_small_emit
[LOG 15:10:49.236] Load DDS texture: Squad/Parts/Science/MaterialBay/science_module_small_nrm
[LOG 15:10:49.236] Load DDS texture: Squad/Parts/Science/MaterialBay/wires
[LOG 15:10:49.236] Load DDS texture: Squad/Parts/Science/ScienceBox/Container
[LOG 15:10:49.236] Load DDS texture: Squad/Parts/Science/sensorAccelerometer/model000
[LOG 15:10:49.237] Load DDS texture: Squad/Parts/Science/sensorBarometer/model000
[LOG 15:10:49.237] Load DDS texture: Squad/Parts/Science/sensorGravimeter/model000
[LOG 15:10:49.237] Load DDS texture: Squad/Parts/Science/sensorThermometer/model000
[LOG 15:10:49.237] Load DDS texture: Squad/Parts/Structural/FLAdapters/Assets/FLA-Adapters_diffuse
[LOG 15:10:49.238] Load DDS texture: Squad/Parts/Structural/FLAdapters/Assets/FLA-Adapters_diffuse_O
[LOG 15:10:49.240] Load DDS texture: Squad/Parts/Structural/FLAdapters/Assets/FLA-Adapters_normal
[LOG 15:10:49.241] Load DDS texture: Squad/Parts/Structural/FLAdapters/Assets/FLA-Adapters_normal_O
[LOG 15:10:49.243] Load DDS texture: Squad/Parts/Structural/mk1Parts/Mk1Structural
[LOG 15:10:49.245] Load DDS texture: Squad/Parts/Structural/mk1Parts/Mk1StructuralHeat
[LOG 15:10:49.247] Load Cached PNG Texture: Squad/Parts/Structural/mk1Parts/@thumbs/MK1Fuselage_icon
[LOG 15:10:49.247] Load DDS texture: Squad/Parts/Structural/Size3To2Adapter_v2/Size2to3_BW_Diffuse
[LOG 15:10:49.256] Load DDS texture: Squad/Parts/Structural/Size3To2Adapter_v2/Size2to3_DUMMY_NRM
[LOG 15:10:49.257] Load DDS texture: Squad/Parts/Structural/Size3To2Adapter_v2/Size2to3_O_Diffuse
[LOG 15:10:49.265] Load DDS texture: Squad/Parts/Structural/Size3To2Adapter_v2/Size2to3_W_Diffuse
[LOG 15:10:49.273] Load DDS texture: Squad/Parts/Structural/Size3To2Adapter_v2/Size2to3_W_NRM
[LOG 15:10:49.280] Load DDS texture: Squad/Parts/Structural/stackAdapters/Assets/stackAdapters_diffuse
[LOG 15:10:49.282] Load DDS texture: Squad/Parts/Structural/stackAdapters/Assets/stackAdapters_diffuse_Dark
[LOG 15:10:49.285] Load DDS texture: Squad/Parts/Structural/stackAdapters/Assets/stackAdapters_diffuse_Orange
[LOG 15:10:49.286] Load DDS texture: Squad/Parts/Structural/stackAdapters/Assets/stackAdapters_normal
[LOG 15:10:49.287] Load DDS texture: Squad/Parts/Structural/stackAdapters/Assets/stackAdapters_normal_Orange
[LOG 15:10:49.290] Load DDS texture: Squad/Parts/Structural/stationHub/model000
[LOG 15:10:49.290] Load DDS texture: Squad/Parts/Structural/stationHub/model001
[LOG 15:10:49.290] Load DDS texture: Squad/Parts/Structural/structuralIBeam200/model000
[LOG 15:10:49.290] Load DDS texture: Squad/Parts/Structural/structuralIBeam200Pocket/model000
[LOG 15:10:49.290] Load DDS texture: Squad/Parts/Structural/structuralIBeam650/model000
[LOG 15:10:49.290] Load DDS texture: Squad/Parts/Structural/structuralMicronode/model000
[LOG 15:10:49.291] Load DDS texture: Squad/Parts/Structural/structuralPanel1x1/model000
[LOG 15:10:49.291] Load DDS texture: Squad/Parts/Structural/structuralPanel1x1/model001
[LOG 15:10:49.291] Load DDS texture: Squad/Parts/Structural/structuralPanel2x2/model000
[LOG 15:10:49.291] Load DDS texture: Squad/Parts/Structural/structuralPanel2x2/model001
[LOG 15:10:49.291] Load DDS texture: Squad/Parts/Structural/structuralPylons/Pylons
[LOG 15:10:49.292] Load DDS texture: Squad/Parts/Structural/strutCubicOcto/cubestrut
[LOG 15:10:49.293] Load DDS texture: Squad/Parts/Structural/strutOcto/model000
[LOG 15:10:49.293] Load DDS texture: Squad/Parts/Structural/trussGirderAdapter/model000
[LOG 15:10:49.293] Load DDS texture: Squad/Parts/Structural/trussGirderAdapter/model001
[LOG 15:10:49.294] Load DDS texture: Squad/Parts/Structural/trussGirderL/model000
[LOG 15:10:49.294] Load DDS texture: Squad/Parts/Structural/trussGirderXL/model000
[LOG 15:10:49.295] Load DDS texture: Squad/Parts/Thermal/FoldingRadiators/radiator
[LOG 15:10:49.296] Load DDS texture: Squad/Parts/Thermal/FoldingRadiators/radiator_N_NRM
[LOG 15:10:49.301] Load DDS texture: Squad/Parts/Thermal/RadiatorPanels/radPanel
[LOG 15:10:49.302] Load DDS texture: Squad/Parts/Thermal/RadiatorPanels/radPanel_N_NRM
[LOG 15:10:49.305] Load DDS texture: Squad/Parts/Utility/commDish88-88/comm_dish_array
[LOG 15:10:49.305] Load DDS texture: Squad/Parts/Utility/commDish88-88/comm_dish_v2_diff
[LOG 15:10:49.305] Load DDS texture: Squad/Parts/Utility/commDish88-88/model000
[LOG 15:10:49.305] Load DDS texture: Squad/Parts/Utility/commsAntennaDTS-M1/mediumDishAntenna
[LOG 15:10:49.306] Load DDS texture: Squad/Parts/Utility/commsAntennaDTS-M1/mediumDishAntenna_Emit
[LOG 15:10:49.306] Load DDS texture: Squad/Parts/Utility/commsDish16/model000
[LOG 15:10:49.306] Load DDS texture: Squad/Parts/Utility/decouplerRadialHDM/model000
[LOG 15:10:49.306] Load DDS texture: Squad/Parts/Utility/decouplerRadialTT-38K/model000
[LOG 15:10:49.306] Load DDS texture: Squad/Parts/Utility/decouplerRadialTT-38K/model001
[LOG 15:10:49.306] Load DDS texture: Squad/Parts/Utility/decouplerRadialTT-70/model000
[LOG 15:10:49.307] Load DDS texture: Squad/Parts/Utility/DirectAntennas/MiniAntenna
[LOG 15:10:49.307] Load DDS texture: Squad/Parts/Utility/dockingPort/Arrow Pointer
[LOG 15:10:49.307] Load DDS texture: Squad/Parts/Utility/dockingPort/DockingPorts_Clampotron_Diffuse
[LOG 15:10:49.313] Load DDS texture: Squad/Parts/Utility/dockingPort/DockingPorts_Clampotron_Emissive
[LOG 15:10:49.314] Load DDS texture: Squad/Parts/Utility/dockingPort/DockingPorts_Clampotron_Normal
[LOG 15:10:49.324] Load DDS texture: Squad/Parts/Utility/dockingPortInline/Arrow Pointer
[LOG 15:10:49.324] Load DDS texture: Squad/Parts/Utility/dockingPortInline/ClampotronLinear_ClampotronLinear_Diffuse
[LOG 15:10:49.330] Load DDS texture: Squad/Parts/Utility/dockingPortInline/ClampotronLinear_ClampotronLinear_Emissive
[LOG 15:10:49.337] Load DDS texture: Squad/Parts/Utility/dockingPortInline/ClampotronLinear_ClampotronLinear_Normal
[LOG 15:10:49.343] Load DDS texture: Squad/Parts/Utility/dockingPortInline/DockingPorts_Clampotron_Diffuse
[LOG 15:10:49.355] Load DDS texture: Squad/Parts/Utility/dockingPortInline/DockingPorts_Clampotron_Emissive
[LOG 15:10:49.360] Load DDS texture: Squad/Parts/Utility/dockingPortInline/DockingPorts_Clampotron_Normal
[LOG 15:10:49.366] Load DDS texture: Squad/Parts/Utility/dockingPortJr/Arrow Pointer
[LOG 15:10:49.372] Load DDS texture: Squad/Parts/Utility/dockingPortJr/DockingPorts_ClampotronJR_Diffuse
[LOG 15:10:49.372] Load DDS texture: Squad/Parts/Utility/dockingPortJr/DockingPorts_ClampotronJR_Normal
[LOG 15:10:49.373] Load DDS texture: Squad/Parts/Utility/dockingPortJr/model000
[LOG 15:10:49.373] Load DDS texture: Squad/Parts/Utility/dockingPortShielded/Arrow Pointer
[LOG 15:10:49.374] Load DDS texture: Squad/Parts/Utility/dockingPortShielded/Clamp-O-Tron Shielded Docking Port_ClampotronShielded_Diffuse
[LOG 15:10:49.381] Load DDS texture: Squad/Parts/Utility/dockingPortShielded/Clamp-O-Tron Shielded Docking Port_ClampotronShielded_Normal
[LOG 15:10:49.386] Load DDS texture: Squad/Parts/Utility/dockingPortShielded/DockingPorts_Clampotron_Diffuse
[LOG 15:10:49.393] Load DDS texture: Squad/Parts/Utility/dockingPortShielded/DockingPorts_Clampotron_Emissive
[LOG 15:10:49.394] Load DDS texture: Squad/Parts/Utility/dockingPortShielded/DockingPorts_Clampotron_Normal
[LOG 15:10:49.401] Load DDS texture: Squad/Parts/Utility/dockingPortSr/Arrow Pointer
[LOG 15:10:49.402] Load DDS texture: Squad/Parts/Utility/dockingPortSr/ClampotronSr_ClampotronSr_Diffuse
[LOG 15:10:49.407] Load DDS texture: Squad/Parts/Utility/dockingPortSr/ClampotronSr_ClampotronSr_Diffuse_gray
[LOG 15:10:49.415] Load DDS texture: Squad/Parts/Utility/dockingPortSr/ClampotronSr_ClampotronSr_Emissive
[LOG 15:10:49.418] Load DDS texture: Squad/Parts/Utility/dockingPortSr/ClampotronSr_ClampotronSr_Normal
[LOG 15:10:49.423] Load Cached PNG Texture: Squad/Parts/Utility/Fireworks/Assets/fireworks_launcher_big 1
[LOG 15:10:49.428] Load Cached PNG Texture: Squad/Parts/Utility/Fireworks/Assets/fireworks_launcher_big
[LOG 15:10:49.433] Load Cached PNG Texture: Squad/Parts/Utility/flags/backgroundTextures/dark_background
[LOG 15:10:49.434] Load Cached PNG Texture: Squad/Parts/Utility/flags/backgroundTextures/orange_background
[LOG 15:10:49.434] Load Cached PNG Texture: Squad/Parts/Utility/flags/backgroundTextures/white_background
[LOG 15:10:49.435] Load DDS texture: Squad/Parts/Utility/GrapplingDevice/grabberDiffuse
[LOG 15:10:49.435] Load DDS texture: Squad/Parts/Utility/GrapplingDevice/grabberDiffuse_dark
[LOG 15:10:49.437] Load DDS texture: Squad/Parts/Utility/GrapplingDevice/grabberNRM
[LOG 15:10:49.438] Load DDS texture: Squad/Parts/Utility/GrapplingDevice/window
[LOG 15:10:49.440] Load DDS texture: Squad/Parts/Utility/ladderRadial/model000
[LOG 15:10:49.440] Load DDS texture: Squad/Parts/Utility/ladderTelescopic/model000
[LOG 15:10:49.440] Load DDS texture: Squad/Parts/Utility/ladderTelescopic/model001
[LOG 15:10:49.441] Load DDS texture: Squad/Parts/Utility/ladderTelescopic/model002
[LOG 15:10:49.443] Load DDS texture: Squad/Parts/Utility/ladderTelescopicBay/model000
[LOG 15:10:49.443] Load DDS texture: Squad/Parts/Utility/ladderTelescopicBay/model001
[LOG 15:10:49.445] Load DDS texture: Squad/Parts/Utility/landingLegLT-1/ksp_r_landingStrut_diff
[LOG 15:10:49.445] Load DDS texture: Squad/Parts/Utility/landingLegLT-2/landingLeg
[LOG 15:10:49.446] Load DDS texture: Squad/Parts/Utility/landingLegLT-5/leg
[LOG 15:10:49.446] Load DDS texture: Squad/Parts/Utility/landingLegLT-5/model000
[LOG 15:10:49.446] Load DDS texture: Squad/Parts/Utility/launchClamp1/model000
[LOG 15:10:49.446] Load DDS texture: Squad/Parts/Utility/launchClamp1/model001
[LOG 15:10:49.446] Load DDS texture: Squad/Parts/Utility/launchEscapeSystem/LES_Diffuse
[LOG 15:10:49.447] Load DDS texture: Squad/Parts/Utility/Lights/Assets/Lights_Attacheable_Lights_Diffuse
[LOG 15:10:49.447] Load DDS texture: Squad/Parts/Utility/Lights/Assets/Lights_Attacheable_Lights_Diffuse_white
[LOG 15:10:49.447] Load DDS texture: Squad/Parts/Utility/Lights/Assets/Lights_Attacheable_Lights_Emissive
[LOG 15:10:49.447] Load DDS texture: Squad/Parts/Utility/Lights/Assets/Lights_Attacheable_Lights_Normal
[LOG 15:10:49.447] Load DDS texture: Squad/Parts/Utility/Lights/Assets/Lights_Rectangle_Light_Diffuse
[LOG 15:10:49.453] Load DDS texture: Squad/Parts/Utility/Lights/Assets/Lights_Rectangle_Light_Diffuse_white
[LOG 15:10:49.459] Load DDS texture: Squad/Parts/Utility/Lights/Assets/Lights_Rectangle_Light_Emissive
[LOG 15:10:49.466] Load DDS texture: Squad/Parts/Utility/Lights/Assets/Lights_Rectangle_Light_Normal
[LOG 15:10:49.475] Load DDS texture: Squad/Parts/Utility/Lights/Assets/Lights_Worklights_Diffuse
[LOG 15:10:49.476] Load DDS texture: Squad/Parts/Utility/Lights/Assets/Lights_Worklights_Emissive
[LOG 15:10:49.477] Load DDS texture: Squad/Parts/Utility/Lights/Assets/Lights_Worklights_Normal
[LOG 15:10:49.479] Load DDS texture: Squad/Parts/Utility/Lights/Assets/Spotlight_Attacheable_Lights_Diffuse
[LOG 15:10:49.479] Load DDS texture: Squad/Parts/Utility/Lights/Assets/Spotlight_Attacheable_Lights_Diffuse_white
[LOG 15:10:49.480] Load DDS texture: Squad/Parts/Utility/Lights/Assets/Spotlight_Attacheable_Lights_Emissive
[LOG 15:10:49.480] Load DDS texture: Squad/Parts/Utility/Lights/Assets/Spotlight_Attacheable_Lights_Normal
[LOG 15:10:49.480] Load DDS texture: Squad/Parts/Utility/linearVernorRCS/Assets/linear_vernor_diffuse
[LOG 15:10:49.480] Load DDS texture: Squad/Parts/Utility/linearVernorRCS/Assets/linear_vernor_emissive
[LOG 15:10:49.480] Load DDS texture: Squad/Parts/Utility/linearVernorRCS/Assets/linear_vernor_normalDummy
[LOG 15:10:49.481] Load DDS texture: Squad/Parts/Utility/linearVernorRCS/Assets/linear_vernor_specular
[LOG 15:10:49.481] Load DDS texture: Squad/Parts/Utility/mk2CargoBay/mk2CargoBay
[LOG 15:10:49.481] Load DDS texture: Squad/Parts/Utility/mk2CrewCabin/mk2CrewCabin
[LOG 15:10:49.482] Load DDS texture: Squad/Parts/Utility/mk2CrewCabin/mk2CrewCabin_LUM
[LOG 15:10:49.482] Load DDS texture: Squad/Parts/Utility/mk2DockingPort/Arrow Pointer
[LOG 15:10:49.482] Load DDS texture: Squad/Parts/Utility/mk2DockingPort/Mk2Clampotron_Caps_Diffuse
[LOG 15:10:49.482] Load DDS texture: Squad/Parts/Utility/mk2DockingPort/Mk2Clampotron_Caps_Emmisive
[LOG 15:10:49.483] Load DDS texture: Squad/Parts/Utility/mk2DockingPort/Mk2Clampotron_Caps_Normal
[LOG 15:10:49.483] Load DDS texture: Squad/Parts/Utility/mk2DockingPort/Mk2Clampotron_Mk2Clampotron_Diffuse
[LOG 15:10:49.489] Load DDS texture: Squad/Parts/Utility/mk2DockingPort/Mk2Clampotron_Mk2Clampotron_Emissive
[LOG 15:10:49.490] Load DDS texture: Squad/Parts/Utility/mk2DockingPort/Mk2Clampotron_Mk2Clampotron_Normal
[LOG 15:10:49.496] Load DDS texture: Squad/Parts/Utility/mk2DockingPort/mk2DockingPort
[LOG 15:10:49.497] Load DDS texture: Squad/Parts/Utility/mk3CargoBay/Mk3CargoBay
[LOG 15:10:49.498] Load DDS texture: Squad/Parts/Utility/parachuteMk1/model000
[LOG 15:10:49.498] Load DDS texture: Squad/Parts/Utility/parachuteMk1/model001
[LOG 15:10:49.499] Load DDS texture: Squad/Parts/Utility/parachuteMk12-R/model000
[LOG 15:10:49.499] Load DDS texture: Squad/Parts/Utility/parachuteMk12-R/model001
[LOG 15:10:49.499] Load DDS texture: Squad/Parts/Utility/parachuteMk16-XL/model000
[LOG 15:10:49.499] Load DDS texture: Squad/Parts/Utility/parachuteMk16-XL/model001
[LOG 15:10:49.499] Load DDS texture: Squad/Parts/Utility/parachuteMk2-R/model000
[LOG 15:10:49.499] Load DDS texture: Squad/Parts/Utility/parachuteMk2-R/model001
[LOG 15:10:49.499] Load DDS texture: Squad/Parts/Utility/parachuteMk25/model000
[LOG 15:10:49.500] Load DDS texture: Squad/Parts/Utility/parachuteMk25/model001
[LOG 15:10:49.500] Load DDS texture: Squad/Parts/Utility/radialAttachmentPoint/model000
[LOG 15:10:49.500] Load DDS texture: Squad/Parts/Utility/radialAttachmentPoint/model001
[LOG 15:10:49.500] Load DDS texture: Squad/Parts/Utility/rcsBlockRV-105_v2/rcsBlock_diffuse
[LOG 15:10:49.500] Load DDS texture: Squad/Parts/Utility/rcsBlockRV-105_v2/rcsThrusterBlock_normal
[LOG 15:10:49.500] Load DDS texture: Squad/Parts/Utility/rcsBlockRV-105_v2/rcsThruster_emissive
[LOG 15:10:49.500] Load DDS texture: Squad/Parts/Utility/rcsBlockRV-105_v2/rcsThruster_specular
[LOG 15:10:49.500] Load DDS texture: Squad/Parts/Utility/rcsBlockRV-105_v2/RCS_Block_Diffuse
[LOG 15:10:49.501] Load DDS texture: Squad/Parts/Utility/rcsBlockRV-105_v2/RCS_Block_Emissive
[LOG 15:10:49.501] Load DDS texture: Squad/Parts/Utility/rcsBlockRV-105_v2/RCS_Block_Normal
[LOG 15:10:49.501] Load DDS texture: Squad/Parts/Utility/rcsBlockRV-105_v2/RCS_Block_Specular
[LOG 15:10:49.501] Load DDS texture: Squad/Parts/Utility/rcsSmallLinear/Assets/RCS_Linear_Base_Diffuse
[LOG 15:10:49.501] Load DDS texture: Squad/Parts/Utility/rcsSmallLinear/Assets/RCS_Linear_Diffuse
[LOG 15:10:49.501] Load DDS texture: Squad/Parts/Utility/rcsSmallLinear/Assets/RCS_Linear_Emissive
[LOG 15:10:49.501] Load DDS texture: Squad/Parts/Utility/rcsSmallLinear/Assets/RCS_Linear_Normal
[LOG 15:10:49.501] Load DDS texture: Squad/Parts/Utility/rcsSmallLinear/Assets/RCS_Linear_Specular
[LOG 15:10:49.502] Load DDS texture: Squad/Parts/Utility/RelayAntennas/DishAntenna
[LOG 15:10:49.502] Load DDS texture: Squad/Parts/Utility/RelayAntennas/MiniAntenna
[LOG 15:10:49.502] Load DDS texture: Squad/Parts/Utility/rockomaxAdapters/Assets/Rockomax_Adapters_diffuse
[LOG 15:10:49.504] Load DDS texture: Squad/Parts/Utility/rockomaxAdapters/Assets/Rockomax_Adapters_diffuse_O
[LOG 15:10:49.505] Load DDS texture: Squad/Parts/Utility/rockomaxAdapters/Assets/Rockomax_Adapters_diffuse_W
[LOG 15:10:49.508] Load DDS texture: Squad/Parts/Utility/rockomaxAdapters/Assets/Rockomax_Adapters_normal
[LOG 15:10:49.509] Load DDS texture: Squad/Parts/Utility/rockomaxAdapters/Assets/Rockomax_Adapters_normal_O
[LOG 15:10:49.511] Load DDS texture: Squad/Parts/Utility/ServiceBay/ServiceBay
[LOG 15:10:49.511] Load Cached PNG Texture: Squad/Parts/Utility/ServiceBay_v2/Assets/Scratch
[LOG 15:10:49.514] Load Cached PNG Texture: Squad/Parts/Utility/ServiceBay_v2/Assets/ServiceBay_bump
[LOG 15:10:49.518] Load Cached PNG Texture: Squad/Parts/Utility/ServiceBay_v2/Assets/ServiceBay_v2
[LOG 15:10:49.518] Load DDS texture: Squad/Parts/Utility/smallClaw/grabberSmallDiffuse
[LOG 15:10:49.519] Load DDS texture: Squad/Parts/Utility/smallClaw/grabberSmallDiffuseDark
[LOG 15:10:49.521] Load DDS texture: Squad/Parts/Utility/smallClaw/grabberSmallNRM
[LOG 15:10:49.521] Load DDS texture: Squad/Parts/Utility/smallClaw/window
[LOG 15:10:49.521] Load DDS texture: Squad/Parts/Utility/spotLightMk1/light1
[LOG 15:10:49.521] Load DDS texture: Squad/Parts/Utility/spotLightMk1/light1_em
[LOG 15:10:49.521] Load DDS texture: Squad/Parts/Utility/spotLightMk1_v2/spotLightMk1_Diffuse
[LOG 15:10:49.521] Load DDS texture: Squad/Parts/Utility/spotLightMk1_v2/spotLightMk1_Diffuse_white
[LOG 15:10:49.521] Load DDS texture: Squad/Parts/Utility/spotLightMk1_v2/spotLightMk1_Emissive
[LOG 15:10:49.522] Load DDS texture: Squad/Parts/Utility/spotLightMk1_v2/spotLightMk1_Normal
[LOG 15:10:49.522] Load DDS texture: Squad/Parts/Utility/spotLightMk2/light2
[LOG 15:10:49.522] Load DDS texture: Squad/Parts/Utility/spotLightMk2/light2_em
[LOG 15:10:49.522] Load DDS texture: Squad/Parts/Utility/spotLightMk2_v2/spotLightMk2_Diffuse
[LOG 15:10:49.522] Load DDS texture: Squad/Parts/Utility/spotLightMk2_v2/spotLightMk2_Diffuse_white
[LOG 15:10:49.522] Load DDS texture: Squad/Parts/Utility/spotLightMk2_v2/spotLightMk2_Emissive
[LOG 15:10:49.529] Load DDS texture: Squad/Parts/Utility/spotLightMk2_v2/spotLightMk2_Normal
[LOG 15:10:49.529] Load DDS texture: Squad/Parts/Utility/stackCouplers/Assets/stackCouplersDiffuse
[LOG 15:10:49.531] Load DDS texture: Squad/Parts/Utility/stackCouplers/Assets/stackCouplersDiffuse_Dark
[LOG 15:10:49.532] Load DDS texture: Squad/Parts/Utility/stackCouplers/Assets/stackCouplersDiffuse_Orange
[LOG 15:10:49.533] Load DDS texture: Squad/Parts/Utility/stackCouplers/Assets/stackCouplers_NRM
[LOG 15:10:49.534] Load DDS texture: Squad/Parts/Utility/stackCouplers/Assets/stackCouplers_Orange_NRM
[LOG 15:10:49.535] Load DDS texture: Squad/Parts/Wheel/LandingGear/Flare
[LOG 15:10:49.536] Load DDS texture: Squad/Parts/Wheel/LandingGear/LandingGear
[LOG 15:10:49.536] Load DDS texture: Squad/Parts/Wheel/LandingGear/LandingGear_Emissive
[LOG 15:10:49.537] Load DDS texture: Squad/Parts/Wheel/roverWheelM1/model000
[LOG 15:10:49.537] Load DDS texture: Squad/Parts/Wheel/roverWheelM1/roverwheel1
[LOG 15:10:49.537] Load DDS texture: Squad/Parts/Wheel/roverWheelS2/model000
[LOG 15:10:49.537] Load DDS texture: Squad/Parts/Wheel/roverWheelS2/model001
[LOG 15:10:49.538] Load DDS texture: Squad/Parts/Wheel/roverWheelS2/roverwheel2
[LOG 15:10:49.540] Load DDS texture: Squad/Parts/Wheel/roverWheelS2/roverwheel2_n
[LOG 15:10:49.540] Load DDS texture: Squad/Parts/Wheel/roverWheelTR-2L/ksp_r_medWheel_diff
[LOG 15:10:49.541] Load DDS texture: Squad/Parts/Wheel/roverWheelTR-2L/ksp_r_medWheel_normal
[LOG 15:10:49.543] Load DDS texture: Squad/Parts/Wheel/roverWheelTR-2L/ksp_r_medWheel_wheel_diff
[LOG 15:10:49.543] Load DDS texture: Squad/Parts/Wheel/roverWheelTR-2L/ksp_r_medWheel_wheel_normal
[LOG 15:10:49.545] Load DDS texture: Squad/Parts/Wheel/roverWheelXL3/mount
[LOG 15:10:49.546] Load DDS texture: Squad/Parts/Wheel/roverWheelXL3/mount_n
[LOG 15:10:49.546] Load DDS texture: Squad/Parts/Wheel/roverWheelXL3/wheel
[LOG 15:10:49.546] Load DDS texture: Squad/Parts/Wheel/roverWheelXL3/wheel_n
[LOG 15:10:49.546] Load DDS texture: Squad/Props/AltimeterThreeHands/model000
[LOG 15:10:49.546] Load DDS texture: Squad/Props/AltimeterThreeHands/model001
[LOG 15:10:49.546] Load DDS texture: Squad/Props/AtmosphereDepth/model000
[LOG 15:10:49.547] Load DDS texture: Squad/Props/AtmosphereDepth/model001
[LOG 15:10:49.547] Load DDS texture: Squad/Props/AxisIndicator/model000
[LOG 15:10:49.547] Load DDS texture: Squad/Props/buttonsGeneric/ButtonsAndSwitches
[LOG 15:10:49.547] Load DDS texture: Squad/Props/ButtonSquare/model000
[LOG 15:10:49.548] Load DDS texture: Squad/Props/circularButton/model000
[LOG 15:10:49.550] Load DDS texture: Squad/Props/Compass/model000
[LOG 15:10:49.550] Load DDS texture: Squad/Props/directionalKnob/model000
[LOG 15:10:49.550] Load DDS texture: Squad/Props/directionalKnob2/model000
[LOG 15:10:49.550] Load DDS texture: Squad/Props/IndicatorPanel/model000
[LOG 15:10:49.550] Load DDS texture: Squad/Props/IndicatorPanel/model001
[LOG 15:10:49.555] Load DDS texture: Squad/Props/IVANavBall/Arrows8dir
[LOG 15:10:49.555] Load DDS texture: Squad/Props/IVANavBall/IVANavBall
[LOG 15:10:49.555] Load DDS texture: Squad/Props/IVANavBall/IVANavBall_Glow
[LOG 15:10:49.555] Load DDS texture: Squad/Props/IVANavBall/ManeuverNode_vectors
[LOG 15:10:49.555] Load DDS texture: Squad/Props/IVANavBall/navball2
[LOG 15:10:49.559] Load DDS texture: Squad/Props/IVANavBall/navBall_DV_IVA
[LOG 15:10:49.559] Load DDS texture: Squad/Props/IVANavBall/navBall_vectors_IVA
[LOG 15:10:49.559] Load Cached PNG Texture: Squad/Props/IVANavBallNoBase/Arrows8dir
[LOG 15:10:49.559] Load Cached PNG Texture: Squad/Props/IVANavBallNoBase/IVANavBall
[LOG 15:10:49.562] Load Cached PNG Texture: Squad/Props/IVANavBallNoBase/ManeuverNode_vectors
[LOG 15:10:49.562] Load Cached PNG Texture: Squad/Props/IVANavBallNoBase/navball2
[LOG 15:10:49.562] Load Cached PNG Texture: Squad/Props/IVANavBallNoBase/navBall_DV_IVA
[LOG 15:10:49.562] Load Cached PNG Texture: Squad/Props/IVANavBallNoBase/navBall_vectors_IVA
[LOG 15:10:49.562] Load DDS texture: Squad/Props/ledPanelSpeed/circularButton
[LOG 15:10:49.562] Load DDS texture: Squad/Props/ledPanelSpeed/ledPanel
[LOG 15:10:49.562] Load DDS texture: Squad/Props/Monitor/Emissives
[LOG 15:10:49.562] Load DDS texture: Squad/Props/Monitor/Emissives_glow
[LOG 15:10:49.562] Load DDS texture: Squad/Props/Monitor/Monitor
[LOG 15:10:49.563] Load DDS texture: Squad/Props/NavBall/GaugeGee
[LOG 15:10:49.563] Load DDS texture: Squad/Props/NavBall/GaugeThrottle
[LOG 15:10:49.563] Load DDS texture: Squad/Props/NavBall/model000
[LOG 15:10:49.563] Load DDS texture: Squad/Props/NavBall/model001
[LOG 15:10:49.563] Load DDS texture: Squad/Props/NavBall/model002
[LOG 15:10:49.563] Load DDS texture: Squad/Props/NavBall/model003
[LOG 15:10:49.563] Load DDS texture: Squad/Props/PropsGeneric/propsGeneric
[LOG 15:10:49.564] Load DDS texture: Squad/Props/pullSwitch/model000
[LOG 15:10:49.564] Load DDS texture: Squad/Props/pullSwitch/model001
[LOG 15:10:49.564] Load DDS texture: Squad/Props/radarAltitude/model000
[LOG 15:10:49.564] Load DDS texture: Squad/Props/squareButton/model000
[LOG 15:10:49.564] Load DDS texture: Squad/Props/standingSwitch/model000
[LOG 15:10:49.564] Load DDS texture: Squad/Props/standingSwitch/model001
[LOG 15:10:49.564] Load DDS texture: Squad/Props/switch/model000
[LOG 15:10:49.565] Load DDS texture: Squad/Props/switchGuard/model000
[LOG 15:10:49.565] Load DDS texture: Squad/Props/switchWithGuards/model000
[LOG 15:10:49.565] Load DDS texture: Squad/Props/switchWithGuards/model001
[LOG 15:10:49.565] Load DDS texture: Squad/Props/switchWithGuards/model002
[LOG 15:10:49.565] Load DDS texture: Squad/Props/throttle/model000
[LOG 15:10:49.565] Load DDS texture: Squad/Props/throttle/model001
[LOG 15:10:49.566] Load DDS texture: Squad/Props/VSI/model000
[LOG 15:10:49.567] Load DDS texture: Squad/Spaces/crewCabinInternals/model000
[LOG 15:10:49.567] Load DDS texture: Squad/Spaces/crewCabinInternals/model001
[LOG 15:10:49.571] Load DDS texture: Squad/Spaces/crewCabinInternals/model002
[LOG 15:10:49.571] Load DDS texture: Squad/Spaces/crewCabinInternals/model003
[LOG 15:10:49.577] Load DDS texture: Squad/Spaces/crewCabinInternals/model004
[LOG 15:10:49.581] Load DDS texture: Squad/Spaces/crewCabinInternals/model005
[LOG 15:10:49.581] Load DDS texture: Squad/Spaces/cupolaInternal/ksp_l_cupola_internal_diff
[LOG 15:10:49.586] Load DDS texture: Squad/Spaces/cupolaInternal/ksp_l_cupola_internal_normal
[LOG 15:10:49.592] Load DDS texture: Squad/Spaces/cupolaInternal/ksp_l_cupola_internal_windows_alpha
[LOG 15:10:49.594] Load DDS texture: Squad/Spaces/cupolaInternal/pilot Seat
[LOG 15:10:49.595] Load DDS texture: Squad/Spaces/GenericSpace1/model000
[LOG 15:10:49.596] Load DDS texture: Squad/Spaces/GenericSpace1/model001
[LOG 15:10:49.597] Load DDS texture: Squad/Spaces/GenericSpace1/model002
[LOG 15:10:49.598] Load DDS texture: Squad/Spaces/GenericSpace1/model003
[LOG 15:10:49.599] Load DDS texture: Squad/Spaces/GenericSpace1/model004
[LOG 15:10:49.600] Load DDS texture: Squad/Spaces/GenericSpace1/model005
[LOG 15:10:49.602] Load DDS texture: Squad/Spaces/GenericSpace3/model000
[LOG 15:10:49.603] Load DDS texture: Squad/Spaces/GenericSpace3/model001
[LOG 15:10:49.603] Load DDS texture: Squad/Spaces/GenericSpace3/model002
[LOG 15:10:49.604] Load DDS texture: Squad/Spaces/GenericSpace3/model003
[LOG 15:10:49.606] Load DDS texture: Squad/Spaces/GenericSpace3/model004
[LOG 15:10:49.607] Load DDS texture: Squad/Spaces/GenericSpace3/model005
[LOG 15:10:49.608] Load DDS texture: Squad/Spaces/GenericSpace3/model006
[LOG 15:10:49.609] Load DDS texture: Squad/Spaces/GenericSpace3/model007
[LOG 15:10:49.609] Load DDS texture: Squad/Spaces/landerCabinInternals/model000
[LOG 15:10:49.617] Load DDS texture: Squad/Spaces/landerCabinInternals/model001
[LOG 15:10:49.618] Load DDS texture: Squad/Spaces/landerCabinInternals/model002
[LOG 15:10:49.620] Load DDS texture: Squad/Spaces/landerCabinInternals/model003
[LOG 15:10:49.625] Load DDS texture: Squad/Spaces/landerCabinInternals/model004
[LOG 15:10:49.626] Load DDS texture: Squad/Spaces/landerCabinInternals/model005
[LOG 15:10:49.626] Load DDS texture: Squad/Spaces/landerCabinInternals/model006
[LOG 15:10:49.627] Load DDS texture: Squad/Spaces/landerCabinInternals/model007
[LOG 15:10:49.628] Load DDS texture: Squad/Spaces/landerCabinSmallInternal/ksp_s_landerCan_internal_diff
[LOG 15:10:49.632] Load DDS texture: Squad/Spaces/landerCabinSmallInternal/ksp_s_landerCan_internal_normal
[LOG 15:10:49.638] Load DDS texture: Squad/Spaces/landerCabinSmallInternal/ksp_s_landerCan_internal_window_alpha
[LOG 15:10:49.639] Load DDS texture: Squad/Spaces/landerCabinSmallInternal/pilot Seat
[LOG 15:10:49.641] Load DDS texture: Squad/Spaces/LargeCrewedLabInternals/Glass
[LOG 15:10:49.641] Load DDS texture: Squad/Spaces/LargeCrewedLabInternals/MPL_Int
[LOG 15:10:49.657] Load DDS texture: Squad/Spaces/LargeCrewedLabInternals/MPL_Int_n_NRM
[LOG 15:10:49.657] Load DDS texture: Squad/Spaces/Mk1-3/Mk1_3_IvaProps_Diffuse
[LOG 15:10:49.661] Load DDS texture: Squad/Spaces/Mk1-3/Mk1_3_IvaProps_Normal
[LOG 15:10:49.665] Load DDS texture: Squad/Spaces/Mk1-3/Mk1_3_IvaShell_Diffuse
[LOG 15:10:49.670] Load DDS texture: Squad/Spaces/Mk1-3/Mk1_3_IvaShell_Emissive
[LOG 15:10:49.677] Load DDS texture: Squad/Spaces/Mk1-3/Mk1_3_IvaShell_Normal
[LOG 15:10:49.689] Load DDS texture: Squad/Spaces/Mk1-3/pilot Seat
[LOG 15:10:49.689] Load DDS texture: Squad/Spaces/mk1CabinInternal/Cabin_Lightmap
[LOG 15:10:49.689] Load DDS texture: Squad/Spaces/mk1CabinInternal/CockpitGeneric
[LOG 15:10:49.689] Load DDS texture: Squad/Spaces/mk1CabinInternal/CockpitGeneric_NRM
[LOG 15:10:49.689] Load DDS texture: Squad/Spaces/mk1CockpitInternal/CockpitGeneric
[LOG 15:10:49.690] Load DDS texture: Squad/Spaces/mk1CockpitInternal/CockpitGeneric_NRM
[LOG 15:10:49.690] Load DDS texture: Squad/Spaces/mk1CockpitInternal/IVAMAP
[LOG 15:10:49.690] Load DDS texture: Squad/Spaces/mk1CockpitInternal/Windows
[LOG 15:10:49.691] Load DDS texture: Squad/Spaces/mk1InlineInternal/Canopy
[LOG 15:10:49.692] Load DDS texture: Squad/Spaces/mk1InlineInternal/CockpitGeneric
[LOG 15:10:49.692] Load DDS texture: Squad/Spaces/mk1InlineInternal/CockpitGeneric_NRM
[LOG 15:10:49.692] Load DDS texture: Squad/Spaces/mk1InlineInternal/Mk1Inline_Lightmap
[LOG 15:10:49.692] Load DDS texture: Squad/Spaces/mk1PodCockpit/model000
[LOG 15:10:49.694] Load DDS texture: Squad/Spaces/mk1PodCockpit/model001
[LOG 15:10:49.695] Load DDS texture: Squad/Spaces/mk1PodCockpit/model002
[LOG 15:10:49.697] Load DDS texture: Squad/Spaces/mk1PodCockpit/model003
[LOG 15:10:49.698] Load DDS texture: Squad/Spaces/mk1PodCockpit/model004
[LOG 15:10:49.701] Load DDS texture: Squad/Spaces/mk1PodCockpit/model005
[LOG 15:10:49.702] Load DDS texture: Squad/Spaces/mk1PodCockpit/model006
[LOG 15:10:49.702] Load DDS texture: Squad/Spaces/mk1PodCockpit/model007
[LOG 15:10:49.703] Load DDS texture: Squad/Spaces/mk1pod_IVA/mk1pod_iva_props_diffuse
[LOG 15:10:49.708] Load DDS texture: Squad/Spaces/mk1pod_IVA/mk1pod_iva_props_emissive
[LOG 15:10:49.709] Load DDS texture: Squad/Spaces/mk1pod_IVA/mk1pod_iva_props_normal
[LOG 15:10:49.714] Load DDS texture: Squad/Spaces/mk1pod_IVA/mk1pod_iva_shell_diffuse
[LOG 15:10:49.726] Load DDS texture: Squad/Spaces/mk1pod_IVA/mk1pod_iva_shell_normal
[LOG 15:10:49.732] Load MBM texture: Squad/Spaces/mk1pod_IVA/pilot Seat
[LOG 15:10:49.792] Load DDS texture: Squad/Spaces/mk2CockpitStandardInternal/CargoBagA
[LOG 15:10:49.792] Load DDS texture: Squad/Spaces/mk2CockpitStandardInternal/Mk2StandardIVA
[LOG 15:10:49.792] Load DDS texture: Squad/Spaces/mk2CockpitStandardInternal/Pilotseat
[LOG 15:10:49.792] Load DDS texture: Squad/Spaces/mk2CockpitStandardInternal/Windows
[LOG 15:10:49.792] Load DDS texture: Squad/Spaces/Mk2CrewCabinInternal/CargoBagA
[LOG 15:10:49.793] Load DDS texture: Squad/Spaces/Mk2CrewCabinInternal/Glass
[LOG 15:10:49.793] Load DDS texture: Squad/Spaces/Mk2CrewCabinInternal/Mk2StandardIVA
[LOG 15:10:49.793] Load DDS texture: Squad/Spaces/Mk2CrewCabinInternal/Pilotseat
[LOG 15:10:49.793] Load DDS texture: Squad/Spaces/mk2InlineInternal/CockpitGeneric
[LOG 15:10:49.794] Load DDS texture: Squad/Spaces/mk2InlineInternal/CockpitGeneric_NRM
[LOG 15:10:49.796] Load DDS texture: Squad/Spaces/mk2InlineInternal/Mk2InlineLightmap
[LOG 15:10:49.798] Load DDS texture: Squad/Spaces/mk2InlineInternal/propsGeneric
[LOG 15:10:49.799] Load DDS texture: Squad/Spaces/mk2LanderCanInternal/mk2LanderCan_props_diffuse
[LOG 15:10:49.807] Load DDS texture: Squad/Spaces/mk2LanderCanInternal/mk2LanderCan_props_normal
[LOG 15:10:49.813] Load DDS texture: Squad/Spaces/mk2LanderCanInternal/mk2LanderCan_shell_diffuse
[LOG 15:10:49.820] Load DDS texture: Squad/Spaces/mk2LanderCanInternal/mk2LanderCan_shell_normal
[LOG 15:10:49.829] Load MBM texture: Squad/Spaces/mk2LanderCanInternal/pilot Seat
[LOG 15:10:49.872] Load DDS texture: Squad/Spaces/MK3CockpitInternal/Glass
[LOG 15:10:49.872] Load DDS texture: Squad/Spaces/MK3CockpitInternal/Mk2StandardIVA
[LOG 15:10:49.872] Load DDS texture: Squad/Spaces/MK3_CrewCab_Int/Glass
[LOG 15:10:49.875] Load DDS texture: Squad/Spaces/MK3_CrewCab_Int/GlassMK3CC
[LOG 15:10:49.875] Load DDS texture: Squad/Spaces/MK3_CrewCab_Int/Mk2StandardIVA
[LOG 15:10:49.875] Load DDS texture: Squad/Spaces/MK3_CrewCab_Int/MK3_CrewCab_Int
[LOG 15:10:49.875] Load DDS texture: Squad/Spaces/MK3_CrewCab_Int/MK3_CrewCab_Int_n
[LOG 15:10:49.876] Load DDS texture: Squad/Spaces/MK3_CrewCab_Int/Pilotseat
[LOG 15:10:49.876] Load DDS texture: Squad/Spaces/Placeholder/PlaceholderIVA
[LOG 15:10:49.876] Load DDS texture: Squad/Spaces/PodCockpit/model000
[LOG 15:10:49.878] Load DDS texture: Squad/Spaces/PodCockpit/model001
[LOG 15:10:49.879] Load DDS texture: Squad/Spaces/PodCockpit/model002
[LOG 15:10:49.880] Load DDS texture: Squad/Spaces/PodCockpit/model003
[LOG 15:10:49.881] Load DDS texture: Squad/Spaces/PodCockpit/model004
[LOG 15:10:49.883] Load DDS texture: Squad/Spaces/PodCockpit/model005
[LOG 15:10:49.884] Load DDS texture: Squad/Spaces/PodCockpit/model006
[LOG 15:10:49.884] Load DDS texture: Squad/Spaces/PodCockpit/model007
[LOG 15:10:49.885] Load DDS texture: Squad/Spaces/sharedAssets/CockpitGeneric
[LOG 15:10:49.886] Load DDS texture: Squad/Spaces/sharedAssets/CockpitGeneric_NRM
[LOG 15:10:49.887] Load Cached PNG Texture: Squad/Strategies/Icons/AggressiveNegotiations
[LOG 15:10:49.887] Load Cached PNG Texture: Squad/Strategies/Icons/AppreciationCampaign
[LOG 15:10:49.887] Load Cached PNG Texture: Squad/Strategies/Icons/BailOutGrant
[LOG 15:10:49.887] Load Cached PNG Texture: Squad/Strategies/Icons/FundraisingCampaign
[LOG 15:10:49.889] Load Cached PNG Texture: Squad/Strategies/Icons/LeadershipInitiative
[LOG 15:10:49.889] Load Cached PNG Texture: Squad/Strategies/Icons/OpenSourceTechProgram
[LOG 15:10:49.892] Load Cached PNG Texture: Squad/Strategies/Icons/OutsourcedResearch
[LOG 15:10:49.892] Load Cached PNG Texture: Squad/Strategies/Icons/PatentsLicensing
[LOG 15:10:49.892] Load Cached PNG Texture: Squad/Strategies/Icons/RecoveryTransponderFitting
[LOG 15:10:49.892] Load Cached PNG Texture: Squad/Strategies/Icons/ResearchRightsSellOut
[LOG 15:10:49.892] Load Cached PNG Texture: Squad/Strategies/Icons/UnpaidResearchProgram
[LOG 15:10:49.892] Load Cached PNG Texture: Squad/Tutorials/ChuteColors
[LOG 15:10:49.892] Load DDS texture: Squad/Tutorials/EditorCoM
[LOG 15:10:49.892] Load Cached PNG Texture: Squad/Tutorials/EditorSnap
[LOG 15:10:49.892] Load Cached PNG Texture: Squad/Tutorials/EditorSnap4x
[LOG 15:10:49.892] Load Cached PNG Texture: Squad/Tutorials/EditorSymm
[LOG 15:10:49.892] Load Cached PNG Texture: Squad/Tutorials/StagingStack
[LOG 15:10:49.894] Load PNG texture: Squad/Tutorials/YPRDiagram
[WRN 15:10:49.894] Texture isn't eligible for DXT compression, width and height must be multiples of 4
[LOG 15:10:49.895] Load Cached PNG Texture: SquadExpansion/MakingHistory/Banners/Fail/default
[LOG 15:10:49.895] Load Cached PNG Texture: SquadExpansion/MakingHistory/Banners/Fail/fail01
[LOG 15:10:49.895] Load Cached PNG Texture: SquadExpansion/MakingHistory/Banners/Fail/fail02
[LOG 15:10:49.895] Load PNG texture: SquadExpansion/MakingHistory/Banners/Menu/default
[WRN 15:10:49.898] Texture isn't eligible for DXT compression, width and height must be multiples of 4
[LOG 15:10:49.899] Load PNG texture: SquadExpansion/MakingHistory/Banners/Menu/MBanner_01
[WRN 15:10:49.902] Texture isn't eligible for DXT compression, width and height must be multiples of 4
[LOG 15:10:49.902] Load PNG texture: SquadExpansion/MakingHistory/Banners/Menu/MBanner_02
[WRN 15:10:49.906] Texture isn't eligible for DXT compression, width and height must be multiples of 4
[LOG 15:10:49.907] Load PNG texture: SquadExpansion/MakingHistory/Banners/Menu/MBanner_03
[WRN 15:10:49.912] Texture isn't eligible for DXT compression, width and height must be multiples of 4
[LOG 15:10:49.913] Load Cached PNG Texture: SquadExpansion/MakingHistory/Banners/Success/default
[LOG 15:10:49.913] Load Cached PNG Texture: SquadExpansion/MakingHistory/Banners/Success/success01
[LOG 15:10:49.915] Load Cached PNG Texture: SquadExpansion/MakingHistory/Banners/Success/success02
[LOG 15:10:49.917] Load Cached PNG Texture: SquadExpansion/MakingHistory/Missions/Acapello 13/Banners/Fail/fail01
[LOG 15:10:49.917] Load PNG texture: SquadExpansion/MakingHistory/Missions/Acapello 13/Banners/Menu/Mun
[WRN 15:10:49.919] Texture isn't eligible for DXT compression, width and height must be multiples of 4
[LOG 15:10:49.920] Load Cached PNG Texture: SquadExpansion/MakingHistory/Missions/Acapello 13/Banners/Success/success01
[LOG 15:10:49.920] Load Cached PNG Texture: SquadExpansion/MakingHistory/Missions/Acapello 15/Banners/Fail/default
[LOG 15:10:49.921] Load Cached PNG Texture: SquadExpansion/MakingHistory/Missions/Acapello 15/Banners/Fail/fail02
[LOG 15:10:49.921] Load PNG texture: SquadExpansion/MakingHistory/Missions/Acapello 15/Banners/Menu/default
[WRN 15:10:49.923] Texture isn't eligible for DXT compression, width and height must be multiples of 4
[LOG 15:10:49.923] Load Cached PNG Texture: SquadExpansion/MakingHistory/Missions/Acapello 15/Banners/Success/default
[LOG 15:10:49.927] Load Cached PNG Texture: SquadExpansion/MakingHistory/Missions/Blue Mun/Banners/Fail/fail01
[LOG 15:10:49.929] Load PNG texture: SquadExpansion/MakingHistory/Missions/Blue Mun/Banners/Menu/default
[WRN 15:10:49.931] Texture isn't eligible for DXT compression, width and height must be multiples of 4
[LOG 15:10:49.935] Load Cached PNG Texture: SquadExpansion/MakingHistory/Missions/Blue Mun/Banners/Success/success02
[LOG 15:10:49.935] Load Cached PNG Texture: SquadExpansion/MakingHistory/Missions/Dawn of the Space Age/Banners/Fail/default
[LOG 15:10:49.938] Load PNG texture: SquadExpansion/MakingHistory/Missions/Dawn of the Space Age/Banners/Menu/default
[WRN 15:10:49.940] Texture isn't eligible for DXT compression, width and height must be multiples of 4
[LOG 15:10:49.941] Load Cached PNG Texture: SquadExpansion/MakingHistory/Missions/Dawn of the Space Age/Banners/Success/default
[LOG 15:10:49.941] Load Cached PNG Texture: SquadExpansion/MakingHistory/Missions/Meet Me in Zero G/Banners/Fail/default
[LOG 15:10:49.941] Load Cached PNG Texture: SquadExpansion/MakingHistory/Missions/Meet Me in Zero G/Banners/Fail/fail01
[LOG 15:10:49.942] Load PNG texture: SquadExpansion/MakingHistory/Missions/Meet Me in Zero G/Banners/Menu/default
[WRN 15:10:49.944] Texture isn't eligible for DXT compression, width and height must be multiples of 4
[LOG 15:10:49.946] Load Cached PNG Texture: SquadExpansion/MakingHistory/Missions/Meet Me in Zero G/Banners/Success/default
[LOG 15:10:49.946] Load Cached PNG Texture: SquadExpansion/MakingHistory/Missions/Meet Me in Zero G/Banners/Success/success02
[LOG 15:10:49.946] Load Cached PNG Texture: SquadExpansion/MakingHistory/Missions/Munar 1/Banners/Fail/default
[LOG 15:10:49.946] Load Cached PNG Texture: SquadExpansion/MakingHistory/Missions/Munar 1/Banners/Fail/fail02
[LOG 15:10:49.946] Load PNG texture: SquadExpansion/MakingHistory/Missions/Munar 1/Banners/Menu/default
[WRN 15:10:49.949] Texture isn't eligible for DXT compression, width and height must be multiples of 4
[LOG 15:10:49.949] Load Cached PNG Texture: SquadExpansion/MakingHistory/Missions/Munar 1/Banners/Success/default
[LOG 15:10:49.949] Load Cached PNG Texture: SquadExpansion/MakingHistory/Missions/Munar 1/Banners/Success/success01
[LOG 15:10:49.949] Load Cached PNG Texture: SquadExpansion/MakingHistory/Missions/Sally-Hut 1/Banners/Fail/default
[LOG 15:10:49.949] Load Cached PNG Texture: SquadExpansion/MakingHistory/Missions/Sally-Hut 1/Banners/Fail/fail01
[LOG 15:10:49.949] Load Cached PNG Texture: SquadExpansion/MakingHistory/Missions/Sally-Hut 1/Banners/Menu/bannerSatellite
[LOG 15:10:49.949] Load Cached PNG Texture: SquadExpansion/MakingHistory/Missions/Sally-Hut 1/Banners/Success/default
[LOG 15:10:49.949] Load Cached PNG Texture: SquadExpansion/MakingHistory/Missions/Sally-Hut 1/Banners/Success/success02
[LOG 15:10:49.949] Load Cached PNG Texture: SquadExpansion/MakingHistory/Missions/To the Mun Via Minmus/Banners/Fail/fail02
[LOG 15:10:49.950] Load PNG texture: SquadExpansion/MakingHistory/Missions/To the Mun Via Minmus/Banners/Menu/MissionBannerKerbin
[WRN 15:10:49.952] Texture isn't eligible for DXT compression, width and height must be multiples of 4
[LOG 15:10:49.955] Load Cached PNG Texture: SquadExpansion/MakingHistory/Missions/To the Mun Via Minmus/Banners/Success/success01
[LOG 15:10:49.955] Load Cached PNG Texture: SquadExpansion/MakingHistory/Missions/Trouble in the Void/Banners/Fail/fail01
[LOG 15:10:49.955] Load PNG texture: SquadExpansion/MakingHistory/Missions/Trouble in the Void/Banners/Menu/default
[WRN 15:10:49.957] Texture isn't eligible for DXT compression, width and height must be multiples of 4
[LOG 15:10:49.957] Load Cached PNG Texture: SquadExpansion/MakingHistory/Missions/Trouble in the Void/Banners/Success/success02
[LOG 15:10:49.957] Load Cached PNG Texture: SquadExpansion/MakingHistory/Missions/Ziggy Kerman and the Spiders from Duna/Banners/Fail/fail02
[LOG 15:10:49.959] Load Cached PNG Texture: SquadExpansion/MakingHistory/Missions/Ziggy Kerman and the Spiders from Duna/Banners/Menu/bannerSatellite
[LOG 15:10:49.959] Load Cached PNG Texture: SquadExpansion/MakingHistory/Missions/Ziggy Kerman and the Spiders from Duna/Banners/Success/success01
[LOG 15:10:49.959] Load Cached PNG Texture: SquadExpansion/MakingHistory/Parts/@thumbs/Decoupler.1p5_icon0
[LOG 15:10:49.959] Load Cached PNG Texture: SquadExpansion/MakingHistory/Parts/@thumbs/Decoupler.1p5_icon1
[LOG 15:10:49.959] Load Cached PNG Texture: SquadExpansion/MakingHistory/Parts/@thumbs/EquiTriangle0_icon0
[LOG 15:10:49.959] Load Cached PNG Texture: SquadExpansion/MakingHistory/Parts/@thumbs/EquiTriangle0_icon1
[LOG 15:10:49.959] Load Cached PNG Texture: SquadExpansion/MakingHistory/Parts/@thumbs/EquiTriangle0_icon2
[LOG 15:10:49.959] Load Cached PNG Texture: SquadExpansion/MakingHistory/Parts/@thumbs/EquiTriangle0_icon3
[LOG 15:10:49.959] Load Cached PNG Texture: SquadExpansion/MakingHistory/Parts/@thumbs/EquiTriangle1p5_icon0
[LOG 15:10:49.959] Load Cached PNG Texture: SquadExpansion/MakingHistory/Parts/@thumbs/EquiTriangle1p5_icon1
[LOG 15:10:49.959] Load Cached PNG Texture: SquadExpansion/MakingHistory/Parts/@thumbs/EquiTriangle1p5_icon2
[LOG 15:10:49.960] Load Cached PNG Texture: SquadExpansion/MakingHistory/Parts/@thumbs/EquiTriangle1p5_icon3
[LOG 15:10:49.962] Load Cached PNG Texture: SquadExpansion/MakingHistory/Parts/@thumbs/EquiTriangle1_icon0
[LOG 15:10:49.962] Load Cached PNG Texture: SquadExpansion/MakingHistory/Parts/@thumbs/EquiTriangle1_icon1
[LOG 15:10:49.962] Load Cached PNG Texture: SquadExpansion/MakingHistory/Parts/@thumbs/EquiTriangle1_icon2
[LOG 15:10:49.962] Load Cached PNG Texture: SquadExpansion/MakingHistory/Parts/@thumbs/EquiTriangle1_icon3
[LOG 15:10:49.962] Load Cached PNG Texture: SquadExpansion/MakingHistory/Parts/@thumbs/EquiTriangle2_icon0
[LOG 15:10:49.963] Load Cached PNG Texture: SquadExpansion/MakingHistory/Parts/@thumbs/EquiTriangle2_icon1
[LOG 15:10:49.963] Load Cached PNG Texture: SquadExpansion/MakingHistory/Parts/@thumbs/EquiTriangle2_icon2
[LOG 15:10:49.963] Load Cached PNG Texture: SquadExpansion/MakingHistory/Parts/@thumbs/EquiTriangle2_icon3
[LOG 15:10:49.963] Load Cached PNG Texture: SquadExpansion/MakingHistory/Parts/@thumbs/HeatShield1p5_icon
[LOG 15:10:49.963] Load Cached PNG Texture: SquadExpansion/MakingHistory/Parts/@thumbs/InflatableAirlock_icon
[LOG 15:10:49.963] Load Cached PNG Texture: SquadExpansion/MakingHistory/Parts/@thumbs/LiquidEngineRV-1_icon
[LOG 15:10:49.963] Load Cached PNG Texture: SquadExpansion/MakingHistory/Parts/@thumbs/monopropMiniSphere_icon
[LOG 15:10:49.963] Load Cached PNG Texture: SquadExpansion/MakingHistory/Parts/@thumbs/Panel0_icon0
[LOG 15:10:49.963] Load Cached PNG Texture: SquadExpansion/MakingHistory/Parts/@thumbs/Panel0_icon1
[LOG 15:10:49.964] Load Cached PNG Texture: SquadExpansion/MakingHistory/Parts/@thumbs/Panel0_icon2
[LOG 15:10:49.964] Load Cached PNG Texture: SquadExpansion/MakingHistory/Parts/@thumbs/Panel0_icon3
[LOG 15:10:49.964] Load Cached PNG Texture: SquadExpansion/MakingHistory/Parts/@thumbs/Panel1p5_icon0
[LOG 15:10:49.964] Load Cached PNG Texture: SquadExpansion/MakingHistory/Parts/@thumbs/Panel1p5_icon1
[LOG 15:10:49.964] Load Cached PNG Texture: SquadExpansion/MakingHistory/Parts/@thumbs/Panel1p5_icon2
[LOG 15:10:49.964] Load Cached PNG Texture: SquadExpansion/MakingHistory/Parts/@thumbs/Panel1p5_icon3
[LOG 15:10:49.964] Load Cached PNG Texture: SquadExpansion/MakingHistory/Parts/@thumbs/Panel1_icon0
[LOG 15:10:49.964] Load Cached PNG Texture: SquadExpansion/MakingHistory/Parts/@thumbs/Panel1_icon1
[LOG 15:10:49.964] Load Cached PNG Texture: SquadExpansion/MakingHistory/Parts/@thumbs/Panel1_icon2
[LOG 15:10:49.964] Load Cached PNG Texture: SquadExpansion/MakingHistory/Parts/@thumbs/Panel1_icon3
[LOG 15:10:49.964] Load Cached PNG Texture: SquadExpansion/MakingHistory/Parts/@thumbs/roverWheelM1-F_icon0
[LOG 15:10:49.968] Load Cached PNG Texture: SquadExpansion/MakingHistory/Parts/@thumbs/roverWheelM1-F_icon1
[LOG 15:10:49.968] Load Cached PNG Texture: SquadExpansion/MakingHistory/Parts/@thumbs/Separator.1p5_icon0
[LOG 15:10:49.968] Load Cached PNG Texture: SquadExpansion/MakingHistory/Parts/@thumbs/Separator.1p5_icon1
[LOG 15:10:49.968] Load Cached PNG Texture: SquadExpansion/MakingHistory/Parts/@thumbs/Size1p5.Strut.Decoupler_icon0
[LOG 15:10:49.968] Load Cached PNG Texture: SquadExpansion/MakingHistory/Parts/@thumbs/Size1p5.Strut.Decoupler_icon1
[LOG 15:10:49.968] Load Cached PNG Texture: SquadExpansion/MakingHistory/Parts/@thumbs/Size1to0ServiceModule_icon
[LOG 15:10:49.968] Load Cached PNG Texture: SquadExpansion/MakingHistory/Parts/@thumbs/Triangle0_icon0
[LOG 15:10:49.968] Load Cached PNG Texture: SquadExpansion/MakingHistory/Parts/@thumbs/Triangle0_icon1
[LOG 15:10:49.968] Load Cached PNG Texture: SquadExpansion/MakingHistory/Parts/@thumbs/Triangle0_icon2
[LOG 15:10:49.968] Load Cached PNG Texture: SquadExpansion/MakingHistory/Parts/@thumbs/Triangle0_icon3
[LOG 15:10:49.969] Load Cached PNG Texture: SquadExpansion/MakingHistory/Parts/@thumbs/Triangle1p5_icon0
[LOG 15:10:49.969] Load Cached PNG Texture: SquadExpansion/MakingHistory/Parts/@thumbs/Triangle1p5_icon1
[LOG 15:10:49.969] Load Cached PNG Texture: SquadExpansion/MakingHistory/Parts/@thumbs/Triangle1p5_icon2
[LOG 15:10:49.969] Load Cached PNG Texture: SquadExpansion/MakingHistory/Parts/@thumbs/Triangle1p5_icon3
[LOG 15:10:49.969] Load Cached PNG Texture: SquadExpansion/MakingHistory/Parts/@thumbs/Triangle1_icon0
[LOG 15:10:49.969] Load Cached PNG Texture: SquadExpansion/MakingHistory/Parts/@thumbs/Triangle1_icon1
[LOG 15:10:49.969] Load Cached PNG Texture: SquadExpansion/MakingHistory/Parts/@thumbs/Triangle1_icon2
[LOG 15:10:49.969] Load Cached PNG Texture: SquadExpansion/MakingHistory/Parts/@thumbs/Triangle1_icon3
[LOG 15:10:49.969] Load Cached PNG Texture: SquadExpansion/MakingHistory/Parts/@thumbs/Triangle2_icon0
[LOG 15:10:49.969] Load Cached PNG Texture: SquadExpansion/MakingHistory/Parts/@thumbs/Triangle2_icon1
[LOG 15:10:49.970] Load Cached PNG Texture: SquadExpansion/MakingHistory/Parts/@thumbs/Triangle2_icon2
[LOG 15:10:49.970] Load Cached PNG Texture: SquadExpansion/MakingHistory/Parts/@thumbs/Triangle2_icon3
[LOG 15:10:49.970] Load Cached PNG Texture: SquadExpansion/MakingHistory/Parts/@thumbs/Tube1_icon0
[LOG 15:10:49.970] Load Cached PNG Texture: SquadExpansion/MakingHistory/Parts/@thumbs/Tube1_icon1
[LOG 15:10:49.970] Load Cached PNG Texture: SquadExpansion/MakingHistory/Parts/@thumbs/Tube1_icon2
[LOG 15:10:49.970] Load Cached PNG Texture: SquadExpansion/MakingHistory/Parts/@thumbs/Tube1_icon3
[LOG 15:10:49.970] Load Cached PNG Texture: SquadExpansion/MakingHistory/Parts/@thumbs/Tube1_icon4
[LOG 15:10:49.970] Load Cached PNG Texture: SquadExpansion/MakingHistory/Parts/Aero/protectiveRocketNoseMk5A/s1p5_cone
[LOG 15:10:49.972] Load Cached PNG Texture: SquadExpansion/MakingHistory/Parts/Aero/protectiveRocketNoseMk5A/s1p5_cone_Orange
[LOG 15:10:49.973] Load DDS texture: SquadExpansion/MakingHistory/Parts/Coupling/Assets/airlock
[LOG 15:10:49.974] Load DDS texture: SquadExpansion/MakingHistory/Parts/Coupling/Assets/airlock_N
[LOG 15:10:49.975] Load DDS texture: SquadExpansion/MakingHistory/Parts/Coupling/Assets/EnginePlate
[LOG 15:10:49.975] Load DDS texture: SquadExpansion/MakingHistory/Parts/Coupling/Assets/Size1_5_Decoupler_grey
[LOG 15:10:49.975] Load DDS texture: SquadExpansion/MakingHistory/Parts/Coupling/Assets/Size1_5_Decoupler_orange
[LOG 15:10:49.976] Load DDS texture: SquadExpansion/MakingHistory/Parts/Engine/Assets/KE-1
[LOG 15:10:49.977] Load DDS texture: SquadExpansion/MakingHistory/Parts/Engine/Assets/KE-1_BASE
[LOG 15:10:49.978] Load DDS texture: SquadExpansion/MakingHistory/Parts/Engine/Assets/LV-T87
[LOG 15:10:49.980] Load DDS texture: SquadExpansion/MakingHistory/Parts/Engine/Assets/LV-T91
[LOG 15:10:49.980] Load DDS texture: SquadExpansion/MakingHistory/Parts/Engine/Assets/RE-I2
[LOG 15:10:49.984] Load DDS texture: SquadExpansion/MakingHistory/Parts/Engine/Assets/RE-J10
[LOG 15:10:49.985] Load DDS texture: SquadExpansion/MakingHistory/Parts/Engine/Assets/RE-J10_N
[LOG 15:10:49.986] Load DDS texture: SquadExpansion/MakingHistory/Parts/Engine/Assets/RK-7
[LOG 15:10:49.989] Load DDS texture: SquadExpansion/MakingHistory/Parts/Engine/Assets/RK-7_N
[LOG 15:10:49.989] Load DDS texture: SquadExpansion/MakingHistory/Parts/Engine/solidBoosterTHK/SolidBoosterS2-17_emissive
[LOG 15:10:49.996] Load DDS texture: SquadExpansion/MakingHistory/Parts/Engine/solidBoosterTHK/solidBoosterTHK_diffuse
[LOG 15:10:50.003] Load DDS texture: SquadExpansion/MakingHistory/Parts/FuelTank/Assets/Size1p5_02
[LOG 15:10:50.008] Load DDS texture: SquadExpansion/MakingHistory/Parts/FuelTank/Assets/Size1p5_02_ALT01
[LOG 15:10:50.010] Load DDS texture: SquadExpansion/MakingHistory/Parts/FuelTank/Assets/Size1p5_02_ALT02
[LOG 15:10:50.011] Load DDS texture: SquadExpansion/MakingHistory/Parts/FuelTank/Assets/Size1p5_02_ALT02_normal
[LOG 15:10:50.012] Load DDS texture: SquadExpansion/MakingHistory/Parts/FuelTank/Assets/Size1p5_mono
[LOG 15:10:50.013] Load DDS texture: SquadExpansion/MakingHistory/Parts/FuelTank/Assets/Size1p5_mono_2
[LOG 15:10:50.015] Load DDS texture: SquadExpansion/MakingHistory/Parts/FuelTank/Assets/Size1p5_mono_N
[LOG 15:10:50.016] Load DDS texture: SquadExpansion/MakingHistory/Parts/FuelTank/Assets/Size1_5_TankAdapters
[LOG 15:10:50.018] Load DDS texture: SquadExpansion/MakingHistory/Parts/FuelTank/Assets/Size1_5_TankAdapters_ALT01
[LOG 15:10:50.019] Load DDS texture: SquadExpansion/MakingHistory/Parts/FuelTank/Assets/Size1_5_TankAdapters_ALT02
[LOG 15:10:50.023] Load DDS texture: SquadExpansion/MakingHistory/Parts/FuelTank/Assets/Size1_5_TankAdapters_ALT02nm
[LOG 15:10:50.023] Load DDS texture: SquadExpansion/MakingHistory/Parts/FuelTank/Assets/Size1_5_TankAdapters_N
[LOG 15:10:50.025] Load DDS texture: SquadExpansion/MakingHistory/Parts/FuelTank/Assets/Size1_5_Tanks
[LOG 15:10:50.026] Load DDS texture: SquadExpansion/MakingHistory/Parts/FuelTank/Assets/Size1_5_Tanks_ALT02
[LOG 15:10:50.028] Load DDS texture: SquadExpansion/MakingHistory/Parts/FuelTank/Assets/Size1_5_Tanks_ALT02_nm
[LOG 15:10:50.029] Load DDS texture: SquadExpansion/MakingHistory/Parts/FuelTank/Assets/Size1_5_Tanks_grey
[LOG 15:10:50.030] Load DDS texture: SquadExpansion/MakingHistory/Parts/FuelTank/Assets/Size4_Tanks
[LOG 15:10:50.038] Load DDS texture: SquadExpansion/MakingHistory/Parts/FuelTank/Assets/Size4_Tanks_N
[LOG 15:10:50.050] Load DDS texture: SquadExpansion/MakingHistory/Parts/Ground/Assets/RoverWheel
[LOG 15:10:50.052] Load DDS texture: SquadExpansion/MakingHistory/Parts/Ground/Assets/RoverWheelG
[LOG 15:10:50.052] Load DDS texture: SquadExpansion/MakingHistory/Parts/Payload/Assets/Size1to0ServiceBay
[LOG 15:10:50.052] Load DDS texture: SquadExpansion/MakingHistory/Parts/Payload/Assets/Size1to0ServiceBay_n
[LOG 15:10:50.054] Load DDS texture: SquadExpansion/MakingHistory/Parts/Payload/Assets/SM18_diffuse
[LOG 15:10:50.060] Load Cached PNG Texture: SquadExpansion/MakingHistory/Parts/Payload/Assets/SM18_NRM
[LOG 15:10:50.069] Load DDS texture: SquadExpansion/MakingHistory/Parts/Payload/Assets/SM18_specular
[LOG 15:10:50.084] Load DDS texture: SquadExpansion/MakingHistory/Parts/Payload/Assets/SM25_diffuse
[LOG 15:10:50.086] Load DDS texture: SquadExpansion/MakingHistory/Parts/Payload/Assets/SM25_normals
[LOG 15:10:50.087] Load DDS texture: SquadExpansion/MakingHistory/Parts/Pods/Assets/KV1
[LOG 15:10:50.088] Load DDS texture: SquadExpansion/MakingHistory/Parts/Pods/Assets/KV1_GLOW
[LOG 15:10:50.089] Load DDS texture: SquadExpansion/MakingHistory/Parts/Pods/Assets/KV2
[LOG 15:10:50.090] Load DDS texture: SquadExpansion/MakingHistory/Parts/Pods/Assets/KV3
[LOG 15:10:50.092] Load DDS texture: SquadExpansion/MakingHistory/Parts/Pods/Assets/Mk2Pod
[LOG 15:10:50.094] Load DDS texture: SquadExpansion/MakingHistory/Parts/Pods/Assets/Mk2Pod_GLOW
[LOG 15:10:50.095] Load DDS texture: SquadExpansion/MakingHistory/Parts/Pods/Assets/Mk2Pod_n
[LOG 15:10:50.100] Load DDS texture: SquadExpansion/MakingHistory/Parts/Pods/Assets/Size1_5_Lander
[LOG 15:10:50.100] Load DDS texture: SquadExpansion/MakingHistory/Parts/Pods/Assets/Size1_5_Lander_GLOW
[LOG 15:10:50.100] Load DDS texture: SquadExpansion/MakingHistory/Parts/SharedAssets/Shrouds
[LOG 15:10:50.103] Load DDS texture: SquadExpansion/MakingHistory/Parts/SharedAssets/Shrouds_N
[LOG 15:10:50.105] Load DDS texture: SquadExpansion/MakingHistory/Parts/Structural/Assets/NormalMap
[LOG 15:10:50.108] Load DDS texture: SquadExpansion/MakingHistory/Parts/Structural/Assets/Panels
[LOG 15:10:50.111] Load DDS texture: SquadExpansion/MakingHistory/Parts/Structural/Assets/Panels_Dark_D
[LOG 15:10:50.115] Load DDS texture: SquadExpansion/MakingHistory/Parts/Structural/Assets/Panels_Gold_D
[LOG 15:10:50.117] Load Cached PNG Texture: SquadExpansion/MakingHistory/Parts/Structural/Assets/Panels_Gold_NRM
[LOG 15:10:50.121] Load DDS texture: SquadExpansion/MakingHistory/Parts/Structural/Assets/Panels_Gold_S
[LOG 15:10:50.123] Load DDS texture: SquadExpansion/MakingHistory/Parts/Structural/Assets/Panels_Silver_D
[LOG 15:10:50.125] Load DDS texture: SquadExpansion/MakingHistory/Parts/Structural/Assets/Panels_Silver_S
[LOG 15:10:50.127] Load Cached PNG Texture: SquadExpansion/MakingHistory/Ships/@thumbs/VAB/Acapello
[LOG 15:10:50.128] Load Cached PNG Texture: SquadExpansion/MakingHistory/Ships/@thumbs/VAB/Beta Centaurus
[LOG 15:10:50.128] Load Cached PNG Texture: SquadExpansion/MakingHistory/Ships/@thumbs/VAB/Goliath II HLV
[LOG 15:10:50.128] Load Cached PNG Texture: SquadExpansion/MakingHistory/Ships/@thumbs/VAB/Muna 1
[LOG 15:10:50.130] Load Cached PNG Texture: SquadExpansion/MakingHistory/Ships/@thumbs/VAB/Sally-Hut 1
[LOG 15:10:50.132] Load Cached PNG Texture: SquadExpansion/MakingHistory/Ships/@thumbs/VAB/SWM-94 Communications Satellite
[LOG 15:10:50.132] Load Cached PNG Texture: SquadExpansion/MakingHistory/Ships/@thumbs/VAB/Valshkod 2
[LOG 15:10:50.135] Load DDS texture: SquadExpansion/MakingHistory/Spaces/KVPods/airlock
[LOG 15:10:50.135] Load DDS texture: SquadExpansion/MakingHistory/Spaces/KVPods/airlock_N
[LOG 15:10:50.135] Load DDS texture: SquadExpansion/MakingHistory/Spaces/KVPods/KV1_Props_Diffuse
[LOG 15:10:50.141] Load DDS texture: SquadExpansion/MakingHistory/Spaces/KVPods/KV1_Props_Normal
[LOG 15:10:50.147] Load DDS texture: SquadExpansion/MakingHistory/Spaces/KVPods/KV1_Shell_Diffuse
[LOG 15:10:50.152] Load DDS texture: SquadExpansion/MakingHistory/Spaces/KVPods/KV1_Shell_Emissive
[LOG 15:10:50.157] Load DDS texture: SquadExpansion/MakingHistory/Spaces/KVPods/KV1_Shell_Normal
[LOG 15:10:50.163] Load DDS texture: SquadExpansion/MakingHistory/Spaces/KVPods/KV1_Vzor_Diffuse
[LOG 15:10:50.163] Load DDS texture: SquadExpansion/MakingHistory/Spaces/KVPods/KV2_Props_Diffuse
[LOG 15:10:50.168] Load DDS texture: SquadExpansion/MakingHistory/Spaces/KVPods/KV2_Props_Emissive
[LOG 15:10:50.176] Load DDS texture: SquadExpansion/MakingHistory/Spaces/KVPods/KV2_Props_Normal
[LOG 15:10:50.181] Load DDS texture: SquadExpansion/MakingHistory/Spaces/KVPods/KV2_Shell_Diffuse
[LOG 15:10:50.188] Load DDS texture: SquadExpansion/MakingHistory/Spaces/KVPods/KV2_Shell_Normal
[LOG 15:10:50.197] Load DDS texture: SquadExpansion/MakingHistory/Spaces/KVPods/KV3_Props_Diffuse
[LOG 15:10:50.201] Load DDS texture: SquadExpansion/MakingHistory/Spaces/KVPods/KV3_Props_Normal
[LOG 15:10:50.205] Load DDS texture: SquadExpansion/MakingHistory/Spaces/KVPods/KV3_Shell_Diffuse
[LOG 15:10:50.210] Load DDS texture: SquadExpansion/MakingHistory/Spaces/KVPods/KV3_Shell_Normal
[LOG 15:10:50.215] Load DDS texture: SquadExpansion/MakingHistory/Spaces/KVPods/motor
[LOG 15:10:50.216] Load DDS texture: SquadExpansion/MakingHistory/Spaces/KVPods/pilot Seat
[LOG 15:10:50.217] Load DDS texture: SquadExpansion/MakingHistory/Spaces/MEM/PANELS_AO
[LOG 15:10:50.221] Load DDS texture: SquadExpansion/MakingHistory/Spaces/MEM/PANELS_EMISSIVE
[LOG 15:10:50.227] Load DDS texture: SquadExpansion/MakingHistory/Spaces/MEM/PANELS_NORMAL
[LOG 15:10:50.256] Load DDS texture: SquadExpansion/MakingHistory/Spaces/MEM/pilot Seat
[LOG 15:10:50.257] Load DDS texture: SquadExpansion/MakingHistory/Spaces/MEM/propsGeneric
[LOG 15:10:50.258] Load DDS texture: SquadExpansion/MakingHistory/Spaces/MEM/PROPS_AO
[LOG 15:10:50.263] Load DDS texture: SquadExpansion/MakingHistory/Spaces/MEM/PROPS_EMISSIVE
[LOG 15:10:50.265] Load DDS texture: SquadExpansion/MakingHistory/Spaces/MEM/PROPS_NORMAL
[LOG 15:10:50.280] Load DDS texture: SquadExpansion/MakingHistory/Spaces/Mk2Pod/DIfuse_controlboard
[LOG 15:10:50.286] Load DDS texture: SquadExpansion/MakingHistory/Spaces/Mk2Pod/Normal_controlbard
[LOG 15:10:50.292] Load DDS texture: SquadExpansion/MakingHistory/Spaces/Mk2Pod/Outershell_Base_Color
[LOG 15:10:50.301] Load DDS texture: SquadExpansion/MakingHistory/Spaces/Mk2Pod/Outershell_Normal
[LOG 15:10:50.316] Load DDS texture: SquadExpansion/MakingHistory/Spaces/Mk2Pod/pilot Seat
[LOG 15:10:50.316] Load Cached PNG Texture: SquadExpansion/Serenity/Parts/@thumbs/controller1000_icon
[LOG 15:10:50.316] Load Cached PNG Texture: SquadExpansion/Serenity/Parts/@thumbs/DeployedCentralStation_icon
[LOG 15:10:50.316] Load Cached PNG Texture: SquadExpansion/Serenity/Parts/@thumbs/DeployedGoExOb_icon
[LOG 15:10:50.316] Load Cached PNG Texture: SquadExpansion/Serenity/Parts/@thumbs/DeployedIONExp_icon
[LOG 15:10:50.318] Load Cached PNG Texture: SquadExpansion/Serenity/Parts/@thumbs/DeployedRTG_icon
[LOG 15:10:50.318] Load Cached PNG Texture: SquadExpansion/Serenity/Parts/@thumbs/DeployedSatDish_icon
[LOG 15:10:50.318] Load Cached PNG Texture: SquadExpansion/Serenity/Parts/@thumbs/DeployedSeismicSensor_icon
[LOG 15:10:50.318] Load Cached PNG Texture: SquadExpansion/Serenity/Parts/@thumbs/DeployedSolarPanel_icon
[LOG 15:10:50.318] Load Cached PNG Texture: SquadExpansion/Serenity/Parts/@thumbs/DeployedWeatherStn_icon
[LOG 15:10:50.318] Load Cached PNG Texture: SquadExpansion/Serenity/Parts/@thumbs/FanShroud.01_icon0
[LOG 15:10:50.318] Load Cached PNG Texture: SquadExpansion/Serenity/Parts/@thumbs/FanShroud.01_icon1
[LOG 15:10:50.318] Load Cached PNG Texture: SquadExpansion/Serenity/Parts/@thumbs/FanShroud.02_icon0
[LOG 15:10:50.318] Load Cached PNG Texture: SquadExpansion/Serenity/Parts/@thumbs/FanShroud.02_icon1
[LOG 15:10:50.318] Load Cached PNG Texture: SquadExpansion/Serenity/Parts/@thumbs/hinge.01.s_icon0
[LOG 15:10:50.318] Load Cached PNG Texture: SquadExpansion/Serenity/Parts/@thumbs/hinge.01.s_icon1
[LOG 15:10:50.318] Load Cached PNG Texture: SquadExpansion/Serenity/Parts/@thumbs/hinge.01_icon0
[LOG 15:10:50.318] Load Cached PNG Texture: SquadExpansion/Serenity/Parts/@thumbs/hinge.01_icon1
[LOG 15:10:50.318] Load Cached PNG Texture: SquadExpansion/Serenity/Parts/@thumbs/hinge.03.s_icon0
[LOG 15:10:50.319] Load Cached PNG Texture: SquadExpansion/Serenity/Parts/@thumbs/hinge.03.s_icon1
[LOG 15:10:50.319] Load Cached PNG Texture: SquadExpansion/Serenity/Parts/@thumbs/hinge.03_icon0
[LOG 15:10:50.319] Load Cached PNG Texture: SquadExpansion/Serenity/Parts/@thumbs/hinge.03_icon1
[LOG 15:10:50.324] Load Cached PNG Texture: SquadExpansion/Serenity/Parts/@thumbs/largeFanBlade_icon0
[LOG 15:10:50.324] Load Cached PNG Texture: SquadExpansion/Serenity/Parts/@thumbs/largeFanBlade_icon1
[LOG 15:10:50.324] Load Cached PNG Texture: SquadExpansion/Serenity/Parts/@thumbs/largePropeller_icon0
[LOG 15:10:50.324] Load Cached PNG Texture: SquadExpansion/Serenity/Parts/@thumbs/largePropeller_icon1
[LOG 15:10:50.324] Load Cached PNG Texture: SquadExpansion/Serenity/Parts/@thumbs/lGripPad_icon0
[LOG 15:10:50.324] Load Cached PNG Texture: SquadExpansion/Serenity/Parts/@thumbs/lGripPad_icon1
[LOG 15:10:50.326] Load Cached PNG Texture: SquadExpansion/Serenity/Parts/@thumbs/lGripStrip_icon
[LOG 15:10:50.326] Load Cached PNG Texture: SquadExpansion/Serenity/Parts/@thumbs/mediumFanBlade_icon0
[LOG 15:10:50.326] Load Cached PNG Texture: SquadExpansion/Serenity/Parts/@thumbs/mediumFanBlade_icon1
[LOG 15:10:50.326] Load Cached PNG Texture: SquadExpansion/Serenity/Parts/@thumbs/mediumPropeller_icon0
[LOG 15:10:50.326] Load Cached PNG Texture: SquadExpansion/Serenity/Parts/@thumbs/mediumPropeller_icon1
[LOG 15:10:50.326] Load Cached PNG Texture: SquadExpansion/Serenity/Parts/@thumbs/mGripPad_icon0
[LOG 15:10:50.326] Load Cached PNG Texture: SquadExpansion/Serenity/Parts/@thumbs/mGripPad_icon1
[LOG 15:10:50.327] Load Cached PNG Texture: SquadExpansion/Serenity/Parts/@thumbs/noseconeTiny_icon
[LOG 15:10:50.328] Load Cached PNG Texture: SquadExpansion/Serenity/Parts/@thumbs/noseconeVS_icon
[LOG 15:10:50.328] Load Cached PNG Texture: SquadExpansion/Serenity/Parts/@thumbs/piston.01_icon0
[LOG 15:10:50.328] Load Cached PNG Texture: SquadExpansion/Serenity/Parts/@thumbs/piston.01_icon1
[LOG 15:10:50.330] Load Cached PNG Texture: SquadExpansion/Serenity/Parts/@thumbs/piston.02_icon0
[LOG 15:10:50.331] Load Cached PNG Texture: SquadExpansion/Serenity/Parts/@thumbs/piston.02_icon1
[LOG 15:10:50.334] Load Cached PNG Texture: SquadExpansion/Serenity/Parts/@thumbs/piston.03_icon0
[LOG 15:10:50.334] Load Cached PNG Texture: SquadExpansion/Serenity/Parts/@thumbs/piston.03_icon1
[LOG 15:10:50.334] Load Cached PNG Texture: SquadExpansion/Serenity/Parts/@thumbs/piston.04_icon0
[LOG 15:10:50.335] Load Cached PNG Texture: SquadExpansion/Serenity/Parts/@thumbs/piston.04_icon1
[LOG 15:10:50.335] Load Cached PNG Texture: SquadExpansion/Serenity/Parts/@thumbs/RobotArmScanner.S1_icon
[LOG 15:10:50.335] Load Cached PNG Texture: SquadExpansion/Serenity/Parts/@thumbs/RobotArmScanner.S2_icon
[LOG 15:10:50.335] Load Cached PNG Texture: SquadExpansion/Serenity/Parts/@thumbs/RobotArmScanner.S3_icon
[LOG 15:10:50.335] Load Cached PNG Texture: SquadExpansion/Serenity/Parts/@thumbs/rotor.01s_icon0
[LOG 15:10:50.335] Load Cached PNG Texture: SquadExpansion/Serenity/Parts/@thumbs/rotor.01s_icon1
[LOG 15:10:50.335] Load Cached PNG Texture: SquadExpansion/Serenity/Parts/@thumbs/rotor.01_icon0
[LOG 15:10:50.335] Load Cached PNG Texture: SquadExpansion/Serenity/Parts/@thumbs/rotor.01_icon1
[LOG 15:10:50.335] Load Cached PNG Texture: SquadExpansion/Serenity/Parts/@thumbs/rotor.02s_icon0
[LOG 15:10:50.335] Load Cached PNG Texture: SquadExpansion/Serenity/Parts/@thumbs/rotor.02s_icon1
[LOG 15:10:50.335] Load Cached PNG Texture: SquadExpansion/Serenity/Parts/@thumbs/rotor.02_icon0
[LOG 15:10:50.336] Load Cached PNG Texture: SquadExpansion/Serenity/Parts/@thumbs/rotor.02_icon1
[LOG 15:10:50.336] Load Cached PNG Texture: SquadExpansion/Serenity/Parts/@thumbs/RotorEngine.02_icon
[LOG 15:10:50.336] Load Cached PNG Texture: SquadExpansion/Serenity/Parts/@thumbs/rotoServo.00_icon0
[LOG 15:10:50.336] Load Cached PNG Texture: SquadExpansion/Serenity/Parts/@thumbs/rotoServo.00_icon1
[LOG 15:10:50.336] Load Cached PNG Texture: SquadExpansion/Serenity/Parts/@thumbs/rotoServo.02_icon0
[LOG 15:10:50.336] Load Cached PNG Texture: SquadExpansion/Serenity/Parts/@thumbs/rotoServo.02_icon1
[LOG 15:10:50.336] Load Cached PNG Texture: SquadExpansion/Serenity/Parts/@thumbs/rotoServo.03_icon0
[LOG 15:10:50.336] Load Cached PNG Texture: SquadExpansion/Serenity/Parts/@thumbs/rotoServo.03_icon1
[LOG 15:10:50.336] Load Cached PNG Texture: SquadExpansion/Serenity/Parts/@thumbs/sGripPad_icon0
[LOG 15:10:50.336] Load Cached PNG Texture: SquadExpansion/Serenity/Parts/@thumbs/sGripPad_icon1
[LOG 15:10:50.336] Load Cached PNG Texture: SquadExpansion/Serenity/Parts/@thumbs/sGripStrip_icon
[LOG 15:10:50.336] Load Cached PNG Texture: SquadExpansion/Serenity/Parts/@thumbs/smallFanBlade_icon0
[LOG 15:10:50.336] Load Cached PNG Texture: SquadExpansion/Serenity/Parts/@thumbs/smallFanBlade_icon1
[LOG 15:10:50.337] Load Cached PNG Texture: SquadExpansion/Serenity/Parts/@thumbs/smallHeliBlade_icon0
[LOG 15:10:50.337] Load Cached PNG Texture: SquadExpansion/Serenity/Parts/@thumbs/smallHeliBlade_icon1
[LOG 15:10:50.337] Load Cached PNG Texture: SquadExpansion/Serenity/Parts/@thumbs/smallPropeller_icon0
[LOG 15:10:50.337] Load Cached PNG Texture: SquadExpansion/Serenity/Parts/@thumbs/smallPropeller_icon1
[LOG 15:10:50.339] Load DDS texture: SquadExpansion/Serenity/Parts/Aero/Assets/copterBlades_diffuse
[LOG 15:10:50.339] Load DDS texture: SquadExpansion/Serenity/Parts/Aero/Assets/shroudsDiffuse_color
[LOG 15:10:50.339] Load DDS texture: SquadExpansion/Serenity/Parts/Aero/Assets/shroudsDiffuse_plain
[LOG 15:10:50.339] Load Cached PNG Texture: SquadExpansion/Serenity/Parts/DeployedScience/MockupTexture
[LOG 15:10:50.339] Load DDS texture: SquadExpansion/Serenity/Parts/DeployedScience/Assets/centralStation_diffuse
[LOG 15:10:50.339] Load DDS texture: SquadExpansion/Serenity/Parts/DeployedScience/Assets/centralStation_emissive
[LOG 15:10:50.363] Load DDS texture: SquadExpansion/Serenity/Parts/DeployedScience/Assets/GenericParts_diffuse
[LOG 15:10:50.364] Load DDS texture: SquadExpansion/Serenity/Parts/DeployedScience/Assets/GenericParts_emissive
[LOG 15:10:50.365] Load DDS texture: SquadExpansion/Serenity/Parts/DeployedScience/Assets/GenericParts_normal
[LOG 15:10:50.368] Load DDS texture: SquadExpansion/Serenity/Parts/DeployedScience/Assets/goex_diffuse
[LOG 15:10:50.371] Load DDS texture: SquadExpansion/Serenity/Parts/DeployedScience/Assets/goex_specMapped
[LOG 15:10:50.374] Load DDS texture: SquadExpansion/Serenity/Parts/DeployedScience/Assets/Grid
[LOG 15:10:50.375] Load DDS texture: SquadExpansion/Serenity/Parts/DeployedScience/Assets/IonExperiment_diffuse
[LOG 15:10:50.375] Load DDS texture: SquadExpansion/Serenity/Parts/DeployedScience/Assets/RTGCask_diffuse
[LOG 15:10:50.377] Load DDS texture: SquadExpansion/Serenity/Parts/DeployedScience/Assets/satDish_diffuse
[LOG 15:10:50.378] Load Cached PNG Texture: SquadExpansion/Serenity/Parts/DeployedScience/Assets/Scratch
[LOG 15:10:50.379] Load DDS texture: SquadExpansion/Serenity/Parts/DeployedScience/Assets/Screen2
[LOG 15:10:50.379] Load DDS texture: SquadExpansion/Serenity/Parts/DeployedScience/Assets/Screen3
[LOG 15:10:50.379] Load DDS texture: SquadExpansion/Serenity/Parts/DeployedScience/Assets/ScreenReadout
[LOG 15:10:50.379] Load DDS texture: SquadExpansion/Serenity/Parts/DeployedScience/Assets/seismicSensor_diffuse
[LOG 15:10:50.380] Load DDS texture: SquadExpansion/Serenity/Parts/DeployedScience/Assets/seismicSensor_nrm
[LOG 15:10:50.380] Load DDS texture: SquadExpansion/Serenity/Parts/DeployedScience/Assets/seismicSensor_specularMapped
[LOG 15:10:50.381] Load DDS texture: SquadExpansion/Serenity/Parts/DeployedScience/Assets/SolarGraph
[LOG 15:10:50.381] Load DDS texture: SquadExpansion/Serenity/Parts/DeployedScience/Assets/solarPanel_diffuse
[LOG 15:10:50.383] Load DDS texture: SquadExpansion/Serenity/Parts/DeployedScience/Assets/Waveleght3
[LOG 15:10:50.383] Load DDS texture: SquadExpansion/Serenity/Parts/DeployedScience/Assets/Wavelenght
[LOG 15:10:50.383] Load DDS texture: SquadExpansion/Serenity/Parts/DeployedScience/Assets/Wavelenght2
[LOG 15:10:50.383] Load DDS texture: SquadExpansion/Serenity/Parts/DeployedScience/Assets/wavelenght4
[LOG 15:10:50.383] Load DDS texture: SquadExpansion/Serenity/Parts/DeployedScience/Assets/wavelenght5
[LOG 15:10:50.383] Load DDS texture: SquadExpansion/Serenity/Parts/DeployedScience/Assets/WeatherStation [Normal]
[LOG 15:10:50.407] Load DDS texture: SquadExpansion/Serenity/Parts/DeployedScience/Assets/Weather_Station_diffuse
[LOG 15:10:50.417] Load DDS texture: SquadExpansion/Serenity/Parts/DeployedScience/Assets/Weather_Station_normal
[LOG 15:10:50.424] Load DDS texture: SquadExpansion/Serenity/Parts/Propellers/Assets/blade_diffuse
[LOG 15:10:50.425] Load DDS texture: SquadExpansion/Serenity/Parts/Propellers/Assets/copterBlades_diffuse
[LOG 15:10:50.426] Load DDS texture: SquadExpansion/Serenity/Parts/Propellers/Assets/fan_diffuse
[LOG 15:10:50.426] Load DDS texture: SquadExpansion/Serenity/Parts/Robotics/Assets/hinges-03-s_diffuse_Color
[LOG 15:10:50.427] Load DDS texture: SquadExpansion/Serenity/Parts/Robotics/Assets/hinges-03_diffuse_color
[LOG 15:10:50.427] Load DDS texture: SquadExpansion/Serenity/Parts/Robotics/Assets/hinges-03_diffuse_plain
[LOG 15:10:50.429] Load DDS texture: SquadExpansion/Serenity/Parts/Robotics/Assets/hinges_diffuse
[LOG 15:10:50.429] Load DDS texture: SquadExpansion/Serenity/Parts/Robotics/Assets/Hinge_diffuse_G-00_Color
[LOG 15:10:50.429] Load DDS texture: SquadExpansion/Serenity/Parts/Robotics/Assets/Hinge_diffuse_G-11_Color
[LOG 15:10:50.429] Load DDS texture: SquadExpansion/Serenity/Parts/Robotics/Assets/Hinge_diffuse_G-11_plain
[LOG 15:10:50.429] Load DDS texture: SquadExpansion/Serenity/Parts/Robotics/Assets/Hinge_normal
[LOG 15:10:50.429] Load DDS texture: SquadExpansion/Serenity/Parts/Robotics/Assets/RotorEngine_02_diffuse
[LOG 15:10:50.429] Load DDS texture: SquadExpansion/Serenity/Parts/Robotics/Assets/RotorEngine_03_diffuse
[LOG 15:10:50.431] Load DDS texture: SquadExpansion/Serenity/Parts/Robotics/Assets/RotorEngine_03_normal
[LOG 15:10:50.432] Load DDS texture: SquadExpansion/Serenity/Parts/Robotics/Assets/Rotor_01_diffuse_color
[LOG 15:10:50.432] Load DDS texture: SquadExpansion/Serenity/Parts/Robotics/Assets/Rotor_01_diffuse_plain
[LOG 15:10:50.433] Load DDS texture: SquadExpansion/Serenity/Parts/Robotics/Assets/Rotor_01_normal
[LOG 15:10:50.433] Load DDS texture: SquadExpansion/Serenity/Parts/Robotics/Assets/Rotor_01_specular_D
[LOG 15:10:50.434] Load DDS texture: SquadExpansion/Serenity/Parts/Robotics/Assets/Rotor_02_diffuse_color
[LOG 15:10:50.434] Load DDS texture: SquadExpansion/Serenity/Parts/Robotics/Assets/Rotor_03_diffuse_color
[LOG 15:10:50.435] Load DDS texture: SquadExpansion/Serenity/Parts/Robotics/Assets/Rotor_03_diffuse_plain
[LOG 15:10:50.436] Load DDS texture: SquadExpansion/Serenity/Parts/Robotics/Assets/Rotor_03_normal
[LOG 15:10:50.438] Load DDS texture: SquadExpansion/Serenity/Parts/Robotics/Assets/rotoServos_diffuse_color
[LOG 15:10:50.438] Load DDS texture: SquadExpansion/Serenity/Parts/Robotics/Assets/rotoServos_diffuse_plain
[LOG 15:10:50.440] Load DDS texture: SquadExpansion/Serenity/Parts/Robotics/Assets/rotoServos_nrm
[LOG 15:10:50.440] Load DDS texture: SquadExpansion/Serenity/Parts/Robotics/Controllers/roboController_diffuse
[LOG 15:10:50.440] Load DDS texture: SquadExpansion/Serenity/Parts/Robotics/Controllers/roboController_emissive
[LOG 15:10:50.440] Load Cached PNG Texture: SquadExpansion/Serenity/Parts/Science/RobotArmScanner/Assets/DrillBits
[LOG 15:10:50.440] Load DDS texture: SquadExpansion/Serenity/Parts/Science/RobotArmScanner/Assets/DustParticle
[WRN 15:10:50.440] Duplicate PNG texture 'SquadExpansion/Serenity/Parts/Science/RobotArmScanner/Assets/DustParticle' with extension 'png' won't be loaded
[LOG 15:10:50.440] Load DDS texture: SquadExpansion/Serenity/Parts/Science/RobotArmScanner/Assets/GenericParts_diffuse
[LOG 15:10:50.447] Load DDS texture: SquadExpansion/Serenity/Parts/Science/RobotArmScanner/Assets/GenericParts_normal
[LOG 15:10:50.453] Load DDS texture: SquadExpansion/Serenity/Parts/Science/RobotArmScanner/Assets/ROCArm3_diffuse
[LOG 15:10:50.459] Load DDS texture: SquadExpansion/Serenity/Parts/Science/RobotArmScanner/Assets/ROCArm3_normal
[LOG 15:10:50.464] Load DDS texture: SquadExpansion/Serenity/Parts/Science/RobotArmScanner/Assets/ROCArm_2_diffuse
[LOG 15:10:50.465] Load DDS texture: SquadExpansion/Serenity/Parts/Science/RobotArmScanner/Assets/ROCArm_2_normal
[LOG 15:10:50.468] Load Cached PNG Texture: SquadExpansion/Serenity/Parts/Science/RobotArmScanner/Assets/Scratch
[LOG 15:10:50.468] Load DDS texture: SquadExpansion/Serenity/Parts/Science/RobotArmScanner/Assets/SmallArm_diffuse
[LOG 15:10:50.470] Load DDS texture: SquadExpansion/Serenity/Parts/Science/RobotArmScanner/Assets/SmallArm_normal
[LOG 15:10:50.471] Load DDS texture: SquadExpansion/Serenity/Parts/Structural/gripPads/Assets/gripPads_diffuse
[LOG 15:10:50.471] Load DDS texture: SquadExpansion/Serenity/Parts/Structural/gripPads/Assets/gripPads_nrm
[LOG 15:10:50.474] Load Cached PNG Texture: SquadExpansion/Serenity/Ships/@thumbs/SPH/Arrow-E
[LOG 15:10:50.474] Load Cached PNG Texture: SquadExpansion/Serenity/Ships/@thumbs/SPH/Butterfly Rover
[LOG 15:10:50.474] Load Cached PNG Texture: SquadExpansion/Serenity/Ships/@thumbs/SPH/Jeb_s Quadtaxi
[LOG 15:10:50.474] Load Cached PNG Texture: SquadExpansion/Serenity/Ships/@thumbs/SPH/Kerbodyne Rotodyne
[LOG 15:10:50.474] Load Cached PNG Texture: SquadExpansion/Serenity/Ships/@thumbs/SPH/Seahawk
[LOG 15:10:50.474] Load Cached PNG Texture: SquadExpansion/Serenity/Ships/@thumbs/SPH/Val-Thopter
[LOG 15:10:50.476] Load MU model: Squad/FX/afterburner_flame
[LOG 15:10:50.493] Load MU model: Squad/FX/afterburner_shock
[LOG 15:10:50.495] Load MU model: Squad/FX/diamondBlue
[LOG 15:10:50.495] Load MU model: Squad/FX/exhaustFlames_blue
[LOG 15:10:50.619] Load MU model: Squad/FX/hydroLOXFlame
[LOG 15:10:50.619] Load MU model: Squad/FX/IonPlume
[LOG 15:10:50.622] Load MU model: Squad/FX/ks1_Exhaust
[LOG 15:10:50.622] Load MU model: Squad/FX/ks25_Exhaust
[LOG 15:10:50.622] Load MU model: Squad/FX/ksX_Exhaust
[LOG 15:10:50.623] Load MU model: Squad/FX/LES_Thruster
[LOG 15:10:50.623] Load MU model: Squad/FX/Monoprop_big
[LOG 15:10:50.623] Load MU model: Squad/FX/Monoprop_medium
[LOG 15:10:50.626] Load MU model: Squad/FX/Monoprop_small
[LOG 15:10:50.626] Load MU model: Squad/FX/shockExhaust_blue
[LOG 15:10:50.626] Load MU model: Squad/FX/shockExhaust_blue_small
[LOG 15:10:50.627] Load MU model: Squad/FX/shockExhaust_red_small
[LOG 15:10:50.629] Load MU model: Squad/FX/SRB_Large
[LOG 15:10:50.632] Load MU model: Squad/FX/SRB_LargeSparks
[LOG 15:10:50.632] Load MU model: Squad/Parts/Aero/aerodynamicNoseCone/aerodynamicNoseCone
[LOG 15:10:50.635] Load MU model: Squad/Parts/Aero/airbrake/Airbrake
[LOG 15:10:50.635] Load MU model: Squad/Parts/Aero/airIntakeRadialXM-G50/RadialIntake
[LOG 15:10:50.637] Load MU model: Squad/Parts/Aero/airlinerWings/ControlSurface
[LOG 15:10:50.637] Load MU model: Squad/Parts/Aero/airlinerWings/MainWing
[LOG 15:10:50.637] Load MU model: Squad/Parts/Aero/airlinerWings/TailFin
[LOG 15:10:50.639] Load MU model: Squad/Parts/Aero/airplaneFins/AdvCanard
[LOG 15:10:50.639] Load MU model: Squad/Parts/Aero/airplaneFins/Canard
[LOG 15:10:50.640] Load MU model: Squad/Parts/Aero/airplaneFins/Swept
[LOG 15:10:50.640] Load MU model: Squad/Parts/Aero/airplaneFins/TailFin
[LOG 15:10:50.640] Load MU model: Squad/Parts/Aero/basicFin/basicFin
[LOG 15:10:50.640] Load MU model: Squad/Parts/Aero/circularIntake/CircularIntake
[LOG 15:10:50.642] Load MU model: Squad/Parts/Aero/circularIntake/ConeIntake
[LOG 15:10:50.642] Load MU model: Squad/Parts/Aero/cones/Assets/AvioCone
[LOG 15:10:50.643] Load MU model: Squad/Parts/Aero/cones/Assets/ConeA
[LOG 15:10:50.643] Load MU model: Squad/Parts/Aero/cones/Assets/ConeB
[LOG 15:10:50.646] Load MU model: Squad/Parts/Aero/cones/Assets/NCS
[LOG 15:10:50.646] Load MU model: Squad/Parts/Aero/cones/Assets/orangeNoseCone
[LOG 15:10:50.646] Load MU model: Squad/Parts/Aero/cones/Assets/rocketNoseCone
[LOG 15:10:50.647] Load MU model: Squad/Parts/Aero/cones/Assets/rocketNoseCone_v2
[LOG 15:10:50.647] Load MU model: Squad/Parts/Aero/cones/Assets/rocketNoseCone_v3
[LOG 15:10:50.648] Load MU model: Squad/Parts/Aero/cones/Assets/TailA
[LOG 15:10:50.648] Load MU model: Squad/Parts/Aero/cones/Assets/TailB
[LOG 15:10:50.648] Load MU model: Squad/Parts/Aero/cones/Assets/TinyCone
[LOG 15:10:50.648] Load MU model: Squad/Parts/Aero/fairings/AutoTruss
[LOG 15:10:50.649] Load MU model: Squad/Parts/Aero/fairings/fairingSize1
[LOG 15:10:50.649] Load MU model: Squad/Parts/Aero/fairings/fairingSize2
[LOG 15:10:50.652] Load MU model: Squad/Parts/Aero/fairings/fairingSize3
[LOG 15:10:50.653] Load MU model: Squad/Parts/Aero/HeatShield/HeatShield0
[LOG 15:10:50.653] Load MU model: Squad/Parts/Aero/HeatShield/HeatShield1
[LOG 15:10:50.654] Load MU model: Squad/Parts/Aero/HeatShield/HeatShield2
[LOG 15:10:50.654] Load MU model: Squad/Parts/Aero/HeatShield/HeatShield3
[LOG 15:10:50.654] Load MU model: Squad/Parts/Aero/InflatableHeatShield/HeatShield
[LOG 15:10:50.657] Load MU model: Squad/Parts/Aero/intakeRadialLong/IntakeRadial
[LOG 15:10:50.657] Load MU model: Squad/Parts/Aero/miniIntake/SmallIntake
[LOG 15:10:50.657] Load MU model: Squad/Parts/Aero/ramAirIntake/RampIntake
[LOG 15:10:50.657] Load MU model: Squad/Parts/Aero/shuttleWings/ShuttleDeltaWing
[LOG 15:10:50.657] Load MU model: Squad/Parts/Aero/shuttleWings/ShuttleElevonA
[LOG 15:10:50.660] Load MU model: Squad/Parts/Aero/shuttleWings/ShuttleElevonB
[LOG 15:10:50.661] Load MU model: Squad/Parts/Aero/shuttleWings/ShuttleRudder
[LOG 15:10:50.661] Load MU model: Squad/Parts/Aero/shuttleWings/ShuttleStrake
[LOG 15:10:50.665] Load MU model: Squad/Parts/Aero/wingletAV-R8/model
[LOG 15:10:50.665] Load MU model: Squad/Parts/Aero/wingletAV-T1/model
[LOG 15:10:50.665] Load MU model: Squad/Parts/Aero/wingletDeltaDeluxe/model
[LOG 15:10:50.665] Load MU model: Squad/Parts/Aero/wings/connector1
[LOG 15:10:50.665] Load MU model: Squad/Parts/Aero/wings/connector2
[LOG 15:10:50.666] Load MU model: Squad/Parts/Aero/wings/connector3
[LOG 15:10:50.666] Load MU model: Squad/Parts/Aero/wings/connector4
[LOG 15:10:50.666] Load MU model: Squad/Parts/Aero/wings/connector5
[LOG 15:10:50.668] Load MU model: Squad/Parts/Aero/wings/delta
[LOG 15:10:50.668] Load MU model: Squad/Parts/Aero/wings/delta_small
[LOG 15:10:50.668] Load MU model: Squad/Parts/Aero/wings/elevon1
[LOG 15:10:50.668] Load MU model: Squad/Parts/Aero/wings/elevon2
[LOG 15:10:50.668] Load MU model: Squad/Parts/Aero/wings/elevon3
[LOG 15:10:50.668] Load MU model: Squad/Parts/Aero/wings/elevon4
[LOG 15:10:50.671] Load MU model: Squad/Parts/Aero/wings/elevon5
[LOG 15:10:50.671] Load MU model: Squad/Parts/Aero/wings/strake
[LOG 15:10:50.671] Load MU model: Squad/Parts/Aero/wings/structural1
[LOG 15:10:50.671] Load MU model: Squad/Parts/Aero/wings/structural2
[LOG 15:10:50.671] Load MU model: Squad/Parts/Aero/wings/structural3
[LOG 15:10:50.671] Load MU model: Squad/Parts/Aero/wings/structural4
[LOG 15:10:50.672] Load MU model: Squad/Parts/Aero/wings/swept1
[LOG 15:10:50.672] Load MU model: Squad/Parts/Aero/wings/swept2
[LOG 15:10:50.672] Load MU model: Squad/Parts/Cargo/CargoContainers/cargoContainer
[LOG 15:10:50.672] Load MU model: Squad/Parts/Cargo/CargoContainers/smallCargoContainer
[LOG 15:10:50.672] Load MU model: Squad/Parts/Cargo/Cylinder/EVAcylinder
[LOG 15:10:50.673] Load MU model: Squad/Parts/Cargo/GroundAnchor/groundAnchor
[LOG 15:10:50.673] Load MU model: Squad/Parts/Cargo/Jetpack/Jetpack
[LOG 15:10:50.674] Load MU model: Squad/Parts/Cargo/Parachute/Parachute
[LOG 15:10:50.674] Load MU model: Squad/Parts/Cargo/RepairKit/RepairKit
[LOG 15:10:50.697] Load MU model: Squad/Parts/Cargo/ScienceKit/ExperimentKit
[LOG 15:10:50.698] Load MU model: Squad/Parts/Cargo/StorageUnits/Assets/CargoStorageUnit
[LOG 15:10:50.698] Load MU model: Squad/Parts/Cargo/StorageUnits/Assets/ConformalStorageUnit
[LOG 15:10:50.699] Load MU model: Squad/Parts/Command/advancedSasModuleLarge/model
[LOG 15:10:50.699] Load MU model: Squad/Parts/Command/cupola/model
[LOG 15:10:50.700] Load MU model: Squad/Parts/Command/externalCommandSeat/model
[LOG 15:10:50.700] Load MU model: Squad/Parts/Command/hitchhikerStorageContainer/model
[LOG 15:10:50.700] Load MU model: Squad/Parts/Command/inlineAdvancedStabilizer/model
[LOG 15:10:50.703] Load MU model: Squad/Parts/Command/inlineReactionWheel/model
[LOG 15:10:50.705] Load MU model: Squad/Parts/Command/Mk1-3Pod/Mk1-3
[LOG 15:10:50.705] Load MU model: Squad/Parts/Command/mk1Cockpits/Cabin
[LOG 15:10:50.706] Load MU model: Squad/Parts/Command/mk1Cockpits/CockpitInline
[LOG 15:10:50.707] Load MU model: Squad/Parts/Command/mk1Cockpits/CockpitStandard
[LOG 15:10:50.727] Load MU model: Squad/Parts/Command/mk1LanderCan/model
[LOG 15:10:50.727] Load MU model: Squad/Parts/Command/mk1pod_v2/Mk1Pod_v2
[LOG 15:10:50.727] Load MU model: Squad/Parts/Command/mk2CockpitInline/model
[LOG 15:10:50.729] Load MU model: Squad/Parts/Command/mk2CockpitStandard/model
[LOG 15:10:50.733] Load MU model: Squad/Parts/Command/mk2DroneCore/model
[LOG 15:10:50.739] Load MU model: Squad/Parts/Command/mk2LanderCan/model
[LOG 15:10:50.741] Load MU model: Squad/Parts/Command/mk2LanderCan_v2/mk2LanderCan
[LOG 15:10:50.741] Load MU model: Squad/Parts/Command/mk3CockpitShuttle/model
[LOG 15:10:50.742] Load MU model: Squad/Parts/Command/MpoProbe/MpoProbe
[LOG 15:10:50.742] Load MU model: Squad/Parts/Command/MtmStage/MTM_Stage
[LOG 15:10:50.743] Load MU model: Squad/Parts/Command/probeCoreCube/probeCoreCube
[LOG 15:10:50.743] Load MU model: Squad/Parts/Command/probeCoreHex/model
[LOG 15:10:50.743] Load MU model: Squad/Parts/Command/probeCoreHex_v2/model
[LOG 15:10:50.744] Load MU model: Squad/Parts/Command/probeCoreOcto2_v2/probeCoreOcto2_v2
[LOG 15:10:50.744] Load MU model: Squad/Parts/Command/probeCoreOcto_v2/probeCoreOcto_v2
[LOG 15:10:50.744] Load MU model: Squad/Parts/Command/probeRoverBody/model
[LOG 15:10:50.744] Load MU model: Squad/Parts/Command/probeRoverBody_v2/probeRoverBody_v2
[LOG 15:10:50.745] Load MU model: Squad/Parts/Command/probeStackLarge/model
[LOG 15:10:50.745] Load MU model: Squad/Parts/Command/probeStackSmall/model
[LOG 15:10:50.745] Load MU model: Squad/Parts/Command/probeStackSphere_v2/probeStackSphere_v2
[LOG 15:10:50.746] Load MU model: Squad/Parts/CompoundParts/FuelLine/model
[LOG 15:10:50.746] Load MU model: Squad/Parts/CompoundParts/strutConnector/model
[LOG 15:10:50.746] Load MU model: Squad/Parts/Coupling/Assets/Decoupler_0
[LOG 15:10:50.748] Load MU model: Squad/Parts/Coupling/Assets/Decoupler_1
[LOG 15:10:50.748] Load MU model: Squad/Parts/Coupling/Assets/Decoupler_1p5
[LOG 15:10:50.752] Load MU model: Squad/Parts/Coupling/Assets/Decoupler_2
[LOG 15:10:50.752] Load MU model: Squad/Parts/Coupling/Assets/Decoupler_3
[LOG 15:10:50.752] Load MU model: Squad/Parts/Coupling/Assets/Decoupler_4
[LOG 15:10:50.753] Load MU model: Squad/Parts/Coupling/Assets/Separator_0
[LOG 15:10:50.753] Load MU model: Squad/Parts/Coupling/Assets/Separator_1
[LOG 15:10:50.753] Load MU model: Squad/Parts/Coupling/Assets/Separator_1p5
[LOG 15:10:50.754] Load MU model: Squad/Parts/Coupling/Assets/Separator_2
[LOG 15:10:50.754] Load MU model: Squad/Parts/Coupling/Assets/Separator_3
[LOG 15:10:50.754] Load MU model: Squad/Parts/Coupling/Assets/Separator_4
[LOG 15:10:50.755] Load MU model: Squad/Parts/Electrical/10CSolarPanels/assets/OX-10C
[LOG 15:10:50.757] Load MU model: Squad/Parts/Electrical/10CSolarPanels/assets/SP-10C
[LOG 15:10:50.759] Load MU model: Squad/Parts/Electrical/10LSolarPanels/assets/OX-10L
[LOG 15:10:50.760] Load MU model: Squad/Parts/Electrical/10LSolarPanels/assets/SP-10L
[LOG 15:10:50.761] Load MU model: Squad/Parts/Electrical/1x6ShroudSolarPanels/model
[LOG 15:10:50.763] Load MU model: Squad/Parts/Electrical/1x6SolarPanels/model
[LOG 15:10:50.764] Load MU model: Squad/Parts/Electrical/3x2ShroudSolarPanels/model
[LOG 15:10:50.765] Load MU model: Squad/Parts/Electrical/3x2SolarPanels/model
[LOG 15:10:50.765] Load MU model: Squad/Parts/Electrical/gigantorXlSolarArray/model
[LOG 15:10:50.766] Load MU model: Squad/Parts/Electrical/radialFlatSolarPanel/model
[LOG 15:10:50.766] Load MU model: Squad/Parts/Electrical/RTG/model
[LOG 15:10:50.766] Load MU model: Squad/Parts/Electrical/z-100Battery/model
[LOG 15:10:50.766] Load MU model: Squad/Parts/Electrical/z-1kBattery/model
[LOG 15:10:50.767] Load MU model: Squad/Parts/Electrical/z-200Battery/model
[LOG 15:10:50.767] Load MU model: Squad/Parts/Electrical/z-400Battery/model
[LOG 15:10:50.767] Load MU model: Squad/Parts/Electrical/z-4kBattery/model
[LOG 15:10:50.767] Load MU model: Squad/Parts/Engine/ionEngine/model
[LOG 15:10:50.767] Load MU model: Squad/Parts/Engine/jetEngines/turbineInside
[LOG 15:10:50.768] Load MU model: Squad/Parts/Engine/jetEngines/turboFanSize1
[LOG 15:10:50.768] Load MU model: Squad/Parts/Engine/jetEngines/turboFanSize2
[LOG 15:10:50.769] Load MU model: Squad/Parts/Engine/jetEngines/turboJet
[LOG 15:10:50.770] Load MU model: Squad/Parts/Engine/jetEngines/turboRamJet
[LOG 15:10:50.770] Load MU model: Squad/Parts/Engine/liquidEngine24-77/model
[LOG 15:10:50.771] Load MU model: Squad/Parts/Engine/liquidEngine24-77_v2/Twitch_v2
[LOG 15:10:50.771] Load MU model: Squad/Parts/Engine/liquidEngine48-7S_v2/SparkV2
[LOG 15:10:50.772] Load MU model: Squad/Parts/Engine/liquidEngineAerospike/AeroSpike
[LOG 15:10:50.772] Load MU model: Squad/Parts/Engine/liquidEngineLV-1_v2/Assets/Ant
[LOG 15:10:50.773] Load MU model: Squad/Parts/Engine/liquidEngineLV-1_v2/Assets/Spider
[LOG 15:10:50.774] Load MU model: Squad/Parts/Engine/liquidEngineLV-909_v2/TerrierV2
[LOG 15:10:50.774] Load MU model: Squad/Parts/Engine/liquidEngineLV-N/model
[LOG 15:10:50.775] Load MU model: Squad/Parts/Engine/liquidEngineLV-T30/model
[LOG 15:10:50.775] Load MU model: Squad/Parts/Engine/liquidEngineLV-T30_v2/Reliant_v2
[LOG 15:10:50.777] Load MU model: Squad/Parts/Engine/liquidEngineLV-T45/model
[LOG 15:10:50.778] Load MU model: Squad/Parts/Engine/liquidEngineLV-T45_v2/Swivel_v2
[LOG 15:10:50.779] Load MU model: Squad/Parts/Engine/liquidEngineMainsail_v2/liquidEngineMainsail_v2
[LOG 15:10:50.781] Load MU model: Squad/Parts/Engine/liquidEngineMk55/Thud
[LOG 15:10:50.781] Load MU model: Squad/Parts/Engine/liquidEnginePoodle_v2/LqdEnginePoodle_v2
[LOG 15:10:50.784] Load MU model: Squad/Parts/Engine/liquidEngineSkipper_v2/skipper_v2
[LOG 15:10:50.785] Load MU model: Squad/Parts/Engine/liquidEngineSSME/SSME
[LOG 15:10:50.786] Load MU model: Squad/Parts/Engine/MassiveSRB/MassiveSRB
[LOG 15:10:50.787] Load MU model: Squad/Parts/Engine/miniJet/SmallJet
[LOG 15:10:50.787] Load MU model: Squad/Parts/Engine/OMSEngine/Puff_v2
[LOG 15:10:50.787] Load MU model: Squad/Parts/Engine/rapierEngine/rapier
[LOG 15:10:50.788] Load MU model: Squad/Parts/Engine/Size1_SRBs/SRB10
[LOG 15:10:50.789] Load MU model: Squad/Parts/Engine/Size1_SRBs/SRB5
[LOG 15:10:50.791] Load MU model: Squad/Parts/Engine/Size2LFB/Size2LFB
[LOG 15:10:50.794] Load MU model: Squad/Parts/Engine/Size2LFB_v2/Size2LFB_v2
[LOG 15:10:50.795] Load MU model: Squad/Parts/Engine/Size3AdvancedEngine/Size3AdvancedEngine
[LOG 15:10:50.797] Load MU model: Squad/Parts/Engine/Size3EngineCluster/Size3EngineCluster
[LOG 15:10:50.798] Load MU model: Squad/Parts/Engine/solidBoosterBACC/model
[LOG 15:10:50.799] Load MU model: Squad/Parts/Engine/solidBoosterS2-17/solidBoosterS2-17
[LOG 15:10:50.799] Load MU model: Squad/Parts/Engine/solidBoosterS2-33/solidBoosterS2-33
[LOG 15:10:50.800] Load MU model: Squad/Parts/Engine/solidBoosterSep/model
[LOG 15:10:50.800] Load MU model: Squad/Parts/Engine/SolidBoostersF/Assets/SolidBoosterF3S0
[LOG 15:10:50.801] Load MU model: Squad/Parts/Engine/SolidBoostersF/Assets/SolidBoosterFM1
[LOG 15:10:50.801] Load MU model: Squad/Parts/FuelTank/adapterTanks/Mk3-Mk2
[LOG 15:10:50.802] Load MU model: Squad/Parts/FuelTank/adapterTanks/Mk3-Size2
[LOG 15:10:50.802] Load MU model: Squad/Parts/FuelTank/adapterTanks/Mk3-Size2Slant
[LOG 15:10:50.802] Load MU model: Squad/Parts/FuelTank/adapterTanks/ShuttleAdapter
[LOG 15:10:50.803] Load MU model: Squad/Parts/FuelTank/adapterTanks/Size2-Mk2
[LOG 15:10:50.803] Load MU model: Squad/Parts/FuelTank/adapterTanks/Size2-Size1
[LOG 15:10:50.803] Load MU model: Squad/Parts/FuelTank/adapterTanks/Size2-Size1Slant
[LOG 15:10:50.803] Load MU model: Squad/Parts/FuelTank/adapterTanks/Size3-Mk3
[LOG 15:10:50.804] Load MU model: Squad/Parts/FuelTank/drainTankFTE-1/fuelValve
[LOG 15:10:50.804] Load MU model: Squad/Parts/FuelTank/FoilTanks/RadialTank_Capsule
[LOG 15:10:50.804] Load MU model: Squad/Parts/FuelTank/FoilTanks/RadialTank_Round
[LOG 15:10:50.804] Load MU model: Squad/Parts/FuelTank/FoilTanks/ToroidTank
[LOG 15:10:50.805] Load MU model: Squad/Parts/FuelTank/fuelTankOscarB/model
[LOG 15:10:50.805] Load MU model: Squad/Parts/FuelTank/miniFuselage/Fuselage
[LOG 15:10:50.805] Load MU model: Squad/Parts/FuelTank/mk2Adapters/bicoupler
[LOG 15:10:50.806] Load MU model: Squad/Parts/FuelTank/mk2Adapters/long
[LOG 15:10:50.806] Load MU model: Squad/Parts/FuelTank/mk2Adapters/standard
[LOG 15:10:50.806] Load MU model: Squad/Parts/FuelTank/mk2FuselageLong/FuselageLongLFO
[LOG 15:10:50.806] Load MU model: Squad/Parts/FuelTank/mk2FuselageLong/FuselageLongLiquid
[LOG 15:10:50.806] Load MU model: Squad/Parts/FuelTank/mk2FuselageShort/FuselageShortLFO
[LOG 15:10:50.807] Load MU model: Squad/Parts/FuelTank/mk2FuselageShort/FuselageShortLiquid
[LOG 15:10:50.807] Load MU model: Squad/Parts/FuelTank/mk2FuselageShort/FuselageShortMono
[LOG 15:10:50.807] Load MU model: Squad/Parts/FuelTank/mk3Fuselage/CREW
[LOG 15:10:50.807] Load MU model: Squad/Parts/FuelTank/mk3Fuselage/LFO_100
[LOG 15:10:50.808] Load MU model: Squad/Parts/FuelTank/mk3Fuselage/LFO_25
[LOG 15:10:50.808] Load MU model: Squad/Parts/FuelTank/mk3Fuselage/LFO_50
[LOG 15:10:50.808] Load MU model: Squad/Parts/FuelTank/mk3Fuselage/LF_100
[LOG 15:10:50.808] Load MU model: Squad/Parts/FuelTank/mk3Fuselage/LF_25
[LOG 15:10:50.808] Load MU model: Squad/Parts/FuelTank/mk3Fuselage/LF_50
[LOG 15:10:50.808] Load MU model: Squad/Parts/FuelTank/mk3Fuselage/MONO
[LOG 15:10:50.809] Load MU model: Squad/Parts/FuelTank/RCSFuelTankR1/RCSFuelTankR1_01
[LOG 15:10:50.809] Load MU model: Squad/Parts/FuelTank/RCSFuelTankR10/model
[LOG 15:10:50.810] Load MU model: Squad/Parts/FuelTank/RCSFuelTankR25/RCSFuelTankR25
[LOG 15:10:50.810] Load MU model: Squad/Parts/FuelTank/RCSTankRadial/model
[LOG 15:10:50.810] Load MU model: Squad/Parts/FuelTank/RCStankRadialLong/model
[LOG 15:10:50.810] Load MU model: Squad/Parts/FuelTank/RockomaxTanks/Assets/Rockomax16
[LOG 15:10:50.810] Load MU model: Squad/Parts/FuelTank/RockomaxTanks/Assets/Rockomax32
[LOG 15:10:50.811] Load MU model: Squad/Parts/FuelTank/RockomaxTanks/Assets/Rockomax64
[LOG 15:10:50.811] Load MU model: Squad/Parts/FuelTank/RockomaxTanks/Assets/Rockomax8
[LOG 15:10:50.812] Load MU model: Squad/Parts/FuelTank/Size1_Tanks/Size1Tank_01
[LOG 15:10:50.812] Load MU model: Squad/Parts/FuelTank/Size1_Tanks/Size1Tank_02
[LOG 15:10:50.812] Load MU model: Squad/Parts/FuelTank/Size1_Tanks/Size1Tank_03
[LOG 15:10:50.812] Load MU model: Squad/Parts/FuelTank/Size1_Tanks/Size1Tank_04
[LOG 15:10:50.813] Load MU model: Squad/Parts/FuelTank/Size3Tanks/Size3LargeTank
[LOG 15:10:50.813] Load MU model: Squad/Parts/FuelTank/Size3Tanks/Size3MediumTank
[LOG 15:10:50.813] Load MU model: Squad/Parts/FuelTank/Size3Tanks/Size3SmallTank
[LOG 15:10:50.813] Load MU model: Squad/Parts/FuelTank/xenonTank/model
[LOG 15:10:50.814] Load MU model: Squad/Parts/FuelTank/xenonTankLarge/model
[LOG 15:10:50.814] Load MU model: Squad/Parts/FuelTank/xenonTankRadial/model
[LOG 15:10:50.814] Load MU model: Squad/Parts/Misc/AsteroidDay/CamSat
[LOG 15:10:50.814] Load MU model: Squad/Parts/Misc/AsteroidDay/HECS2
[LOG 15:10:50.815] Load MU model: Squad/Parts/Misc/AsteroidDay/HighGainAntenna
[LOG 15:10:50.816] Load MU model: Squad/Parts/Misc/AsteroidDay/LgRadialSolar
[LOG 15:10:50.816] Load MU model: Squad/Parts/Misc/PotatoComet/Cube
[LOG 15:10:50.816] Load MU model: Squad/Parts/Misc/PotatoRoid/Cube
[LOG 15:10:50.816] Load MU model: Squad/Parts/Resources/FuelCell/FuelCell
[LOG 15:10:50.816] Load MU model: Squad/Parts/Resources/FuelCell/FuelCellArray
[LOG 15:10:50.817] Load MU model: Squad/Parts/Resources/ISRU/ISRU
[LOG 15:10:50.818] Load MU model: Squad/Parts/Resources/LargeTank/LargeTank
[LOG 15:10:50.818] Load MU model: Squad/Parts/Resources/MiniDrill/MiniDrill
[LOG 15:10:50.819] Load MU model: Squad/Parts/Resources/MiniISRU/MiniISRU
[LOG 15:10:50.820] Load MU model: Squad/Parts/Resources/OrbitalScanner/OrbitalScanner
[LOG 15:10:50.820] Load MU model: Squad/Parts/Resources/RadialDrill/TriBitDrill
[LOG 15:10:50.823] Load MU model: Squad/Parts/Resources/RadialTank/RadialOreTank
[LOG 15:10:50.823] Load MU model: Squad/Parts/Resources/SmallTank/SmallTank
[LOG 15:10:50.823] Load MU model: Squad/Parts/Resources/SurfaceScanner/SurfaceScanner
[LOG 15:10:50.824] Load MU model: Squad/Parts/Resources/SurveyScanner/SurveyScanner
[LOG 15:10:50.824] Load MU model: Squad/Parts/Science/AtmosphereSensor/model
[LOG 15:10:50.824] Load MU model: Squad/Parts/Science/GooExperiment/GooExperiment
[LOG 15:10:50.824] Load MU model: Squad/Parts/Science/LargeCrewedLab/large_crewed_lab
[LOG 15:10:50.825] Load MU model: Squad/Parts/Science/Magnetometer/Magnetometer
[LOG 15:10:50.831] Load MU model: Squad/Parts/Science/MaterialBay/science_module_small
[LOG 15:10:50.832] Load MU model: Squad/Parts/Science/ScienceBox/ScienceBox
[LOG 15:10:50.832] Load MU model: Squad/Parts/Science/sensorAccelerometer/model
[LOG 15:10:50.833] Load MU model: Squad/Parts/Science/sensorBarometer/model
[LOG 15:10:50.833] Load MU model: Squad/Parts/Science/sensorGravimeter/model
[LOG 15:10:50.833] Load MU model: Squad/Parts/Science/sensorThermometer/model
[LOG 15:10:50.833] Load MU model: Squad/Parts/Structural/FLAdapters/Assets/adapterSmallMiniShort_v2
[LOG 15:10:50.833] Load MU model: Squad/Parts/Structural/FLAdapters/Assets/adapterSmallMiniTall_v2
[LOG 15:10:50.834] Load MU model: Squad/Parts/Structural/mk1Parts/Fuselage
[LOG 15:10:50.834] Load MU model: Squad/Parts/Structural/mk1Parts/IntakeFuselage
[LOG 15:10:50.834] Load MU model: Squad/Parts/Structural/mk1Parts/Nacelle1
[LOG 15:10:50.834] Load MU model: Squad/Parts/Structural/mk1Parts/Nacelle2
[LOG 15:10:50.835] Load MU model: Squad/Parts/Structural/mk1Parts/Structural
[LOG 15:10:50.835] Load MU model: Squad/Parts/Structural/mk1Parts/StructuralHollow
[LOG 15:10:50.836] Load MU model: Squad/Parts/Structural/Size3To2Adapter_v2/Size2to3_v2
[LOG 15:10:50.836] Load MU model: Squad/Parts/Structural/stackAdapters/Assets/adapterLargeSmallBi
[LOG 15:10:50.836] Load MU model: Squad/Parts/Structural/stackAdapters/Assets/adapterLargeSmallQuad
[LOG 15:10:50.837] Load MU model: Squad/Parts/Structural/stackAdapters/Assets/adapterLargeSmallTri
[LOG 15:10:50.837] Load MU model: Squad/Parts/Structural/stationHub/model
[LOG 15:10:50.837] Load MU model: Squad/Parts/Structural/structuralIBeam200/model
[LOG 15:10:50.838] Load MU model: Squad/Parts/Structural/structuralIBeam200Pocket/model
[LOG 15:10:50.838] Load MU model: Squad/Parts/Structural/structuralIBeam650/model
[LOG 15:10:50.838] Load MU model: Squad/Parts/Structural/structuralMicronode/model
[LOG 15:10:50.838] Load MU model: Squad/Parts/Structural/structuralPanel1x1/model
[LOG 15:10:50.838] Load MU model: Squad/Parts/Structural/structuralPanel2x2/model
[LOG 15:10:50.838] Load MU model: Squad/Parts/Structural/structuralPylons/PylonBig
[LOG 15:10:50.838] Load MU model: Squad/Parts/Structural/structuralPylons/PylonSmall
[LOG 15:10:50.839] Load MU model: Squad/Parts/Structural/strutCubicOcto/model
[LOG 15:10:50.839] Load MU model: Squad/Parts/Structural/strutOcto/model
[LOG 15:10:50.839] Load MU model: Squad/Parts/Structural/trussGirderAdapter/model
[LOG 15:10:50.839] Load MU model: Squad/Parts/Structural/trussGirderL/model
[LOG 15:10:50.839] Load MU model: Squad/Parts/Structural/trussGirderXL/model
[LOG 15:10:50.840] Load MU model: Squad/Parts/Thermal/FoldingRadiators/foldingRadLarge
[LOG 15:10:50.845] Load MU model: Squad/Parts/Thermal/FoldingRadiators/foldingRadMed
[LOG 15:10:50.847] Load MU model: Squad/Parts/Thermal/FoldingRadiators/foldingRadSmall
[LOG 15:10:50.849] Load MU model: Squad/Parts/Thermal/RadiatorPanels/radPanelEdge
[LOG 15:10:50.849] Load MU model: Squad/Parts/Thermal/RadiatorPanels/radPanelLg
[LOG 15:10:50.849] Load MU model: Squad/Parts/Thermal/RadiatorPanels/radPanelSm
[LOG 15:10:50.849] Load MU model: Squad/Parts/Utility/commDish88-88/model
[LOG 15:10:50.854] Load MU model: Squad/Parts/Utility/commsAntennaDTS-M1/mediumDishAntenna
[LOG 15:10:50.856] Load MU model: Squad/Parts/Utility/commsDish16/model
[LOG 15:10:50.856] Load MU model: Squad/Parts/Utility/decouplerRadialHDM/model
[LOG 15:10:50.856] Load MU model: Squad/Parts/Utility/decouplerRadialTT-38K/model
[LOG 15:10:50.856] Load MU model: Squad/Parts/Utility/decouplerRadialTT-70/model
[LOG 15:10:50.857] Load MU model: Squad/Parts/Utility/DirectAntennas/HGAntenna
[LOG 15:10:50.858] Load MU model: Squad/Parts/Utility/DirectAntennas/HGAntenna_v2
[LOG 15:10:50.858] Load MU model: Squad/Parts/Utility/DirectAntennas/SurfAntenna
[LOG 15:10:50.859] Load MU model: Squad/Parts/Utility/dockingPort/dockingPort
[LOG 15:10:50.859] Load MU model: Squad/Parts/Utility/dockingPortInline/dockingPortInline
[LOG 15:10:50.860] Load MU model: Squad/Parts/Utility/dockingPortJr/dockingPortJr
[LOG 15:10:50.860] Load MU model: Squad/Parts/Utility/dockingPortShielded/dockingPortShielded
[LOG 15:10:50.861] Load MU model: Squad/Parts/Utility/dockingPortSr/dockingPortSr
[LOG 15:10:50.862] Load MU model: Squad/Parts/Utility/Fireworks/Assets/fireworksLauncherBig
[LOG 15:10:50.862] Load MU model: Squad/Parts/Utility/Fireworks/Assets/fireworksLauncherSmall
[LOG 15:10:50.862] Load MU model: Squad/Parts/Utility/flags/flagFlat/flagFlatMeshes
[LOG 15:10:50.867] Load MU model: Squad/Parts/Utility/flags/flagSize0/flagSize0Meshes
[LOG 15:10:50.870] Load MU model: Squad/Parts/Utility/flags/flagSize1/flagSize1Meshes
[LOG 15:10:50.871] Load MU model: Squad/Parts/Utility/flags/flagSize2/flagSize2Meshes
[LOG 15:10:50.872] Load MU model: Squad/Parts/Utility/flags/flagSize3/flagSize3Meshes
[LOG 15:10:50.873] Load MU model: Squad/Parts/Utility/GrapplingDevice/GrapplingArm
[LOG 15:10:50.878] Load MU model: Squad/Parts/Utility/ladderRadial/model
[LOG 15:10:50.879] Load MU model: Squad/Parts/Utility/ladderTelescopic/model
[LOG 15:10:50.880] Load MU model: Squad/Parts/Utility/ladderTelescopicBay/model
[LOG 15:10:50.881] Load MU model: Squad/Parts/Utility/landingLegLT-1/model
[LOG 15:10:50.882] Load MU model: Squad/Parts/Utility/landingLegLT-2/model
[LOG 15:10:50.882] Load MU model: Squad/Parts/Utility/landingLegLT-5/model
[WRN 15:10:50.884] WheelCollider requires an attached Rigidbody to function.
[WRN 15:10:50.884] WheelCollider requires an attached Rigidbody to function.
[LOG 15:10:50.885] Load MU model: Squad/Parts/Utility/launchClamp1/model
[LOG 15:10:50.885] Load MU model: Squad/Parts/Utility/launchEscapeSystem/LaunchEscapeSystem
[LOG 15:10:50.886] Load MU model: Squad/Parts/Utility/Lights/Assets/light_02
[LOG 15:10:50.886] Load MU model: Squad/Parts/Utility/Lights/Assets/light_03
[LOG 15:10:50.886] Load MU model: Squad/Parts/Utility/Lights/Assets/light_04
[LOG 15:10:50.887] Load MU model: Squad/Parts/Utility/Lights/Assets/light_07
[LOG 15:10:50.887] Load MU model: Squad/Parts/Utility/Lights/Assets/light_08
[LOG 15:10:50.888] Load MU model: Squad/Parts/Utility/Lights/Assets/light_12
[LOG 15:10:50.888] Load MU model: Squad/Parts/Utility/linearVernorRCS/Assets/linearRCS
[LOG 15:10:50.888] Load MU model: Squad/Parts/Utility/linearVernorRCS/Assets/vernorEngine
[LOG 15:10:50.889] Load MU model: Squad/Parts/Utility/mk2CargoBay/BayLarge
[LOG 15:10:50.889] Load MU model: Squad/Parts/Utility/mk2CargoBay/BaySmall
[LOG 15:10:50.890] Load MU model: Squad/Parts/Utility/mk2CrewCabin/model
[LOG 15:10:50.890] Load MU model: Squad/Parts/Utility/mk2DockingPort/mk2Dockingport
[LOG 15:10:50.891] Load MU model: Squad/Parts/Utility/mk3CargoBay/long
[LOG 15:10:50.892] Load MU model: Squad/Parts/Utility/mk3CargoBay/medium
[LOG 15:10:50.892] Load MU model: Squad/Parts/Utility/mk3CargoBay/ramp
[LOG 15:10:50.894] Load MU model: Squad/Parts/Utility/mk3CargoBay/short
[LOG 15:10:50.894] Load MU model: Squad/Parts/Utility/parachuteMk1/model
[LOG 15:10:50.895] Load MU model: Squad/Parts/Utility/parachuteMk12-R/model
[LOG 15:10:50.895] Load MU model: Squad/Parts/Utility/parachuteMk16-XL/model
[LOG 15:10:50.896] Load MU model: Squad/Parts/Utility/parachuteMk2-R/model
[LOG 15:10:50.896] Load MU model: Squad/Parts/Utility/parachuteMk25/model
[LOG 15:10:50.896] Load MU model: Squad/Parts/Utility/radialAttachmentPoint/model
[LOG 15:10:50.897] Load MU model: Squad/Parts/Utility/rcsBlockRV-105_v2/rcsBlock105
[LOG 15:10:50.898] Load MU model: Squad/Parts/Utility/rcsSmallLinear/Assets/RCSLinearSmall
[LOG 15:10:50.898] Load MU model: Squad/Parts/Utility/RelayAntennas/HGAntenna
[LOG 15:10:50.899] Load MU model: Squad/Parts/Utility/RelayAntennas/RA-100
[LOG 15:10:50.900] Load MU model: Squad/Parts/Utility/RelayAntennas/RA-5
[LOG 15:10:50.901] Load MU model: Squad/Parts/Utility/RelayAntennas/RA-50
[LOG 15:10:50.901] Load MU model: Squad/Parts/Utility/rockomaxAdapters/Assets/brandAdapter
[LOG 15:10:50.901] Load MU model: Squad/Parts/Utility/rockomaxAdapters/Assets/brandAdapter02
[LOG 15:10:50.902] Load MU model: Squad/Parts/Utility/ServiceBay_v2/Assets/ServiceBay_125_v2
[LOG 15:10:50.903] Load MU model: Squad/Parts/Utility/ServiceBay_v2/Assets/ServiceBay_250_v2
[LOG 15:10:50.905] Load MU model: Squad/Parts/Utility/smallClaw/smallClaw
[LOG 15:10:50.908] Load MU model: Squad/Parts/Utility/spotLightMk1/model
[LOG 15:10:50.909] Load MU model: Squad/Parts/Utility/spotLightMk1_v2/model
[LOG 15:10:50.909] Load MU model: Squad/Parts/Utility/spotLightMk2/model
[LOG 15:10:50.909] Load MU model: Squad/Parts/Utility/spotLightMk2_v2/model
[LOG 15:10:50.910] Load MU model: Squad/Parts/Utility/stackCouplers/Assets/stackBiCoupler_v2
[LOG 15:10:50.910] Load MU model: Squad/Parts/Utility/stackCouplers/Assets/stackQuadCoupler
[LOG 15:10:50.910] Load MU model: Squad/Parts/Utility/stackCouplers/Assets/stackTriCoupler_v2
[LOG 15:10:50.911] Load MU model: Squad/Parts/Wheel/LandingGear/GearExtraLarge
[WRN 15:10:50.912] WheelCollider requires an attached Rigidbody to function.
[WRN 15:10:50.912] WheelCollider requires an attached Rigidbody to function.
[LOG 15:10:50.913] Load MU model: Squad/Parts/Wheel/LandingGear/GearFixed
[WRN 15:10:50.913] WheelCollider requires an attached Rigidbody to function.
[WRN 15:10:50.913] WheelCollider requires an attached Rigidbody to function.
[LOG 15:10:50.913] Load MU model: Squad/Parts/Wheel/LandingGear/GearFree
[WRN 15:10:50.913] WheelCollider requires an attached Rigidbody to function.
[WRN 15:10:50.913] WheelCollider requires an attached Rigidbody to function.
[LOG 15:10:50.914] Load MU model: Squad/Parts/Wheel/LandingGear/GearLarge
[WRN 15:10:50.914] WheelCollider requires an attached Rigidbody to function.
[WRN 15:10:50.914] WheelCollider requires an attached Rigidbody to function.
[LOG 15:10:50.915] Load MU model: Squad/Parts/Wheel/LandingGear/GearMedium
[WRN 15:10:50.915] WheelCollider requires an attached Rigidbody to function.
[WRN 15:10:50.915] WheelCollider requires an attached Rigidbody to function.
[LOG 15:10:50.915] Load MU model: Squad/Parts/Wheel/LandingGear/GearSmall
[WRN 15:10:50.916] WheelCollider requires an attached Rigidbody to function.
[WRN 15:10:50.916] WheelCollider requires an attached Rigidbody to function.
[LOG 15:10:50.916] Load MU model: Squad/Parts/Wheel/roverWheelM1/model
[WRN 15:10:50.917] WheelCollider requires an attached Rigidbody to function.
[WRN 15:10:50.917] WheelCollider requires an attached Rigidbody to function.
[LOG 15:10:50.917] Load MU model: Squad/Parts/Wheel/roverWheelS2/model
[WRN 15:10:50.917] WheelCollider requires an attached Rigidbody to function.
[WRN 15:10:50.917] WheelCollider requires an attached Rigidbody to function.
[LOG 15:10:50.917] Load MU model: Squad/Parts/Wheel/roverWheelTR-2L/model
[WRN 15:10:50.918] WheelCollider requires an attached Rigidbody to function.
[WRN 15:10:50.918] WheelCollider requires an attached Rigidbody to function.
[LOG 15:10:50.918] Load MU model: Squad/Parts/Wheel/roverWheelXL3/model
[WRN 15:10:50.920] WheelCollider requires an attached Rigidbody to function.
[WRN 15:10:50.920] WheelCollider requires an attached Rigidbody to function.
[LOG 15:10:50.920] Load MU model: Squad/Props/AltimeterThreeHands/model
[LOG 15:10:50.920] Load MU model: Squad/Props/AtmosphereDepth/model
[LOG 15:10:50.920] Load MU model: Squad/Props/AxisIndicator/model
[LOG 15:10:50.920] Load MU model: Squad/Props/buttonsGeneric/circularButton
[LOG 15:10:50.920] Load MU model: Squad/Props/buttonsGeneric/clusterButtons
[LOG 15:10:50.920] Load MU model: Squad/Props/buttonsGeneric/clusterButtons2
[LOG 15:10:50.921] Load MU model: Squad/Props/buttonsGeneric/clusterKnob
[LOG 15:10:50.921] Load MU model: Squad/Props/buttonsGeneric/clusterKnob2
[LOG 15:10:50.921] Load MU model: Squad/Props/buttonsGeneric/clusterMixed
[LOG 15:10:50.921] Load MU model: Squad/Props/buttonsGeneric/clusterSwitches01
[LOG 15:10:50.922] Load MU model: Squad/Props/buttonsGeneric/clusterSwitches02
[LOG 15:10:50.922] Load MU model: Squad/Props/buttonsGeneric/clusterSwitches03
[LOG 15:10:50.922] Load MU model: Squad/Props/buttonsGeneric/clusterSwitches04
[LOG 15:10:50.923] Load MU model: Squad/Props/buttonsGeneric/clusterSwitches05
[LOG 15:10:50.923] Load MU model: Squad/Props/buttonsGeneric/clusterSwitches06
[LOG 15:10:50.923] Load MU model: Squad/Props/buttonsGeneric/clusterSwitches07
[LOG 15:10:50.923] Load MU model: Squad/Props/buttonsGeneric/directionalKnob
[LOG 15:10:50.923] Load MU model: Squad/Props/buttonsGeneric/directionalKnob2
[LOG 15:10:50.924] Load MU model: Squad/Props/buttonsGeneric/pullSwitch
[LOG 15:10:50.924] Load MU model: Squad/Props/buttonsGeneric/squareButton
[LOG 15:10:50.924] Load MU model: Squad/Props/buttonsGeneric/standingSwitch
[LOG 15:10:50.924] Load MU model: Squad/Props/buttonsGeneric/switch
[LOG 15:10:50.924] Load MU model: Squad/Props/buttonsGeneric/switchWithGuards
[LOG 15:10:50.924] Load MU model: Squad/Props/ButtonSquare/model
[LOG 15:10:50.924] Load MU model: Squad/Props/circularButton/model
[LOG 15:10:50.925] Load MU model: Squad/Props/Compass/model
[LOG 15:10:50.925] Load MU model: Squad/Props/directionalKnob/model
[LOG 15:10:50.925] Load MU model: Squad/Props/directionalKnob2/model
[LOG 15:10:50.925] Load MU model: Squad/Props/IndicatorPanel/model
[LOG 15:10:50.925] Load MU model: Squad/Props/IVANavBall/model
[LOG 15:10:50.926] Load MU model: Squad/Props/IVANavBallNoBase/model
[LOG 15:10:50.927] Load MU model: Squad/Props/ledPanelSpeed/model
[LOG 15:10:50.927] Load MU model: Squad/Props/Monitor/MonitorDockingMode
[LOG 15:10:50.927] Load MU model: Squad/Props/NavBall/model
[LOG 15:10:50.928] Load MU model: Squad/Props/PropsGeneric/Button_DockingMode
[LOG 15:10:50.928] Load MU model: Squad/Props/PropsGeneric/CargoBagA
[LOG 15:10:50.930] Load MU model: Squad/Props/PropsGeneric/CargoBagB
[LOG 15:10:50.930] Load MU model: Squad/Props/PropsGeneric/CargoBagC
[LOG 15:10:50.930] Load MU model: Squad/Props/PropsGeneric/Hatch_Plane
[LOG 15:10:50.931] Load MU model: Squad/Props/PropsGeneric/Hatch_Plane_Curve90
[LOG 15:10:50.931] Load MU model: Squad/Props/PropsGeneric/Hatch_Plane_Frame
[LOG 15:10:50.931] Load MU model: Squad/Props/PropsGeneric/Seat_Passenger
[LOG 15:10:50.931] Load MU model: Squad/Props/PropsGeneric/Seat_Pilot
[LOG 15:10:50.931] Load MU model: Squad/Props/PropsGeneric/Seat_Pilot_Helmet
[LOG 15:10:50.931] Load MU model: Squad/Props/PropsGeneric/SideStick
[LOG 15:10:50.932] Load MU model: Squad/Props/pullSwitch/model
[LOG 15:10:50.932] Load MU model: Squad/Props/radarAltitude/model
[LOG 15:10:50.932] Load MU model: Squad/Props/squareButton/model
[LOG 15:10:50.932] Load MU model: Squad/Props/standingSwitch/model
[LOG 15:10:50.932] Load MU model: Squad/Props/switch/model
[LOG 15:10:50.932] Load MU model: Squad/Props/switchGuard/model
[LOG 15:10:50.932] Load MU model: Squad/Props/switchWithGuards/model
[LOG 15:10:50.934] Load MU model: Squad/Props/throttle/model
[LOG 15:10:50.934] Load MU model: Squad/Props/VSI/model
[LOG 15:10:50.935] Load MU model: Squad/Spaces/crewCabinInternals/model
[LOG 15:10:50.936] Load MU model: Squad/Spaces/cupolaInternal/model
[LOG 15:10:50.938] Load MU model: Squad/Spaces/GenericSpace1/model
[LOG 15:10:50.939] Load MU model: Squad/Spaces/GenericSpace3/model
[LOG 15:10:50.941] Load MU model: Squad/Spaces/landerCabinInternals/model
[LOG 15:10:50.942] Load MU model: Squad/Spaces/landerCabinSmallInternal/model
[LOG 15:10:50.943] Load MU model: Squad/Spaces/LargeCrewedLabInternals/Large_Crewed_lab_Int
[LOG 15:10:50.945] Load MU model: Squad/Spaces/Mk1-3/model
[LOG 15:10:50.948] Load MU model: Squad/Spaces/mk1CabinInternal/mk1cabin
[LOG 15:10:50.951] Load MU model: Squad/Spaces/mk1CockpitInternal/Mk1StandardIVA
[LOG 15:10:50.952] Load MU model: Squad/Spaces/mk1InlineInternal/Mk1InlineIVA
[LOG 15:10:50.953] Load MU model: Squad/Spaces/mk1PodCockpit/model
[LOG 15:10:50.954] Load MU model: Squad/Spaces/mk1pod_IVA/mk1pod_IVA
[LOG 15:10:50.955] Load MU model: Squad/Spaces/mk2CockpitStandardInternal/model
[LOG 15:10:50.956] Load MU model: Squad/Spaces/Mk2CrewCabinInternal/MK2_CrewCab_Int
[LOG 15:10:50.958] Load MU model: Squad/Spaces/mk2InlineInternal/mk2InlineIVA
[LOG 15:10:50.960] Load MU model: Squad/Spaces/mk2LanderCanInternal/mk2LanderCanInternal
[LOG 15:10:50.961] Load MU model: Squad/Spaces/MK3CockpitInternal/MK3_Cockpit_Int
[LOG 15:10:50.962] Load MU model: Squad/Spaces/MK3_CrewCab_Int/MK3_CrewCab_Int
[LOG 15:10:50.966] Load MU model: Squad/Spaces/OverlayMasks/CupolaMask
[LOG 15:10:50.967] Load MU model: Squad/Spaces/OverlayMasks/HitchhikerBorder
[LOG 15:10:50.968] Load MU model: Squad/Spaces/OverlayMasks/HitchhikerMask
[LOG 15:10:50.969] Load MU model: Squad/Spaces/OverlayMasks/LargeLabBorder
[LOG 15:10:50.969] Load MU model: Squad/Spaces/OverlayMasks/LargeLabMask
[LOG 15:10:50.969] Load MU model: Squad/Spaces/OverlayMasks/Mk1CabinBorder
[LOG 15:10:50.969] Load MU model: Squad/Spaces/OverlayMasks/Mk1CabinMask
[LOG 15:10:50.969] Load MU model: Squad/Spaces/OverlayMasks/Mk1InlineMask
[LOG 15:10:50.970] Load MU model: Squad/Spaces/OverlayMasks/Mk1InlineMask2
[LOG 15:10:50.970] Load MU model: Squad/Spaces/OverlayMasks/Mk1StandardBorder2
[LOG 15:10:50.970] Load MU model: Squad/Spaces/OverlayMasks/Mk1StandardBorder3
[LOG 15:10:50.970] Load MU model: Squad/Spaces/OverlayMasks/Mk1StandardMask
[LOG 15:10:50.970] Load MU model: Squad/Spaces/OverlayMasks/Mk1StandardMask2
[LOG 15:10:50.970] Load MU model: Squad/Spaces/OverlayMasks/Mk1StandardMask3
[LOG 15:10:50.971] Load MU model: Squad/Spaces/OverlayMasks/Mk2CabinBorder
[LOG 15:10:50.971] Load MU model: Squad/Spaces/OverlayMasks/Mk2CabinMask
[LOG 15:10:50.971] Load MU model: Squad/Spaces/OverlayMasks/Mk2InlineBorder
[LOG 15:10:50.971] Load MU model: Squad/Spaces/OverlayMasks/Mk2InlineMask
[LOG 15:10:50.971] Load MU model: Squad/Spaces/OverlayMasks/Mk2StandardBorder
[LOG 15:10:50.971] Load MU model: Squad/Spaces/OverlayMasks/Mk2StandardMask
[LOG 15:10:50.972] Load MU model: Squad/Spaces/OverlayMasks/Mk3CabinBorder
[LOG 15:10:50.972] Load MU model: Squad/Spaces/OverlayMasks/Mk3CabinMask
[LOG 15:10:50.972] Load MU model: Squad/Spaces/OverlayMasks/Mk3CabinMask2
[LOG 15:10:50.972] Load MU model: Squad/Spaces/OverlayMasks/Mk3ShuttleBorder
[LOG 15:10:50.972] Load MU model: Squad/Spaces/OverlayMasks/Mk3ShuttleMask
[LOG 15:10:50.972] Load MU model: Squad/Spaces/OverlayMasks/Size1LanderBorder
[LOG 15:10:50.972] Load MU model: Squad/Spaces/OverlayMasks/Size1LanderMask
[LOG 15:10:50.973] Load MU model: Squad/Spaces/OverlayMasks/Size1PodBorder
[LOG 15:10:50.973] Load MU model: Squad/Spaces/OverlayMasks/Size1PodMask
[LOG 15:10:50.973] Load MU model: Squad/Spaces/OverlayMasks/Size2LanderBorder
[LOG 15:10:50.973] Load MU model: Squad/Spaces/OverlayMasks/Size2LanderMask
[LOG 15:10:50.973] Load MU model: Squad/Spaces/OverlayMasks/Size2PodBorder
[LOG 15:10:50.973] Load MU model: Squad/Spaces/OverlayMasks/Size2PodMask
[LOG 15:10:50.973] Load MU model: Squad/Spaces/Placeholder/PlaceholderIVA
[LOG 15:10:50.974] Load MU model: Squad/Spaces/PodCockpit/model
[LOG 15:10:50.977] Load MU model: SquadExpansion/MakingHistory/Parts/Aero/protectiveRocketNoseMk5A/Size_1_5_Cone
[LOG 15:10:50.977] Load MU model: SquadExpansion/MakingHistory/Parts/Coupling/Assets/EnginePlate
[LOG 15:10:50.978] Load MU model: SquadExpansion/MakingHistory/Parts/Coupling/Assets/InflatableAirlock
[LOG 15:10:50.979] Load MU model: SquadExpansion/MakingHistory/Parts/Coupling/Assets/Size1_5_Decoupler
[LOG 15:10:50.979] Load MU model: SquadExpansion/MakingHistory/Parts/Engine/Assets/KE-1
[LOG 15:10:50.983] Load MU model: SquadExpansion/MakingHistory/Parts/Engine/Assets/LV-T87
[LOG 15:10:50.984] Load MU model: SquadExpansion/MakingHistory/Parts/Engine/Assets/LV-T91
[LOG 15:10:50.985] Load MU model: SquadExpansion/MakingHistory/Parts/Engine/Assets/RE-I2
[LOG 15:10:50.987] Load MU model: SquadExpansion/MakingHistory/Parts/Engine/Assets/RE-J10
[LOG 15:10:50.987] Load MU model: SquadExpansion/MakingHistory/Parts/Engine/Assets/RK-7
[LOG 15:10:50.989] Load MU model: SquadExpansion/MakingHistory/Parts/Engine/Assets/RV-1
[LOG 15:10:50.990] Load MU model: SquadExpansion/MakingHistory/Parts/Engine/solidBoosterTHK/solidBoosterTHK
[LOG 15:10:50.990] Load MU model: SquadExpansion/MakingHistory/Parts/FuelTank/Assets/MiniMonoTank
[LOG 15:10:50.990] Load MU model: SquadExpansion/MakingHistory/Parts/FuelTank/Assets/Size1_5_Size0_Adapter_01
[LOG 15:10:50.990] Load MU model: SquadExpansion/MakingHistory/Parts/FuelTank/Assets/Size1_5_Size1_Adapter_01
[LOG 15:10:50.991] Load MU model: SquadExpansion/MakingHistory/Parts/FuelTank/Assets/Size1_5_Size1_Adapter_02
[LOG 15:10:50.991] Load MU model: SquadExpansion/MakingHistory/Parts/FuelTank/Assets/Size1_5_Size2_Adapter_01
[LOG 15:10:50.991] Load MU model: SquadExpansion/MakingHistory/Parts/FuelTank/Assets/Size1_5_Tank_01
[LOG 15:10:50.992] Load MU model: SquadExpansion/MakingHistory/Parts/FuelTank/Assets/Size1_5_Tank_02
[LOG 15:10:50.992] Load MU model: SquadExpansion/MakingHistory/Parts/FuelTank/Assets/Size1_5_Tank_03
[LOG 15:10:50.992] Load MU model: SquadExpansion/MakingHistory/Parts/FuelTank/Assets/Size1_5_Tank_04
[LOG 15:10:50.992] Load MU model: SquadExpansion/MakingHistory/Parts/FuelTank/Assets/Size1_5_Tank_05
[LOG 15:10:50.993] Load MU model: SquadExpansion/MakingHistory/Parts/FuelTank/Assets/Size3_Size4_Adapter_01
[LOG 15:10:50.993] Load MU model: SquadExpansion/MakingHistory/Parts/FuelTank/Assets/Size4_EngineAdapter_01
[LOG 15:10:50.994] Load MU model: SquadExpansion/MakingHistory/Parts/FuelTank/Assets/Size4_Tank_01
[LOG 15:10:50.994] Load MU model: SquadExpansion/MakingHistory/Parts/FuelTank/Assets/Size4_Tank_02
[LOG 15:10:50.995] Load MU model: SquadExpansion/MakingHistory/Parts/FuelTank/Assets/Size4_Tank_03
[LOG 15:10:50.995] Load MU model: SquadExpansion/MakingHistory/Parts/FuelTank/Assets/Size4_Tank_04
[LOG 15:10:50.995] Load MU model: SquadExpansion/MakingHistory/Parts/FuelTank/Assets/Size_1p5_Monoprop
[LOG 15:10:50.996] Load MU model: SquadExpansion/MakingHistory/Parts/Ground/Assets/RoverWheel
[WRN 15:10:50.997] WheelCollider requires an attached Rigidbody to function.
[WRN 15:10:50.997] WheelCollider requires an attached Rigidbody to function.
[LOG 15:10:50.997] Load MU model: SquadExpansion/MakingHistory/Parts/Payload/Assets/ServiceModule18
[LOG 15:10:50.998] Load MU model: SquadExpansion/MakingHistory/Parts/Payload/Assets/ServiceModule25
[LOG 15:10:50.999] Load MU model: SquadExpansion/MakingHistory/Parts/Payload/Assets/Size1to0ServiceModule
[LOG 15:10:50.999] Load MU model: SquadExpansion/MakingHistory/Parts/Pods/Assets/Mk2Pod
[LOG 15:10:51.001] Load MU model: SquadExpansion/MakingHistory/Parts/Pods/Assets/RoundPod
[LOG 15:10:51.001] Load MU model: SquadExpansion/MakingHistory/Parts/Pods/Assets/Size1_5_Lander
[LOG 15:10:51.002] Load MU model: SquadExpansion/MakingHistory/Parts/SharedAssets/Shroud1p5x0
[LOG 15:10:51.002] Load MU model: SquadExpansion/MakingHistory/Parts/SharedAssets/Shroud1p5x1
[LOG 15:10:51.003] Load MU model: SquadExpansion/MakingHistory/Parts/SharedAssets/Shroud1p5x2
[LOG 15:10:51.003] Load MU model: SquadExpansion/MakingHistory/Parts/SharedAssets/Shroud1p5x3
[LOG 15:10:51.003] Load MU model: SquadExpansion/MakingHistory/Parts/SharedAssets/Shroud1p5x4
[LOG 15:10:51.003] Load MU model: SquadExpansion/MakingHistory/Parts/SharedAssets/Shroud1x0
[LOG 15:10:51.003] Load MU model: SquadExpansion/MakingHistory/Parts/SharedAssets/Shroud1x1
[LOG 15:10:51.003] Load MU model: SquadExpansion/MakingHistory/Parts/SharedAssets/Shroud1x2
[LOG 15:10:51.003] Load MU model: SquadExpansion/MakingHistory/Parts/SharedAssets/Shroud1x3
[LOG 15:10:51.004] Load MU model: SquadExpansion/MakingHistory/Parts/SharedAssets/Shroud1x4
[LOG 15:10:51.004] Load MU model: SquadExpansion/MakingHistory/Parts/SharedAssets/Shroud2x0
[LOG 15:10:51.004] Load MU model: SquadExpansion/MakingHistory/Parts/SharedAssets/Shroud2x1
[LOG 15:10:51.004] Load MU model: SquadExpansion/MakingHistory/Parts/SharedAssets/Shroud2x2
[LOG 15:10:51.004] Load MU model: SquadExpansion/MakingHistory/Parts/SharedAssets/Shroud2x3
[LOG 15:10:51.004] Load MU model: SquadExpansion/MakingHistory/Parts/SharedAssets/Shroud2x4
[LOG 15:10:51.004] Load MU model: SquadExpansion/MakingHistory/Parts/SharedAssets/Shroud3x0
[LOG 15:10:51.004] Load MU model: SquadExpansion/MakingHistory/Parts/SharedAssets/Shroud3x1
[LOG 15:10:51.005] Load MU model: SquadExpansion/MakingHistory/Parts/SharedAssets/Shroud3x2
[LOG 15:10:51.005] Load MU model: SquadExpansion/MakingHistory/Parts/SharedAssets/Shroud3x3
[LOG 15:10:51.005] Load MU model: SquadExpansion/MakingHistory/Parts/SharedAssets/Shroud3x4
[LOG 15:10:51.005] Load MU model: SquadExpansion/MakingHistory/Parts/SharedAssets/Shroud4x0
[LOG 15:10:51.005] Load MU model: SquadExpansion/MakingHistory/Parts/SharedAssets/Shroud4x1
[LOG 15:10:51.005] Load MU model: SquadExpansion/MakingHistory/Parts/SharedAssets/Shroud4x2
[LOG 15:10:51.005] Load MU model: SquadExpansion/MakingHistory/Parts/SharedAssets/Shroud4x3
[LOG 15:10:51.005] Load MU model: SquadExpansion/MakingHistory/Parts/SharedAssets/Shroud4x4
[LOG 15:10:51.006] Load MU model: SquadExpansion/MakingHistory/Parts/SharedAssets/ShroudCollider0
[LOG 15:10:51.006] Load MU model: SquadExpansion/MakingHistory/Parts/SharedAssets/ShroudCollider1
[LOG 15:10:51.006] Load MU model: SquadExpansion/MakingHistory/Parts/SharedAssets/ShroudCollider1p5
[LOG 15:10:51.006] Load MU model: SquadExpansion/MakingHistory/Parts/SharedAssets/ShroudCollider2
[LOG 15:10:51.007] Load MU model: SquadExpansion/MakingHistory/Parts/SharedAssets/ShroudCollider3
[LOG 15:10:51.007] Load MU model: SquadExpansion/MakingHistory/Parts/SharedAssets/ShroudCollider4
[LOG 15:10:51.007] Load MU model: SquadExpansion/MakingHistory/Parts/Structural/Assets/EquiTriangle0
[LOG 15:10:51.007] Load MU model: SquadExpansion/MakingHistory/Parts/Structural/Assets/EquiTriangle1
[LOG 15:10:51.008] Load MU model: SquadExpansion/MakingHistory/Parts/Structural/Assets/EquiTriangle1p5
[LOG 15:10:51.008] Load MU model: SquadExpansion/MakingHistory/Parts/Structural/Assets/EquiTriangle2
[LOG 15:10:51.008] Load MU model: SquadExpansion/MakingHistory/Parts/Structural/Assets/Panel0
[LOG 15:10:51.008] Load MU model: SquadExpansion/MakingHistory/Parts/Structural/Assets/Panel1
[LOG 15:10:51.008] Load MU model: SquadExpansion/MakingHistory/Parts/Structural/Assets/Panel1p5
[LOG 15:10:51.008] Load MU model: SquadExpansion/MakingHistory/Parts/Structural/Assets/Panel2
[LOG 15:10:51.008] Load MU model: SquadExpansion/MakingHistory/Parts/Structural/Assets/Triangle0
[LOG 15:10:51.009] Load MU model: SquadExpansion/MakingHistory/Parts/Structural/Assets/Triangle1
[LOG 15:10:51.009] Load MU model: SquadExpansion/MakingHistory/Parts/Structural/Assets/Triangle1p5
[LOG 15:10:51.009] Load MU model: SquadExpansion/MakingHistory/Parts/Structural/Assets/Triangle2
[LOG 15:10:51.009] Load MU model: SquadExpansion/MakingHistory/Parts/Utility/flags/flagSize1p5/flagSize1p5Meshes
[LOG 15:10:51.010] Load MU model: SquadExpansion/MakingHistory/Parts/Utility/flags/flagSize4/flagSize4Meshes
[LOG 15:10:51.012] Load MU model: SquadExpansion/MakingHistory/Spaces/KVPods/Airlock_IVA
[LOG 15:10:51.012] Load MU model: SquadExpansion/MakingHistory/Spaces/KVPods/KV1_IVA
[LOG 15:10:51.013] Load MU model: SquadExpansion/MakingHistory/Spaces/KVPods/KV2_IVA
[LOG 15:10:51.015] Load MU model: SquadExpansion/MakingHistory/Spaces/KVPods/KV3_IVA
[LOG 15:10:51.018] Load MU model: SquadExpansion/MakingHistory/Spaces/MEM/MEM_IVA
[LOG 15:10:51.019] Load MU model: SquadExpansion/MakingHistory/Spaces/Mk2Pod/MK2POD_IVA
[LOG 15:10:51.020] Load MU model: SquadExpansion/Serenity/Parts/Aero/Assets/FanShroud_01
[LOG 15:10:51.021] Load MU model: SquadExpansion/Serenity/Parts/Aero/Assets/FanShroud_02
[LOG 15:10:51.022] Load MU model: SquadExpansion/Serenity/Parts/Aero/Assets/FanShroud_03
[LOG 15:10:51.022] Load MU model: SquadExpansion/Serenity/Parts/Aero/Assets/noseconeTiny
[LOG 15:10:51.022] Load MU model: SquadExpansion/Serenity/Parts/Aero/Assets/noseconeVS
[LOG 15:10:51.023] Load MU model: SquadExpansion/Serenity/Parts/DeployedScience/Assets/CentralStation
[LOG 15:10:51.025] Load MU model: SquadExpansion/Serenity/Parts/DeployedScience/Assets/GoExOb
[LOG 15:10:51.027] Load MU model: SquadExpansion/Serenity/Parts/DeployedScience/Assets/IonExperiment
[LOG 15:10:51.028] Load MU model: SquadExpansion/Serenity/Parts/DeployedScience/Assets/RTGCask
[LOG 15:10:51.029] Load MU model: SquadExpansion/Serenity/Parts/DeployedScience/Assets/satDish
[LOG 15:10:51.032] Load MU model: SquadExpansion/Serenity/Parts/DeployedScience/Assets/seismicSensor
[LOG 15:10:51.037] Load MU model: SquadExpansion/Serenity/Parts/DeployedScience/Assets/solarPanel
[LOG 15:10:51.039] Load MU model: SquadExpansion/Serenity/Parts/DeployedScience/Assets/WeatherStation
[LOG 15:10:51.042] Load MU model: SquadExpansion/Serenity/Parts/Propellers/Assets/largeFanBlade
[LOG 15:10:51.043] Load MU model: SquadExpansion/Serenity/Parts/Propellers/Assets/largeHeliBlade
[LOG 15:10:51.043] Load MU model: SquadExpansion/Serenity/Parts/Propellers/Assets/largePropeller
[LOG 15:10:51.043] Load MU model: SquadExpansion/Serenity/Parts/Propellers/Assets/mediumFanBlade
[LOG 15:10:51.043] Load MU model: SquadExpansion/Serenity/Parts/Propellers/Assets/mediumHeliBlade
[LOG 15:10:51.044] Load MU model: SquadExpansion/Serenity/Parts/Propellers/Assets/mediumPropeller
[LOG 15:10:51.044] Load MU model: SquadExpansion/Serenity/Parts/Propellers/Assets/smallFanBlade
[LOG 15:10:51.044] Load MU model: SquadExpansion/Serenity/Parts/Propellers/Assets/smallHeliBlade
[LOG 15:10:51.044] Load MU model: SquadExpansion/Serenity/Parts/Propellers/Assets/smallPropeller
[LOG 15:10:51.045] Load MU model: SquadExpansion/Serenity/Parts/Robotics/Assets/hinge_01
[LOG 15:10:51.045] Load MU model: SquadExpansion/Serenity/Parts/Robotics/Assets/hinge_01_s
[LOG 15:10:51.045] Load MU model: SquadExpansion/Serenity/Parts/Robotics/Assets/hinge_03
[LOG 15:10:51.046] Load MU model: SquadExpansion/Serenity/Parts/Robotics/Assets/hinge_03_s
[LOG 15:10:51.046] Load MU model: SquadExpansion/Serenity/Parts/Robotics/Assets/hinge_04
[LOG 15:10:51.047] Load MU model: SquadExpansion/Serenity/Parts/Robotics/Assets/piston_01
[LOG 15:10:51.047] Load MU model: SquadExpansion/Serenity/Parts/Robotics/Assets/piston_02
[LOG 15:10:51.047] Load MU model: SquadExpansion/Serenity/Parts/Robotics/Assets/piston_03
[LOG 15:10:51.047] Load MU model: SquadExpansion/Serenity/Parts/Robotics/Assets/piston_04
[LOG 15:10:51.048] Load MU model: SquadExpansion/Serenity/Parts/Robotics/Assets/RotorEngine_02
[LOG 15:10:51.048] Load MU model: SquadExpansion/Serenity/Parts/Robotics/Assets/RotorEngine_03
[LOG 15:10:51.049] Load MU model: SquadExpansion/Serenity/Parts/Robotics/Assets/rotor_01
[LOG 15:10:51.050] Load MU model: SquadExpansion/Serenity/Parts/Robotics/Assets/rotor_01s
[LOG 15:10:51.050] Load MU model: SquadExpansion/Serenity/Parts/Robotics/Assets/rotor_02
[LOG 15:10:51.051] Load MU model: SquadExpansion/Serenity/Parts/Robotics/Assets/rotor_02s
[LOG 15:10:51.052] Load MU model: SquadExpansion/Serenity/Parts/Robotics/Assets/rotor_03
[LOG 15:10:51.052] Load MU model: SquadExpansion/Serenity/Parts/Robotics/Assets/rotor_03s
[LOG 15:10:51.053] Load MU model: SquadExpansion/Serenity/Parts/Robotics/Assets/RotoServo_00
[LOG 15:10:51.053] Load MU model: SquadExpansion/Serenity/Parts/Robotics/Assets/RotoServo_02
[LOG 15:10:51.054] Load MU model: SquadExpansion/Serenity/Parts/Robotics/Assets/RotoServo_03
[LOG 15:10:51.054] Load MU model: SquadExpansion/Serenity/Parts/Robotics/Assets/RotoServo_04
[LOG 15:10:51.054] Load MU model: SquadExpansion/Serenity/Parts/Robotics/Controllers/controller1000
[LOG 15:10:51.055] Load MU model: SquadExpansion/Serenity/Parts/Science/RobotArmScanner/Assets/ROCArm_01
[LOG 15:10:51.056] Load MU model: SquadExpansion/Serenity/Parts/Science/RobotArmScanner/Assets/ROCArm_02
[LOG 15:10:51.057] Load MU model: SquadExpansion/Serenity/Parts/Science/RobotArmScanner/Assets/ROCArm_03
[LOG 15:10:51.060] Load MU model: SquadExpansion/Serenity/Parts/Structural/gripPads/Assets/lGripPad
[LOG 15:10:51.060] Load MU model: SquadExpansion/Serenity/Parts/Structural/gripPads/Assets/lGripStrip
[LOG 15:10:51.060] Load MU model: SquadExpansion/Serenity/Parts/Structural/gripPads/Assets/mGripPad
[LOG 15:10:51.061] Load MU model: SquadExpansion/Serenity/Parts/Structural/gripPads/Assets/sGripPad
[LOG 15:10:51.061] Load MU model: SquadExpansion/Serenity/Parts/Structural/gripPads/Assets/sGripStrip
[LOG 15:10:51.061] Loading Asset Bundle Definitions
[LOG 15:10:51.062] AssetLoader: Loading bundle definitions
[LOG 15:10:51.195] AssetLoader: Loaded bundle 'squadcore'
[LOG 15:10:51.196] AssetLoader: Loaded bundle 'squadcorefx'
[LOG 15:10:51.196] AssetLoader: Loaded mod bundle 'kspedia'
[LOG 15:10:51.197] AssetLoader: Loaded mod bundle 'kspedia_actionsets'
[LOG 15:10:51.197] AssetLoader: Loaded mod bundle 'kspedia_aircraft'
[LOG 15:10:51.197] AssetLoader: Loaded mod bundle 'kspedia_aircraftbasics'
[LOG 15:10:51.198] AssetLoader: Loaded mod bundle 'kspedia_aircraftbasicsbalance'
[LOG 15:10:51.198] AssetLoader: Loaded mod bundle 'kspedia_aircraftbasicsbalance2'
[LOG 15:10:51.198] AssetLoader: Loaded mod bundle 'kspedia_aircraftbasicscol'
[LOG 15:10:51.199] AssetLoader: Loaded mod bundle 'kspedia_aircraftbasicscontrol'
[LOG 15:10:51.199] AssetLoader: Loaded mod bundle 'kspedia_aircraftbasicscontrolsurfaces'
[LOG 15:10:51.199] AssetLoader: Loaded mod bundle 'kspedia_aircraftbasicsdrag'
[LOG 15:10:51.199] AssetLoader: Loaded mod bundle 'kspedia_aircraftbasicsengines'
[LOG 15:10:51.200] AssetLoader: Loaded mod bundle 'kspedia_aircraftbasicsforces'
[LOG 15:10:51.200] AssetLoader: Loaded mod bundle 'kspedia_aircraftbasicsintakes'
[LOG 15:10:51.200] AssetLoader: Loaded mod bundle 'kspedia_aircraftbasicslandinggear'
[LOG 15:10:51.201] AssetLoader: Loaded mod bundle 'kspedia_aircraftbasicslift'
[LOG 15:10:51.201] AssetLoader: Loaded mod bundle 'kspedia_axisgroups'
[LOG 15:10:51.201] AssetLoader: Loaded mod bundle 'kspedia_career'
[LOG 15:10:51.202] AssetLoader: Loaded mod bundle 'kspedia_careerbasicscontracts'
[LOG 15:10:51.202] AssetLoader: Loaded mod bundle 'kspedia_careerbasicscrew'
[LOG 15:10:51.202] AssetLoader: Loaded mod bundle 'kspedia_careerbasicscurrencies'
[LOG 15:10:51.202] AssetLoader: Loaded mod bundle 'kspedia_careerbasicsexperience'
[LOG 15:10:51.203] AssetLoader: Loaded mod bundle 'kspedia_careerbasicsfacilities'
[LOG 15:10:51.203] AssetLoader: Loaded mod bundle 'kspedia_careerbasicsstrategies'
[LOG 15:10:51.203] AssetLoader: Loaded mod bundle 'kspedia_careerbasicstechnology'
[LOG 15:10:51.204] AssetLoader: Loaded mod bundle 'kspedia_careerui-ac'
[LOG 15:10:51.204] AssetLoader: Loaded mod bundle 'kspedia_careerui-admin'
[LOG 15:10:51.204] AssetLoader: Loaded mod bundle 'kspedia_careerui-ksc'
[LOG 15:10:51.204] AssetLoader: Loaded mod bundle 'kspedia_careerui-mc'
[LOG 15:10:51.205] AssetLoader: Loaded mod bundle 'kspedia_careerui-sciencearchives'
[LOG 15:10:51.205] AssetLoader: Loaded mod bundle 'kspedia_careerui-techtree'
[LOG 15:10:51.205] AssetLoader: Loaded mod bundle 'kspedia_careerui-ts'
[LOG 15:10:51.206] AssetLoader: Loaded mod bundle 'kspedia_careerui'
[LOG 15:10:51.206] AssetLoader: Loaded mod bundle 'kspedia_cargoapp'
[LOG 15:10:51.206] AssetLoader: Loaded mod bundle 'kspedia_cargomode'
[LOG 15:10:51.206] AssetLoader: Loaded mod bundle 'kspedia_cargosystem-placeableparts'
[LOG 15:10:51.207] AssetLoader: Loaded mod bundle 'kspedia_cargosystem'
[LOG 15:10:51.207] AssetLoader: Loaded mod bundle 'kspedia_chute'
[LOG 15:10:51.207] AssetLoader: Loaded mod bundle 'kspedia_commnet'
[LOG 15:10:51.208] AssetLoader: Loaded mod bundle 'kspedia_commnetbasics'
[LOG 15:10:51.208] AssetLoader: Loaded mod bundle 'kspedia_commnetbuildingeffectivenetworks'
[LOG 15:10:51.208] AssetLoader: Loaded mod bundle 'kspedia_commnetcalculatingrange'
[LOG 15:10:51.208] AssetLoader: Loaded mod bundle 'kspedia_commnetcontrollevels'
[LOG 15:10:51.208] AssetLoader: Loaded mod bundle 'kspedia_commnetcontrollinks'
[LOG 15:10:51.209] AssetLoader: Loaded mod bundle 'kspedia_commnetcontrolpoints'
[LOG 15:10:51.209] AssetLoader: Loaded mod bundle 'kspedia_commnetgui'
[LOG 15:10:51.209] AssetLoader: Loaded mod bundle 'kspedia_commnetgui01'
[LOG 15:10:51.209] AssetLoader: Loaded mod bundle 'kspedia_commnetgui02'
[LOG 15:10:51.209] AssetLoader: Loaded mod bundle 'kspedia_commnetrange'
[LOG 15:10:51.210] AssetLoader: Loaded mod bundle 'kspedia_commnetrelays'
[LOG 15:10:51.210] AssetLoader: Loaded mod bundle 'kspedia_commnetsciencetransmission'
[LOG 15:10:51.210] AssetLoader: Loaded mod bundle 'kspedia_commnetsignalstrength'
[LOG 15:10:51.210] AssetLoader: Loaded mod bundle 'kspedia_commnettransmission'
[LOG 15:10:51.211] AssetLoader: Loaded mod bundle 'kspedia_constructionui-actiongroups'
[LOG 15:10:51.211] AssetLoader: Loaded mod bundle 'kspedia_constructionui-applauncher'
[LOG 15:10:51.211] AssetLoader: Loaded mod bundle 'kspedia_constructionui-crew'
[LOG 15:10:51.211] AssetLoader: Loaded mod bundle 'kspedia_constructionui-engineersreport'
[LOG 15:10:51.212] AssetLoader: Loaded mod bundle 'kspedia_constructionui-gizmos'
[LOG 15:10:51.212] AssetLoader: Loaded mod bundle 'kspedia_constructionui-infos'
[LOG 15:10:51.212] AssetLoader: Loaded mod bundle 'kspedia_constructionui-partdetails'
[LOG 15:10:51.212] AssetLoader: Loaded mod bundle 'kspedia_constructionui-parts'
[LOG 15:10:51.213] AssetLoader: Loaded mod bundle 'kspedia_constructionui-symmetry'
[LOG 15:10:51.213] AssetLoader: Loaded mod bundle 'kspedia_constructionui-vesseldetails'
[LOG 15:10:51.213] AssetLoader: Loaded mod bundle 'kspedia_constructionui'
[LOG 15:10:51.214] AssetLoader: Loaded mod bundle 'kspedia_controls-dockingmode'
[LOG 15:10:51.214] AssetLoader: Loaded mod bundle 'kspedia_controls-editor'
[LOG 15:10:51.214] AssetLoader: Loaded mod bundle 'kspedia_controls-editorgizmos'
[LOG 15:10:51.214] AssetLoader: Loaded mod bundle 'kspedia_controls-eva'
[LOG 15:10:51.215] AssetLoader: Loaded mod bundle 'kspedia_controls-flight'
[LOG 15:10:51.215] AssetLoader: Loaded mod bundle 'kspedia_controls-flightactivities'
[LOG 15:10:51.215] AssetLoader: Loaded mod bundle 'kspedia_controls-flightdirections'
[LOG 15:10:51.216] AssetLoader: Loaded mod bundle 'kspedia_controls-general'
[LOG 15:10:51.216] AssetLoader: Loaded mod bundle 'kspedia_controls-mapandtime'
[LOG 15:10:51.216] AssetLoader: Loaded mod bundle 'kspedia_controls-mouseconstruction'
[LOG 15:10:51.216] AssetLoader: Loaded mod bundle 'kspedia_controls-mouseflight'
[LOG 15:10:51.217] AssetLoader: Loaded mod bundle 'kspedia_controls-rcs'
[LOG 15:10:51.217] AssetLoader: Loaded mod bundle 'kspedia_controls'
[LOG 15:10:51.217] AssetLoader: Loaded mod bundle 'kspedia_eastereggs'
[LOG 15:10:51.221] AssetLoader: Loaded mod bundle 'kspedia_evaconstructionmode'
[LOG 15:10:51.221] AssetLoader: Loaded mod bundle 'kspedia_facilities-ac'
[LOG 15:10:51.221] AssetLoader: Loaded mod bundle 'kspedia_facilities-admin'
[LOG 15:10:51.222] AssetLoader: Loaded mod bundle 'kspedia_facilities-context'
[LOG 15:10:51.222] AssetLoader: Loaded mod bundle 'kspedia_facilities-ksc'
[LOG 15:10:51.222] AssetLoader: Loaded mod bundle 'kspedia_facilities-launchpad'
[LOG 15:10:51.222] AssetLoader: Loaded mod bundle 'kspedia_facilities-mc'
[LOG 15:10:51.223] AssetLoader: Loaded mod bundle 'kspedia_facilities-randd'
[LOG 15:10:51.223] AssetLoader: Loaded mod bundle 'kspedia_facilities-runway'
[LOG 15:10:51.223] AssetLoader: Loaded mod bundle 'kspedia_facilities-sph'
[LOG 15:10:51.223] AssetLoader: Loaded mod bundle 'kspedia_facilities-ts'
[LOG 15:10:51.224] AssetLoader: Loaded mod bundle 'kspedia_facilities-vab'
[LOG 15:10:51.224] AssetLoader: Loaded mod bundle 'kspedia_flightui-altimeter'
[LOG 15:10:51.224] AssetLoader: Loaded mod bundle 'kspedia_flightui-applauncher'
[LOG 15:10:51.225] AssetLoader: Loaded mod bundle 'kspedia_flightui-evaactivities'
[LOG 15:10:51.225] AssetLoader: Loaded mod bundle 'kspedia_flightui-maneuvermodeeditor'
[LOG 15:10:51.225] AssetLoader: Loaded mod bundle 'kspedia_flightui-maneuvermodeeditorcont'
[LOG 15:10:51.226] AssetLoader: Loaded mod bundle 'kspedia_flightui-maneuvermodeorbit'
[LOG 15:10:51.226] AssetLoader: Loaded mod bundle 'kspedia_flightui-maneuvertoolinfo'
[LOG 15:10:51.226] AssetLoader: Loaded mod bundle 'kspedia_flightui-maneuvertoolmain'
[LOG 15:10:51.226] AssetLoader: Loaded mod bundle 'kspedia_flightui-modecontrol'
[LOG 15:10:51.227] AssetLoader: Loaded mod bundle 'kspedia_flightui-navball'
[LOG 15:10:51.227] AssetLoader: Loaded mod bundle 'kspedia_flightui-partrepairs'
[LOG 15:10:51.228] AssetLoader: Loaded mod bundle 'kspedia_flightui-portraits'
[LOG 15:10:51.228] AssetLoader: Loaded mod bundle 'kspedia_flightui-staging'
[LOG 15:10:51.229] AssetLoader: Loaded mod bundle 'kspedia_flightui-timeandaction'
[LOG 15:10:51.229] AssetLoader: Loaded mod bundle 'kspedia_flightui'
[LOG 15:10:51.229] AssetLoader: Loaded mod bundle 'kspedia_heat'
[LOG 15:10:51.230] AssetLoader: Loaded mod bundle 'kspedia_heatactiveradiators'
[LOG 15:10:51.230] AssetLoader: Loaded mod bundle 'kspedia_heatengines'
[LOG 15:10:51.231] AssetLoader: Loaded mod bundle 'kspedia_heatflow'
[LOG 15:10:51.231] AssetLoader: Loaded mod bundle 'kspedia_heatpart'
[LOG 15:10:51.231] AssetLoader: Loaded mod bundle 'kspedia_heatpassiveradiators'
[LOG 15:10:51.232] AssetLoader: Loaded mod bundle 'kspedia_heatshields'
[LOG 15:10:51.232] AssetLoader: Loaded mod bundle 'kspedia_kerbnet'
[LOG 15:10:51.237] AssetLoader: Loaded mod bundle 'kspedia_kerbnetinterface'
[LOG 15:10:51.237] AssetLoader: Loaded mod bundle 'kspedia_kerbnetmodes'
[LOG 15:10:51.238] AssetLoader: Loaded mod bundle 'kspedia_kerbnetwaypoints'
[LOG 15:10:51.238] AssetLoader: Loaded mod bundle 'kspedia_locations'
[LOG 15:10:51.239] AssetLoader: Loaded mod bundle 'kspedia_manual'
[LOG 15:10:51.239] AssetLoader: Loaded mod bundle 'kspedia_mapui-alarmclockcreation'
[LOG 15:10:51.240] AssetLoader: Loaded mod bundle 'kspedia_mapui-alarmclockmain'
[LOG 15:10:51.240] AssetLoader: Loaded mod bundle 'kspedia_mapui-burnindicator'
[LOG 15:10:51.240] AssetLoader: Loaded mod bundle 'kspedia_mapui-dvtoolsflight'
[LOG 15:10:51.241] AssetLoader: Loaded mod bundle 'kspedia_mapui-dvtoolsvab'
[LOG 15:10:51.241] AssetLoader: Loaded mod bundle 'kspedia_mapui-mannodes'
[LOG 15:10:51.242] AssetLoader: Loaded mod bundle 'kspedia_mapui-orbitnodes'
[LOG 15:10:51.242] AssetLoader: Loaded mod bundle 'kspedia_mapui-orbitnodes2'
[LOG 15:10:51.242] AssetLoader: Loaded mod bundle 'kspedia_mapui'
[LOG 15:10:51.243] AssetLoader: Loaded mod bundle 'kspedia_orbitalbasics-atmosphere'
[LOG 15:10:51.243] AssetLoader: Loaded mod bundle 'kspedia_orbitalbasics-gettingbackdown'
[LOG 15:10:51.243] AssetLoader: Loaded mod bundle 'kspedia_orbitalbasics-gettingupthere'
[LOG 15:10:51.244] AssetLoader: Loaded mod bundle 'kspedia_orbitalbasics-gravityturn'
[LOG 15:10:51.244] AssetLoader: Loaded mod bundle 'kspedia_orbitalbasics-orbits'
[LOG 15:10:51.244] AssetLoader: Loaded mod bundle 'kspedia_orbitalbasics-stayingupthere'
[LOG 15:10:51.245] AssetLoader: Loaded mod bundle 'kspedia_orbitalbasics'
[LOG 15:10:51.245] AssetLoader: Loaded mod bundle 'kspedia_orbitaldefinitions-appe'
[LOG 15:10:51.245] AssetLoader: Loaded mod bundle 'kspedia_orbitaldefinitions-dirandinc'
[LOG 15:10:51.245] AssetLoader: Loaded mod bundle 'kspedia_orbitaldefinitions-directions'
[LOG 15:10:51.245] AssetLoader: Loaded mod bundle 'kspedia_orbitaldefinitions-eccentricity'
[LOG 15:10:51.246] AssetLoader: Loaded mod bundle 'kspedia_orbitaldefinitions'
[LOG 15:10:51.246] AssetLoader: Loaded mod bundle 'kspedia_orbitalmaneuvers-adjustinginclination'
[LOG 15:10:51.246] AssetLoader: Loaded mod bundle 'kspedia_orbitalmaneuvers-deltav'
[LOG 15:10:51.246] AssetLoader: Loaded mod bundle 'kspedia_orbitalmaneuvers-efficiency'
[LOG 15:10:51.247] AssetLoader: Loaded mod bundle 'kspedia_orbitalmaneuvers-hohmanntransfer'
[LOG 15:10:51.247] AssetLoader: Loaded mod bundle 'kspedia_orbitalmaneuvers-hohmanntransfer2'
[LOG 15:10:51.247] AssetLoader: Loaded mod bundle 'kspedia_orbitalmaneuvers-orbittypes'
[LOG 15:10:51.248] AssetLoader: Loaded mod bundle 'kspedia_orbitalmaneuvers-radandantirad'
[LOG 15:10:51.248] AssetLoader: Loaded mod bundle 'kspedia_orbitalmaneuvers-shapingup'
[LOG 15:10:51.248] AssetLoader: Loaded mod bundle 'kspedia_orbitalmaneuvers'
[LOG 15:10:51.249] AssetLoader: Loaded mod bundle 'kspedia_planets-dres'
[LOG 15:10:51.249] AssetLoader: Loaded mod bundle 'kspedia_planets-duna'
[LOG 15:10:51.249] AssetLoader: Loaded mod bundle 'kspedia_planets-eeloo'
[LOG 15:10:51.249] AssetLoader: Loaded mod bundle 'kspedia_planets-eve'
[LOG 15:10:51.250] AssetLoader: Loaded mod bundle 'kspedia_planets-jool'
[LOG 15:10:51.250] AssetLoader: Loaded mod bundle 'kspedia_planets-kerbin'
[LOG 15:10:51.250] AssetLoader: Loaded mod bundle 'kspedia_planets-moho'
[LOG 15:10:51.250] AssetLoader: Loaded mod bundle 'kspedia_planets-sun'
[LOG 15:10:51.251] AssetLoader: Loaded mod bundle 'kspedia_planets-system'
[LOG 15:10:51.251] AssetLoader: Loaded mod bundle 'kspedia_resources-asteroidmining'
[LOG 15:10:51.251] AssetLoader: Loaded mod bundle 'kspedia_resources-conversionmanagement'
[LOG 15:10:51.251] AssetLoader: Loaded mod bundle 'kspedia_resources-drilling'
[LOG 15:10:51.252] AssetLoader: Loaded mod bundle 'kspedia_resources-findingit'
[LOG 15:10:51.252] AssetLoader: Loaded mod bundle 'kspedia_resources-findingit2'
[LOG 15:10:51.252] AssetLoader: Loaded mod bundle 'kspedia_resources-storageandconversion'
[LOG 15:10:51.252] AssetLoader: Loaded mod bundle 'kspedia_resources'
[LOG 15:10:51.253] AssetLoader: Loaded mod bundle 'kspedia_rocketry'
[LOG 15:10:51.253] AssetLoader: Loaded mod bundle 'kspedia_rocketryadvanced-fairings'
[LOG 15:10:51.253] AssetLoader: Loaded mod bundle 'kspedia_rocketryadvanced-girders'
[LOG 15:10:51.254] AssetLoader: Loaded mod bundle 'kspedia_rocketryadvanced'
[LOG 15:10:51.254] AssetLoader: Loaded mod bundle 'kspedia_rocketrybasics'
[LOG 15:10:51.254] AssetLoader: Loaded mod bundle 'kspedia_rocketrybasicsaero'
[LOG 15:10:51.254] AssetLoader: Loaded mod bundle 'kspedia_rocketrybasicscentered'
[LOG 15:10:51.255] AssetLoader: Loaded mod bundle 'kspedia_rocketrybasicschutes'
[LOG 15:10:51.255] AssetLoader: Loaded mod bundle 'kspedia_rocketrybasicscontrol'
[LOG 15:10:51.255] AssetLoader: Loaded mod bundle 'kspedia_rocketrybasicsecrecharging'
[LOG 15:10:51.255] AssetLoader: Loaded mod bundle 'kspedia_rocketrybasicsengines'
[LOG 15:10:51.256] AssetLoader: Loaded mod bundle 'kspedia_rocketrybasicsforces'
[LOG 15:10:51.256] AssetLoader: Loaded mod bundle 'kspedia_rocketrybasicshatchesandladders'
[LOG 15:10:51.256] AssetLoader: Loaded mod bundle 'kspedia_rocketrybasicshibernation'
[LOG 15:10:51.256] AssetLoader: Loaded mod bundle 'kspedia_rocketrybasicsresources'
[LOG 15:10:51.256] AssetLoader: Loaded mod bundle 'kspedia_rocketrybasicsservicecontainers'
[LOG 15:10:51.257] AssetLoader: Loaded mod bundle 'kspedia_rocketrybasicsstability'
[LOG 15:10:51.257] AssetLoader: Loaded mod bundle 'kspedia_rocketrybasicsstabilityassist'
[LOG 15:10:51.257] AssetLoader: Loaded mod bundle 'kspedia_rocketrybasicsstaging'
[LOG 15:10:51.257] AssetLoader: Loaded mod bundle 'kspedia_rocketrybasicssymmetry'
[LOG 15:10:51.258] AssetLoader: Loaded mod bundle 'kspedia_science'
[LOG 15:10:51.258] AssetLoader: Loaded mod bundle 'kspedia_sciencedata'
[LOG 15:10:51.258] AssetLoader: Loaded mod bundle 'kspedia_scienceexperiments'
[LOG 15:10:51.258] AssetLoader: Loaded mod bundle 'kspedia_sciencelab'
[LOG 15:10:51.259] AssetLoader: Loaded mod bundle 'kspedia_sciencetransmitted'
[LOG 15:10:51.259] AssetLoader: Loaded mod bundle 'kspedia_spacetravel'
[LOG 15:10:51.259] AssetLoader: Loaded mod bundle 'kspedia_variantswitcher'
[LOG 15:10:51.259] AssetLoader: Loaded mod bundle 'kspfonts'
[LOG 15:10:51.391] AssetLoader: Loaded bundle 'squadcore'
[LOG 15:10:51.392] AssetLoader: Loaded bundle 'squadcorefx'
[LOG 15:10:51.392] AssetLoader: Loaded mod bundle 'kspedia_builder'
[LOG 15:10:51.392] AssetLoader: Loaded mod bundle 'kspedia_buildertoolbar'
[LOG 15:10:51.392] AssetLoader: Loaded mod bundle 'kspedia_canvas'
[LOG 15:10:51.393] AssetLoader: Loaded mod bundle 'kspedia_exportingvalidation'
[LOG 15:10:51.393] AssetLoader: Loaded mod bundle 'kspedia_flight'
[LOG 15:10:51.393] AssetLoader: Loaded mod bundle 'kspedia_flightapp'
[LOG 15:10:51.394] AssetLoader: Loaded mod bundle 'kspedia_gap'
[LOG 15:10:51.394] AssetLoader: Loaded mod bundle 'kspedia_gaptools'
[LOG 15:10:51.394] AssetLoader: Loaded mod bundle 'kspedia_makinghistory'
[LOG 15:10:51.394] AssetLoader: Loaded mod bundle 'kspedia_missionbriefing'
[LOG 15:10:51.395] AssetLoader: Loaded mod bundle 'kspedia_nodedocking'
[LOG 15:10:51.395] AssetLoader: Loaded mod bundle 'kspedia_nodesconnectors'
[LOG 15:10:51.395] AssetLoader: Loaded mod bundle 'kspedia_sap'
[LOG 15:10:51.396] AssetLoader: Loaded mod bundle 'kspedia_sidebar'
[LOG 15:10:51.396] AssetLoader: Loaded mod bundle 'kspedia_testingcheckpoints'
[LOG 15:10:51.396] AssetLoader: Loaded bundle 'makinghistory'
[LOG 15:10:51.396] AssetLoader: Loaded mod bundle 'kspedia_bladecyclic-collective-behaviour'
[LOG 15:10:51.397] AssetLoader: Loaded mod bundle 'kspedia_bladecyclic-collective-controls'
[LOG 15:10:51.397] AssetLoader: Loaded mod bundle 'kspedia_deployedscience-experiments'
[LOG 15:10:51.397] AssetLoader: Loaded mod bundle 'kspedia_deployedscience'
[LOG 15:10:51.398] AssetLoader: Loaded mod bundle 'kspedia_grippads'
[LOG 15:10:51.398] AssetLoader: Loaded mod bundle 'kspedia_layindtracks'
[LOG 15:10:51.398] AssetLoader: Loaded mod bundle 'kspedia_propellers'
[LOG 15:10:51.398] AssetLoader: Loaded mod bundle 'kspedia_propellersaerodynamics'
[LOG 15:10:51.399] AssetLoader: Loaded mod bundle 'kspedia_roboticcontroller'
[LOG 15:10:51.399] AssetLoader: Loaded mod bundle 'kspedia_roboticparts'
[LOG 15:10:51.399] AssetLoader: Loaded mod bundle 'kspedia_surface features-overview'
[LOG 15:10:51.400] AssetLoader: Loaded mod bundle 'kspedia_surface features-roverarmdetails'
[LOG 15:10:51.400] AssetLoader: Loaded mod bundle 'kspedia_trackeditor'
[LOG 15:10:51.400] AssetLoader: Loaded mod bundle 'kspedia_trackeditortoolbar'
[LOG 15:10:51.401] AssetLoader: Loaded mod bundle 'serenity'
[LOG 15:10:51.402] AssetLoader: Finished loading. 226 bundle definitions loaded.
[LOG 15:10:51.402] Compiling Configs:
[LOG 15:10:51.402] Config(PHYSICSGLOBALS) /Physics/PHYSICSGLOBALS
[LOG 15:10:51.403] Config(KSP_COMMUNITY_FIXES) KSPCommunityFixes/Settings/KSP_COMMUNITY_FIXES
[LOG 15:10:51.403] Config(Localization) KSPCommunityFixes/Localization/en-us/Localization
[LOG 15:10:51.403] Config(Localization) KSPCommunityFixes/Localization/fr-fr/Localization
[LOG 15:10:51.403] Config(Localization) KSPCommunityFixes/Localization/ru/Localization
[LOG 15:10:51.403] Config(Localization) KSPCommunityFixes/Localization/zh-cn/Localization
[LOG 15:10:51.403] Config(@PART[*]:HAS[@MODULE[ModuleDockingNodeFixed]]:NEEDS[FixDockingNodes]:FINAL) KSPCommunityFixes/MMPatches/ModSupport/FixDockingNodes/@PART[*]:HAS[@MODULE[ModuleDockingNodeFixed]]:NEEDS[FixDockingNodes]:FINAL
[LOG 15:10:51.403] Config(@PART[*]:HAS[@MODULE[Refunding]]:LAST[999_KSP-Recall]) KSPCommunityFixes/MMPatches/ModSupport/KSPRecall/@PART[*]:HAS[@MODULE[Refunding]]:LAST[999_KSP-Recall]
[LOG 15:10:51.403] Config(@PART[*]:HAS[#hasRefundingOnRecovery[?rue]]:LAST[999_KSP-Recall]) KSPCommunityFixes/MMPatches/ModSupport/KSPRecall/@PART[*]:HAS[#hasRefundingOnRecovery[?rue]]:LAST[999_KSP-Recall]
[LOG 15:10:51.403] Config(@PART[*]:HAS[#hasRefundingOnRecovery]:LAST[999_KSP-Recall]) KSPCommunityFixes/MMPatches/ModSupport/KSPRecall/@PART[*]:HAS[#hasRefundingOnRecovery]:LAST[999_KSP-Recall]
[LOG 15:10:51.403] Config(@KSP-Recall:LAST[999_KSP-Recall]) KSPCommunityFixes/MMPatches/ModSupport/KSPRecall/@KSP-Recall:LAST[999_KSP-Recall]
[LOG 15:10:51.403] Config(@KSP-Recall:HAS[#hasRefundingOnRecovery[?rue]]:LAST[999_KSP-Recall]) KSPCommunityFixes/MMPatches/ModSupport/KSPRecall/@KSP-Recall:HAS[#hasRefundingOnRecovery[?rue]]:LAST[999_KSP-Recall]
[LOG 15:10:51.403] Config(@KSP-Recall:HAS[#hasRefundingOnRecovery]:LAST[999_KSP-Recall]) KSPCommunityFixes/MMPatches/ModSupport/KSPRecall/@KSP-Recall:HAS[#hasRefundingOnRecovery]:LAST[999_KSP-Recall]
[LOG 15:10:51.403] Config(@KSP_COMMUNITY_FIXES:NEEDS[AttachedOnEditor]) KSPCommunityFixes/MMPatches/ModSupport/KSPRecall/@KSP_COMMUNITY_FIXES:NEEDS[AttachedOnEditor]
[LOG 15:10:51.403] Config(@KSP_COMMUNITY_FIXES:NEEDS[UniversalStorage2]) KSPCommunityFixes/MMPatches/ModSupport/UniversalStorage/@KSP_COMMUNITY_FIXES:NEEDS[UniversalStorage2]
[LOG 15:10:51.403] Config(@PART[telescopicLadderBay]:FIRST) KSPCommunityFixes/MMPatches/StockTweaks/LadderToggleableLight/@PART[telescopicLadderBay]:FIRST
[LOG 15:10:51.403] Config(@PART[telescopicLadderBay]:HAS[#LadderToggleableLight[?rue]]:FIRST) KSPCommunityFixes/MMPatches/StockTweaks/LadderToggleableLight/@PART[telescopicLadderBay]:HAS[#LadderToggleableLight[?rue]]:FIRST
[LOG 15:10:51.403] Config(@PART[telescopicLadderBay]:HAS[#LadderToggleableLight]:FIRST) KSPCommunityFixes/MMPatches/StockTweaks/LadderToggleableLight/@PART[telescopicLadderBay]:HAS[#LadderToggleableLight]:FIRST
[LOG 15:10:51.403] Config(@PART[GearSmall]:FIRST) KSPCommunityFixes/MMPatches/StockTweaks/LandingGearLights/@PART[GearSmall]:FIRST
[LOG 15:10:51.403] Config(@PART[SmallGearBay]:FIRST) KSPCommunityFixes/MMPatches/StockTweaks/LandingGearLights/@PART[SmallGearBay]:FIRST
[LOG 15:10:51.403] Config(@PART[sasModule]:FOR[KSPCommunityFixes]) KSPCommunityFixes/MMPatches/StockTweaks/ManufacturerFixes/@PART[sasModule]:FOR[KSPCommunityFixes]
[LOG 15:10:51.403] Config(@PART[xenonTankRadial]:FOR[KSPCommunityFixes]) KSPCommunityFixes/MMPatches/StockTweaks/ManufacturerFixes/@PART[xenonTankRadial]:FOR[KSPCommunityFixes]
[LOG 15:10:51.403] Config(@PART[winglet|fireworksLauncherSmall|fireworksLauncherBig]:FOR[KSPCommunityFixes]) KSPCommunityFixes/MMPatches/StockTweaks/ManufacturerFixes/@PART[winglet|fireworksLauncherSmall|fireworksLauncherBig]:FOR[KSPCommunityFixes]
[LOG 15:10:51.404] Config(@PART[solidBooster_sm_v2|solidBooster_v2]:FOR[KSPCommunityFixes]) KSPCommunityFixes/MMPatches/StockTweaks/ManufacturerFixes/@PART[solidBooster_sm_v2|solidBooster_v2]:FOR[KSPCommunityFixes]
[LOG 15:10:51.404] Config(@PART[ServiceBay_125_v2|ServiceBay_250_v2]:FOR[KSPCommunityFixes]) KSPCommunityFixes/MMPatches/StockTweaks/ManufacturerFixes/@PART[ServiceBay_125_v2|ServiceBay_250_v2]:FOR[KSPCommunityFixes]
[LOG 15:10:51.404] Config(@PART[externalTankCapsule]:FOR[KSPCommunityFixes]) KSPCommunityFixes/MMPatches/StockTweaks/ManufacturerFixes/@PART[externalTankCapsule]:FOR[KSPCommunityFixes]
[LOG 15:10:51.404] Config(@PART[RCSFuelTank|rcsTankMini|RCSTank1-2]:FOR[KSPCommunityFixes]) KSPCommunityFixes/MMPatches/StockTweaks/ManufacturerFixes/@PART[RCSFuelTank|rcsTankMini|RCSTank1-2]:FOR[KSPCommunityFixes]
[LOG 15:10:51.404] Config(@PART[landerCabinSmall]:FOR[KSPCommunityFixes]) KSPCommunityFixes/MMPatches/StockTweaks/ManufacturerFixes/@PART[landerCabinSmall]:FOR[KSPCommunityFixes]
[LOG 15:10:51.404] Config(@PART[dockingPortLateral]:FOR[KSPCommunityFixes]) KSPCommunityFixes/MMPatches/StockTweaks/ManufacturerFixes/@PART[dockingPortLateral]:FOR[KSPCommunityFixes]
[LOG 15:10:51.404] Config(@PART[EnginePlate4]:FOR[KSPCommunityFixes]:NEEDS[SquadExpansion/MakingHistory]) KSPCommunityFixes/MMPatches/StockTweaks/ManufacturerFixes/@PART[EnginePlate4]:FOR[KSPCommunityFixes]:NEEDS[SquadExpansion/MakingHistory]
[LOG 15:10:51.404] Config(@PART[Mk2Pod]:FOR[KSPCommunityFixes]:NEEDS[SquadExpansion/MakingHistory]) KSPCommunityFixes/MMPatches/StockTweaks/ManufacturerFixes/@PART[Mk2Pod]:FOR[KSPCommunityFixes]:NEEDS[SquadExpansion/MakingHistory]
[LOG 15:10:51.404] Config(@PART[evaChute|parachuteSingle|parachuteRadial|radialDrogue|parachuteLarge|parachuteDrogue]:FOR[KSPCommunityFixes]) KSPCommunityFixes/MMPatches/StockTweaks/ManufacturerFixes/@PART[evaChute|parachuteSingle|parachuteRadial|radialDrogue|parachuteLarge|parachuteDrogue]:FOR[KSPCommunityFixes]
[LOG 15:10:51.404] Config(@PART[stackPoint1|dockingPort1|dockingPort2|dockingPort3|dockingPortLarge]:FOR[KSPCommunityFixes]) KSPCommunityFixes/MMPatches/StockTweaks/ManufacturerFixes/@PART[stackPoint1|dockingPort1|dockingPort2|dockingPort3|dockingPortLarge]:FOR[KSPCommunityFixes]
[LOG 15:10:51.404] Config(AGENT) KSPCommunityFixes/MMPatches/StockTweaks/ManufacturerFixes/Clamp-O-Tron
[LOG 15:10:51.404] Config(AGENT) KSPCommunityFixes/MMPatches/StockTweaks/ManufacturerFixes/FreeFall Parachutes
[LOG 15:10:51.404] Config(AGENT) KSPCommunityFixes/MMPatches/StockTweaks/ManufacturerFixes/LightYear Tire Company
[LOG 15:10:51.404] Config(AGENT) KSPCommunityFixes/MMPatches/StockTweaks/ManufacturerFixes/Stratus Corporation
[LOG 15:10:51.404] Config(Localization) KSPCommunityFixes/MMPatches/StockTweaks/ManufacturerFixes/Localization
[LOG 15:10:51.404] Config(AGENT) Squad/Agencies/Agents/C7 Aerospace Division
[LOG 15:10:51.404] Config(AGENT) Squad/Agencies/Agents/Dinkelstein Kerman's Construction Emporium
[LOG 15:10:51.404] Config(AGENT) Squad/Agencies/Agents/Experimental Engineering Group
[LOG 15:10:51.404] Config(AGENT) Squad/Agencies/Agents/FLOOYD Dynamics Research Labs
[LOG 15:10:51.404] Config(AGENT) Squad/Agencies/Agents/Goliath National Products
[LOG 15:10:51.404] Config(AGENT) Squad/Agencies/Agents/Integrated Integrals
[LOG 15:10:51.404] Config(AGENT) Squad/Agencies/Agents/Ionic Symphonic Protonic Electronics
[LOG 15:10:51.404] Config(AGENT) Squad/Agencies/Agents/Jebediah Kerman's Junkyard and Spacecraft Parts Co
[LOG 15:10:51.404] Config(AGENT) Squad/Agencies/Agents/Kerbal Motion LLC
[LOG 15:10:51.404] Config(AGENT) Squad/Agencies/Agents/Kerbin World-Firsts Record-Keeping Society
[LOG 15:10:51.404] Config(AGENT) Squad/Agencies/Agents/Kerbodyne
[LOG 15:10:51.404] Config(AGENT) Squad/Agencies/Agents/Kerlington Model Rockets and Paper Products Inc
[LOG 15:10:51.405] Config(AGENT) Squad/Agencies/Agents/Maxo Construction Toys
[LOG 15:10:51.405] Config(AGENT) Squad/Agencies/Agents/Moving Parts Experts Group
[LOG 15:10:51.405] Config(AGENT) Squad/Agencies/Agents/O.M.B. Demolition Enterprises
[LOG 15:10:51.405] Config(AGENT) Squad/Agencies/Agents/Periapsis Rocket Supplies Co
[LOG 15:10:51.405] Config(AGENT) Squad/Agencies/Agents/Probodobodyne Inc
[LOG 15:10:51.405] Config(AGENT) Squad/Agencies/Agents/Research & Development Department
[LOG 15:10:51.405] Config(AGENT) Squad/Agencies/Agents/Reaction Systems Ltd
[LOG 15:10:51.405] Config(AGENT) Squad/Agencies/Agents/Rockomax Conglomerate
[LOG 15:10:51.405] Config(AGENT) Squad/Agencies/Agents/Rokea Inc
[LOG 15:10:51.405] Config(AGENT) Squad/Agencies/Agents/Sean's Cannery
[LOG 15:10:51.405] Config(AGENT) Squad/Agencies/Agents/STEADLER Engineering Corps
[LOG 15:10:51.405] Config(AGENT) Squad/Agencies/Agents/StrutCo
[LOG 15:10:51.405] Config(AGENT) Squad/Agencies/Agents/Vac-Co Advanced Suction Systems
[LOG 15:10:51.405] Config(AGENT) Squad/Agencies/Agents/WinterOwl Aircraft Emporium
[LOG 15:10:51.405] Config(AGENT) Squad/Agencies/Agents/Zaltonic Electronics
[LOG 15:10:51.405] Config(CONTRACT_CONSTRUCTION_PARTS) Squad/Contracts/constructionContractParts/CONTRACT_CONSTRUCTION_PARTS
[LOG 15:10:51.405] Config(Contracts) Squad/Contracts/Contracts/Contracts
[LOG 15:10:51.405] Config(CONTRACTCRAFT) Squad/Contracts/PrebuiltCraft/prebuiltData/CONTRACTCRAFT
[LOG 15:10:51.405] Config(CONTRACTCRAFT) Squad/Contracts/PrebuiltCraft/OrbitalConstructionContract/orbitalConstructionContractCraft/CONTRACTCRAFT
[LOG 15:10:51.405] Config(CONTRACTCRAFT) Squad/Contracts/PrebuiltCraft/RepairContract/repairContractCraft/CONTRACTCRAFT
[LOG 15:10:51.405] Config(CONTRACTCRAFT) Squad/Contracts/PrebuiltCraft/RoverContract/roverContractCraft/CONTRACTCRAFT
[LOG 15:10:51.405] Config(KEYBOARD_LAYOUT) Squad/Controls/Azerty/#autoLOC_6001233
[LOG 15:10:51.405] Config(PITCH_DOWN) Squad/Controls/Azerty/PITCH_DOWN
[LOG 15:10:51.405] Config(PITCH_UP) Squad/Controls/Azerty/PITCH_UP
[LOG 15:10:51.405] Config(YAW_LEFT) Squad/Controls/Azerty/YAW_LEFT
[LOG 15:10:51.405] Config(YAW_RIGHT) Squad/Controls/Azerty/YAW_RIGHT
[LOG 15:10:51.405] Config(ROLL_LEFT) Squad/Controls/Azerty/ROLL_LEFT
[LOG 15:10:51.406] Config(ROLL_RIGHT) Squad/Controls/Azerty/ROLL_RIGHT
[LOG 15:10:51.406] Config(THROTTLE_UP) Squad/Controls/Azerty/THROTTLE_UP
[LOG 15:10:51.406] Config(THROTTLE_DOWN) Squad/Controls/Azerty/THROTTLE_DOWN
[LOG 15:10:51.406] Config(SAS_HOLD) Squad/Controls/Azerty/SAS_HOLD
[LOG 15:10:51.406] Config(SAS_TOGGLE) Squad/Controls/Azerty/SAS_TOGGLE
[LOG 15:10:51.406] Config(LAUNCH_STAGES) Squad/Controls/Azerty/LAUNCH_STAGES
[LOG 15:10:51.406] Config(Docking_toggleRotLin) Squad/Controls/Azerty/Docking_toggleRotLin
[LOG 15:10:51.406] Config(CAMERA_MODE) Squad/Controls/Azerty/CAMERA_MODE
[LOG 15:10:51.406] Config(CAMERA_NEXT) Squad/Controls/Azerty/CAMERA_NEXT
[LOG 15:10:51.406] Config(PAUSE) Squad/Controls/Azerty/PAUSE
[LOG 15:10:51.406] Config(PRECISION_CTRL) Squad/Controls/Azerty/PRECISION_CTRL
[LOG 15:10:51.406] Config(ZOOM_IN) Squad/Controls/Azerty/ZOOM_IN
[LOG 15:10:51.406] Config(ZOOM_OUT) Squad/Controls/Azerty/ZOOM_OUT
[LOG 15:10:51.406] Config(SCROLL_VIEW_UP) Squad/Controls/Azerty/SCROLL_VIEW_UP
[LOG 15:10:51.406] Config(SCROLL_VIEW_DOWN) Squad/Controls/Azerty/SCROLL_VIEW_DOWN
[LOG 15:10:51.406] Config(SCROLL_ICONS_UP) Squad/Controls/Azerty/SCROLL_ICONS_UP
[LOG 15:10:51.406] Config(SCROLL_ICONS_DOWN) Squad/Controls/Azerty/SCROLL_ICONS_DOWN
[LOG 15:10:51.406] Config(CAMERA_ORBIT_UP) Squad/Controls/Azerty/CAMERA_ORBIT_UP
[LOG 15:10:51.406] Config(CAMERA_ORBIT_DOWN) Squad/Controls/Azerty/CAMERA_ORBIT_DOWN
[LOG 15:10:51.406] Config(CAMERA_ORBIT_LEFT) Squad/Controls/Azerty/CAMERA_ORBIT_LEFT
[LOG 15:10:51.406] Config(CAMERA_ORBIT_RIGHT) Squad/Controls/Azerty/CAMERA_ORBIT_RIGHT
[LOG 15:10:51.406] Config(CAMERA_RESET) Squad/Controls/Azerty/CAMERA_RESET
[LOG 15:10:51.406] Config(CAMERA_MOUSE_TOGGLE) Squad/Controls/Azerty/CAMERA_MOUSE_TOGGLE
[LOG 15:10:51.406] Config(TIME_WARP_INCREASE) Squad/Controls/Azerty/TIME_WARP_INCREASE
[LOG 15:10:51.406] Config(TIME_WARP_DECREASE) Squad/Controls/Azerty/TIME_WARP_DECREASE
[LOG 15:10:51.406] Config(TIME_WARP_STOP) Squad/Controls/Azerty/TIME_WARP_STOP
[LOG 15:10:51.406] Config(MAP_VIEW_TOGGLE) Squad/Controls/Azerty/MAP_VIEW_TOGGLE
[LOG 15:10:51.406] Config(NAVBALL_TOGGLE) Squad/Controls/Azerty/NAVBALL_TOGGLE
[LOG 15:10:51.406] Config(UIMODE_STAGING) Squad/Controls/Azerty/UIMODE_STAGING
[LOG 15:10:51.406] Config(UIMODE_DOCKING) Squad/Controls/Azerty/UIMODE_DOCKING
[LOG 15:10:51.407] Config(TRANSLATE_DOWN) Squad/Controls/Azerty/TRANSLATE_DOWN
[LOG 15:10:51.407] Config(TRANSLATE_UP) Squad/Controls/Azerty/TRANSLATE_UP
[LOG 15:10:51.407] Config(TRANSLATE_LEFT) Squad/Controls/Azerty/TRANSLATE_LEFT
[LOG 15:10:51.407] Config(TRANSLATE_RIGHT) Squad/Controls/Azerty/TRANSLATE_RIGHT
[LOG 15:10:51.407] Config(TRANSLATE_FWD) Squad/Controls/Azerty/TRANSLATE_FWD
[LOG 15:10:51.407] Config(TRANSLATE_BACK) Squad/Controls/Azerty/TRANSLATE_BACK
[LOG 15:10:51.407] Config(RCS_TOGGLE) Squad/Controls/Azerty/RCS_TOGGLE
[LOG 15:10:51.407] Config(FOCUS_NEXT_VESSEL) Squad/Controls/Azerty/FOCUS_NEXT_VESSEL
[LOG 15:10:51.407] Config(FOCUS_PREV_VESSEL) Squad/Controls/Azerty/FOCUS_PREV_VESSEL
[LOG 15:10:51.407] Config(TOGGLE_UI) Squad/Controls/Azerty/TOGGLE_UI
[LOG 15:10:51.407] Config(TOGGLE_STATUS_SCREEN) Squad/Controls/Azerty/TOGGLE_STATUS_SCREEN
[LOG 15:10:51.407] Config(TAKE_SCREENSHOT) Squad/Controls/Azerty/TAKE_SCREENSHOT
[LOG 15:10:51.407] Config(TOGGLE_LABELS) Squad/Controls/Azerty/TOGGLE_LABELS
[LOG 15:10:51.407] Config(TOGGLE_TEMP_GAUGES) Squad/Controls/Azerty/TOGGLE_TEMP_GAUGES
[LOG 15:10:51.407] Config(TOGGLE_TEMP_OVERLAY) Squad/Controls/Azerty/TOGGLE_TEMP_OVERLAY
[LOG 15:10:51.407] Config(TOGGLE_FLIGHT_FORCES) Squad/Controls/Azerty/TOGGLE_FLIGHT_FORCES
[LOG 15:10:51.407] Config(QUICKSAVE) Squad/Controls/Azerty/QUICKSAVE
[LOG 15:10:51.407] Config(QUICKLOAD) Squad/Controls/Azerty/QUICKLOAD
[LOG 15:10:51.407] Config(THROTTLE_CUTOFF) Squad/Controls/Azerty/THROTTLE_CUTOFF
[LOG 15:10:51.407] Config(THROTTLE_FULL) Squad/Controls/Azerty/THROTTLE_FULL
[LOG 15:10:51.407] Config(LANDING_GEAR) Squad/Controls/Azerty/LANDING_GEAR
[LOG 15:10:51.407] Config(HEADLIGHT_TOGGLE) Squad/Controls/Azerty/HEADLIGHT_TOGGLE
[LOG 15:10:51.407] Config(BRAKES) Squad/Controls/Azerty/BRAKES
[LOG 15:10:51.407] Config(TOGGLE_SPACENAV_FLIGHT_CONTROL) Squad/Controls/Azerty/TOGGLE_SPACENAV_FLIGHT_CONTROL
[LOG 15:10:51.407] Config(TOGGLE_SPACENAV_ROLL_LOCK) Squad/Controls/Azerty/TOGGLE_SPACENAV_ROLL_LOCK
[LOG 15:10:51.407] Config(WHEEL_STEER_LEFT) Squad/Controls/Azerty/WHEEL_STEER_LEFT
[LOG 15:10:51.407] Config(WHEEL_STEER_RIGHT) Squad/Controls/Azerty/WHEEL_STEER_RIGHT
[LOG 15:10:51.407] Config(WHEEL_THROTTLE_DOWN) Squad/Controls/Azerty/WHEEL_THROTTLE_DOWN
[LOG 15:10:51.407] Config(WHEEL_THROTTLE_UP) Squad/Controls/Azerty/WHEEL_THROTTLE_UP
[LOG 15:10:51.408] Config(EVA_forward) Squad/Controls/Azerty/EVA_forward
[LOG 15:10:51.408] Config(EVA_back) Squad/Controls/Azerty/EVA_back
[LOG 15:10:51.408] Config(EVA_left) Squad/Controls/Azerty/EVA_left
[LOG 15:10:51.408] Config(EVA_right) Squad/Controls/Azerty/EVA_right
[LOG 15:10:51.408] Config(EVA_yaw_left) Squad/Controls/Azerty/EVA_yaw_left
[LOG 15:10:51.408] Config(EVA_yaw_right) Squad/Controls/Azerty/EVA_yaw_right
[LOG 15:10:51.408] Config(EVA_Pack_forward) Squad/Controls/Azerty/EVA_Pack_forward
[LOG 15:10:51.408] Config(EVA_Pack_back) Squad/Controls/Azerty/EVA_Pack_back
[LOG 15:10:51.408] Config(EVA_Pack_left) Squad/Controls/Azerty/EVA_Pack_left
[LOG 15:10:51.408] Config(EVA_Pack_right) Squad/Controls/Azerty/EVA_Pack_right
[LOG 15:10:51.408] Config(EVA_Pack_up) Squad/Controls/Azerty/EVA_Pack_up
[LOG 15:10:51.408] Config(EVA_Pack_down) Squad/Controls/Azerty/EVA_Pack_down
[LOG 15:10:51.408] Config(EVA_Jump) Squad/Controls/Azerty/EVA_Jump
[LOG 15:10:51.408] Config(EVA_Run) Squad/Controls/Azerty/EVA_Run
[LOG 15:10:51.408] Config(EVA_ToggleMovementMode) Squad/Controls/Azerty/EVA_ToggleMovementMode
[LOG 15:10:51.408] Config(EVA_TogglePack) Squad/Controls/Azerty/EVA_TogglePack
[LOG 15:10:51.408] Config(EVA_Use) Squad/Controls/Azerty/EVA_Use
[LOG 15:10:51.408] Config(EVA_Board) Squad/Controls/Azerty/EVA_Board
[LOG 15:10:51.408] Config(EVA_Orient) Squad/Controls/Azerty/EVA_Orient
[LOG 15:10:51.408] Config(EVA_Lights) Squad/Controls/Azerty/EVA_Lights
[LOG 15:10:51.408] Config(EVA_ChuteDeploy) Squad/Controls/Azerty/EVA_ChuteDeploy
[LOG 15:10:51.408] Config(Editor_pitchUp) Squad/Controls/Azerty/Editor_pitchUp
[LOG 15:10:51.408] Config(Editor_pitchDown) Squad/Controls/Azerty/Editor_pitchDown
[LOG 15:10:51.408] Config(Editor_yawLeft) Squad/Controls/Azerty/Editor_yawLeft
[LOG 15:10:51.408] Config(Editor_yawRight) Squad/Controls/Azerty/Editor_yawRight
[LOG 15:10:51.408] Config(Editor_rollLeft) Squad/Controls/Azerty/Editor_rollLeft
[LOG 15:10:51.408] Config(Editor_rollRight) Squad/Controls/Azerty/Editor_rollRight
[LOG 15:10:51.408] Config(Editor_resetRotation) Squad/Controls/Azerty/Editor_resetRotation
[LOG 15:10:51.408] Config(Editor_modePlace) Squad/Controls/Azerty/Editor_modePlace
[LOG 15:10:51.408] Config(Editor_modeOffset) Squad/Controls/Azerty/Editor_modeOffset
[LOG 15:10:51.409] Config(Editor_modeRotate) Squad/Controls/Azerty/Editor_modeRotate
[LOG 15:10:51.409] Config(Editor_modeRoot) Squad/Controls/Azerty/Editor_modeRoot
[LOG 15:10:51.409] Config(Editor_coordSystem) Squad/Controls/Azerty/Editor_coordSystem
[LOG 15:10:51.409] Config(Editor_toggleSymMethod) Squad/Controls/Azerty/Editor_toggleSymMethod
[LOG 15:10:51.409] Config(Editor_toggleSymMode) Squad/Controls/Azerty/Editor_toggleSymMode
[LOG 15:10:51.409] Config(Editor_toggleAngleSnap) Squad/Controls/Azerty/Editor_toggleAngleSnap
[LOG 15:10:51.409] Config(Editor_fineTweak) Squad/Controls/Azerty/Editor_fineTweak
[LOG 15:10:51.409] Config(Editor_partSearch) Squad/Controls/Azerty/Editor_partSearch
[LOG 15:10:51.409] Config(Editor_zoomScrollModifier) Squad/Controls/Azerty/Editor_zoomScrollModifier
[LOG 15:10:51.409] Config(MODIFIER_KEY) Squad/Controls/Azerty/MODIFIER_KEY
[LOG 15:10:51.409] Config(AbortActionGroup) Squad/Controls/Azerty/AbortActionGroup
[LOG 15:10:51.409] Config(CustomActionGroup1) Squad/Controls/Azerty/CustomActionGroup1
[LOG 15:10:51.409] Config(CustomActionGroup2) Squad/Controls/Azerty/CustomActionGroup2
[LOG 15:10:51.409] Config(CustomActionGroup3) Squad/Controls/Azerty/CustomActionGroup3
[LOG 15:10:51.409] Config(CustomActionGroup4) Squad/Controls/Azerty/CustomActionGroup4
[LOG 15:10:51.409] Config(CustomActionGroup5) Squad/Controls/Azerty/CustomActionGroup5
[LOG 15:10:51.409] Config(CustomActionGroup6) Squad/Controls/Azerty/CustomActionGroup6
[LOG 15:10:51.409] Config(CustomActionGroup7) Squad/Controls/Azerty/CustomActionGroup7
[LOG 15:10:51.409] Config(CustomActionGroup8) Squad/Controls/Azerty/CustomActionGroup8
[LOG 15:10:51.409] Config(CustomActionGroup9) Squad/Controls/Azerty/CustomActionGroup9
[LOG 15:10:51.409] Config(CustomActionGroup10) Squad/Controls/Azerty/CustomActionGroup10
[LOG 15:10:51.409] Config(KEY_MAP) Squad/Controls/Azerty/KEY_MAP
[LOG 15:10:51.409] Config(KEYBOARD_LAYOUT) Squad/Controls/Dvorak/#autoLOC_6001234
[LOG 15:10:51.409] Config(PITCH_DOWN) Squad/Controls/Dvorak/PITCH_DOWN
[LOG 15:10:51.409] Config(PITCH_UP) Squad/Controls/Dvorak/PITCH_UP
[LOG 15:10:51.409] Config(YAW_LEFT) Squad/Controls/Dvorak/YAW_LEFT
[LOG 15:10:51.409] Config(YAW_RIGHT) Squad/Controls/Dvorak/YAW_RIGHT
[LOG 15:10:51.409] Config(ROLL_LEFT) Squad/Controls/Dvorak/ROLL_LEFT
[LOG 15:10:51.410] Config(ROLL_RIGHT) Squad/Controls/Dvorak/ROLL_RIGHT
[LOG 15:10:51.410] Config(THROTTLE_UP) Squad/Controls/Dvorak/THROTTLE_UP
[LOG 15:10:51.410] Config(THROTTLE_DOWN) Squad/Controls/Dvorak/THROTTLE_DOWN
[LOG 15:10:51.410] Config(SAS_HOLD) Squad/Controls/Dvorak/SAS_HOLD
[LOG 15:10:51.410] Config(SAS_TOGGLE) Squad/Controls/Dvorak/SAS_TOGGLE
[LOG 15:10:51.410] Config(LAUNCH_STAGES) Squad/Controls/Dvorak/LAUNCH_STAGES
[LOG 15:10:51.410] Config(Docking_toggleRotLin) Squad/Controls/Dvorak/Docking_toggleRotLin
[LOG 15:10:51.410] Config(CAMERA_MODE) Squad/Controls/Dvorak/CAMERA_MODE
[LOG 15:10:51.410] Config(CAMERA_NEXT) Squad/Controls/Dvorak/CAMERA_NEXT
[LOG 15:10:51.410] Config(PAUSE) Squad/Controls/Dvorak/PAUSE
[LOG 15:10:51.410] Config(PRECISION_CTRL) Squad/Controls/Dvorak/PRECISION_CTRL
[LOG 15:10:51.410] Config(ZOOM_IN) Squad/Controls/Dvorak/ZOOM_IN
[LOG 15:10:51.410] Config(ZOOM_OUT) Squad/Controls/Dvorak/ZOOM_OUT
[LOG 15:10:51.410] Config(SCROLL_VIEW_UP) Squad/Controls/Dvorak/SCROLL_VIEW_UP
[LOG 15:10:51.410] Config(SCROLL_VIEW_DOWN) Squad/Controls/Dvorak/SCROLL_VIEW_DOWN
[LOG 15:10:51.410] Config(SCROLL_ICONS_UP) Squad/Controls/Dvorak/SCROLL_ICONS_UP
[LOG 15:10:51.410] Config(SCROLL_ICONS_DOWN) Squad/Controls/Dvorak/SCROLL_ICONS_DOWN
[LOG 15:10:51.410] Config(CAMERA_ORBIT_UP) Squad/Controls/Dvorak/CAMERA_ORBIT_UP
[LOG 15:10:51.410] Config(CAMERA_ORBIT_DOWN) Squad/Controls/Dvorak/CAMERA_ORBIT_DOWN
[LOG 15:10:51.410] Config(CAMERA_ORBIT_LEFT) Squad/Controls/Dvorak/CAMERA_ORBIT_LEFT
[LOG 15:10:51.410] Config(CAMERA_ORBIT_RIGHT) Squad/Controls/Dvorak/CAMERA_ORBIT_RIGHT
[LOG 15:10:51.410] Config(CAMERA_RESET) Squad/Controls/Dvorak/CAMERA_RESET
[LOG 15:10:51.410] Config(CAMERA_MOUSE_TOGGLE) Squad/Controls/Dvorak/CAMERA_MOUSE_TOGGLE
[LOG 15:10:51.410] Config(TIME_WARP_INCREASE) Squad/Controls/Dvorak/TIME_WARP_INCREASE
[LOG 15:10:51.410] Config(TIME_WARP_DECREASE) Squad/Controls/Dvorak/TIME_WARP_DECREASE
[LOG 15:10:51.410] Config(TIME_WARP_STOP) Squad/Controls/Dvorak/TIME_WARP_STOP
[LOG 15:10:51.410] Config(MAP_VIEW_TOGGLE) Squad/Controls/Dvorak/MAP_VIEW_TOGGLE
[LOG 15:10:51.410] Config(NAVBALL_TOGGLE) Squad/Controls/Dvorak/NAVBALL_TOGGLE
[LOG 15:10:51.410] Config(UIMODE_STAGING) Squad/Controls/Dvorak/UIMODE_STAGING
[LOG 15:10:51.410] Config(UIMODE_DOCKING) Squad/Controls/Dvorak/UIMODE_DOCKING
[LOG 15:10:51.411] Config(TRANSLATE_DOWN) Squad/Controls/Dvorak/TRANSLATE_DOWN
[LOG 15:10:51.411] Config(TRANSLATE_UP) Squad/Controls/Dvorak/TRANSLATE_UP
[LOG 15:10:51.411] Config(TRANSLATE_LEFT) Squad/Controls/Dvorak/TRANSLATE_LEFT
[LOG 15:10:51.411] Config(TRANSLATE_RIGHT) Squad/Controls/Dvorak/TRANSLATE_RIGHT
[LOG 15:10:51.411] Config(TRANSLATE_FWD) Squad/Controls/Dvorak/TRANSLATE_FWD
[LOG 15:10:51.411] Config(TRANSLATE_BACK) Squad/Controls/Dvorak/TRANSLATE_BACK
[LOG 15:10:51.411] Config(RCS_TOGGLE) Squad/Controls/Dvorak/RCS_TOGGLE
[LOG 15:10:51.411] Config(FOCUS_NEXT_VESSEL) Squad/Controls/Dvorak/FOCUS_NEXT_VESSEL
[LOG 15:10:51.411] Config(FOCUS_PREV_VESSEL) Squad/Controls/Dvorak/FOCUS_PREV_VESSEL
[LOG 15:10:51.411] Config(TOGGLE_UI) Squad/Controls/Dvorak/TOGGLE_UI
[LOG 15:10:51.411] Config(TOGGLE_STATUS_SCREEN) Squad/Controls/Dvorak/TOGGLE_STATUS_SCREEN
[LOG 15:10:51.411] Config(TAKE_SCREENSHOT) Squad/Controls/Dvorak/TAKE_SCREENSHOT
[LOG 15:10:51.411] Config(TOGGLE_LABELS) Squad/Controls/Dvorak/TOGGLE_LABELS
[LOG 15:10:51.411] Config(TOGGLE_TEMP_GAUGES) Squad/Controls/Dvorak/TOGGLE_TEMP_GAUGES
[LOG 15:10:51.411] Config(TOGGLE_TEMP_OVERLAY) Squad/Controls/Dvorak/TOGGLE_TEMP_OVERLAY
[LOG 15:10:51.411] Config(TOGGLE_FLIGHT_FORCES) Squad/Controls/Dvorak/TOGGLE_FLIGHT_FORCES
[LOG 15:10:51.411] Config(QUICKSAVE) Squad/Controls/Dvorak/QUICKSAVE
[LOG 15:10:51.411] Config(QUICKLOAD) Squad/Controls/Dvorak/QUICKLOAD
[LOG 15:10:51.411] Config(THROTTLE_CUTOFF) Squad/Controls/Dvorak/THROTTLE_CUTOFF
[LOG 15:10:51.411] Config(THROTTLE_FULL) Squad/Controls/Dvorak/THROTTLE_FULL
[LOG 15:10:51.411] Config(LANDING_GEAR) Squad/Controls/Dvorak/LANDING_GEAR
[LOG 15:10:51.411] Config(HEADLIGHT_TOGGLE) Squad/Controls/Dvorak/HEADLIGHT_TOGGLE
[LOG 15:10:51.411] Config(BRAKES) Squad/Controls/Dvorak/BRAKES
[LOG 15:10:51.411] Config(TOGGLE_SPACENAV_FLIGHT_CONTROL) Squad/Controls/Dvorak/TOGGLE_SPACENAV_FLIGHT_CONTROL
[LOG 15:10:51.411] Config(TOGGLE_SPACENAV_ROLL_LOCK) Squad/Controls/Dvorak/TOGGLE_SPACENAV_ROLL_LOCK
[LOG 15:10:51.411] Config(WHEEL_STEER_LEFT) Squad/Controls/Dvorak/WHEEL_STEER_LEFT
[LOG 15:10:51.411] Config(WHEEL_STEER_RIGHT) Squad/Controls/Dvorak/WHEEL_STEER_RIGHT
[LOG 15:10:51.411] Config(WHEEL_THROTTLE_DOWN) Squad/Controls/Dvorak/WHEEL_THROTTLE_DOWN
[LOG 15:10:51.411] Config(WHEEL_THROTTLE_UP) Squad/Controls/Dvorak/WHEEL_THROTTLE_UP
[LOG 15:10:51.411] Config(EVA_forward) Squad/Controls/Dvorak/EVA_forward
[LOG 15:10:51.411] Config(EVA_back) Squad/Controls/Dvorak/EVA_back
[LOG 15:10:51.412] Config(EVA_left) Squad/Controls/Dvorak/EVA_left
[LOG 15:10:51.412] Config(EVA_right) Squad/Controls/Dvorak/EVA_right
[LOG 15:10:51.412] Config(EVA_yaw_left) Squad/Controls/Dvorak/EVA_yaw_left
[LOG 15:10:51.412] Config(EVA_yaw_right) Squad/Controls/Dvorak/EVA_yaw_right
[LOG 15:10:51.412] Config(EVA_Pack_forward) Squad/Controls/Dvorak/EVA_Pack_forward
[LOG 15:10:51.412] Config(EVA_Pack_back) Squad/Controls/Dvorak/EVA_Pack_back
[LOG 15:10:51.412] Config(EVA_Pack_left) Squad/Controls/Dvorak/EVA_Pack_left
[LOG 15:10:51.412] Config(EVA_Pack_right) Squad/Controls/Dvorak/EVA_Pack_right
[LOG 15:10:51.412] Config(EVA_Pack_up) Squad/Controls/Dvorak/EVA_Pack_up
[LOG 15:10:51.412] Config(EVA_Pack_down) Squad/Controls/Dvorak/EVA_Pack_down
[LOG 15:10:51.412] Config(EVA_Jump) Squad/Controls/Dvorak/EVA_Jump
[LOG 15:10:51.412] Config(EVA_Run) Squad/Controls/Dvorak/EVA_Run
[LOG 15:10:51.412] Config(EVA_ToggleMovementMode) Squad/Controls/Dvorak/EVA_ToggleMovementMode
[LOG 15:10:51.412] Config(EVA_TogglePack) Squad/Controls/Dvorak/EVA_TogglePack
[LOG 15:10:51.412] Config(EVA_Use) Squad/Controls/Dvorak/EVA_Use
[LOG 15:10:51.412] Config(EVA_Board) Squad/Controls/Dvorak/EVA_Board
[LOG 15:10:51.412] Config(EVA_Orient) Squad/Controls/Dvorak/EVA_Orient
[LOG 15:10:51.412] Config(EVA_Lights) Squad/Controls/Dvorak/EVA_Lights
[LOG 15:10:51.412] Config(EVA_ChuteDeploy) Squad/Controls/Dvorak/EVA_ChuteDeploy
[LOG 15:10:51.412] Config(Editor_pitchUp) Squad/Controls/Dvorak/Editor_pitchUp
[LOG 15:10:51.412] Config(Editor_pitchDown) Squad/Controls/Dvorak/Editor_pitchDown
[LOG 15:10:51.412] Config(Editor_yawLeft) Squad/Controls/Dvorak/Editor_yawLeft
[LOG 15:10:51.412] Config(Editor_yawRight) Squad/Controls/Dvorak/Editor_yawRight
[LOG 15:10:51.412] Config(Editor_rollLeft) Squad/Controls/Dvorak/Editor_rollLeft
[LOG 15:10:51.412] Config(Editor_rollRight) Squad/Controls/Dvorak/Editor_rollRight
[LOG 15:10:51.412] Config(Editor_resetRotation) Squad/Controls/Dvorak/Editor_resetRotation
[LOG 15:10:51.412] Config(Editor_modePlace) Squad/Controls/Dvorak/Editor_modePlace
[LOG 15:10:51.412] Config(Editor_modeOffset) Squad/Controls/Dvorak/Editor_modeOffset
[LOG 15:10:51.412] Config(Editor_modeRotate) Squad/Controls/Dvorak/Editor_modeRotate
[LOG 15:10:51.412] Config(Editor_modeRoot) Squad/Controls/Dvorak/Editor_modeRoot
[LOG 15:10:51.413] Config(Editor_coordSystem) Squad/Controls/Dvorak/Editor_coordSystem
[LOG 15:10:51.413] Config(Editor_toggleSymMethod) Squad/Controls/Dvorak/Editor_toggleSymMethod
[LOG 15:10:51.413] Config(Editor_toggleSymMode) Squad/Controls/Dvorak/Editor_toggleSymMode
[LOG 15:10:51.413] Config(Editor_toggleAngleSnap) Squad/Controls/Dvorak/Editor_toggleAngleSnap
[LOG 15:10:51.413] Config(Editor_fineTweak) Squad/Controls/Dvorak/Editor_fineTweak
[LOG 15:10:51.413] Config(Editor_partSearch) Squad/Controls/Dvorak/Editor_partSearch
[LOG 15:10:51.413] Config(Editor_zoomScrollModifier) Squad/Controls/Dvorak/Editor_zoomScrollModifier
[LOG 15:10:51.413] Config(MODIFIER_KEY) Squad/Controls/Dvorak/MODIFIER_KEY
[LOG 15:10:51.413] Config(AbortActionGroup) Squad/Controls/Dvorak/AbortActionGroup
[LOG 15:10:51.413] Config(CustomActionGroup1) Squad/Controls/Dvorak/CustomActionGroup1
[LOG 15:10:51.413] Config(CustomActionGroup2) Squad/Controls/Dvorak/CustomActionGroup2
[LOG 15:10:51.413] Config(CustomActionGroup3) Squad/Controls/Dvorak/CustomActionGroup3
[LOG 15:10:51.413] Config(CustomActionGroup4) Squad/Controls/Dvorak/CustomActionGroup4
[LOG 15:10:51.413] Config(CustomActionGroup5) Squad/Controls/Dvorak/CustomActionGroup5
[LOG 15:10:51.413] Config(CustomActionGroup6) Squad/Controls/Dvorak/CustomActionGroup6
[LOG 15:10:51.413] Config(CustomActionGroup7) Squad/Controls/Dvorak/CustomActionGroup7
[LOG 15:10:51.413] Config(CustomActionGroup8) Squad/Controls/Dvorak/CustomActionGroup8
[LOG 15:10:51.413] Config(CustomActionGroup9) Squad/Controls/Dvorak/CustomActionGroup9
[LOG 15:10:51.413] Config(CustomActionGroup10) Squad/Controls/Dvorak/CustomActionGroup10
[LOG 15:10:51.413] Config(KEY_MAP) Squad/Controls/Dvorak/KEY_MAP
[LOG 15:10:51.413] Config(KEYBOARD_LAYOUT) Squad/Controls/Qwerty/#autoLOC_6001227
[LOG 15:10:51.413] Config(PITCH_DOWN) Squad/Controls/Qwerty/PITCH_DOWN
[LOG 15:10:51.413] Config(PITCH_UP) Squad/Controls/Qwerty/PITCH_UP
[LOG 15:10:51.413] Config(YAW_LEFT) Squad/Controls/Qwerty/YAW_LEFT
[LOG 15:10:51.413] Config(YAW_RIGHT) Squad/Controls/Qwerty/YAW_RIGHT
[LOG 15:10:51.413] Config(ROLL_LEFT) Squad/Controls/Qwerty/ROLL_LEFT
[LOG 15:10:51.413] Config(ROLL_RIGHT) Squad/Controls/Qwerty/ROLL_RIGHT
[LOG 15:10:51.413] Config(THROTTLE_UP) Squad/Controls/Qwerty/THROTTLE_UP
[LOG 15:10:51.413] Config(THROTTLE_DOWN) Squad/Controls/Qwerty/THROTTLE_DOWN
[LOG 15:10:51.414] Config(SAS_HOLD) Squad/Controls/Qwerty/SAS_HOLD
[LOG 15:10:51.414] Config(SAS_TOGGLE) Squad/Controls/Qwerty/SAS_TOGGLE
[LOG 15:10:51.414] Config(LAUNCH_STAGES) Squad/Controls/Qwerty/LAUNCH_STAGES
[LOG 15:10:51.414] Config(Docking_toggleRotLin) Squad/Controls/Qwerty/Docking_toggleRotLin
[LOG 15:10:51.414] Config(CAMERA_MODE) Squad/Controls/Qwerty/CAMERA_MODE
[LOG 15:10:51.414] Config(CAMERA_NEXT) Squad/Controls/Qwerty/CAMERA_NEXT
[LOG 15:10:51.414] Config(PAUSE) Squad/Controls/Qwerty/PAUSE
[LOG 15:10:51.414] Config(PRECISION_CTRL) Squad/Controls/Qwerty/PRECISION_CTRL
[LOG 15:10:51.414] Config(ZOOM_IN) Squad/Controls/Qwerty/ZOOM_IN
[LOG 15:10:51.414] Config(ZOOM_OUT) Squad/Controls/Qwerty/ZOOM_OUT
[LOG 15:10:51.414] Config(SCROLL_VIEW_UP) Squad/Controls/Qwerty/SCROLL_VIEW_UP
[LOG 15:10:51.414] Config(SCROLL_VIEW_DOWN) Squad/Controls/Qwerty/SCROLL_VIEW_DOWN
[LOG 15:10:51.414] Config(SCROLL_ICONS_UP) Squad/Controls/Qwerty/SCROLL_ICONS_UP
[LOG 15:10:51.414] Config(SCROLL_ICONS_DOWN) Squad/Controls/Qwerty/SCROLL_ICONS_DOWN
[LOG 15:10:51.414] Config(CAMERA_ORBIT_UP) Squad/Controls/Qwerty/CAMERA_ORBIT_UP
[LOG 15:10:51.414] Config(CAMERA_ORBIT_DOWN) Squad/Controls/Qwerty/CAMERA_ORBIT_DOWN
[LOG 15:10:51.414] Config(CAMERA_ORBIT_LEFT) Squad/Controls/Qwerty/CAMERA_ORBIT_LEFT
[LOG 15:10:51.414] Config(CAMERA_ORBIT_RIGHT) Squad/Controls/Qwerty/CAMERA_ORBIT_RIGHT
[LOG 15:10:51.414] Config(CAMERA_RESET) Squad/Controls/Qwerty/CAMERA_RESET
[LOG 15:10:51.414] Config(CAMERA_MOUSE_TOGGLE) Squad/Controls/Qwerty/CAMERA_MOUSE_TOGGLE
[LOG 15:10:51.414] Config(TIME_WARP_INCREASE) Squad/Controls/Qwerty/TIME_WARP_INCREASE
[LOG 15:10:51.414] Config(TIME_WARP_DECREASE) Squad/Controls/Qwerty/TIME_WARP_DECREASE
[LOG 15:10:51.415] Config(TIME_WARP_STOP) Squad/Controls/Qwerty/TIME_WARP_STOP
[LOG 15:10:51.415] Config(MAP_VIEW_TOGGLE) Squad/Controls/Qwerty/MAP_VIEW_TOGGLE
[LOG 15:10:51.415] Config(NAVBALL_TOGGLE) Squad/Controls/Qwerty/NAVBALL_TOGGLE
[LOG 15:10:51.415] Config(UIMODE_STAGING) Squad/Controls/Qwerty/UIMODE_STAGING
[LOG 15:10:51.415] Config(UIMODE_DOCKING) Squad/Controls/Qwerty/UIMODE_DOCKING
[LOG 15:10:51.415] Config(TRANSLATE_DOWN) Squad/Controls/Qwerty/TRANSLATE_DOWN
[LOG 15:10:51.415] Config(TRANSLATE_UP) Squad/Controls/Qwerty/TRANSLATE_UP
[LOG 15:10:51.415] Config(TRANSLATE_LEFT) Squad/Controls/Qwerty/TRANSLATE_LEFT
[LOG 15:10:51.415] Config(TRANSLATE_RIGHT) Squad/Controls/Qwerty/TRANSLATE_RIGHT
[LOG 15:10:51.415] Config(TRANSLATE_FWD) Squad/Controls/Qwerty/TRANSLATE_FWD
[LOG 15:10:51.415] Config(TRANSLATE_BACK) Squad/Controls/Qwerty/TRANSLATE_BACK
[LOG 15:10:51.415] Config(RCS_TOGGLE) Squad/Controls/Qwerty/RCS_TOGGLE
[LOG 15:10:51.415] Config(FOCUS_NEXT_VESSEL) Squad/Controls/Qwerty/FOCUS_NEXT_VESSEL
[LOG 15:10:51.415] Config(FOCUS_PREV_VESSEL) Squad/Controls/Qwerty/FOCUS_PREV_VESSEL
[LOG 15:10:51.415] Config(TOGGLE_UI) Squad/Controls/Qwerty/TOGGLE_UI
[LOG 15:10:51.415] Config(TOGGLE_STATUS_SCREEN) Squad/Controls/Qwerty/TOGGLE_STATUS_SCREEN
[LOG 15:10:51.415] Config(TAKE_SCREENSHOT) Squad/Controls/Qwerty/TAKE_SCREENSHOT
[LOG 15:10:51.415] Config(TOGGLE_LABELS) Squad/Controls/Qwerty/TOGGLE_LABELS
[LOG 15:10:51.415] Config(TOGGLE_TEMP_GAUGES) Squad/Controls/Qwerty/TOGGLE_TEMP_GAUGES
[LOG 15:10:51.415] Config(TOGGLE_TEMP_OVERLAY) Squad/Controls/Qwerty/TOGGLE_TEMP_OVERLAY
[LOG 15:10:51.415] Config(TOGGLE_FLIGHT_FORCES) Squad/Controls/Qwerty/TOGGLE_FLIGHT_FORCES
[LOG 15:10:51.415] Config(QUICKSAVE) Squad/Controls/Qwerty/QUICKSAVE
[LOG 15:10:51.415] Config(QUICKLOAD) Squad/Controls/Qwerty/QUICKLOAD
[LOG 15:10:51.415] Config(THROTTLE_CUTOFF) Squad/Controls/Qwerty/THROTTLE_CUTOFF
[LOG 15:10:51.415] Config(THROTTLE_FULL) Squad/Controls/Qwerty/THROTTLE_FULL
[LOG 15:10:51.415] Config(LANDING_GEAR) Squad/Controls/Qwerty/LANDING_GEAR
[LOG 15:10:51.415] Config(HEADLIGHT_TOGGLE) Squad/Controls/Qwerty/HEADLIGHT_TOGGLE
[LOG 15:10:51.415] Config(BRAKES) Squad/Controls/Qwerty/BRAKES
[LOG 15:10:51.415] Config(TOGGLE_SPACENAV_FLIGHT_CONTROL) Squad/Controls/Qwerty/TOGGLE_SPACENAV_FLIGHT_CONTROL
[LOG 15:10:51.416] Config(TOGGLE_SPACENAV_ROLL_LOCK) Squad/Controls/Qwerty/TOGGLE_SPACENAV_ROLL_LOCK
[LOG 15:10:51.416] Config(WHEEL_STEER_LEFT) Squad/Controls/Qwerty/WHEEL_STEER_LEFT
[LOG 15:10:51.416] Config(WHEEL_STEER_RIGHT) Squad/Controls/Qwerty/WHEEL_STEER_RIGHT
[LOG 15:10:51.416] Config(WHEEL_THROTTLE_DOWN) Squad/Controls/Qwerty/WHEEL_THROTTLE_DOWN
[LOG 15:10:51.416] Config(WHEEL_THROTTLE_UP) Squad/Controls/Qwerty/WHEEL_THROTTLE_UP
[LOG 15:10:51.416] Config(EVA_forward) Squad/Controls/Qwerty/EVA_forward
[LOG 15:10:51.416] Config(EVA_back) Squad/Controls/Qwerty/EVA_back
[LOG 15:10:51.416] Config(EVA_left) Squad/Controls/Qwerty/EVA_left
[LOG 15:10:51.416] Config(EVA_right) Squad/Controls/Qwerty/EVA_right
[LOG 15:10:51.416] Config(EVA_yaw_left) Squad/Controls/Qwerty/EVA_yaw_left
[LOG 15:10:51.416] Config(EVA_yaw_right) Squad/Controls/Qwerty/EVA_yaw_right
[LOG 15:10:51.416] Config(EVA_Pack_forward) Squad/Controls/Qwerty/EVA_Pack_forward
[LOG 15:10:51.416] Config(EVA_Pack_back) Squad/Controls/Qwerty/EVA_Pack_back
[LOG 15:10:51.416] Config(EVA_Pack_left) Squad/Controls/Qwerty/EVA_Pack_left
[LOG 15:10:51.416] Config(EVA_Pack_right) Squad/Controls/Qwerty/EVA_Pack_right
[LOG 15:10:51.416] Config(EVA_Pack_up) Squad/Controls/Qwerty/EVA_Pack_up
[LOG 15:10:51.416] Config(EVA_Pack_down) Squad/Controls/Qwerty/EVA_Pack_down
[LOG 15:10:51.416] Config(EVA_Jump) Squad/Controls/Qwerty/EVA_Jump
[LOG 15:10:51.416] Config(EVA_Run) Squad/Controls/Qwerty/EVA_Run
[LOG 15:10:51.416] Config(EVA_ToggleMovementMode) Squad/Controls/Qwerty/EVA_ToggleMovementMode
[LOG 15:10:51.416] Config(EVA_TogglePack) Squad/Controls/Qwerty/EVA_TogglePack
[LOG 15:10:51.416] Config(EVA_Use) Squad/Controls/Qwerty/EVA_Use
[LOG 15:10:51.416] Config(EVA_Board) Squad/Controls/Qwerty/EVA_Board
[LOG 15:10:51.416] Config(EVA_Orient) Squad/Controls/Qwerty/EVA_Orient
[LOG 15:10:51.416] Config(EVA_Lights) Squad/Controls/Qwerty/EVA_Lights
[LOG 15:10:51.416] Config(EVA_ChuteDeploy) Squad/Controls/Qwerty/EVA_ChuteDeploy
[LOG 15:10:51.416] Config(Editor_pitchUp) Squad/Controls/Qwerty/Editor_pitchUp
[LOG 15:10:51.416] Config(Editor_pitchDown) Squad/Controls/Qwerty/Editor_pitchDown
[LOG 15:10:51.416] Config(Editor_yawLeft) Squad/Controls/Qwerty/Editor_yawLeft
[LOG 15:10:51.416] Config(Editor_yawRight) Squad/Controls/Qwerty/Editor_yawRight
[LOG 15:10:51.417] Config(Editor_rollLeft) Squad/Controls/Qwerty/Editor_rollLeft
[LOG 15:10:51.417] Config(Editor_rollRight) Squad/Controls/Qwerty/Editor_rollRight
[LOG 15:10:51.417] Config(Editor_resetRotation) Squad/Controls/Qwerty/Editor_resetRotation
[LOG 15:10:51.417] Config(Editor_modePlace) Squad/Controls/Qwerty/Editor_modePlace
[LOG 15:10:51.417] Config(Editor_modeOffset) Squad/Controls/Qwerty/Editor_modeOffset
[LOG 15:10:51.417] Config(Editor_modeRotate) Squad/Controls/Qwerty/Editor_modeRotate
[LOG 15:10:51.417] Config(Editor_modeRoot) Squad/Controls/Qwerty/Editor_modeRoot
[LOG 15:10:51.417] Config(Editor_coordSystem) Squad/Controls/Qwerty/Editor_coordSystem
[LOG 15:10:51.417] Config(Editor_toggleSymMethod) Squad/Controls/Qwerty/Editor_toggleSymMethod
[LOG 15:10:51.417] Config(Editor_toggleSymMode) Squad/Controls/Qwerty/Editor_toggleSymMode
[LOG 15:10:51.417] Config(Editor_toggleAngleSnap) Squad/Controls/Qwerty/Editor_toggleAngleSnap
[LOG 15:10:51.417] Config(Editor_fineTweak) Squad/Controls/Qwerty/Editor_fineTweak
[LOG 15:10:51.417] Config(Editor_partSearch) Squad/Controls/Qwerty/Editor_partSearch
[LOG 15:10:51.417] Config(Editor_zoomScrollModifier) Squad/Controls/Qwerty/Editor_zoomScrollModifier
[LOG 15:10:51.417] Config(MODIFIER_KEY) Squad/Controls/Qwerty/MODIFIER_KEY
[LOG 15:10:51.417] Config(AbortActionGroup) Squad/Controls/Qwerty/AbortActionGroup
[LOG 15:10:51.417] Config(CustomActionGroup1) Squad/Controls/Qwerty/CustomActionGroup1
[LOG 15:10:51.417] Config(CustomActionGroup2) Squad/Controls/Qwerty/CustomActionGroup2
[LOG 15:10:51.417] Config(CustomActionGroup3) Squad/Controls/Qwerty/CustomActionGroup3
[LOG 15:10:51.417] Config(CustomActionGroup4) Squad/Controls/Qwerty/CustomActionGroup4
[LOG 15:10:51.417] Config(CustomActionGroup5) Squad/Controls/Qwerty/CustomActionGroup5
[LOG 15:10:51.417] Config(CustomActionGroup6) Squad/Controls/Qwerty/CustomActionGroup6
[LOG 15:10:51.417] Config(CustomActionGroup7) Squad/Controls/Qwerty/CustomActionGroup7
[LOG 15:10:51.417] Config(CustomActionGroup8) Squad/Controls/Qwerty/CustomActionGroup8
[LOG 15:10:51.418] Config(CustomActionGroup9) Squad/Controls/Qwerty/CustomActionGroup9
[LOG 15:10:51.418] Config(CustomActionGroup10) Squad/Controls/Qwerty/CustomActionGroup10
[LOG 15:10:51.418] Config(KEY_MAP) Squad/Controls/Qwerty/KEY_MAP
[LOG 15:10:51.418] Config(KEYBOARD_LAYOUT) Squad/Controls/Qwerty_en-GB/#autoLOC_6001228
[LOG 15:10:51.418] Config(KEY_MAP) Squad/Controls/Qwerty_en-GB/KEY_MAP
[LOG 15:10:51.418] Config(KEYBOARD_LAYOUT) Squad/Controls/Qwerty_es-LA/#autoLOC_6001229
[LOG 15:10:51.418] Config(CAMERA_MOUSE_TOGGLE) Squad/Controls/Qwerty_es-LA/CAMERA_MOUSE_TOGGLE
[LOG 15:10:51.418] Config(TIME_WARP_STOP) Squad/Controls/Qwerty_es-LA/TIME_WARP_STOP
[LOG 15:10:51.418] Config(FOCUS_NEXT_VESSEL) Squad/Controls/Qwerty_es-LA/FOCUS_NEXT_VESSEL
[LOG 15:10:51.418] Config(FOCUS_PREV_VESSEL) Squad/Controls/Qwerty_es-LA/FOCUS_PREV_VESSEL
[LOG 15:10:51.418] Config(CAMERA_RESET) Squad/Controls/Qwerty_es-LA/CAMERA_RESET
[LOG 15:10:51.418] Config(Editor_partSearch) Squad/Controls/Qwerty_es-LA/Editor_partSearch
[LOG 15:10:51.418] Config(KEY_MAP) Squad/Controls/Qwerty_es-LA/KEY_MAP
[LOG 15:10:51.418] Config(KEYBOARD_LAYOUT) Squad/Controls/Qwerty_it-IT/#autoLOC_6001230
[LOG 15:10:51.418] Config(FOCUS_NEXT_VESSEL) Squad/Controls/Qwerty_it-IT/FOCUS_NEXT_VESSEL
[LOG 15:10:51.418] Config(FOCUS_PREV_VESSEL) Squad/Controls/Qwerty_it-IT/FOCUS_PREV_VESSEL
[LOG 15:10:51.418] Config(CAMERA_MOUSE_TOGGLE) Squad/Controls/Qwerty_it-IT/CAMERA_MOUSE_TOGGLE
[LOG 15:10:51.418] Config(TIME_WARP_STOP) Squad/Controls/Qwerty_it-IT/TIME_WARP_STOP
[LOG 15:10:51.418] Config(CAMERA_RESET) Squad/Controls/Qwerty_it-IT/CAMERA_RESET
[LOG 15:10:51.418] Config(Editor_partSearch) Squad/Controls/Qwerty_it-IT/Editor_partSearch
[LOG 15:10:51.418] Config(KEY_MAP) Squad/Controls/Qwerty_it-IT/KEY_MAP
[LOG 15:10:51.418] Config(KEYBOARD_LAYOUT) Squad/Controls/Qwerty_ja-JP/#autoLOC_6001231
[LOG 15:10:51.418] Config(FOCUS_NEXT_VESSEL) Squad/Controls/Qwerty_ja-JP/FOCUS_NEXT_VESSEL
[LOG 15:10:51.418] Config(FOCUS_PREV_VESSEL) Squad/Controls/Qwerty_ja-JP/FOCUS_PREV_VESSEL
[LOG 15:10:51.418] Config(PRECISION_CTRL) Squad/Controls/Qwerty_ja-JP/PRECISION_CTRL
[LOG 15:10:51.418] Config(CAMERA_MOUSE_TOGGLE) Squad/Controls/Qwerty_ja-JP/CAMERA_MOUSE_TOGGLE
[LOG 15:10:51.418] Config(Editor_partSearch) Squad/Controls/Qwerty_ja-JP/Editor_partSearch
[LOG 15:10:51.418] Config(CAMERA_RESET) Squad/Controls/Qwerty_ja-JP/CAMERA_RESET
[LOG 15:10:51.418] Config(KEY_MAP) Squad/Controls/Qwerty_ja-JP/KEY_MAP
[LOG 15:10:51.419] Config(KEYBOARD_LAYOUT) Squad/Controls/Qwerty_pt-PT/#autoLOC_6001230
[LOG 15:10:51.419] Config(FOCUS_NEXT_VESSEL) Squad/Controls/Qwerty_pt-PT/FOCUS_NEXT_VESSEL
[LOG 15:10:51.419] Config(FOCUS_PREV_VESSEL) Squad/Controls/Qwerty_pt-PT/FOCUS_PREV_VESSEL
[LOG 15:10:51.419] Config(CAMERA_MOUSE_TOGGLE) Squad/Controls/Qwerty_pt-PT/CAMERA_MOUSE_TOGGLE
[LOG 15:10:51.419] Config(TIME_WARP_STOP) Squad/Controls/Qwerty_pt-PT/TIME_WARP_STOP
[LOG 15:10:51.419] Config(CAMERA_RESET) Squad/Controls/Qwerty_pt-PT/CAMERA_RESET
[LOG 15:10:51.419] Config(Editor_partSearch) Squad/Controls/Qwerty_pt-PT/Editor_partSearch
[LOG 15:10:51.419] Config(KEY_MAP) Squad/Controls/Qwerty_pt-PT/KEY_MAP
[LOG 15:10:51.419] Config(KEYBOARD_LAYOUT) Squad/Controls/Qwertz/#autoLOC_6001232
[LOG 15:10:51.419] Config(PITCH_DOWN) Squad/Controls/Qwertz/PITCH_DOWN
[LOG 15:10:51.419] Config(PITCH_UP) Squad/Controls/Qwertz/PITCH_UP
[LOG 15:10:51.419] Config(YAW_LEFT) Squad/Controls/Qwertz/YAW_LEFT
[LOG 15:10:51.419] Config(YAW_RIGHT) Squad/Controls/Qwertz/YAW_RIGHT
[LOG 15:10:51.419] Config(ROLL_LEFT) Squad/Controls/Qwertz/ROLL_LEFT
[LOG 15:10:51.419] Config(ROLL_RIGHT) Squad/Controls/Qwertz/ROLL_RIGHT
[LOG 15:10:51.419] Config(THROTTLE_UP) Squad/Controls/Qwertz/THROTTLE_UP
[LOG 15:10:51.419] Config(THROTTLE_DOWN) Squad/Controls/Qwertz/THROTTLE_DOWN
[LOG 15:10:51.419] Config(SAS_HOLD) Squad/Controls/Qwertz/SAS_HOLD
[LOG 15:10:51.419] Config(SAS_TOGGLE) Squad/Controls/Qwertz/SAS_TOGGLE
[LOG 15:10:51.419] Config(LAUNCH_STAGES) Squad/Controls/Qwertz/LAUNCH_STAGES
[LOG 15:10:51.419] Config(Docking_toggleRotLin) Squad/Controls/Qwertz/Docking_toggleRotLin
[LOG 15:10:51.419] Config(CAMERA_MODE) Squad/Controls/Qwertz/CAMERA_MODE
[LOG 15:10:51.419] Config(CAMERA_NEXT) Squad/Controls/Qwertz/CAMERA_NEXT
[LOG 15:10:51.419] Config(PAUSE) Squad/Controls/Qwertz/PAUSE
[LOG 15:10:51.419] Config(PRECISION_CTRL) Squad/Controls/Qwertz/PRECISION_CTRL
[LOG 15:10:51.419] Config(ZOOM_IN) Squad/Controls/Qwertz/ZOOM_IN
[LOG 15:10:51.419] Config(ZOOM_OUT) Squad/Controls/Qwertz/ZOOM_OUT
[LOG 15:10:51.419] Config(SCROLL_VIEW_UP) Squad/Controls/Qwertz/SCROLL_VIEW_UP
[LOG 15:10:51.419] Config(SCROLL_VIEW_DOWN) Squad/Controls/Qwertz/SCROLL_VIEW_DOWN
[LOG 15:10:51.419] Config(SCROLL_ICONS_UP) Squad/Controls/Qwertz/SCROLL_ICONS_UP
[LOG 15:10:51.420] Config(SCROLL_ICONS_DOWN) Squad/Controls/Qwertz/SCROLL_ICONS_DOWN
[LOG 15:10:51.420] Config(CAMERA_ORBIT_UP) Squad/Controls/Qwertz/CAMERA_ORBIT_UP
[LOG 15:10:51.420] Config(CAMERA_ORBIT_DOWN) Squad/Controls/Qwertz/CAMERA_ORBIT_DOWN
[LOG 15:10:51.420] Config(CAMERA_ORBIT_LEFT) Squad/Controls/Qwertz/CAMERA_ORBIT_LEFT
[LOG 15:10:51.420] Config(CAMERA_ORBIT_RIGHT) Squad/Controls/Qwertz/CAMERA_ORBIT_RIGHT
[LOG 15:10:51.420] Config(CAMERA_RESET) Squad/Controls/Qwertz/CAMERA_RESET
[LOG 15:10:51.420] Config(CAMERA_MOUSE_TOGGLE) Squad/Controls/Qwertz/CAMERA_MOUSE_TOGGLE
[LOG 15:10:51.420] Config(TIME_WARP_INCREASE) Squad/Controls/Qwertz/TIME_WARP_INCREASE
[LOG 15:10:51.420] Config(TIME_WARP_DECREASE) Squad/Controls/Qwertz/TIME_WARP_DECREASE
[LOG 15:10:51.420] Config(TIME_WARP_STOP) Squad/Controls/Qwertz/TIME_WARP_STOP
[LOG 15:10:51.420] Config(MAP_VIEW_TOGGLE) Squad/Controls/Qwertz/MAP_VIEW_TOGGLE
[LOG 15:10:51.420] Config(NAVBALL_TOGGLE) Squad/Controls/Qwertz/NAVBALL_TOGGLE
[LOG 15:10:51.420] Config(UIMODE_STAGING) Squad/Controls/Qwertz/UIMODE_STAGING
[LOG 15:10:51.420] Config(UIMODE_DOCKING) Squad/Controls/Qwertz/UIMODE_DOCKING
[LOG 15:10:51.420] Config(TRANSLATE_DOWN) Squad/Controls/Qwertz/TRANSLATE_DOWN
[LOG 15:10:51.420] Config(TRANSLATE_UP) Squad/Controls/Qwertz/TRANSLATE_UP
[LOG 15:10:51.420] Config(TRANSLATE_LEFT) Squad/Controls/Qwertz/TRANSLATE_LEFT
[LOG 15:10:51.420] Config(TRANSLATE_RIGHT) Squad/Controls/Qwertz/TRANSLATE_RIGHT
[LOG 15:10:51.420] Config(TRANSLATE_FWD) Squad/Controls/Qwertz/TRANSLATE_FWD
[LOG 15:10:51.420] Config(TRANSLATE_BACK) Squad/Controls/Qwertz/TRANSLATE_BACK
[LOG 15:10:51.420] Config(RCS_TOGGLE) Squad/Controls/Qwertz/RCS_TOGGLE
[LOG 15:10:51.420] Config(FOCUS_NEXT_VESSEL) Squad/Controls/Qwertz/FOCUS_NEXT_VESSEL
[LOG 15:10:51.420] Config(FOCUS_PREV_VESSEL) Squad/Controls/Qwertz/FOCUS_PREV_VESSEL
[LOG 15:10:51.420] Config(TOGGLE_UI) Squad/Controls/Qwertz/TOGGLE_UI
[LOG 15:10:51.420] Config(TOGGLE_STATUS_SCREEN) Squad/Controls/Qwertz/TOGGLE_STATUS_SCREEN
[LOG 15:10:51.420] Config(TAKE_SCREENSHOT) Squad/Controls/Qwertz/TAKE_SCREENSHOT
[LOG 15:10:51.420] Config(TOGGLE_LABELS) Squad/Controls/Qwertz/TOGGLE_LABELS
[LOG 15:10:51.420] Config(TOGGLE_TEMP_GAUGES) Squad/Controls/Qwertz/TOGGLE_TEMP_GAUGES
[LOG 15:10:51.420] Config(TOGGLE_TEMP_OVERLAY) Squad/Controls/Qwertz/TOGGLE_TEMP_OVERLAY
[LOG 15:10:51.421] Config(TOGGLE_FLIGHT_FORCES) Squad/Controls/Qwertz/TOGGLE_FLIGHT_FORCES
[LOG 15:10:51.421] Config(QUICKSAVE) Squad/Controls/Qwertz/QUICKSAVE
[LOG 15:10:51.421] Config(QUICKLOAD) Squad/Controls/Qwertz/QUICKLOAD
[LOG 15:10:51.421] Config(THROTTLE_CUTOFF) Squad/Controls/Qwertz/THROTTLE_CUTOFF
[LOG 15:10:51.421] Config(THROTTLE_FULL) Squad/Controls/Qwertz/THROTTLE_FULL
[LOG 15:10:51.421] Config(LANDING_GEAR) Squad/Controls/Qwertz/LANDING_GEAR
[LOG 15:10:51.421] Config(HEADLIGHT_TOGGLE) Squad/Controls/Qwertz/HEADLIGHT_TOGGLE
[LOG 15:10:51.421] Config(BRAKES) Squad/Controls/Qwertz/BRAKES
[LOG 15:10:51.421] Config(TOGGLE_SPACENAV_FLIGHT_CONTROL) Squad/Controls/Qwertz/TOGGLE_SPACENAV_FLIGHT_CONTROL
[LOG 15:10:51.421] Config(TOGGLE_SPACENAV_ROLL_LOCK) Squad/Controls/Qwertz/TOGGLE_SPACENAV_ROLL_LOCK
[LOG 15:10:51.421] Config(WHEEL_STEER_LEFT) Squad/Controls/Qwertz/WHEEL_STEER_LEFT
[LOG 15:10:51.421] Config(WHEEL_STEER_RIGHT) Squad/Controls/Qwertz/WHEEL_STEER_RIGHT
[LOG 15:10:51.421] Config(WHEEL_THROTTLE_DOWN) Squad/Controls/Qwertz/WHEEL_THROTTLE_DOWN
[LOG 15:10:51.421] Config(WHEEL_THROTTLE_UP) Squad/Controls/Qwertz/WHEEL_THROTTLE_UP
[LOG 15:10:51.421] Config(EVA_forward) Squad/Controls/Qwertz/EVA_forward
[LOG 15:10:51.421] Config(EVA_back) Squad/Controls/Qwertz/EVA_back
[LOG 15:10:51.421] Config(EVA_left) Squad/Controls/Qwertz/EVA_left
[LOG 15:10:51.421] Config(EVA_right) Squad/Controls/Qwertz/EVA_right
[LOG 15:10:51.421] Config(EVA_yaw_left) Squad/Controls/Qwertz/EVA_yaw_left
[LOG 15:10:51.421] Config(EVA_yaw_right) Squad/Controls/Qwertz/EVA_yaw_right
[LOG 15:10:51.421] Config(EVA_Pack_forward) Squad/Controls/Qwertz/EVA_Pack_forward
[LOG 15:10:51.421] Config(EVA_Pack_back) Squad/Controls/Qwertz/EVA_Pack_back
[LOG 15:10:51.421] Config(EVA_Pack_left) Squad/Controls/Qwertz/EVA_Pack_left
[LOG 15:10:51.421] Config(EVA_Pack_right) Squad/Controls/Qwertz/EVA_Pack_right
[LOG 15:10:51.421] Config(EVA_Pack_up) Squad/Controls/Qwertz/EVA_Pack_up
[LOG 15:10:51.421] Config(EVA_Pack_down) Squad/Controls/Qwertz/EVA_Pack_down
[LOG 15:10:51.421] Config(EVA_Jump) Squad/Controls/Qwertz/EVA_Jump
[LOG 15:10:51.421] Config(EVA_Run) Squad/Controls/Qwertz/EVA_Run
[LOG 15:10:51.421] Config(EVA_ToggleMovementMode) Squad/Controls/Qwertz/EVA_ToggleMovementMode
[LOG 15:10:51.421] Config(EVA_TogglePack) Squad/Controls/Qwertz/EVA_TogglePack
[LOG 15:10:51.421] Config(EVA_Use) Squad/Controls/Qwertz/EVA_Use
[LOG 15:10:51.422] Config(EVA_Board) Squad/Controls/Qwertz/EVA_Board
[LOG 15:10:51.422] Config(EVA_Orient) Squad/Controls/Qwertz/EVA_Orient
[LOG 15:10:51.422] Config(EVA_Lights) Squad/Controls/Qwertz/EVA_Lights
[LOG 15:10:51.422] Config(Editor_pitchUp) Squad/Controls/Qwertz/Editor_pitchUp
[LOG 15:10:51.422] Config(Editor_pitchDown) Squad/Controls/Qwertz/Editor_pitchDown
[LOG 15:10:51.422] Config(Editor_yawLeft) Squad/Controls/Qwertz/Editor_yawLeft
[LOG 15:10:51.422] Config(Editor_yawRight) Squad/Controls/Qwertz/Editor_yawRight
[LOG 15:10:51.422] Config(Editor_rollLeft) Squad/Controls/Qwertz/Editor_rollLeft
[LOG 15:10:51.422] Config(Editor_rollRight) Squad/Controls/Qwertz/Editor_rollRight
[LOG 15:10:51.422] Config(Editor_resetRotation) Squad/Controls/Qwertz/Editor_resetRotation
[LOG 15:10:51.422] Config(Editor_modePlace) Squad/Controls/Qwertz/Editor_modePlace
[LOG 15:10:51.422] Config(Editor_modeOffset) Squad/Controls/Qwertz/Editor_modeOffset
[LOG 15:10:51.422] Config(Editor_modeRotate) Squad/Controls/Qwertz/Editor_modeRotate
[LOG 15:10:51.422] Config(Editor_modeRoot) Squad/Controls/Qwertz/Editor_modeRoot
[LOG 15:10:51.422] Config(Editor_coordSystem) Squad/Controls/Qwertz/Editor_coordSystem
[LOG 15:10:51.422] Config(Editor_toggleSymMethod) Squad/Controls/Qwertz/Editor_toggleSymMethod
[LOG 15:10:51.422] Config(Editor_toggleSymMode) Squad/Controls/Qwertz/Editor_toggleSymMode
[LOG 15:10:51.422] Config(Editor_toggleAngleSnap) Squad/Controls/Qwertz/Editor_toggleAngleSnap
[LOG 15:10:51.422] Config(Editor_fineTweak) Squad/Controls/Qwertz/Editor_fineTweak
[LOG 15:10:51.422] Config(Editor_partSearch) Squad/Controls/Qwertz/Editor_partSearch
[LOG 15:10:51.422] Config(Editor_zoomScrollModifier) Squad/Controls/Qwertz/Editor_zoomScrollModifier
[LOG 15:10:51.422] Config(MODIFIER_KEY) Squad/Controls/Qwertz/MODIFIER_KEY
[LOG 15:10:51.422] Config(AbortActionGroup) Squad/Controls/Qwertz/AbortActionGroup
[LOG 15:10:51.422] Config(CustomActionGroup1) Squad/Controls/Qwertz/CustomActionGroup1
[LOG 15:10:51.422] Config(CustomActionGroup2) Squad/Controls/Qwertz/CustomActionGroup2
[LOG 15:10:51.422] Config(CustomActionGroup3) Squad/Controls/Qwertz/CustomActionGroup3
[LOG 15:10:51.422] Config(CustomActionGroup4) Squad/Controls/Qwertz/CustomActionGroup4
[LOG 15:10:51.422] Config(CustomActionGroup5) Squad/Controls/Qwertz/CustomActionGroup5
[LOG 15:10:51.422] Config(CustomActionGroup6) Squad/Controls/Qwertz/CustomActionGroup6
[LOG 15:10:51.422] Config(CustomActionGroup7) Squad/Controls/Qwertz/CustomActionGroup7
[LOG 15:10:51.422] Config(CustomActionGroup8) Squad/Controls/Qwertz/CustomActionGroup8
[LOG 15:10:51.423] Config(CustomActionGroup9) Squad/Controls/Qwertz/CustomActionGroup9
[LOG 15:10:51.423] Config(CustomActionGroup10) Squad/Controls/Qwertz/CustomActionGroup10
[LOG 15:10:51.423] Config(KEY_MAP) Squad/Controls/Qwertz/KEY_MAP
[LOG 15:10:51.423] Config(EXPERIENCE_TRAIT) Squad/Experience/Traits/Pilot
[LOG 15:10:51.423] Config(EXPERIENCE_TRAIT) Squad/Experience/Traits/Engineer
[LOG 15:10:51.423] Config(EXPERIENCE_TRAIT) Squad/Experience/Traits/Scientist
[LOG 15:10:51.423] Config(EXPERIENCE_TRAIT) Squad/Experience/Traits/Tourist
[LOG 15:10:51.423] Config(Localization) Squad/Localization/dictionary/Localization
[LOG 15:10:51.423] Config(MISSIONPACK) Squad/Missions/MissionPacks/squad_ESA
[LOG 15:10:51.423] Config(VARIANTTHEME) Squad/Parts/VariantThemes/White
[LOG 15:10:51.423] Config(VARIANTTHEME) Squad/Parts/VariantThemes/BlackAndWhite
[LOG 15:10:51.423] Config(VARIANTTHEME) Squad/Parts/VariantThemes/GrayAndOrange
[LOG 15:10:51.423] Config(VARIANTTHEME) Squad/Parts/VariantThemes/Dark
[LOG 15:10:51.423] Config(VARIANTTHEME) Squad/Parts/VariantThemes/Gray
[LOG 15:10:51.423] Config(VARIANTTHEME) Squad/Parts/VariantThemes/Orange
[LOG 15:10:51.423] Config(VARIANTTHEME) Squad/Parts/VariantThemes/Gold
[LOG 15:10:51.423] Config(VARIANTTHEME) Squad/Parts/VariantThemes/Bare
[LOG 15:10:51.423] Config(VARIANTTHEME) Squad/Parts/VariantThemes/Shroud
[LOG 15:10:51.423] Config(VARIANTTHEME) Squad/Parts/VariantThemes/GrayAndWhite
[LOG 15:10:51.423] Config(VARIANTTHEME) Squad/Parts/VariantThemes/YellowAndWhite
[LOG 15:10:51.423] Config(VARIANTTHEME) Squad/Parts/VariantThemes/Silver
[LOG 15:10:51.423] Config(VARIANTTHEME) Squad/Parts/VariantThemes/Gray with Stripes
[LOG 15:10:51.423] Config(PART) Squad/Parts/Aero/aerodynamicNoseCone/aerodynamicNoseCone/noseCone
[LOG 15:10:51.423] Config(PART) Squad/Parts/Aero/airbrake/Airbrake/airbrake1
[LOG 15:10:51.424] Config(PART) Squad/Parts/Aero/airIntakeRadialXM-G50/airIntakeRadialXM-G50/airScoop
[LOG 15:10:51.424] Config(PART) Squad/Parts/Aero/airlinerWings/ControlSurface/airlinerCtrlSrf
[LOG 15:10:51.424] Config(PART) Squad/Parts/Aero/airlinerWings/MainWing/airlinerMainWing
[LOG 15:10:51.424] Config(PART) Squad/Parts/Aero/airlinerWings/TailFin/airlinerTailFin
[LOG 15:10:51.424] Config(PART) Squad/Parts/Aero/airplaneFins/advancedCanard/AdvancedCanard
[LOG 15:10:51.424] Config(PART) Squad/Parts/Aero/airplaneFins/standardCanard/CanardController
[LOG 15:10:51.424] Config(PART) Squad/Parts/Aero/airplaneFins/sweptWing/sweptWing
[LOG 15:10:51.424] Config(PART) Squad/Parts/Aero/airplaneFins/tailfin/tailfin
[LOG 15:10:51.424] Config(PART) Squad/Parts/Aero/basicFin/basicFin/basicFin
[LOG 15:10:51.424] Config(PART) Squad/Parts/Aero/circularIntake/circularIntake/CircularIntake
[LOG 15:10:51.424] Config(PART) Squad/Parts/Aero/circularIntake/intakeShockCone/shockConeIntake
[LOG 15:10:51.424] Config(PART) Squad/Parts/Aero/cones/avionicsNoseCone/avionicsNoseCone
[LOG 15:10:51.424] Config(PART) Squad/Parts/Aero/cones/ConeA/pointyNoseConeA
[LOG 15:10:51.424] Config(PART) Squad/Parts/Aero/cones/ConeB/pointyNoseConeB
[LOG 15:10:51.424] Config(PART) Squad/Parts/Aero/cones/noseConeAdapter/noseConeAdapter
[LOG 15:10:51.424] Config(PART) Squad/Parts/Aero/cones/protectiveRocketNoseMk7_v2/rocketNoseCone_v2
[LOG 15:10:51.424] Config(PART) Squad/Parts/Aero/cones/protectiveRocketNoseMk7_v3/rocketNoseCone_v3
[LOG 15:10:51.424] Config(PART) Squad/Parts/Aero/cones/rocketNoseCone_size3/rocketNoseConeSize3
[LOG 15:10:51.424] Config(PART) Squad/Parts/Aero/cones/smallNoseCone/standardNoseCone
[LOG 15:10:51.424] Config(PART) Squad/Parts/Aero/cones/tailConnectorA/airplaneTail
[LOG 15:10:51.424] Config(PART) Squad/Parts/Aero/cones/tailConnectorB/airplaneTailB
[LOG 15:10:51.424] Config(PART) Squad/Parts/Aero/fairings/fairingSize1/fairingSize1
[LOG 15:10:51.424] Config(PART) Squad/Parts/Aero/fairings/fairingSize2/fairingSize2
[LOG 15:10:51.424] Config(PART) Squad/Parts/Aero/fairings/fairingSize3/fairingSize3
[LOG 15:10:51.425] Config(PART) Squad/Parts/Aero/HeatShield/HeatShield0/HeatShield0
[LOG 15:10:51.425] Config(PART) Squad/Parts/Aero/HeatShield/HeatShield1/HeatShield1
[LOG 15:10:51.425] Config(PART) Squad/Parts/Aero/HeatShield/HeatShield2/HeatShield2
[LOG 15:10:51.425] Config(PART) Squad/Parts/Aero/HeatShield/HeatShield3/HeatShield3
[LOG 15:10:51.425] Config(PART) Squad/Parts/Aero/InflatableHeatShield/HeatShield/InflatableHeatShield
[LOG 15:10:51.425] Config(PART) Squad/Parts/Aero/intakeRadialLong/intakeRadialLong/IntakeRadialLong
[LOG 15:10:51.425] Config(PART) Squad/Parts/Aero/miniIntake/SmallIntake/miniIntake
[LOG 15:10:51.425] Config(PART) Squad/Parts/Aero/ramAirIntake/ramAirIntake/ramAirIntake
[LOG 15:10:51.425] Config(PART) Squad/Parts/Aero/shuttleWings/delta/wingShuttleDelta
[LOG 15:10:51.425] Config(PART) Squad/Parts/Aero/shuttleWings/elevon1/wingShuttleElevon1
[LOG 15:10:51.425] Config(PART) Squad/Parts/Aero/shuttleWings/elevon2/wingShuttleElevon2
[LOG 15:10:51.425] Config(PART) Squad/Parts/Aero/shuttleWings/rudder/wingShuttleRudder
[LOG 15:10:51.425] Config(PART) Squad/Parts/Aero/shuttleWings/strake/wingShuttleStrake
[LOG 15:10:51.425] Config(PART) Squad/Parts/Aero/wingletAV-R8/wingletAV-R8/R8winglet
[LOG 15:10:51.425] Config(PART) Squad/Parts/Aero/wingletAV-T1/wingletAV-T1/winglet
[LOG 15:10:51.425] Config(PART) Squad/Parts/Aero/wingletDeltaDeluxe/wingletDeltaDeluxe/winglet3
[LOG 15:10:51.425] Config(PART) Squad/Parts/Aero/wings/connector1/wingConnector
[LOG 15:10:51.425] Config(PART) Squad/Parts/Aero/wings/connector2/wingConnector2
[LOG 15:10:51.425] Config(PART) Squad/Parts/Aero/wings/connector3/wingConnector3
[LOG 15:10:51.425] Config(PART) Squad/Parts/Aero/wings/connector4/wingConnector4
[LOG 15:10:51.425] Config(PART) Squad/Parts/Aero/wings/connector5/wingConnector5
[LOG 15:10:51.425] Config(PART) Squad/Parts/Aero/wings/delta/deltaWing
[LOG 15:10:51.425] Config(PART) Squad/Parts/Aero/wings/delta_small/delta_small
[LOG 15:10:51.425] Config(PART) Squad/Parts/Aero/wings/elevon1/StandardCtrlSrf
[LOG 15:10:51.425] Config(PART) Squad/Parts/Aero/wings/elevon2/elevon2
[LOG 15:10:51.425] Config(PART) Squad/Parts/Aero/wings/elevon3/elevon3
[LOG 15:10:51.425] Config(PART) Squad/Parts/Aero/wings/elevon4/smallCtrlSrf
[LOG 15:10:51.425] Config(PART) Squad/Parts/Aero/wings/elevon5/elevon5
[LOG 15:10:51.426] Config(PART) Squad/Parts/Aero/wings/strake/wingStrake
[LOG 15:10:51.426] Config(PART) Squad/Parts/Aero/wings/structural1/structuralWing
[LOG 15:10:51.426] Config(PART) Squad/Parts/Aero/wings/structural2/structuralWing2
[LOG 15:10:51.426] Config(PART) Squad/Parts/Aero/wings/structural3/structuralWing3
[LOG 15:10:51.426] Config(PART) Squad/Parts/Aero/wings/structural4/structuralWing4
[LOG 15:10:51.426] Config(PART) Squad/Parts/Aero/wings/swept1/sweptWing1
[LOG 15:10:51.426] Config(PART) Squad/Parts/Aero/wings/swept2/sweptWing2
[LOG 15:10:51.426] Config(PART) Squad/Parts/Cargo/CargoContainers/cargoContainer/cargoContainer
[LOG 15:10:51.426] Config(PART) Squad/Parts/Cargo/CargoContainers/smallCargoContainer/smallCargoContainer
[LOG 15:10:51.426] Config(PART) Squad/Parts/Cargo/Cylinder/Cylinder/evaCylinder
[LOG 15:10:51.426] Config(PART) Squad/Parts/Cargo/GroundAnchor/groundAnchor/groundAnchor
[LOG 15:10:51.426] Config(PART) Squad/Parts/Cargo/Jetpack/Jetpack/evaJetpack
[LOG 15:10:51.426] Config(PART) Squad/Parts/Cargo/Parachute/Parachute/evaChute
[LOG 15:10:51.426] Config(PART) Squad/Parts/Cargo/RepairKit/RepairKit/evaRepairKit
[LOG 15:10:51.426] Config(PART) Squad/Parts/Cargo/ScienceKit/evaScienceKit/evaScienceKit
[LOG 15:10:51.426] Config(PART) Squad/Parts/Cargo/StorageUnits/CargoStorageUnit/CargoStorageUnit
[LOG 15:10:51.426] Config(PART) Squad/Parts/Cargo/StorageUnits/ConformalStorageUnit/ConformalStorageUnit
[LOG 15:10:51.426] Config(PART) Squad/Parts/Command/advancedSasModuleLarge/advSasModuleLarge/asasmodule1-2
[LOG 15:10:51.426] Config(PART) Squad/Parts/Command/cupola/cupola/cupola
[LOG 15:10:51.426] Config(PART) Squad/Parts/Command/externalCommandSeat/externalCommandSeat/seatExternalCmd
[LOG 15:10:51.426] Config(PART) Squad/Parts/Command/hitchhikerStorageContainer/hitchikerStorageContainer/crewCabin
[LOG 15:10:51.426] Config(PART) Squad/Parts/Command/inlineAdvancedStabilizer/inlineAdvancedStabilizer/advSasModule
[LOG 15:10:51.426] Config(PART) Squad/Parts/Command/inlineReactionWheel/inlineReactionWheel/sasModule
[LOG 15:10:51.426] Config(PART) Squad/Parts/Command/Mk1-3Pod/mk1-3/mk1-3pod
[LOG 15:10:51.427] Config(PART) Squad/Parts/Command/mk1Cockpits/mk1Cockpit/Mark1Cockpit
[LOG 15:10:51.427] Config(PART) Squad/Parts/Command/mk1Cockpits/mk1CrewCabin/MK1CrewCabin
[LOG 15:10:51.427] Config(PART) Squad/Parts/Command/mk1Cockpits/mk1InlineCockpit/Mark2Cockpit
[LOG 15:10:51.427] Config(PART) Squad/Parts/Command/mk1LanderCan/mk1LanderCan/landerCabinSmall
[LOG 15:10:51.427] Config(PART) Squad/Parts/Command/mk1pod_v2/mk1Pod_v2/mk1pod_v2
[LOG 15:10:51.427] Config(PART) Squad/Parts/Command/mk2CockpitInline/mk2CockpitInline/mk2Cockpit_Inline
[LOG 15:10:51.427] Config(PART) Squad/Parts/Command/mk2CockpitStandard/mk2CockpitStandard/mk2Cockpit_Standard
[LOG 15:10:51.427] Config(PART) Squad/Parts/Command/mk2DroneCore/mk2Dronecore/mk2DroneCore
[LOG 15:10:51.427] Config(PART) Squad/Parts/Command/mk2LanderCan/mk2LanderCan/mk2LanderCabin
[LOG 15:10:51.427] Config(PART) Squad/Parts/Command/mk2LanderCan_v2/mk2LanderCan_v2/mk2LanderCabin_v2
[LOG 15:10:51.427] Config(PART) Squad/Parts/Command/mk3CockpitShuttle/mk3CockpitShuttle/mk3Cockpit_Shuttle
[LOG 15:10:51.427] Config(PART) Squad/Parts/Command/MpoProbe/MpoProbe/MpoProbe
[LOG 15:10:51.427] Config(PART) Squad/Parts/Command/MtmStage/MTM_Stage/MtmStage
[LOG 15:10:51.427] Config(PART) Squad/Parts/Command/probeCoreCube/probeCoreCube/probeCoreCube
[LOG 15:10:51.427] Config(PART) Squad/Parts/Command/probeCoreHex/probeCoreHex/probeCoreHex
[LOG 15:10:51.427] Config(PART) Squad/Parts/Command/probeCoreHex_v2/probeCoreHex_v2/probeCoreHex_v2
[LOG 15:10:51.427] Config(PART) Squad/Parts/Command/probeCoreOcto2_v2/probeCoreOcto2_v2/probeCoreOcto2_v2
[LOG 15:10:51.427] Config(PART) Squad/Parts/Command/probeCoreOcto_v2/probeCoreOcto_v2/probeCoreOcto_v2
[LOG 15:10:51.427] Config(PART) Squad/Parts/Command/probeRoverBody/probeRoverBody/roverBody
[LOG 15:10:51.427] Config(PART) Squad/Parts/Command/probeRoverBody_v2/probeRoverBody_v2/roverBody_v2
[LOG 15:10:51.427] Config(PART) Squad/Parts/Command/probeStackLarge/probeStackLarge/probeStackLarge
[LOG 15:10:51.427] Config(PART) Squad/Parts/Command/probeStackSmall/probeStackSmall/probeStackSmall
[LOG 15:10:51.427] Config(PART) Squad/Parts/Command/probeStackSphere_v2/probeStackSphere_v2/probeCoreSphere_v2
[LOG 15:10:51.427] Config(PART) Squad/Parts/CompoundParts/FuelLine/fuelLine/fuelLine
[LOG 15:10:51.427] Config(PART) Squad/Parts/CompoundParts/strutConnector/strutConnector/strutConnector
[LOG 15:10:51.428] Config(PART) Squad/Parts/Coupling/Decoupler_0/Decoupler_0
[LOG 15:10:51.428] Config(PART) Squad/Parts/Coupling/Decoupler_1/Decoupler_1
[LOG 15:10:51.428] Config(PART) Squad/Parts/Coupling/Decoupler_2/Decoupler_2
[LOG 15:10:51.428] Config(PART) Squad/Parts/Coupling/Decoupler_3/Decoupler_3
[LOG 15:10:51.428] Config(PART) Squad/Parts/Coupling/Separator_0/Separator_0
[LOG 15:10:51.428] Config(PART) Squad/Parts/Coupling/Separator_1/Separator_1
[LOG 15:10:51.428] Config(PART) Squad/Parts/Coupling/Separator_2/Separator_2
[LOG 15:10:51.428] Config(PART) Squad/Parts/Coupling/Separator_3/Separator_3
[LOG 15:10:51.428] Config(PART) Squad/Parts/Electrical/10CSolarPanels/OX-10C/solarPanelOX10C
[LOG 15:10:51.428] Config(PART) Squad/Parts/Electrical/10CSolarPanels/SP-10C/solarPanelSP10C
[LOG 15:10:51.428] Config(PART) Squad/Parts/Electrical/10LSolarPanels/OX-10L/solarPanelOX10L
[LOG 15:10:51.428] Config(PART) Squad/Parts/Electrical/10LSolarPanels/SP-10L/solarPanelSP10L
[LOG 15:10:51.428] Config(PART) Squad/Parts/Electrical/1x6ShroudSolarPanels/1x6ShroudSolarPanels/solarPanels2
[LOG 15:10:51.428] Config(PART) Squad/Parts/Electrical/1x6SolarPanels/1x6SolarPanels/solarPanels4
[LOG 15:10:51.428] Config(PART) Squad/Parts/Electrical/3x2ShroudSolarPanels/3x2ShroudSolarPanels/solarPanels1
[LOG 15:10:51.428] Config(PART) Squad/Parts/Electrical/3x2SolarPanels/3x2SolarPanels/solarPanels3
[LOG 15:10:51.428] Config(PART) Squad/Parts/Electrical/gigantorXlSolarArray/gigantorXlSolarArray/largeSolarPanel
[LOG 15:10:51.428] Config(PART) Squad/Parts/Electrical/radialFlatSolarPanel/radialFlatSolarPanel/solarPanels5
[LOG 15:10:51.428] Config(PART) Squad/Parts/Electrical/RTG/RTG/rtg
[LOG 15:10:51.428] Config(PART) Squad/Parts/Electrical/z-100Battery/z-100Battery/batteryPack
[LOG 15:10:51.428] Config(PART) Squad/Parts/Electrical/z-1kBattery/z-1kBattery/batteryBank
[LOG 15:10:51.428] Config(PART) Squad/Parts/Electrical/z-200Battery/z-200Battery/batteryBankMini
[LOG 15:10:51.428] Config(PART) Squad/Parts/Electrical/z-400Battery/z-400Battery/ksp_r_largeBatteryPack
[LOG 15:10:51.428] Config(PART) Squad/Parts/Electrical/z-4kBattery/z-4kBattery/batteryBankLarge
[LOG 15:10:51.428] Config(PART) Squad/Parts/Engine/ionEngine/ionEngine/ionEngine
[LOG 15:10:51.429] Config(PART) Squad/Parts/Engine/jetEngines/jetEngineAfterburning/turboJet
[LOG 15:10:51.429] Config(PART) Squad/Parts/Engine/jetEngines/jetEngineBasic/JetEngine
[LOG 15:10:51.429] Config(PART) Squad/Parts/Engine/jetEngines/jetEngineBig/turboFanSize2
[LOG 15:10:51.429] Config(PART) Squad/Parts/Engine/jetEngines/jetEngineTurbo/turboFanEngine
[LOG 15:10:51.429] Config(PART) Squad/Parts/Engine/liquidEngine24-77/liquidEngine24-77/smallRadialEngine
[LOG 15:10:51.429] Config(PART) Squad/Parts/Engine/liquidEngine24-77_v2/liquidEngine24-77_v2/smallRadialEngine_v2
[LOG 15:10:51.429] Config(PART) Squad/Parts/Engine/liquidEngine48-7S_v2/liquidEngine48-7S_v2/liquidEngineMini_v2
[LOG 15:10:51.429] Config(PART) Squad/Parts/Engine/liquidEngineAerospike/liquidEngineAerospike/toroidalAerospike
[LOG 15:10:51.429] Config(PART) Squad/Parts/Engine/liquidEngineLV-1_v2/liquidEngineLV-1R _v2/radialEngineMini_v2
[LOG 15:10:51.429] Config(PART) Squad/Parts/Engine/liquidEngineLV-1_v2/liquidEngineLV-1_v2/microEngine_v2
[LOG 15:10:51.429] Config(PART) Squad/Parts/Engine/liquidEngineLV-909_v2/liquidEngineLV-909_v2/liquidEngine3_v2
[LOG 15:10:51.429] Config(PART) Squad/Parts/Engine/liquidEngineLV-N/liquidEngineLV-N/nuclearEngine
[LOG 15:10:51.429] Config(PART) Squad/Parts/Engine/liquidEngineLV-T30/liquidEngineLV-T30/liquidEngine
[LOG 15:10:51.429] Config(PART) Squad/Parts/Engine/liquidEngineLV-T30_v2/liquidEngineLV-T30_v2/liquidEngine_v2
[LOG 15:10:51.429] Config(PART) Squad/Parts/Engine/liquidEngineLV-T45/liquidEngineLV-T45/liquidEngine2
[LOG 15:10:51.429] Config(PART) Squad/Parts/Engine/liquidEngineLV-T45_v2/liquidEngineLV-T45_v2/liquidEngine2_v2
[LOG 15:10:51.429] Config(PART) Squad/Parts/Engine/liquidEngineMainsail_v2/liquidEngineMainsail_v2/liquidEngineMainsail_v2
[LOG 15:10:51.429] Config(PART) Squad/Parts/Engine/liquidEngineMk55/liquidEngineMk55/radialLiquidEngine1-2
[LOG 15:10:51.429] Config(PART) Squad/Parts/Engine/liquidEnginePoodle_v2/liquidEnginePoodle_v2/liquidEngine2-2_v2
[LOG 15:10:51.429] Config(PART) Squad/Parts/Engine/liquidEngineSkipper_v2/skipperLiquidEngine_v2/engineLargeSkipper_v2
[LOG 15:10:51.429] Config(PART) Squad/Parts/Engine/liquidEngineSSME/SSME/SSME
[LOG 15:10:51.429] Config(PART) Squad/Parts/Engine/MassiveSRB/part/MassiveBooster
[LOG 15:10:51.430] Config(PART) Squad/Parts/Engine/miniJet/SmallJetEngine/miniJetEngine
[LOG 15:10:51.430] Config(PART) Squad/Parts/Engine/OMSEngine/omsEngine/omsEngine
[LOG 15:10:51.430] Config(PART) Squad/Parts/Engine/rapierEngine/rapierEngine/RAPIER
[LOG 15:10:51.430] Config(PART) Squad/Parts/Engine/Size1_SRBs/solidBoosterRT-10_v2/solidBooster_v2
[LOG 15:10:51.430] Config(PART) Squad/Parts/Engine/Size1_SRBs/solidBoosterRT-5_v2/solidBooster_sm_v2
[LOG 15:10:51.430] Config(PART) Squad/Parts/Engine/Size2LFB/part/Size2LFB
[LOG 15:10:51.430] Config(PART) Squad/Parts/Engine/Size2LFB_v2/part/Size2LFB_v2
[LOG 15:10:51.430] Config(PART) Squad/Parts/Engine/Size3AdvancedEngine/part/Size3AdvancedEngine
[LOG 15:10:51.430] Config(PART) Squad/Parts/Engine/Size3EngineCluster/part/Size3EngineCluster
[LOG 15:10:51.430] Config(PART) Squad/Parts/Engine/solidBoosterBACC/solidBoosterBACC/solidBooster1-1
[LOG 15:10:51.430] Config(PART) Squad/Parts/Engine/solidBoosterS2-17/solidBoosterS2-17/Thoroughbred
[LOG 15:10:51.430] Config(PART) Squad/Parts/Engine/solidBoosterS2-33/solidBoosterS2-33/Clydesdale
[LOG 15:10:51.430] Config(PART) Squad/Parts/Engine/solidBoosterSep/solidBoosterSep/sepMotor1
[LOG 15:10:51.430] Config(PART) Squad/Parts/Engine/SolidBoostersF/SolidBoosterF3S0/Shrimp
[LOG 15:10:51.430] Config(PART) Squad/Parts/Engine/SolidBoostersF/SolidBoosterFM1/Mite
[LOG 15:10:51.430] Config(PART) Squad/Parts/FuelTank/adapterTanks/Mk3-Mk2/adapterMk3-Mk2
[LOG 15:10:51.430] Config(PART) Squad/Parts/FuelTank/adapterTanks/Mk3-ShuttleAdapter/adapterEngines
[LOG 15:10:51.430] Config(PART) Squad/Parts/FuelTank/adapterTanks/Mk3-Size2/adapterMk3-Size2
[LOG 15:10:51.430] Config(PART) Squad/Parts/FuelTank/adapterTanks/Mk3-Size2Slant/adapterMk3-Size2Slant
[LOG 15:10:51.430] Config(PART) Squad/Parts/FuelTank/adapterTanks/Size2-Mk2/adapterSize2-Mk2
[LOG 15:10:51.430] Config(PART) Squad/Parts/FuelTank/adapterTanks/Size2-Size1/adapterSize2-Size1
[LOG 15:10:51.430] Config(PART) Squad/Parts/FuelTank/adapterTanks/Size2-Size1Slant/adapterSize2-Size1Slant
[LOG 15:10:51.430] Config(PART) Squad/Parts/FuelTank/adapterTanks/Size3-Mk3/adapterSize3-Mk3
[LOG 15:10:51.430] Config(PART) Squad/Parts/FuelTank/drainTankFTE-1/ReleaseValve/ReleaseValve
[LOG 15:10:51.431] Config(PART) Squad/Parts/FuelTank/FoilTanks/RadialTank_Capsule/externalTankCapsule
[LOG 15:10:51.431] Config(PART) Squad/Parts/FuelTank/FoilTanks/RadialTank_Round/externalTankRound
[LOG 15:10:51.431] Config(PART) Squad/Parts/FuelTank/FoilTanks/ToroidTank/externalTankToroid
[LOG 15:10:51.431] Config(PART) Squad/Parts/FuelTank/fuelTankOscarB/fuelTankOscarB/miniFuelTank
[LOG 15:10:51.431] Config(PART) Squad/Parts/FuelTank/miniFuselage/miniFuselage/miniFuselage
[LOG 15:10:51.431] Config(PART) Squad/Parts/FuelTank/mk2Adapters/bicoupler/mk2_1m_Bicoupler
[LOG 15:10:51.431] Config(PART) Squad/Parts/FuelTank/mk2Adapters/long/mk2_1m_AdapterLong
[LOG 15:10:51.431] Config(PART) Squad/Parts/FuelTank/mk2Adapters/standard/mk2SpacePlaneAdapter
[LOG 15:10:51.431] Config(PART) Squad/Parts/FuelTank/mk2FuselageLong/LFO_long/mk2FuselageLongLFO
[LOG 15:10:51.431] Config(PART) Squad/Parts/FuelTank/mk2FuselageLong/L_long/mk2Fuselage
[LOG 15:10:51.431] Config(PART) Squad/Parts/FuelTank/mk2FuselageShort/LFO_short/mk2FuselageShortLFO
[LOG 15:10:51.431] Config(PART) Squad/Parts/FuelTank/mk2FuselageShort/L_short/mk2FuselageShortLiquid
[LOG 15:10:51.431] Config(PART) Squad/Parts/FuelTank/mk2FuselageShort/Mono_short/mk2FuselageShortMono
[LOG 15:10:51.431] Config(PART) Squad/Parts/FuelTank/mk3Fuselage/CREW/mk3CrewCabin
[LOG 15:10:51.431] Config(PART) Squad/Parts/FuelTank/mk3Fuselage/LFO_100/mk3FuselageLFO_100
[LOG 15:10:51.431] Config(PART) Squad/Parts/FuelTank/mk3Fuselage/LFO_25/mk3FuselageLFO_25
[LOG 15:10:51.431] Config(PART) Squad/Parts/FuelTank/mk3Fuselage/LFO_50/mk3FuselageLFO_50
[LOG 15:10:51.431] Config(PART) Squad/Parts/FuelTank/mk3Fuselage/LF_100/mk3FuselageLF_100
[LOG 15:10:51.431] Config(PART) Squad/Parts/FuelTank/mk3Fuselage/LF_25/mk3FuselageLF_25
[LOG 15:10:51.431] Config(PART) Squad/Parts/FuelTank/mk3Fuselage/LF_50/mk3FuselageLF_50
[LOG 15:10:51.431] Config(PART) Squad/Parts/FuelTank/mk3Fuselage/MONO/mk3FuselageMONO
[LOG 15:10:51.431] Config(PART) Squad/Parts/FuelTank/RCSFuelTankR1/RCSFuelTankR1/RCSTank1-2
[LOG 15:10:51.431] Config(PART) Squad/Parts/FuelTank/RCSFuelTankR10/RCSFuelTankR10/rcsTankMini
[LOG 15:10:51.431] Config(PART) Squad/Parts/FuelTank/RCSFuelTankR25/RCSFuelTankR25/RCSFuelTank
[LOG 15:10:51.431] Config(PART) Squad/Parts/FuelTank/RCSTankRadial/radialRCSTank/radialRCSTank
[LOG 15:10:51.431] Config(PART) Squad/Parts/FuelTank/RCStankRadialLong/RCSTankRadialLong/rcsTankRadialLong
[LOG 15:10:51.431] Config(PART) Squad/Parts/FuelTank/RockomaxTanks/Rockomax16/Rockomax16_BW
[LOG 15:10:51.431] Config(PART) Squad/Parts/FuelTank/RockomaxTanks/Rockomax32/Rockomax32_BW
[LOG 15:10:51.432] Config(PART) Squad/Parts/FuelTank/RockomaxTanks/Rockomax64/Rockomax64_BW
[LOG 15:10:51.432] Config(PART) Squad/Parts/FuelTank/RockomaxTanks/Rockomax8/Rockomax8BW
[LOG 15:10:51.432] Config(PART) Squad/Parts/FuelTank/Size1_Tanks/fuelTankT100/fuelTankSmallFlat
[LOG 15:10:51.432] Config(PART) Squad/Parts/FuelTank/Size1_Tanks/fuelTankT200/fuelTankSmall
[LOG 15:10:51.432] Config(PART) Squad/Parts/FuelTank/Size1_Tanks/fuelTankT400/fuelTank
[LOG 15:10:51.432] Config(PART) Squad/Parts/FuelTank/Size1_Tanks/fuelTankT800/fuelTank_long
[LOG 15:10:51.432] Config(PART) Squad/Parts/FuelTank/Size3Tanks/large/Size3LargeTank
[LOG 15:10:51.432] Config(PART) Squad/Parts/FuelTank/Size3Tanks/medium/Size3MediumTank
[LOG 15:10:51.432] Config(PART) Squad/Parts/FuelTank/Size3Tanks/small/Size3SmallTank
[LOG 15:10:51.432] Config(PART) Squad/Parts/FuelTank/xenonTank/xenonTank/xenonTank
[LOG 15:10:51.432] Config(PART) Squad/Parts/FuelTank/xenonTankLarge/xenonTankLarge/xenonTankLarge
[LOG 15:10:51.432] Config(PART) Squad/Parts/FuelTank/xenonTankRadial/xenonTankRadial/xenonTankRadial
[LOG 15:10:51.432] Config(PART) Squad/Parts/Misc/AsteroidDay/CamSat/InfraredTelescope
[LOG 15:10:51.432] Config(PART) Squad/Parts/Misc/AsteroidDay/HECS2/HECS2_ProbeCore
[LOG 15:10:51.432] Config(PART) Squad/Parts/Misc/AsteroidDay/HighGainAntenna/HighGainAntenna
[LOG 15:10:51.432] Config(PART) Squad/Parts/Misc/AsteroidDay/LgRadialSolar/LgRadialSolarPanel
[LOG 15:10:51.432] Config(PART) Squad/Parts/Misc/PotatoComet/part/PotatoComet
[LOG 15:10:51.432] Config(PART) Squad/Parts/Misc/PotatoRoid/part/PotatoRoid
[LOG 15:10:51.432] Config(PART) Squad/Parts/Prebuilt/flag/flag
[LOG 15:10:51.432] Config(PART) Squad/Parts/Prebuilt/kerbalEVA/kerbalEVA
[LOG 15:10:51.432] Config(PART) Squad/Parts/Prebuilt/kerbalEVAfemale/kerbalEVAfemale
[LOG 15:10:51.432] Config(PART) Squad/Parts/Prebuilt/kerbalEVASlimSuit/kerbalEVASlimSuit
[LOG 15:10:51.432] Config(PART) Squad/Parts/Prebuilt/kerbalEVASlimSuitFemale/kerbalEVASlimSuitFemale
[LOG 15:10:51.432] Config(PART) Squad/Parts/Resources/FuelCell/FuelCell/FuelCell
[LOG 15:10:51.432] Config(PART) Squad/Parts/Resources/FuelCell/FuelCellArray/FuelCellArray
[LOG 15:10:51.432] Config(PART) Squad/Parts/Resources/ISRU/ISRU/ISRU
[LOG 15:10:51.432] Config(PART) Squad/Parts/Resources/LargeTank/LargeTank/LargeTank
[LOG 15:10:51.433] Config(PART) Squad/Parts/Resources/MiniDrill/MiniDrill/MiniDrill
[LOG 15:10:51.433] Config(PART) Squad/Parts/Resources/MiniISRU/MiniISRU/MiniISRU
[LOG 15:10:51.433] Config(PART) Squad/Parts/Resources/OrbitalScanner/OrbitalScanner/OrbitalScanner
[LOG 15:10:51.433] Config(PART) Squad/Parts/Resources/RadialDrill/RadialDrill/RadialDrill
[LOG 15:10:51.433] Config(PART) Squad/Parts/Resources/RadialTank/RadialTank/RadialOreTank
[LOG 15:10:51.433] Config(PART) Squad/Parts/Resources/SmallTank/SmallTank/SmallTank
[LOG 15:10:51.433] Config(PART) Squad/Parts/Resources/SurfaceScanner/SurfaceScanner/SurfaceScanner
[LOG 15:10:51.433] Config(PART) Squad/Parts/Resources/SurveyScanner/SurveyScanner/SurveyScanner
[LOG 15:10:51.433] Config(PART) Squad/Parts/Science/AtmosphereSensor/sensorAtmosphere/sensorAtmosphere
[LOG 15:10:51.433] Config(PART) Squad/Parts/Science/GooExperiment/gooExperiment/GooExperiment
[LOG 15:10:51.433] Config(PART) Squad/Parts/Science/LargeCrewedLab/largeCrewedLab/Large_Crewed_Lab
[LOG 15:10:51.433] Config(PART) Squad/Parts/Science/Magnetometer/Magnetometer/Magnetometer
[LOG 15:10:51.433] Config(PART) Squad/Parts/Science/MaterialBay/materialBay/science_module
[LOG 15:10:51.433] Config(PART) Squad/Parts/Science/ScienceBox/ScienceBox/ScienceBox
[LOG 15:10:51.433] Config(PART) Squad/Parts/Science/sensorAccelerometer/sensorAccelerometer/sensorAccelerometer
[LOG 15:10:51.433] Config(PART) Squad/Parts/Science/sensorBarometer/sensorBarometer/sensorBarometer
[LOG 15:10:51.433] Config(PART) Squad/Parts/Science/sensorGravimeter/sensorGravimeter/sensorGravimeter
[LOG 15:10:51.433] Config(PART) Squad/Parts/Science/sensorThermometer/sensorThermometer/sensorThermometer
[LOG 15:10:51.433] Config(PART) Squad/Parts/Structural/FLAdapters/adapterSmallMiniShort/adapterSmallMiniShort
[LOG 15:10:51.433] Config(PART) Squad/Parts/Structural/FLAdapters/adapterSmallMiniTall/adapterSmallMiniTall
[LOG 15:10:51.433] Config(PART) Squad/Parts/Structural/mk1Parts/engineBodyRadial/radialEngineBody
[LOG 15:10:51.433] Config(PART) Squad/Parts/Structural/mk1Parts/engineNacelle/nacelleBody
[LOG 15:10:51.433] Config(PART) Squad/Parts/Structural/mk1Parts/mk1Fuselage/MK1Fuselage
[LOG 15:10:51.433] Config(PART) Squad/Parts/Structural/mk1Parts/mk1FuselageIntake/MK1IntakeFuselage
[LOG 15:10:51.433] Config(PART) Squad/Parts/Structural/mk1Parts/mk1Structural/Mk1FuselageStructural
[LOG 15:10:51.433] Config(PART) Squad/Parts/Structural/Size3To2Adapter_v2/Size2to3_v2/Size3To2Adapter_v2
[LOG 15:10:51.434] Config(PART) Squad/Parts/Structural/stackAdapters/adapterLargeSmallBi/adapterLargeSmallBi
[LOG 15:10:51.434] Config(PART) Squad/Parts/Structural/stackAdapters/adapterLargeSmallQuad/adapterLargeSmallQuad
[LOG 15:10:51.434] Config(PART) Squad/Parts/Structural/stackAdapters/adapterLargeSmallTri/adapterLargeSmallTri
[LOG 15:10:51.434] Config(PART) Squad/Parts/Structural/stationHub/stationHub/stationHub
[LOG 15:10:51.434] Config(PART) Squad/Parts/Structural/structuralIBeam200/structuralIBeam200/structuralIBeam2
[LOG 15:10:51.434] Config(PART) Squad/Parts/Structural/structuralIBeam200Pocket/structuralIBeam200Pocket/structuralIBeam3
[LOG 15:10:51.434] Config(PART) Squad/Parts/Structural/structuralIBeam650/structuralIBeam650/structuralIBeam1
[LOG 15:10:51.434] Config(PART) Squad/Parts/Structural/structuralMicronode/structuralMicronode/structuralMiniNode
[LOG 15:10:51.434] Config(PART) Squad/Parts/Structural/structuralPanel1x1/structuralPanel1x1/structuralPanel1
[LOG 15:10:51.434] Config(PART) Squad/Parts/Structural/structuralPanel2x2/structuralPanel2x2/structuralPanel2
[LOG 15:10:51.434] Config(PART) Squad/Parts/Structural/structuralPylons/smallHardpoint/smallHardpoint
[LOG 15:10:51.434] Config(PART) Squad/Parts/Structural/structuralPylons/structuralPylon/structuralPylon
[LOG 15:10:51.434] Config(PART) Squad/Parts/Structural/strutCubicOcto/strutCubicOcto/strutCube
[LOG 15:10:51.434] Config(PART) Squad/Parts/Structural/strutOcto/strutOcto/strutOcto
[LOG 15:10:51.434] Config(PART) Squad/Parts/Structural/trussGirderAdapter/trussGirderAdapter/trussAdapter
[LOG 15:10:51.434] Config(PART) Squad/Parts/Structural/trussGirderL/trussGirderL/trussPiece1x
[LOG 15:10:51.434] Config(PART) Squad/Parts/Structural/trussGirderXL/trussGirderXL/trussPiece3x
[LOG 15:10:51.434] Config(PART) Squad/Parts/Thermal/FoldingRadiators/foldingRadLarge/foldingRadLarge
[LOG 15:10:51.434] Config(PART) Squad/Parts/Thermal/FoldingRadiators/foldingRadMed/foldingRadMed
[LOG 15:10:51.434] Config(PART) Squad/Parts/Thermal/FoldingRadiators/foldingRadSmall/foldingRadSmall
[LOG 15:10:51.435] Config(PART) Squad/Parts/Thermal/RadiatorPanels/radPanelEdge/radPanelEdge
[LOG 15:10:51.435] Config(PART) Squad/Parts/Thermal/RadiatorPanels/radPanelLg/radPanelLg
[LOG 15:10:51.435] Config(PART) Squad/Parts/Thermal/RadiatorPanels/radPanelSm/radPanelSm
[LOG 15:10:51.435] Config(PART) Squad/Parts/Utility/commDish88-88/commDish88-88/commDish
[LOG 15:10:51.435] Config(PART) Squad/Parts/Utility/commsAntennaDTS-M1/commsAntennaDTS-M1/mediumDishAntenna
[LOG 15:10:51.435] Config(PART) Squad/Parts/Utility/commsDish16/commsAntenna16/longAntenna
[LOG 15:10:51.435] Config(PART) Squad/Parts/Utility/decouplerRadialHDM/decouplerRadialHDM/radialDecoupler1-2
[LOG 15:10:51.435] Config(PART) Squad/Parts/Utility/decouplerRadialTT-38K/decouplerRadialTT-38K/radialDecoupler
[LOG 15:10:51.435] Config(PART) Squad/Parts/Utility/decouplerRadialTT-70/decouplerRadialTT-70/radialDecoupler2
[LOG 15:10:51.435] Config(PART) Squad/Parts/Utility/DirectAntennas/C16S/SurfAntenna
[LOG 15:10:51.435] Config(PART) Squad/Parts/Utility/DirectAntennas/HG-5/HighGainAntenna5
[LOG 15:10:51.435] Config(PART) Squad/Parts/Utility/DirectAntennas/HG-5_v2/HighGainAntenna5_v2
[LOG 15:10:51.435] Config(PART) Squad/Parts/Utility/dockingPort/dockingPort/dockingPort2
[LOG 15:10:51.435] Config(PART) Squad/Parts/Utility/dockingPortInline/dockingPortInline/dockingPortLateral
[LOG 15:10:51.435] Config(PART) Squad/Parts/Utility/dockingPortJr/dockingPortJr/dockingPort3
[LOG 15:10:51.435] Config(PART) Squad/Parts/Utility/dockingPortShielded/dockingPortShielded/dockingPort1
[LOG 15:10:51.435] Config(PART) Squad/Parts/Utility/dockingPortSr/dockingPortSr/dockingPortLarge
[LOG 15:10:51.435] Config(PART) Squad/Parts/Utility/Fireworks/fireworksLauncherBig/fireworksLauncherBig
[LOG 15:10:51.435] Config(PART) Squad/Parts/Utility/Fireworks/fireworksLauncherSmall/fireworksLauncherSmall
[LOG 15:10:51.435] Config(PART) Squad/Parts/Utility/flags/flagFlat/flagFlat/flagPartFlat
[LOG 15:10:51.435] Config(PART) Squad/Parts/Utility/flags/flagSize0/flagSize0/flagPartSize0
[LOG 15:10:51.435] Config(PART) Squad/Parts/Utility/flags/flagSize1/flagSize1/flagPartSize1
[LOG 15:10:51.435] Config(PART) Squad/Parts/Utility/flags/flagSize2/flagSize2/flagPartSize2
[LOG 15:10:51.435] Config(PART) Squad/Parts/Utility/flags/flagSize3/flagSize3/flagPartSize3
[LOG 15:10:51.435] Config(PART) Squad/Parts/Utility/GrapplingDevice/part/GrapplingDevice
[LOG 15:10:51.435] Config(PART) Squad/Parts/Utility/ladderRadial/ladderRadial/ladder1
[LOG 15:10:51.436] Config(PART) Squad/Parts/Utility/ladderTelescopic/ladderTelescopic/telescopicLadder
[LOG 15:10:51.436] Config(PART) Squad/Parts/Utility/ladderTelescopicBay/ladderTelescopicBay/telescopicLadderBay
[LOG 15:10:51.436] Config(PART) Squad/Parts/Utility/landingLegLT-1/landingLegLT-1/landingLeg1
[LOG 15:10:51.436] Config(PART) Squad/Parts/Utility/landingLegLT-2/landingLegLT-2/landingLeg1-2
[LOG 15:10:51.436] Config(PART) Squad/Parts/Utility/landingLegLT-5/landingLegLT-5/miniLandingLeg
[LOG 15:10:51.436] Config(PART) Squad/Parts/Utility/launchClamp1/launchClamp1/launchClamp1
[LOG 15:10:51.436] Config(PART) Squad/Parts/Utility/launchEscapeSystem/part/LaunchEscapeSystem
[LOG 15:10:51.436] Config(PART) Squad/Parts/Utility/Lights/domeLight1/domeLight1
[LOG 15:10:51.436] Config(PART) Squad/Parts/Utility/Lights/groundLight1/groundLight1
[LOG 15:10:51.436] Config(PART) Squad/Parts/Utility/Lights/groundLight2/groundLight2
[LOG 15:10:51.436] Config(PART) Squad/Parts/Utility/Lights/navLight1/navLight1
[LOG 15:10:51.436] Config(PART) Squad/Parts/Utility/Lights/spotLight1/spotLight3
[LOG 15:10:51.436] Config(PART) Squad/Parts/Utility/Lights/stripLight1/stripLight1
[LOG 15:10:51.436] Config(PART) Squad/Parts/Utility/linearVernorRCS/linearRCS/linearRcs
[LOG 15:10:51.436] Config(PART) Squad/Parts/Utility/linearVernorRCS/vernorEngine/vernierEngine
[LOG 15:10:51.436] Config(PART) Squad/Parts/Utility/mk2CargoBay/BayL/mk2CargoBayL
[LOG 15:10:51.436] Config(PART) Squad/Parts/Utility/mk2CargoBay/BayS/mk2CargoBayS
[LOG 15:10:51.436] Config(PART) Squad/Parts/Utility/mk2CrewCabin/mk2CrewCabin/mk2CrewCabin
[LOG 15:10:51.436] Config(PART) Squad/Parts/Utility/mk2DockingPort/mk2DockingPort/mk2DockingPort
[LOG 15:10:51.436] Config(PART) Squad/Parts/Utility/mk3CargoBay/long/mk3CargoBayL
[LOG 15:10:51.436] Config(PART) Squad/Parts/Utility/mk3CargoBay/medium/mk3CargoBayM
[LOG 15:10:51.436] Config(PART) Squad/Parts/Utility/mk3CargoBay/ramp/mk3CargoRamp
[LOG 15:10:51.436] Config(PART) Squad/Parts/Utility/mk3CargoBay/short/mk3CargoBayS
[LOG 15:10:51.436] Config(PART) Squad/Parts/Utility/parachuteMk1/parachuteMk1/parachuteSingle
[LOG 15:10:51.436] Config(PART) Squad/Parts/Utility/parachuteMk12-R/parachuteMk12-R/radialDrogue
[LOG 15:10:51.436] Config(PART) Squad/Parts/Utility/parachuteMk16-XL/parachuteMk16-XL/parachuteLarge
[LOG 15:10:51.437] Config(PART) Squad/Parts/Utility/parachuteMk2-R/parachuteMk2-R/parachuteRadial
[LOG 15:10:51.437] Config(PART) Squad/Parts/Utility/parachuteMk25/parachuteMk25/parachuteDrogue
[LOG 15:10:51.437] Config(PART) Squad/Parts/Utility/radialAttachmentPoint/radialAttachmentPoint/stackPoint1
[LOG 15:10:51.437] Config(PART) Squad/Parts/Utility/rcsBlockRV-105_v2/rcsBlockRV-105/RCSBlock_v2
[LOG 15:10:51.437] Config(PART) Squad/Parts/Utility/rcsBlockRV-105_v2/RCSblock_01_small/RCSblock_01_small
[LOG 15:10:51.437] Config(PART) Squad/Parts/Utility/rcsSmallLinear/RCSLinearSmall/RCSLinearSmall
[LOG 15:10:51.437] Config(PART) Squad/Parts/Utility/RelayAntennas/RA-100/RelayAntenna100
[LOG 15:10:51.437] Config(PART) Squad/Parts/Utility/RelayAntennas/RA-5/RelayAntenna5
[LOG 15:10:51.437] Config(PART) Squad/Parts/Utility/RelayAntennas/RA-50/RelayAntenna50
[LOG 15:10:51.437] Config(PART) Squad/Parts/Utility/rockomaxAdapters/largeAdapter/largeAdapter
[LOG 15:10:51.437] Config(PART) Squad/Parts/Utility/rockomaxAdapters/largeAdapterShort/largeAdapter2
[LOG 15:10:51.437] Config(PART) Squad/Parts/Utility/ServiceBay_v2/ServiceBay_125_v2/ServiceBay_125_v2
[LOG 15:10:51.437] Config(PART) Squad/Parts/Utility/ServiceBay_v2/ServiceBay_250_v2/ServiceBay_250_v2
[LOG 15:10:51.437] Config(PART) Squad/Parts/Utility/smallClaw/smallClaw/smallClaw
[LOG 15:10:51.437] Config(PART) Squad/Parts/Utility/spotLightMk1/spotLightMk1/spotLight1
[LOG 15:10:51.437] Config(PART) Squad/Parts/Utility/spotLightMk1_v2/spotLightMk1_v2/spotLight1_v2
[LOG 15:10:51.437] Config(PART) Squad/Parts/Utility/spotLightMk2/spotLightMk2/spotLight2
[LOG 15:10:51.437] Config(PART) Squad/Parts/Utility/spotLightMk2_v2/spotLightMk2_v2/spotLight2_v2
[LOG 15:10:51.437] Config(PART) Squad/Parts/Utility/stackCouplers/stackBiCoupler_v2/stackBiCoupler_v2
[LOG 15:10:51.437] Config(PART) Squad/Parts/Utility/stackCouplers/stackQuadCoupler/stackQuadCoupler
[LOG 15:10:51.437] Config(PART) Squad/Parts/Utility/stackCouplers/stackTriCoupler_v2/stackTriCoupler_v2
[LOG 15:10:51.437] Config(PART) Squad/Parts/Wheel/LandingGear/GearExtraLarge/GearLarge
[LOG 15:10:51.437] Config(PART) Squad/Parts/Wheel/LandingGear/GearFixed/GearFixed
[LOG 15:10:51.437] Config(PART) Squad/Parts/Wheel/LandingGear/GearFree/GearFree
[LOG 15:10:51.437] Config(PART) Squad/Parts/Wheel/LandingGear/GearLarge/GearMedium
[LOG 15:10:51.437] Config(PART) Squad/Parts/Wheel/LandingGear/GearMedium/GearSmall
[LOG 15:10:51.438] Config(PART) Squad/Parts/Wheel/LandingGear/GearSmall/SmallGearBay
[LOG 15:10:51.438] Config(PART) Squad/Parts/Wheel/roverWheelM1/roverWheelM1/roverWheel1
[LOG 15:10:51.438] Config(PART) Squad/Parts/Wheel/roverWheelS2/roverWheelS2/roverWheel2
[LOG 15:10:51.438] Config(PART) Squad/Parts/Wheel/roverWheelTR-2L/roverWheelTR-2L/wheelMed
[LOG 15:10:51.438] Config(PART) Squad/Parts/Wheel/roverWheelXL3/roverWheelXL3/roverWheel3
[LOG 15:10:51.438] Config(PROP) Squad/Props/AltimeterThreeHands/prop/AltimeterThreeHands
[LOG 15:10:51.438] Config(PROP) Squad/Props/AtmosphereDepth/prop/AtmosphereDepth
[LOG 15:10:51.438] Config(PROP) Squad/Props/AxisIndicator/pitchConfig/AxisIndicatorPitch
[LOG 15:10:51.438] Config(PROP) Squad/Props/AxisIndicator/rollConfig/AxisIndicatorRoll
[LOG 15:10:51.438] Config(PROP) Squad/Props/AxisIndicator/yawConfig/AxisIndicatorYaw
[LOG 15:10:51.438] Config(PROP) Squad/Props/buttonsGeneric/circularButton/genericCircularButton
[LOG 15:10:51.438] Config(PROP) Squad/Props/buttonsGeneric/clusterButtons/genericClusterButtons
[LOG 15:10:51.438] Config(PROP) Squad/Props/buttonsGeneric/clusterButtons2/genericClusterButtons2
[LOG 15:10:51.438] Config(PROP) Squad/Props/buttonsGeneric/clusterKnob/genericClusterKnobs
[LOG 15:10:51.438] Config(PROP) Squad/Props/buttonsGeneric/clusterKnob2/genericClusterKnobs2
[LOG 15:10:51.438] Config(PROP) Squad/Props/buttonsGeneric/clusterMixed/genericClusterMixed
[LOG 15:10:51.438] Config(PROP) Squad/Props/buttonsGeneric/clusterSwitches01/genericClusterSwitches01
[LOG 15:10:51.438] Config(PROP) Squad/Props/buttonsGeneric/clusterSwitches02/genericClusterSwitches02
[LOG 15:10:51.438] Config(PROP) Squad/Props/buttonsGeneric/clusterSwitches03/genericClusterSwitches03
[LOG 15:10:51.438] Config(PROP) Squad/Props/buttonsGeneric/clusterSwitches04/genericClusterSwitches04
[LOG 15:10:51.438] Config(PROP) Squad/Props/buttonsGeneric/clusterSwitches05/genericClusterSwitches05
[LOG 15:10:51.438] Config(PROP) Squad/Props/buttonsGeneric/clusterSwitches06/genericClusterSwitches06
[LOG 15:10:51.438] Config(PROP) Squad/Props/buttonsGeneric/clusterSwitches07/genericClusterSwitches07
[LOG 15:10:51.438] Config(PROP) Squad/Props/buttonsGeneric/directionalKnob/genericDirectionalKnob
[LOG 15:10:51.438] Config(PROP) Squad/Props/buttonsGeneric/directionalKnob2/genericDirectionalKnob2
[LOG 15:10:51.438] Config(PROP) Squad/Props/buttonsGeneric/pullSwitch/genericPullSwitch
[LOG 15:10:51.438] Config(PROP) Squad/Props/buttonsGeneric/squareButton/genericSquareButton
[LOG 15:10:51.438] Config(PROP) Squad/Props/buttonsGeneric/standingSwitch/genericStandingSwitch
[LOG 15:10:51.438] Config(PROP) Squad/Props/buttonsGeneric/switch/genericSwitch
[LOG 15:10:51.439] Config(PROP) Squad/Props/buttonsGeneric/switchWithGuards/genericSwitchWithGuards
[LOG 15:10:51.439] Config(PROP) Squad/Props/ButtonSquare/prop/ButtonSquare
[LOG 15:10:51.439] Config(PROP) Squad/Props/circularButton/prop/circularButton
[LOG 15:10:51.439] Config(PROP) Squad/Props/Compass/prop/Compass
[LOG 15:10:51.439] Config(PROP) Squad/Props/directionalKnob/prop/directionalKnob
[LOG 15:10:51.439] Config(PROP) Squad/Props/directionalKnob2/prop/directionalKnob2
[LOG 15:10:51.439] Config(PROP) Squad/Props/IndicatorPanel/prop/IndicatorPanel
[LOG 15:10:51.439] Config(PROP) Squad/Props/IVANavBall/prop/NavBall
[LOG 15:10:51.439] Config(PROP) Squad/Props/IVANavBallNoBase/prop/NavBallNoBase
[LOG 15:10:51.439] Config(PROP) Squad/Props/ledPanelSpeed/prop/ledPanelSpeed
[LOG 15:10:51.439] Config(PROP) Squad/Props/Monitor/DockingMode/MonitorDockingMode
[LOG 15:10:51.439] Config(PROP) Squad/Props/NavBall/prop/NavBall
[LOG 15:10:51.439] Config(PROP) Squad/Props/PropsGeneric/Button_DockingMode/Button_DockingMode
[LOG 15:10:51.439] Config(PROP) Squad/Props/PropsGeneric/CargoBagA/CargoBagA
[LOG 15:10:51.439] Config(PROP) Squad/Props/PropsGeneric/CargoBagB/CargoBagB
[LOG 15:10:51.439] Config(PROP) Squad/Props/PropsGeneric/CargoBagC/CargoBagC
[LOG 15:10:51.439] Config(PROP) Squad/Props/PropsGeneric/Hatch_Plane/Hatch_Plane
[LOG 15:10:51.439] Config(PROP) Squad/Props/PropsGeneric/Hatch_Plane_Curve90/Hatch_Plane_Curve90
[LOG 15:10:51.439] Config(PROP) Squad/Props/PropsGeneric/Hatch_Plane_Frame/Hatch_Plane_Frame
[LOG 15:10:51.439] Config(PROP) Squad/Props/PropsGeneric/Seat_Passenger/Seat_Passenger
[LOG 15:10:51.439] Config(PROP) Squad/Props/PropsGeneric/Seat_Pilot/Seat_Pilot
[LOG 15:10:51.439] Config(PROP) Squad/Props/PropsGeneric/Seat_Pilot_Helmet/Seat_Pilot_Helmet
[LOG 15:10:51.439] Config(PROP) Squad/Props/PropsGeneric/SideStick/SideStick
[LOG 15:10:51.439] Config(PROP) Squad/Props/pullSwitch/prop/pullSwitch
[LOG 15:10:51.439] Config(PROP) Squad/Props/radarAltitude/prop/RadarAltimeter
[LOG 15:10:51.439] Config(PROP) Squad/Props/squareButton/prop/squareButton
[LOG 15:10:51.439] Config(PROP) Squad/Props/standingSwitch/prop/standingSwitch
[LOG 15:10:51.439] Config(PROP) Squad/Props/switch/prop/switch
[LOG 15:10:51.440] Config(PROP) Squad/Props/switchGuard/prop/switchGuard
[LOG 15:10:51.440] Config(PROP) Squad/Props/switchWithGuards/prop/switchWithGuards
[LOG 15:10:51.440] Config(PROP) Squad/Props/throttle/prop/throttle
[LOG 15:10:51.440] Config(PROP) Squad/Props/VSI/prop/VSI
[LOG 15:10:51.440] Config(SPACEOBJECTS_LIMITS) Squad/Resources/CometDefs/SPACEOBJECTS_LIMITS
[LOG 15:10:51.440] Config(COMET_MANAGER) Squad/Resources/CometDefs/COMET_MANAGER
[LOG 15:10:51.440] Config(COMET_ORBIT_TYPE) Squad/Resources/CometDefs/short
[LOG 15:10:51.440] Config(COMET_ORBIT_TYPE) Squad/Resources/CometDefs/intermediate
[LOG 15:10:51.440] Config(COMET_ORBIT_TYPE) Squad/Resources/CometDefs/long
[LOG 15:10:51.440] Config(COMET_ORBIT_TYPE) Squad/Resources/CometDefs/interstellar
[LOG 15:10:51.440] Config(FIREWORKFX_DEFINITION) Squad/Resources/FireworkFXDefinitions/classicTrail
[LOG 15:10:51.440] Config(FIREWORKFX_DEFINITION) Squad/Resources/FireworkFXDefinitions/whirlyTrail
[LOG 15:10:51.440] Config(FIREWORKFX_DEFINITION) Squad/Resources/FireworkFXDefinitions/strobeTrail
[LOG 15:10:51.440] Config(FIREWORKFX_DEFINITION) Squad/Resources/FireworkFXDefinitions/bareTrail
[LOG 15:10:51.440] Config(FIREWORKFX_DEFINITION) Squad/Resources/FireworkFXDefinitions/classicBurst
[LOG 15:10:51.440] Config(FIREWORKFX_DEFINITION) Squad/Resources/FireworkFXDefinitions/chrysBurst
[LOG 15:10:51.440] Config(FIREWORKFX_DEFINITION) Squad/Resources/FireworkFXDefinitions/palmBurst
[LOG 15:10:51.440] Config(FIREWORKFX_DEFINITION) Squad/Resources/FireworkFXDefinitions/ringBurst
[LOG 15:10:51.440] Config(FIREWORKFX_DEFINITION) Squad/Resources/FireworkFXDefinitions/crosetteBurst
[LOG 15:10:51.440] Config(FIREWORKFX_DEFINITION) Squad/Resources/FireworkFXDefinitions/willowBurst
[LOG 15:10:51.440] Config(FIREWORKFX_DEFINITION) Squad/Resources/FireworkFXDefinitions/crackeBurst
[LOG 15:10:51.440] Config(FIREWORKFX_DEFINITION) Squad/Resources/FireworkFXDefinitions/palmCrackleBurst
[LOG 15:10:51.440] Config(FIREWORKFX_DEFINITION) Squad/Resources/FireworkFXDefinitions/dragonBurst
[LOG 15:10:51.440] Config(GLOBAL_RESOURCE) Squad/Resources/Ore/GLOBAL_RESOURCE
[LOG 15:10:51.440] Config(PLANETARY_RESOURCE) Squad/Resources/Ore/PLANETARY_RESOURCE
[LOG 15:10:51.440] Config(PLANETARY_RESOURCE) Squad/Resources/Ore/PLANETARY_RESOURCE
[LOG 15:10:51.440] Config(RESOURCE_OVERLAY_CONFIGURATION_SOLID) Squad/Resources/Overlay/RESOURCE_OVERLAY_CONFIGURATION_SOLID
[LOG 15:10:51.440] Config(RESOURCE_OVERLAY_CONFIGURATION_LINES) Squad/Resources/Overlay/RESOURCE_OVERLAY_CONFIGURATION_LINES
[LOG 15:10:51.440] Config(RESOURCE_OVERLAY_CONFIGURATION_DOTS) Squad/Resources/Overlay/RESOURCE_OVERLAY_CONFIGURATION_DOTS
[LOG 15:10:51.440] Config(RESOURCE_CONFIGURATION) Squad/Resources/ResourceDefaults/RESOURCE_CONFIGURATION
[LOG 15:10:51.441] Config(RESOURCE_DEFINITION) Squad/Resources/ResourcesGeneric/LiquidFuel
[LOG 15:10:51.441] Config(RESOURCE_DEFINITION) Squad/Resources/ResourcesGeneric/Oxidizer
[LOG 15:10:51.441] Config(RESOURCE_DEFINITION) Squad/Resources/ResourcesGeneric/SolidFuel
[LOG 15:10:51.441] Config(RESOURCE_DEFINITION) Squad/Resources/ResourcesGeneric/MonoPropellant
[LOG 15:10:51.441] Config(RESOURCE_DEFINITION) Squad/Resources/ResourcesGeneric/XenonGas
[LOG 15:10:51.441] Config(RESOURCE_DEFINITION) Squad/Resources/ResourcesGeneric/ElectricCharge
[LOG 15:10:51.441] Config(RESOURCE_DEFINITION) Squad/Resources/ResourcesGeneric/IntakeAir
[LOG 15:10:51.441] Config(RESOURCE_DEFINITION) Squad/Resources/ResourcesGeneric/EVA Propellant
[LOG 15:10:51.441] Config(RESOURCE_DEFINITION) Squad/Resources/ResourcesGeneric/Ore
[LOG 15:10:51.441] Config(RESOURCE_DEFINITION) Squad/Resources/ResourcesGeneric/Ablator
[LOG 15:10:51.441] Config(EXPERIMENT_DEFINITION) Squad/Resources/ScienceDefs/EXPERIMENT_DEFINITION
[LOG 15:10:51.441] Config(EXPERIMENT_DEFINITION) Squad/Resources/ScienceDefs/EXPERIMENT_DEFINITION
[LOG 15:10:51.441] Config(EXPERIMENT_DEFINITION) Squad/Resources/ScienceDefs/EXPERIMENT_DEFINITION
[LOG 15:10:51.441] Config(EXPERIMENT_DEFINITION) Squad/Resources/ScienceDefs/EXPERIMENT_DEFINITION
[LOG 15:10:51.441] Config(EXPERIMENT_DEFINITION) Squad/Resources/ScienceDefs/EXPERIMENT_DEFINITION
[LOG 15:10:51.441] Config(EXPERIMENT_DEFINITION) Squad/Resources/ScienceDefs/EXPERIMENT_DEFINITION
[LOG 15:10:51.441] Config(EXPERIMENT_DEFINITION) Squad/Resources/ScienceDefs/EXPERIMENT_DEFINITION
[LOG 15:10:51.441] Config(EXPERIMENT_DEFINITION) Squad/Resources/ScienceDefs/EXPERIMENT_DEFINITION
[LOG 15:10:51.441] Config(EXPERIMENT_DEFINITION) Squad/Resources/ScienceDefs/EXPERIMENT_DEFINITION
[LOG 15:10:51.441] Config(EXPERIMENT_DEFINITION) Squad/Resources/ScienceDefs/EXPERIMENT_DEFINITION
[LOG 15:10:51.441] Config(EXPERIMENT_DEFINITION) Squad/Resources/ScienceDefs/EXPERIMENT_DEFINITION
[LOG 15:10:51.441] Config(EXPERIMENT_DEFINITION) Squad/Resources/ScienceDefs/EXPERIMENT_DEFINITION
[LOG 15:10:51.441] Config(EXPERIMENT_DEFINITION) Squad/Resources/ScienceDefs/EXPERIMENT_DEFINITION
[LOG 15:10:51.441] Config(EXPERIMENT_DEFINITION) Squad/Resources/ScienceDefs/EXPERIMENT_DEFINITION
[LOG 15:10:51.441] Config(EXPERIMENT_DEFINITION) Squad/Resources/ScienceDefs/EXPERIMENT_DEFINITION
[LOG 15:10:51.441] Config(EXPERIMENT_DEFINITION) Squad/Resources/ScienceDefs/EXPERIMENT_DEFINITION
[LOG 15:10:51.441] Config(EXPERIMENT_DEFINITION) Squad/Resources/ScienceDefs/EXPERIMENT_DEFINITION
[LOG 15:10:51.441] Config(EXPERIMENT_DEFINITION) Squad/Resources/ScienceDefs/EXPERIMENT_DEFINITION
[LOG 15:10:51.442] Config(STORY_DEF) Squad/Resources/StoryDefs/STORY_DEF
[LOG 15:10:51.442] Config(TechTree) Squad/Resources/TechTree/TechTree
[LOG 15:10:51.442] Config(INTERNAL) Squad/Spaces/crewCabinInternals/internal/crewCabinInternals
[LOG 15:10:51.442] Config(INTERNAL) Squad/Spaces/cupolaInternal/internal/cupolaInternal
[LOG 15:10:51.442] Config(INTERNAL) Squad/Spaces/GenericSpace1/internal/GenericSpace1
[LOG 15:10:51.442] Config(INTERNAL) Squad/Spaces/GenericSpace3/internal/GenericSpace3
[LOG 15:10:51.442] Config(INTERNAL) Squad/Spaces/landerCabinInternals/internal/landerCabinInternals
[LOG 15:10:51.442] Config(INTERNAL) Squad/Spaces/landerCabinSmallInternal/internal/landerCabinSmallInternal
[LOG 15:10:51.442] Config(INTERNAL) Squad/Spaces/LargeCrewedLabInternals/internal/Mobile_Processing_Lab_Int
[LOG 15:10:51.442] Config(INTERNAL) Squad/Spaces/Mk1-3/internal/Mk1-3
[LOG 15:10:51.442] Config(INTERNAL) Squad/Spaces/mk1CabinInternal/internal/mk1CabinInternal
[LOG 15:10:51.442] Config(INTERNAL) Squad/Spaces/mk1CockpitInternal/internal/mk1CockpitInternal
[LOG 15:10:51.442] Config(INTERNAL) Squad/Spaces/mk1InlineInternal/internal/mk1InlineInternal
[LOG 15:10:51.442] Config(INTERNAL) Squad/Spaces/mk1PodCockpit/internal/mk1PodCockpit
[LOG 15:10:51.442] Config(INTERNAL) Squad/Spaces/mk1pod_IVA/mk1pod_Internal/mk1pod_IVA
[LOG 15:10:51.442] Config(INTERNAL) Squad/Spaces/mk2CockpitStandardInternal/internal/mk2CockpitStandardInternals
[LOG 15:10:51.442] Config(INTERNAL) Squad/Spaces/Mk2CrewCabinInternal/internal_MK2_CrewCab/MK2_CrewCab_Int
[LOG 15:10:51.442] Config(INTERNAL) Squad/Spaces/mk2InlineInternal/internal/mk2InlineInternal
[LOG 15:10:51.442] Config(INTERNAL) Squad/Spaces/mk2LanderCanInternal/internal/mk2LanderCanInternal
[LOG 15:10:51.442] Config(INTERNAL) Squad/Spaces/MK3CockpitInternal/internal_MK3/MK3_Cockpit_Int
[LOG 15:10:51.442] Config(INTERNAL) Squad/Spaces/MK3_CrewCab_Int/internal_MK3_CrewCab/MK3_CrewCab_Int
[LOG 15:10:51.442] Config(INTERNAL) Squad/Spaces/Placeholder/internal/Placeholder
[LOG 15:10:51.442] Config(INTERNAL) Squad/Spaces/PodCockpit/internal/PodCockpit
[LOG 15:10:51.442] Config(STRATEGY_DEPARTMENT) Squad/Strategies/Departments/Finances
[LOG 15:10:51.443] Config(STRATEGY_DEPARTMENT) Squad/Strategies/Departments/Science
[LOG 15:10:51.443] Config(STRATEGY_DEPARTMENT) Squad/Strategies/Departments/Public Relations
[LOG 15:10:51.443] Config(STRATEGY_DEPARTMENT) Squad/Strategies/Departments/Operations
[LOG 15:10:51.443] Config(STRATEGY) Squad/Strategies/Strategies/AppreciationCampaignCfg
[LOG 15:10:51.443] Config(STRATEGY) Squad/Strategies/Strategies/FundraisingCampaignCfg
[LOG 15:10:51.443] Config(STRATEGY) Squad/Strategies/Strategies/OpenSourceTechProgramCfg
[LOG 15:10:51.443] Config(STRATEGY) Squad/Strategies/Strategies/UnpaidResearchProgramCfg
[LOG 15:10:51.443] Config(STRATEGY) Squad/Strategies/Strategies/OutsourcedResearchCfg
[LOG 15:10:51.443] Config(STRATEGY) Squad/Strategies/Strategies/PatentsLicensingCfg
[LOG 15:10:51.443] Config(STRATEGY) Squad/Strategies/Strategies/AgressiveNegotiations
[LOG 15:10:51.443] Config(STRATEGY) Squad/Strategies/Strategies/RecoveryTransponders
[LOG 15:10:51.443] Config(STRATEGY) Squad/Strategies/Strategies/BailoutGrant
[LOG 15:10:51.443] Config(STRATEGY) Squad/Strategies/Strategies/researchIPsellout
[LOG 15:10:51.443] Config(STRATEGY) Squad/Strategies/Strategies/LeadershipInitiative
[LOG 15:10:51.443] Config(TUTORIAL) Squad/Tutorials/FlightSuborbital/FlightSuborbital
[LOG 15:10:51.443] Config(TUTORIAL) Squad/Tutorials/FromMun/FromMun
[LOG 15:10:51.443] Config(TUTORIAL) Squad/Tutorials/GoForOrbit/GoForOrbit
[LOG 15:10:51.443] Config(MISSIONPACK) SquadExpansion/MakingHistory/Missions/MissionPacks/squad_MakingHistory
[LOG 15:10:51.443] Config(MISSIONPACK) SquadExpansion/MakingHistory/Missions/MissionPacks/squad_MakingHistory_Other
[LOG 15:10:51.443] Config(MISSIONPACK) SquadExpansion/MakingHistory/Missions/MissionPacks/squad_MakingHistory_Tutorial
[LOG 15:10:51.443] Config(MEBASICNODE) SquadExpansion/MakingHistory/Nodes/AccuracyLogic/TestAccuracyLogic
[LOG 15:10:51.443] Config(MEBASICNODE) SquadExpansion/MakingHistory/Nodes/ActionChancePartResourceLevels/ActionPartResourceAmount
[LOG 15:10:51.443] Config(MEBASICNODE) SquadExpansion/MakingHistory/Nodes/ActionExplode/ActionVesselExplode
[LOG 15:10:51.443] Config(MEBASICNODE) SquadExpansion/MakingHistory/Nodes/ActionMissionScore/MissionScore
[LOG 15:10:51.443] Config(MEBASICNODE) SquadExpansion/MakingHistory/Nodes/ActionModifierFunds/ModifyFunds
[LOG 15:10:51.443] Config(MEBASICNODE) SquadExpansion/MakingHistory/Nodes/ActionModifierScore/MissionScore
[LOG 15:10:51.443] Config(MEBASICNODE) SquadExpansion/MakingHistory/Nodes/ActionPartExplode/ActionPartExplode
[LOG 15:10:51.443] Config(MEBASICNODE) SquadExpansion/MakingHistory/Nodes/ActionPartResourceDrain/ActionPartResourceDrain
[LOG 15:10:51.444] Config(MEBASICNODE) SquadExpansion/MakingHistory/Nodes/ActionVesselActionGroup/ActionVesselActionGroup
[LOG 15:10:51.444] Config(MEBASICNODE) SquadExpansion/MakingHistory/Nodes/ActionVesselStage/ActionVesselStage
[LOG 15:10:51.444] Config(MEBASICNODE) SquadExpansion/MakingHistory/Nodes/CreateAsteroid/CreateAsteroid
[LOG 15:10:51.444] Config(MEBASICNODE) SquadExpansion/MakingHistory/Nodes/CreateComet/CreateComet
[LOG 15:10:51.444] Config(MEBASICNODE) SquadExpansion/MakingHistory/Nodes/CreateFlag/CreateFlag
[LOG 15:10:51.444] Config(MEBASICNODE) SquadExpansion/MakingHistory/Nodes/CreateLaunchSite/CreateLaunchSite
[LOG 15:10:51.444] Config(MEBASICNODE) SquadExpansion/MakingHistory/Nodes/CreateVessel/CreateVessel
[LOG 15:10:51.444] Config(MEBASICNODE) SquadExpansion/MakingHistory/Nodes/CrewAssignment/TestCrewAssignment
[LOG 15:10:51.444] Config(MEBASICNODE) SquadExpansion/MakingHistory/Nodes/Destroyed/Crashed
[LOG 15:10:51.444] Config(MEBASICNODE) SquadExpansion/MakingHistory/Nodes/DialogMessage/DialogMessage
[LOG 15:10:51.444] Config(MEBASICNODE) SquadExpansion/MakingHistory/Nodes/Distance/Distance
[LOG 15:10:51.444] Config(MEBASICNODE) SquadExpansion/MakingHistory/Nodes/EmptyFalse/EmptyFalse
[LOG 15:10:51.444] Config(MEBASICNODE) SquadExpansion/MakingHistory/Nodes/EmptyTrue/EmptyTrue
[LOG 15:10:51.444] Config(MEBASICNODE) SquadExpansion/MakingHistory/Nodes/EscapeSOI/SOILeft
[LOG 15:10:51.444] Config(MEBASICNODE) SquadExpansion/MakingHistory/Nodes/EVA/EVA
[LOG 15:10:51.444] Config(MEBASICNODE) SquadExpansion/MakingHistory/Nodes/Flying/Flying
[LOG 15:10:51.444] Config(MEBASICNODE) SquadExpansion/MakingHistory/Nodes/FundsRecovery/FundsRecovery
[LOG 15:10:51.444] Config(MEBASICNODE) SquadExpansion/MakingHistory/Nodes/KerbalBoarded/TestKerbalBoarded
[LOG 15:10:51.444] Config(MEBASICNODE) SquadExpansion/MakingHistory/Nodes/KerbalKilled/EVA
[LOG 15:10:51.444] Config(MEBASICNODE) SquadExpansion/MakingHistory/Nodes/KerbalRecovery/KerbalRecovery
[LOG 15:10:51.444] Config(MEBASICNODE) SquadExpansion/MakingHistory/Nodes/KerbalRescue/KerbalRescue
[LOG 15:10:51.444] Config(MEBASICNODE) SquadExpansion/MakingHistory/Nodes/Landed/Landed
[LOG 15:10:51.444] Config(MEBASICNODE) SquadExpansion/MakingHistory/Nodes/Message/Message
[LOG 15:10:51.444] Config(MEBASICNODE) SquadExpansion/MakingHistory/Nodes/MissionFunds/MissionFunds
[LOG 15:10:51.444] Config(MEBASICNODE) SquadExpansion/MakingHistory/Nodes/MissionScore/MissionScore
[LOG 15:10:51.444] Config(MEBASICNODE) SquadExpansion/MakingHistory/Nodes/Orbit/Orbit
[LOG 15:10:51.445] Config(MEBASICNODE) SquadExpansion/MakingHistory/Nodes/OrbitParams/OrbitParams
[LOG 15:10:51.445] Config(MEBASICNODE) SquadExpansion/MakingHistory/Nodes/PartDocking/TestPartDocking
[LOG 15:10:51.445] Config(MEBASICNODE) SquadExpansion/MakingHistory/Nodes/PartFailure/PartFailure
[LOG 15:10:51.445] Config(MEBASICNODE) SquadExpansion/MakingHistory/Nodes/PartGrapple/TestGrapple
[LOG 15:10:51.445] Config(MEBASICNODE) SquadExpansion/MakingHistory/Nodes/PartRepair/PartRepair
[LOG 15:10:51.445] Config(MEBASICNODE) SquadExpansion/MakingHistory/Nodes/PlaceKerbal/CreateKerbal
[LOG 15:10:51.445] Config(MEBASICNODE) SquadExpansion/MakingHistory/Nodes/PlantFlag/PlantFlag
[LOG 15:10:51.445] Config(MEBASICNODE) SquadExpansion/MakingHistory/Nodes/ReachSOI/ReachSOI
[LOG 15:10:51.445] Config(MEBASICNODE) SquadExpansion/MakingHistory/Nodes/Resource/ResourceAmount
[LOG 15:10:51.445] Config(MEBASICNODE) SquadExpansion/MakingHistory/Nodes/ResourceRecovery/TestResourcesRecovery
[LOG 15:10:51.445] Config(MEBASICNODE) SquadExpansion/MakingHistory/Nodes/ScienceExperiment/ScienceExperiment
[LOG 15:10:51.445] Config(MEBASICNODE) SquadExpansion/MakingHistory/Nodes/SetCamera/SetCamera
[LOG 15:10:51.445] Config(MEBASICNODE) SquadExpansion/MakingHistory/Nodes/SplashDown/SplashDown
[LOG 15:10:51.445] Config(MEBASICNODE) SquadExpansion/MakingHistory/Nodes/StageActivated/TestVesselStageActivated
[LOG 15:10:51.445] Config(MEBASICNODE) SquadExpansion/MakingHistory/Nodes/TakeKerbal/TestTakeKerbal
[LOG 15:10:51.445] Config(MEBASICNODE) SquadExpansion/MakingHistory/Nodes/TestFlyThrough/TestFlyThrough
[LOG 15:10:51.445] Config(MEBASICNODE) SquadExpansion/MakingHistory/Nodes/TestGoTo/TestGoTo
[LOG 15:10:51.445] Config(MEBASICNODE) SquadExpansion/MakingHistory/Nodes/TimeMET/TimeMET
[LOG 15:10:51.445] Config(MEBASICNODE) SquadExpansion/MakingHistory/Nodes/TimeOfMission/TimeOfMission
[LOG 15:10:51.445] Config(MEBASICNODE) SquadExpansion/MakingHistory/Nodes/TimeSinceNode/TestTimeSinceNode
[LOG 15:10:51.445] Config(MEBASICNODE) SquadExpansion/MakingHistory/Nodes/VesselActiveCount/TestVesselActiveCount
[LOG 15:10:51.445] Config(MEBASICNODE) SquadExpansion/MakingHistory/Nodes/VesselAltitudeGoal/VesselAltitudeGoal
[LOG 15:10:51.445] Config(MEBASICNODE) SquadExpansion/MakingHistory/Nodes/VesselCrewCount/VeselCrewCount
[LOG 15:10:51.445] Config(MEBASICNODE) SquadExpansion/MakingHistory/Nodes/VesselMassLogic/VesselMass
[LOG 15:10:51.445] Config(MEBASICNODE) SquadExpansion/MakingHistory/Nodes/VesselPartCount/PartCount
[LOG 15:10:51.445] Config(MEBASICNODE) SquadExpansion/MakingHistory/Nodes/VesselRecovery/TestVesselRecovery
[LOG 15:10:51.445] Config(MEBASICNODE) SquadExpansion/MakingHistory/Nodes/VesselStage/TestVesselStage
[LOG 15:10:51.445] Config(MEBASICNODE) SquadExpansion/MakingHistory/Nodes/VesselVelocity/VesselVelocity
[LOG 15:10:51.445] Config(PART) SquadExpansion/MakingHistory/Parts/Aero/protectiveRocketNoseMk16/rocketNoseCone_size4/rocketNoseConeSize4
[LOG 15:10:51.446] Config(PART) SquadExpansion/MakingHistory/Parts/Aero/protectiveRocketNoseMk5A/Size_1_5_Cone/Size_1_5_Cone
[LOG 15:10:51.446] Config(PART) SquadExpansion/MakingHistory/Parts/Coupling/Decoupler_1p5/Decoupler_1p5
[LOG 15:10:51.446] Config(PART) SquadExpansion/MakingHistory/Parts/Coupling/Decoupler_4/Decoupler_4
[LOG 15:10:51.446] Config(PART) SquadExpansion/MakingHistory/Parts/Coupling/EnginePlate_1p5/EnginePlate1p5
[LOG 15:10:51.446] Config(PART) SquadExpansion/MakingHistory/Parts/Coupling/EnginePlate_2/EnginePlate2
[LOG 15:10:51.446] Config(PART) SquadExpansion/MakingHistory/Parts/Coupling/EnginePlate_3/EnginePlate3
[LOG 15:10:51.446] Config(PART) SquadExpansion/MakingHistory/Parts/Coupling/EnginePlate_4/EnginePlate4
[LOG 15:10:51.446] Config(PART) SquadExpansion/MakingHistory/Parts/Coupling/EnginePlate_5/EnginePlate5
[LOG 15:10:51.446] Config(PART) SquadExpansion/MakingHistory/Parts/Coupling/InflatableAirlock/InflatableAirlock
[LOG 15:10:51.446] Config(PART) SquadExpansion/MakingHistory/Parts/Coupling/Separator_1p5/Separator_1p5
[LOG 15:10:51.446] Config(PART) SquadExpansion/MakingHistory/Parts/Coupling/Separator_4/Separator_4
[LOG 15:10:51.446] Config(PART) SquadExpansion/MakingHistory/Parts/Coupling/Size1p5_Strut_Decoupler/Size1p5_Strut_Decoupler
[LOG 15:10:51.446] Config(PART) SquadExpansion/MakingHistory/Parts/Engine/LiquidEngineKE-1/LiquidEngineKE-1
[LOG 15:10:51.446] Config(PART) SquadExpansion/MakingHistory/Parts/Engine/LiquidEngineLV-T91/LiquidEngineLV-T91
[LOG 15:10:51.446] Config(PART) SquadExpansion/MakingHistory/Parts/Engine/LiquidEngineLV-TX87/LiquidEngineLV-TX87
[LOG 15:10:51.446] Config(PART) SquadExpansion/MakingHistory/Parts/Engine/LiquidEngineRE-I2/LiquidEngineRE-I2
[LOG 15:10:51.446] Config(PART) SquadExpansion/MakingHistory/Parts/Engine/LiquidEngineRE-J10/LiquidEngineRE-J10
[LOG 15:10:51.446] Config(PART) SquadExpansion/MakingHistory/Parts/Engine/LiquidEngineRK-7/LiquidEngineRK-7
[LOG 15:10:51.446] Config(PART) SquadExpansion/MakingHistory/Parts/Engine/LiquidEngineRV-1/LiquidEngineRV-1
[LOG 15:10:51.446] Config(PART) SquadExpansion/MakingHistory/Parts/Engine/solidBoosterTHK/solidBoosterTHK/Pollux
[LOG 15:10:51.446] Config(PART) SquadExpansion/MakingHistory/Parts/FuelTank/MonoPropMini/monopropMiniSphere
[LOG 15:10:51.446] Config(PART) SquadExpansion/MakingHistory/Parts/FuelTank/Size1p5_Monoprop/Size1p5_Monoprop
[LOG 15:10:51.446] Config(PART) SquadExpansion/MakingHistory/Parts/FuelTank/Size1p5_Size0_Adapter_01/Size1p5_Size0_Adapter_01
[LOG 15:10:51.446] Config(PART) SquadExpansion/MakingHistory/Parts/FuelTank/Size1p5_Size1_Adapter_01/Size1p5_Size1_Adapter_01
[LOG 15:10:51.446] Config(PART) SquadExpansion/MakingHistory/Parts/FuelTank/Size1p5_Size1_Adapter_02/Size1p5_Size1_Adapter_02
[LOG 15:10:51.447] Config(PART) SquadExpansion/MakingHistory/Parts/FuelTank/Size1p5_Size2_Adapter_01/Size1p5_Size2_Adapter_01
[LOG 15:10:51.447] Config(PART) SquadExpansion/MakingHistory/Parts/FuelTank/Size1p5_Tank_01/Size1p5_Tank_01
[LOG 15:10:51.447] Config(PART) SquadExpansion/MakingHistory/Parts/FuelTank/Size1p5_Tank_02/Size1p5_Tank_02
[LOG 15:10:51.447] Config(PART) SquadExpansion/MakingHistory/Parts/FuelTank/Size1p5_Tank_03/Size1p5_Tank_03
[LOG 15:10:51.447] Config(PART) SquadExpansion/MakingHistory/Parts/FuelTank/Size1p5_Tank_04/Size1p5_Tank_04
[LOG 15:10:51.447] Config(PART) SquadExpansion/MakingHistory/Parts/FuelTank/Size1p5_Tank_05/Size1p5_Tank_05
[LOG 15:10:51.447] Config(PART) SquadExpansion/MakingHistory/Parts/FuelTank/Size3_Size4_Adapter_01/Size3_Size4_Adapter_01
[LOG 15:10:51.447] Config(PART) SquadExpansion/MakingHistory/Parts/FuelTank/Size4_EngineAdapter_01/Size4_EngineAdapter_01
[LOG 15:10:51.447] Config(PART) SquadExpansion/MakingHistory/Parts/FuelTank/Size4_Tank_01/Size4_Tank_01
[LOG 15:10:51.447] Config(PART) SquadExpansion/MakingHistory/Parts/FuelTank/Size4_Tank_02/Size4_Tank_02
[LOG 15:10:51.447] Config(PART) SquadExpansion/MakingHistory/Parts/FuelTank/Size4_Tank_03/Size4_Tank_03
[LOG 15:10:51.447] Config(PART) SquadExpansion/MakingHistory/Parts/FuelTank/Size4_Tank_04/Size4_Tank_04
[LOG 15:10:51.447] Config(PART) SquadExpansion/MakingHistory/Parts/Ground/RoverWheel/roverWheelM1-F
[LOG 15:10:51.447] Config(PART) SquadExpansion/MakingHistory/Parts/Payload/fairingSize1p5/fairingSize1p5
[LOG 15:10:51.447] Config(PART) SquadExpansion/MakingHistory/Parts/Payload/fairingSize4/fairingSize4
[LOG 15:10:51.447] Config(PART) SquadExpansion/MakingHistory/Parts/Payload/Size1to0ServiceModule/Size1to0ServiceModule
[LOG 15:10:51.447] Config(PART) SquadExpansion/MakingHistory/Parts/Payload/SM18/ServiceModule18
[LOG 15:10:51.447] Config(PART) SquadExpansion/MakingHistory/Parts/Payload/SM25/ServiceModule25
[LOG 15:10:51.447] Config(PART) SquadExpansion/MakingHistory/Parts/Pods/KV1Pod/kv1Pod
[LOG 15:10:51.447] Config(PART) SquadExpansion/MakingHistory/Parts/Pods/KV2Pod/kv2Pod
[LOG 15:10:51.447] Config(PART) SquadExpansion/MakingHistory/Parts/Pods/KV3Pod/kv3Pod
[LOG 15:10:51.447] Config(PART) SquadExpansion/MakingHistory/Parts/Pods/Mk2Pod/Mk2Pod
[LOG 15:10:51.447] Config(PART) SquadExpansion/MakingHistory/Parts/Pods/Size1_5_Lander/MEMLander
[LOG 15:10:51.447] Config(PART) SquadExpansion/MakingHistory/Parts/Prebuilt/kerbalEVAfemaleVintage/kerbalEVAfemaleVintage
[LOG 15:10:51.447] Config(PART) SquadExpansion/MakingHistory/Parts/Prebuilt/kerbalEVAVintage/kerbalEVAVintage
[LOG 15:10:51.447] Config(PART) SquadExpansion/MakingHistory/Parts/Structural/EquiTriangle0/EquiTriangle0
[LOG 15:10:51.448] Config(PART) SquadExpansion/MakingHistory/Parts/Structural/EquiTriangle1/EquiTriangle1
[LOG 15:10:51.448] Config(PART) SquadExpansion/MakingHistory/Parts/Structural/EquiTriangle1p5/EquiTriangle1p5
[LOG 15:10:51.448] Config(PART) SquadExpansion/MakingHistory/Parts/Structural/EquiTriangle2/EquiTriangle2
[LOG 15:10:51.448] Config(PART) SquadExpansion/MakingHistory/Parts/Structural/Panel0/Panel0
[LOG 15:10:51.448] Config(PART) SquadExpansion/MakingHistory/Parts/Structural/Panel1/Panel1
[LOG 15:10:51.448] Config(PART) SquadExpansion/MakingHistory/Parts/Structural/Panel1p5/Panel1p5
[LOG 15:10:51.448] Config(PART) SquadExpansion/MakingHistory/Parts/Structural/Panel2/Panel2
[LOG 15:10:51.448] Config(PART) SquadExpansion/MakingHistory/Parts/Structural/Triangle0/Triangle0
[LOG 15:10:51.448] Config(PART) SquadExpansion/MakingHistory/Parts/Structural/Triangle1/Triangle1
[LOG 15:10:51.448] Config(PART) SquadExpansion/MakingHistory/Parts/Structural/Triangle1p5/Triangle1p5
[LOG 15:10:51.448] Config(PART) SquadExpansion/MakingHistory/Parts/Structural/Triangle2/Triangle2
[LOG 15:10:51.448] Config(PART) SquadExpansion/MakingHistory/Parts/Structural/Tube1/Tube1
[LOG 15:10:51.448] Config(PART) SquadExpansion/MakingHistory/Parts/Structural/Tube1p5/Tube1p5
[LOG 15:10:51.448] Config(PART) SquadExpansion/MakingHistory/Parts/Structural/Tube2/Tube2
[LOG 15:10:51.448] Config(PART) SquadExpansion/MakingHistory/Parts/Structural/Tube3/Tube3
[LOG 15:10:51.448] Config(PART) SquadExpansion/MakingHistory/Parts/Structural/Tube4/Tube4
[LOG 15:10:51.448] Config(PART) SquadExpansion/MakingHistory/Parts/Thermal/HeatShield1p5/HeatShield1p5
[LOG 15:10:51.448] Config(PART) SquadExpansion/MakingHistory/Parts/Utility/flags/flagSize1p5/flagSize1p5/flagPartSize1p5
[LOG 15:10:51.448] Config(PART) SquadExpansion/MakingHistory/Parts/Utility/flags/flagSize4/flagSize4/flagPartSize4
[LOG 15:10:51.448] Config(INTERNAL) SquadExpansion/MakingHistory/Spaces/KVPods/Airlock_Internal/Airlock_IVA
[LOG 15:10:51.448] Config(INTERNAL) SquadExpansion/MakingHistory/Spaces/KVPods/KV1_Internal/KV1_IVA
[LOG 15:10:51.448] Config(INTERNAL) SquadExpansion/MakingHistory/Spaces/KVPods/KV2_Internal/KV2_IVA
[LOG 15:10:51.448] Config(INTERNAL) SquadExpansion/MakingHistory/Spaces/KVPods/KV3_Internal/KV3_IVA
[LOG 15:10:51.448] Config(INTERNAL) SquadExpansion/MakingHistory/Spaces/MEM/MEM_IVA/MEM_IVA
[LOG 15:10:51.448] Config(INTERNAL) SquadExpansion/MakingHistory/Spaces/Mk2Pod/Mk2Pod_Internal/MK2POD_IVA
[LOG 15:10:51.448] Config(Contracts) SquadExpansion/Serenity/Contracts/contracts/Contracts
[LOG 15:10:51.449] Config(EXPERIENCE_TRAIT) SquadExpansion/Serenity/Experience/Traits/Engineer
[LOG 15:10:51.449] Config(EXPERIENCE_TRAIT) SquadExpansion/Serenity/Experience/Traits/Scientist
[LOG 15:10:51.449] Config(Localization) SquadExpansion/Serenity/Localization/dictionary/Localization
[LOG 15:10:51.449] Config(PART) SquadExpansion/Serenity/Parts/Aero/FanShroud_01/FanShroud_01
[LOG 15:10:51.449] Config(PART) SquadExpansion/Serenity/Parts/Aero/FanShroud_02/FanShroud_02
[LOG 15:10:51.449] Config(PART) SquadExpansion/Serenity/Parts/Aero/FanShroud_03/FanShroud_03
[LOG 15:10:51.449] Config(PART) SquadExpansion/Serenity/Parts/Aero/noseconeTiny/noseconeTiny
[LOG 15:10:51.449] Config(PART) SquadExpansion/Serenity/Parts/Aero/noseconeVS/noseconeVS
[LOG 15:10:51.449] Config(PART) SquadExpansion/Serenity/Parts/DeployedScience/centralStation/DeployedCentralStation
[LOG 15:10:51.449] Config(PART) SquadExpansion/Serenity/Parts/DeployedScience/gooObservation/DeployedGoExOb
[LOG 15:10:51.449] Config(PART) SquadExpansion/Serenity/Parts/DeployedScience/ionCollector/DeployedIONExp
[LOG 15:10:51.449] Config(PART) SquadExpansion/Serenity/Parts/DeployedScience/rtg/DeployedRTG
[LOG 15:10:51.449] Config(PART) SquadExpansion/Serenity/Parts/DeployedScience/satDish/DeployedSatDish
[LOG 15:10:51.449] Config(PART) SquadExpansion/Serenity/Parts/DeployedScience/seismicSensor/DeployedSeismicSensor
[LOG 15:10:51.449] Config(PART) SquadExpansion/Serenity/Parts/DeployedScience/solarPanel/DeployedSolarPanel
[LOG 15:10:51.449] Config(PART) SquadExpansion/Serenity/Parts/DeployedScience/weatherStation/DeployedWeatherStn
[LOG 15:10:51.449] Config(PART) SquadExpansion/Serenity/Parts/Prebuilt/kerbalEVA/kerbalEVA
[LOG 15:10:51.449] Config(PART) SquadExpansion/Serenity/Parts/Prebuilt/kerbalEVAfemale/kerbalEVAfemale
[LOG 15:10:51.449] Config(PART) SquadExpansion/Serenity/Parts/Prebuilt/kerbalEVAfemaleFuture/kerbalEVAfemaleFuture
[LOG 15:10:51.449] Config(PART) SquadExpansion/Serenity/Parts/Prebuilt/kerbalEVAfemaleVintage/kerbalEVAfemaleVintage
[LOG 15:10:51.449] Config(PART) SquadExpansion/Serenity/Parts/Prebuilt/kerbalEVAFuture/kerbalEVAFuture
[LOG 15:10:51.450] Config(PART) SquadExpansion/Serenity/Parts/Prebuilt/kerbalEVASlimSuit/kerbalEVASlimSuit
[LOG 15:10:51.450] Config(PART) SquadExpansion/Serenity/Parts/Prebuilt/kerbalEVASlimSuitFemale/kerbalEVASlimSuitFemale
[LOG 15:10:51.450] Config(PART) SquadExpansion/Serenity/Parts/Prebuilt/kerbalEVAVintage/kerbalEVAVintage
[LOG 15:10:51.450] Config(PART) SquadExpansion/Serenity/Parts/Propellers/largeFanBlade/largeFanBlade
[LOG 15:10:51.450] Config(PART) SquadExpansion/Serenity/Parts/Propellers/largeHeliBlade/largeHeliBlade
[LOG 15:10:51.450] Config(PART) SquadExpansion/Serenity/Parts/Propellers/largePropeller/largePropeller
[LOG 15:10:51.450] Config(PART) SquadExpansion/Serenity/Parts/Propellers/mediumFanBlade/mediumFanBlade
[LOG 15:10:51.450] Config(PART) SquadExpansion/Serenity/Parts/Propellers/mediumHeliBlade/mediumHeliBlade
[LOG 15:10:51.450] Config(PART) SquadExpansion/Serenity/Parts/Propellers/mediumPropeller/mediumPropeller
[LOG 15:10:51.450] Config(PART) SquadExpansion/Serenity/Parts/Propellers/smallFanBlade/smallFanBlade
[LOG 15:10:51.450] Config(PART) SquadExpansion/Serenity/Parts/Propellers/smallHeliBlade/smallHeliBlade
[LOG 15:10:51.450] Config(PART) SquadExpansion/Serenity/Parts/Propellers/smallPropeller/smallPropeller
[LOG 15:10:51.450] Config(PART) SquadExpansion/Serenity/Parts/Robotics/hinge_01/hinge_01
[LOG 15:10:51.450] Config(PART) SquadExpansion/Serenity/Parts/Robotics/hinge_01_s/hinge_01_s
[LOG 15:10:51.450] Config(PART) SquadExpansion/Serenity/Parts/Robotics/hinge_03/hinge_03
[LOG 15:10:51.450] Config(PART) SquadExpansion/Serenity/Parts/Robotics/hinge_03_s/hinge_03_s
[LOG 15:10:51.450] Config(PART) SquadExpansion/Serenity/Parts/Robotics/hinge_04/hinge_04
[LOG 15:10:51.450] Config(PART) SquadExpansion/Serenity/Parts/Robotics/piston_01/piston_01
[LOG 15:10:51.450] Config(PART) SquadExpansion/Serenity/Parts/Robotics/piston_02/piston_02
[LOG 15:10:51.450] Config(PART) SquadExpansion/Serenity/Parts/Robotics/piston_03/piston_03
[LOG 15:10:51.450] Config(PART) SquadExpansion/Serenity/Parts/Robotics/piston_04/piston_04
[LOG 15:10:51.450] Config(PART) SquadExpansion/Serenity/Parts/Robotics/RotorEngine_02/RotorEngine_02
[LOG 15:10:51.450] Config(PART) SquadExpansion/Serenity/Parts/Robotics/RotorEngine_03/RotorEngine_03
[LOG 15:10:51.450] Config(PART) SquadExpansion/Serenity/Parts/Robotics/rotor_01/rotor_01
[LOG 15:10:51.450] Config(PART) SquadExpansion/Serenity/Parts/Robotics/rotor_01s/rotor_01s
[LOG 15:10:51.450] Config(PART) SquadExpansion/Serenity/Parts/Robotics/rotor_02/rotor_02
[LOG 15:10:51.450] Config(PART) SquadExpansion/Serenity/Parts/Robotics/rotor_02s/rotor_02s
[LOG 15:10:51.451] Config(PART) SquadExpansion/Serenity/Parts/Robotics/rotor_03/rotor_03
[LOG 15:10:51.451] Config(PART) SquadExpansion/Serenity/Parts/Robotics/rotor_03s/rotor_03s
[LOG 15:10:51.451] Config(PART) SquadExpansion/Serenity/Parts/Robotics/rotoServo_00/rotoServo_00
[LOG 15:10:51.451] Config(PART) SquadExpansion/Serenity/Parts/Robotics/rotoServo_02/rotoServo_02
[LOG 15:10:51.451] Config(PART) SquadExpansion/Serenity/Parts/Robotics/rotoServo_03/rotoServo_03
[LOG 15:10:51.451] Config(PART) SquadExpansion/Serenity/Parts/Robotics/rotoServo_04/rotoServo_04
[LOG 15:10:51.451] Config(PART) SquadExpansion/Serenity/Parts/Robotics/Controllers/KAL1000/controller1000
[LOG 15:10:51.451] Config(PART) SquadExpansion/Serenity/Parts/Science/RobotArmScanner/RobotArmScanner_S1/RobotArmScanner_S1
[LOG 15:10:51.451] Config(PART) SquadExpansion/Serenity/Parts/Science/RobotArmScanner/RobotArmScanner_S2/RobotArmScanner_S2
[LOG 15:10:51.451] Config(PART) SquadExpansion/Serenity/Parts/Science/RobotArmScanner/RobotArmScanner_S3/RobotArmScanner_S3
[LOG 15:10:51.451] Config(PART) SquadExpansion/Serenity/Parts/Structural/gripPads/lGripPad/lGripPad
[LOG 15:10:51.451] Config(PART) SquadExpansion/Serenity/Parts/Structural/gripPads/lGripStrip/lGripStrip
[LOG 15:10:51.451] Config(PART) SquadExpansion/Serenity/Parts/Structural/gripPads/mGripPad/mGripPad
[LOG 15:10:51.451] Config(PART) SquadExpansion/Serenity/Parts/Structural/gripPads/sGripPad/sGripPad
[LOG 15:10:51.451] Config(PART) SquadExpansion/Serenity/Parts/Structural/gripPads/sGripStrip/sGripStrip
[LOG 15:10:51.451] Config(DEPLOYEDSCIENCE) SquadExpansion/Serenity/Resources/DeployedScience/DEPLOYEDSCIENCE
[LOG 15:10:51.451] Config(PHYSICMATERIAL_DEFINITION) SquadExpansion/Serenity/Resources/PhysicsMaterials/MediumGrip
[LOG 15:10:51.451] Config(PHYSICMATERIAL_DEFINITION) SquadExpansion/Serenity/Resources/PhysicsMaterials/HighGrip
[LOG 15:10:51.451] Config(PHYSICMATERIAL_DEFINITION) SquadExpansion/Serenity/Resources/PhysicsMaterials/ExtremeGrip
[LOG 15:10:51.451] Config(PHYSICMATERIAL_DEFINITION) SquadExpansion/Serenity/Resources/PhysicsMaterials/LowGrip
[LOG 15:10:51.451] Config(PHYSICMATERIAL_DEFINITION) SquadExpansion/Serenity/Resources/PhysicsMaterials/Default
[LOG 15:10:51.451] Config(ROC_DEFINITION) SquadExpansion/Serenity/Resources/rocsdef/ROC_DEFINITION
[LOG 15:10:51.451] Config(ROC_DEFINITION) SquadExpansion/Serenity/Resources/rocsdef/ROC_DEFINITION
[LOG 15:10:51.451] Config(ROC_DEFINITION) SquadExpansion/Serenity/Resources/rocsdef/ROC_DEFINITION
[LOG 15:10:51.451] Config(ROC_DEFINITION) SquadExpansion/Serenity/Resources/rocsdef/ROC_DEFINITION
[LOG 15:10:51.451] Config(ROC_DEFINITION) SquadExpansion/Serenity/Resources/rocsdef/ROC_DEFINITION
[LOG 15:10:51.452] Config(ROC_DEFINITION) SquadExpansion/Serenity/Resources/rocsdef/ROC_DEFINITION
[LOG 15:10:51.452] Config(ROC_DEFINITION) SquadExpansion/Serenity/Resources/rocsdef/ROC_DEFINITION
[LOG 15:10:51.452] Config(ROC_DEFINITION) SquadExpansion/Serenity/Resources/rocsdef/ROC_DEFINITION
[LOG 15:10:51.452] Config(ROC_DEFINITION) SquadExpansion/Serenity/Resources/rocsdef/ROC_DEFINITION
[LOG 15:10:51.452] Config(ROC_DEFINITION) SquadExpansion/Serenity/Resources/rocsdef/ROC_DEFINITION
[LOG 15:10:51.452] Config(ROC_DEFINITION) SquadExpansion/Serenity/Resources/rocsdef/ROC_DEFINITION
[LOG 15:10:51.452] Config(ROC_DEFINITION) SquadExpansion/Serenity/Resources/rocsdef/ROC_DEFINITION
[LOG 15:10:51.452] Config(ROC_DEFINITION) SquadExpansion/Serenity/Resources/rocsdef/ROC_DEFINITION
[LOG 15:10:51.452] Config(ROC_DEFINITION) SquadExpansion/Serenity/Resources/rocsdef/ROC_DEFINITION
[LOG 15:10:51.452] Config(ROC_DEFINITION) SquadExpansion/Serenity/Resources/rocsdef/ROC_DEFINITION
[LOG 15:10:51.452] Config(ROC_DEFINITION) SquadExpansion/Serenity/Resources/rocsdef/ROC_DEFINITION
[LOG 15:10:51.452] Config(ROC_DEFINITION) SquadExpansion/Serenity/Resources/rocsdef/ROC_DEFINITION
[LOG 15:10:51.452] Config(ROC_DEFINITION) SquadExpansion/Serenity/Resources/rocsdef/ROC_DEFINITION
[LOG 15:10:51.452] Config(ROC_DEFINITION) SquadExpansion/Serenity/Resources/rocsdef/ROC_DEFINITION
[LOG 15:10:51.452] Config(ROC_DEFINITION) SquadExpansion/Serenity/Resources/rocsdef/ROC_DEFINITION
[LOG 15:10:51.452] Config(ROC_DEFINITION) SquadExpansion/Serenity/Resources/rocsdef/ROC_DEFINITION
[LOG 15:10:51.452] Config(ROC_DEFINITION) SquadExpansion/Serenity/Resources/rocsdef/ROC_DEFINITION
[LOG 15:10:51.452] Config(ROC_DEFINITION) SquadExpansion/Serenity/Resources/rocsdef/ROC_DEFINITION
[LOG 15:10:51.452] Config(ROC_DEFINITION) SquadExpansion/Serenity/Resources/rocsdef/ROC_DEFINITION
[LOG 15:10:51.452] Config(ROC_DEFINITION) SquadExpansion/Serenity/Resources/rocsdef/ROC_DEFINITION
[LOG 15:10:51.452] Config(ROC_DEFINITION) SquadExpansion/Serenity/Resources/rocsdef/ROC_DEFINITION
[LOG 15:10:51.452] Config(ROC_DEFINITION) SquadExpansion/Serenity/Resources/rocsdef/ROC_DEFINITION
[LOG 15:10:51.452] Config(ROC_DEFINITION) SquadExpansion/Serenity/Resources/rocsdef/ROC_DEFINITION
[LOG 15:10:51.452] Config(ROC_DEFINITION) SquadExpansion/Serenity/Resources/rocsdef/ROC_DEFINITION
[LOG 15:10:51.452] Config(ROC_DEFINITION) SquadExpansion/Serenity/Resources/rocsdef/ROC_DEFINITION
[LOG 15:10:51.452] Config(ROC_DEFINITION) SquadExpansion/Serenity/Resources/rocsdef/ROC_DEFINITION
[LOG 15:10:51.452] Config(ROC_DEFINITION) SquadExpansion/Serenity/Resources/rocsdef/ROC_DEFINITION
[LOG 15:10:51.452] Config(ROC_DEFINITION) SquadExpansion/Serenity/Resources/rocsdef/ROC_DEFINITION
[LOG 15:10:51.452] Config(ROC_DEFINITION) SquadExpansion/Serenity/Resources/rocsdef/ROC_DEFINITION
[LOG 15:10:51.453] Config(EXPERIMENT_DEFINITION) SquadExpansion/Serenity/Resources/ScienceDefs/EXPERIMENT_DEFINITION
[LOG 15:10:51.453] Config(EXPERIMENT_DEFINITION) SquadExpansion/Serenity/Resources/ScienceDefs/EXPERIMENT_DEFINITION
[LOG 15:10:51.453] Config(EXPERIMENT_DEFINITION) SquadExpansion/Serenity/Resources/ScienceDefs/EXPERIMENT_DEFINITION
[LOG 15:10:51.453] Config(EXPERIMENT_DEFINITION) SquadExpansion/Serenity/Resources/ScienceDefs/EXPERIMENT_DEFINITION
[LOG 15:10:51.453] Config(EXPERIMENT_DEFINITION) SquadExpansion/Serenity/Resources/ScienceDefs/EXPERIMENT_DEFINITION
[LOG 15:10:51.453] Config(EXPERIMENT_DEFINITION) SquadExpansion/Serenity/Resources/ScienceDefs/EXPERIMENT_DEFINITION
[LOG 15:10:51.453] Config(EXPERIMENT_DEFINITION) SquadExpansion/Serenity/Resources/ScienceDefs/EXPERIMENT_DEFINITION
[LOG 15:10:51.453] Config(EXPERIMENT_DEFINITION) SquadExpansion/Serenity/Resources/ScienceDefs/EXPERIMENT_DEFINITION
[LOG 15:10:51.453] Config(EXPERIMENT_DEFINITION) SquadExpansion/Serenity/Resources/ScienceDefs/EXPERIMENT_DEFINITION
[LOG 15:10:51.453] Config(EXPERIMENT_DEFINITION) SquadExpansion/Serenity/Resources/ScienceDefs/EXPERIMENT_DEFINITION
[LOG 15:10:51.453] Config(EXPERIMENT_DEFINITION) SquadExpansion/Serenity/Resources/ScienceDefs/EXPERIMENT_DEFINITION
[LOG 15:10:51.453] Config(EXPERIMENT_DEFINITION) SquadExpansion/Serenity/Resources/ScienceDefs/EXPERIMENT_DEFINITION
[LOG 15:10:51.453] Config(EXPERIMENT_DEFINITION) SquadExpansion/Serenity/Resources/ScienceDefs/EXPERIMENT_DEFINITION
[LOG 15:10:51.453] Config(EXPERIMENT_DEFINITION) SquadExpansion/Serenity/Resources/ScienceDefs/EXPERIMENT_DEFINITION
[LOG 15:10:51.453] Config(EXPERIMENT_DEFINITION) SquadExpansion/Serenity/Resources/ScienceDefs/EXPERIMENT_DEFINITION
[LOG 15:10:51.453] Config(EXPERIMENT_DEFINITION) SquadExpansion/Serenity/Resources/ScienceDefs/EXPERIMENT_DEFINITION
[LOG 15:10:51.453] Config(EXPERIMENT_DEFINITION) SquadExpansion/Serenity/Resources/ScienceDefs/EXPERIMENT_DEFINITION
[LOG 15:10:51.453] Config(EXPERIMENT_DEFINITION) SquadExpansion/Serenity/Resources/ScienceDefs/EXPERIMENT_DEFINITION
[LOG 15:10:51.453] Config(EXPERIMENT_DEFINITION) SquadExpansion/Serenity/Resources/ScienceDefs/EXPERIMENT_DEFINITION
[LOG 15:10:51.453] Config(EXPERIMENT_DEFINITION) SquadExpansion/Serenity/Resources/ScienceDefs/EXPERIMENT_DEFINITION
[LOG 15:10:51.453] Config(EXPERIMENT_DEFINITION) SquadExpansion/Serenity/Resources/ScienceDefs/EXPERIMENT_DEFINITION
[LOG 15:10:51.453] Config(EXPERIMENT_DEFINITION) SquadExpansion/Serenity/Resources/ScienceDefs/EXPERIMENT_DEFINITION
[LOG 15:10:51.453] Config(EXPERIMENT_DEFINITION) SquadExpansion/Serenity/Resources/ScienceDefs/EXPERIMENT_DEFINITION
[LOG 15:10:51.453] Config(EXPERIMENT_DEFINITION) SquadExpansion/Serenity/Resources/ScienceDefs/EXPERIMENT_DEFINITION
[LOG 15:10:51.453] Config(EXPERIMENT_DEFINITION) SquadExpansion/Serenity/Resources/ScienceDefs/EXPERIMENT_DEFINITION
[LOG 15:10:51.453] Config(EXPERIMENT_DEFINITION) SquadExpansion/Serenity/Resources/ScienceDefs/EXPERIMENT_DEFINITION
[LOG 15:10:51.453] Config(EXPERIMENT_DEFINITION) SquadExpansion/Serenity/Resources/ScienceDefs/EXPERIMENT_DEFINITION
[LOG 15:10:51.453] Config(EXPERIMENT_DEFINITION) SquadExpansion/Serenity/Resources/ScienceDefs/EXPERIMENT_DEFINITION
[LOG 15:10:51.453] Config(EXPERIMENT_DEFINITION) SquadExpansion/Serenity/Resources/ScienceDefs/EXPERIMENT_DEFINITION
[LOG 15:10:51.454] Config(EXPERIMENT_DEFINITION) SquadExpansion/Serenity/Resources/ScienceDefs/EXPERIMENT_DEFINITION
[LOG 15:10:51.454] Config(EXPERIMENT_DEFINITION) SquadExpansion/Serenity/Resources/ScienceDefs/EXPERIMENT_DEFINITION
[LOG 15:10:51.454] Config(EXPERIMENT_DEFINITION) SquadExpansion/Serenity/Resources/ScienceDefs/EXPERIMENT_DEFINITION
[LOG 15:10:51.454] Config(EXPERIMENT_DEFINITION) SquadExpansion/Serenity/Resources/ScienceDefs/EXPERIMENT_DEFINITION
[LOG 15:10:51.454] Config(EXPERIMENT_DEFINITION) SquadExpansion/Serenity/Resources/ScienceDefs/EXPERIMENT_DEFINITION
[LOG 15:10:51.454] Config(EXPERIMENT_DEFINITION) SquadExpansion/Serenity/Resources/ScienceDefs/EXPERIMENT_DEFINITION
[LOG 15:10:51.454] Config(EXPERIMENT_DEFINITION) SquadExpansion/Serenity/Resources/ScienceDefs/EXPERIMENT_DEFINITION
[LOG 15:10:51.454] Config(EXPERIMENT_DEFINITION) SquadExpansion/Serenity/Resources/ScienceDefs/EXPERIMENT_DEFINITION
[LOG 15:10:51.454] Config(EXPERIMENT_DEFINITION) SquadExpansion/Serenity/Resources/ScienceDefs/EXPERIMENT_DEFINITION
[LOG 15:10:51.454] Config(STORY_DEF) SquadExpansion/Serenity/Resources/StoryDefs/STORY_DEF
[LOG 15:10:51.454] Compiling Configs Completed.
[LOG 15:10:51.457] Resource LiquidFuel added to database
[LOG 15:10:51.457] Resource Oxidizer added to database
[LOG 15:10:51.457] Resource SolidFuel added to database
[LOG 15:10:51.457] Resource MonoPropellant added to database
[LOG 15:10:51.457] Resource XenonGas added to database
[LOG 15:10:51.457] Resource ElectricCharge added to database
[LOG 15:10:51.457] Resource IntakeAir added to database
[LOG 15:10:51.457] Resource EVA Propellant added to database
[LOG 15:10:51.458] Resource Ore added to database
[LOG 15:10:51.458] Resource Ablator added to database
[LOG 15:10:51.459] Resource MediumGrip added to database
[LOG 15:10:51.459] Resource HighGrip added to database
[LOG 15:10:51.459] Resource ExtremeGrip added to database
[LOG 15:10:51.459] Resource LowGrip added to database
[LOG 15:10:51.459] Resource Default added to database
[LOG 15:10:51.459] CodeAssetLoader: Compiling all code assets
[LOG 15:10:51.464] ExperienceSystemConfig: Added Effect 'DeployedSciencePowerSkill' to Trait 'Ingénieur'
[LOG 15:10:51.464] ExperienceSystemConfig: Added Effect 'DeployedScienceExpSkill' to Trait 'Scientifique'
[LOG 15:10:51.469] ConfigNode[]
[LOG 15:10:51.469] GameDatabase: Assets loaded in 7.195s
[LOG 15:10:51.470] [ModuleManager] Waited 0.000s for patching to finish
[LOG 15:10:51.470] [ModuleManager] Applying patched game database
[LOG 15:10:51.472] [ModuleManager] Dumping ModuleManager log to main log
[LOG 15:10:51.474] [ModuleManager] 
#### BEGIN MODULEMANAGER LOG ####


[LOG 15:10:45.496] Log started at 2026-09-21 15:10:45.496
[LOG 15:10:47.602] Checking Cache
[LOG 15:10:47.937] SHA generated in 0.333s
[LOG 15:10:47.937]       SHA = 81-44-30-31-39-06-B7-43-49-17-6B-90-D4-82-72-58-28-ED-7F-C8-DB-6D-09-2A-97-90-2A-45-42-B8-17-03
[LOG 15:10:47.969] Cache SHA = 75-F2-C3-3A-2F-B0-96-A0-93-0A-B9-3A-F3-A6-88-2E-D0-0F-FA-1F-29-F6-EF-63-52-A4-32-FE-DB-11-12-D0
[LOG 15:10:47.969] useCache = False
[LOG 15:10:47.970] Pre patch init
[LOG 15:10:48.183] compiling list of loaded mods...
Mod DLLs found:
  Name                                    Assembly Version         Assembly File Version    KSPAssembly Version      SHA256

  Assembly-CSharp                         0.0.0.0                  0.0.0.0                  1.12                     d9e42483f25ee80a9c11d6c1c0a0d29b4ec78c1e08d76c971b71580c9cce51e4
  ModuleManager                           4.2.3.0                  4.2.3.0                  2.5                      95847827ab293b9e82a19b7efb97ffea3e98cc03b181862536ac8eb572e30d7d
  0Harmony                                2.2.1.0                  2.2.1.0                                           19ce60ac3280f72ec1751d36a40cb7e2fece2934df8345969dc7feb83bd633e4
  HarmonyInstallChecker                   2.2.1.0                  2.2.1.0                  1.0                      f11e659e91a52c21c5bda78e52b82a7bdc246bcab6a999733af3c69a11a9dc0e
  0_MultipleModuleInPartAPI               1.0.0.0                  1.0.0.0                  1.0                      df4a22fb0535de7fa154ca234b50dd7c2fc6be879e4a877d9bad1f87bafafcbf
  KSPCommunityFixes                       1.41.0.0                 1.41.1.0                 1.41                     e08ebbec7ab34f4f7ff56d6e900051bb0d259a4bc092881d7db3ca2f9f2e9a11
  PQSBenchMod                             0.1.0.0                  0.1.0.0                                           e15b315b4eff294d5afcde177526559165cbbd3f87ff79b44e96d2af400f137a
  StockQuadCacheMod                       0.1.0.0                  0.1.0.0                                           b72346506d6e0bf62ed7758d7ce106baf6a0438844d44f9b73cdc7ee68dcd240
Non-DLL mods added (:FOR[xxx]):
Mods by directory (sub directories of GameData):
  000_Harmony
  Squad
  SquadExpansion
Mods added by assemblies:

[LOG 15:10:48.185] Loading Physics.cfg
[LOG 15:10:48.188] Extracting patches
[LOG 15:10:48.202] Deleting root node in file KSPCommunityFixes/MMPatches/ModSupport/FixDockingNodes node: @PART[*]:HAS[@MODULE[ModuleDockingNodeFixed]]:NEEDS[FixDockingNodes]:FINAL as it can't satisfy its NEEDS
[LOG 15:10:48.204] Deleting root node in file KSPCommunityFixes/MMPatches/ModSupport/KSPRecall node: @KSP_COMMUNITY_FIXES:NEEDS[AttachedOnEditor] as it can't satisfy its NEEDS
[LOG 15:10:48.204] Deleting root node in file KSPCommunityFixes/MMPatches/ModSupport/UniversalStorage node: @KSP_COMMUNITY_FIXES:NEEDS[UniversalStorage2] as it can't satisfy its NEEDS
[LOG 15:10:48.351] Applying patches
[LOG 15:10:48.352] :INSERT (initial) pass
[LOG 15:10:48.432] :FIRST pass
[LOG 15:10:48.435] Applying update KSPCommunityFixes/MMPatches/StockTweaks/LadderToggleableLight/@PART[telescopicLadderBay]:FIRST to Squad/Parts/Utility/ladderTelescopicBay/ladderTelescopicBay.cfg/PART[telescopicLadderBay]
[LOG 15:10:48.456] Applying update KSPCommunityFixes/MMPatches/StockTweaks/LadderToggleableLight/@PART[telescopicLadderBay]:HAS[#LadderToggleableLight[?rue]]:FIRST to Squad/Parts/Utility/ladderTelescopicBay/ladderTelescopicBay.cfg/PART[telescopicLadderBay]
[LOG 15:10:48.457] Applying update KSPCommunityFixes/MMPatches/StockTweaks/LadderToggleableLight/@PART[telescopicLadderBay]:HAS[#LadderToggleableLight]:FIRST to Squad/Parts/Utility/ladderTelescopicBay/ladderTelescopicBay.cfg/PART[telescopicLadderBay]
[LOG 15:10:48.459] Applying update KSPCommunityFixes/MMPatches/StockTweaks/LandingGearLights/@PART[GearSmall]:FIRST to Squad/Parts/Wheel/LandingGear/GearMedium.cfg/PART[GearSmall]
[LOG 15:10:48.462] Applying update KSPCommunityFixes/MMPatches/StockTweaks/LandingGearLights/@PART[SmallGearBay]:FIRST to Squad/Parts/Wheel/LandingGear/GearSmall.cfg/PART[SmallGearBay]
[LOG 15:10:48.462] :LEGACY (default) pass
[LOG 15:10:48.465] :BEFORE[0_MULTIPLEMODULEINPARTAPI] pass
[LOG 15:10:48.469] :FOR[0_MULTIPLEMODULEINPARTAPI] pass
[LOG 15:10:48.469] :AFTER[0_MULTIPLEMODULEINPARTAPI] pass
[LOG 15:10:48.469] :BEFORE[000_HARMONY] pass
[LOG 15:10:48.469] :FOR[000_HARMONY] pass
[LOG 15:10:48.469] :AFTER[000_HARMONY] pass
[LOG 15:10:48.469] :BEFORE[0HARMONY] pass
[LOG 15:10:48.469] :FOR[0HARMONY] pass
[LOG 15:10:48.469] :AFTER[0HARMONY] pass
[LOG 15:10:48.469] :BEFORE[ASSEMBLY-CSHARP] pass
[LOG 15:10:48.469] :FOR[ASSEMBLY-CSHARP] pass
[LOG 15:10:48.469] :AFTER[ASSEMBLY-CSHARP] pass
[LOG 15:10:48.469] :BEFORE[HARMONYINSTALLCHECKER] pass
[LOG 15:10:48.469] :FOR[HARMONYINSTALLCHECKER] pass
[LOG 15:10:48.469] :AFTER[HARMONYINSTALLCHECKER] pass
[LOG 15:10:48.469] :BEFORE[KSPCOMMUNITYFIXES] pass
[LOG 15:10:48.469] :FOR[KSPCOMMUNITYFIXES] pass
[LOG 15:10:48.470] Applying update KSPCommunityFixes/MMPatches/StockTweaks/ManufacturerFixes/@PART[sasModule]:FOR[KSPCommunityFixes] to Squad/Parts/Command/inlineReactionWheel/inlineReactionWheel.cfg/PART[sasModule]
[LOG 15:10:48.473] Applying update KSPCommunityFixes/MMPatches/StockTweaks/ManufacturerFixes/@PART[xenonTankRadial]:FOR[KSPCommunityFixes] to Squad/Parts/FuelTank/xenonTankRadial/xenonTankRadial.cfg/PART[xenonTankRadial]
[LOG 15:10:48.475] Applying update KSPCommunityFixes/MMPatches/StockTweaks/ManufacturerFixes/@PART[winglet|fireworksLauncherSmall|fireworksLauncherBig]:FOR[KSPCommunityFixes] to Squad/Parts/Aero/wingletAV-T1/wingletAV-T1.cfg/PART[winglet]
[LOG 15:10:48.478] Applying update KSPCommunityFixes/MMPatches/StockTweaks/ManufacturerFixes/@PART[winglet|fireworksLauncherSmall|fireworksLauncherBig]:FOR[KSPCommunityFixes] to Squad/Parts/Utility/Fireworks/fireworksLauncherBig.cfg/PART[fireworksLauncherBig]
[LOG 15:10:48.479] Applying update KSPCommunityFixes/MMPatches/StockTweaks/ManufacturerFixes/@PART[winglet|fireworksLauncherSmall|fireworksLauncherBig]:FOR[KSPCommunityFixes] to Squad/Parts/Utility/Fireworks/fireworksLauncherSmall.cfg/PART[fireworksLauncherSmall]
[LOG 15:10:48.488] Applying update KSPCommunityFixes/MMPatches/StockTweaks/ManufacturerFixes/@PART[solidBooster_sm_v2|solidBooster_v2]:FOR[KSPCommunityFixes] to Squad/Parts/Engine/Size1_SRBs/solidBoosterRT-10_v2.cfg/PART[solidBooster_v2]
[LOG 15:10:48.488] Applying update KSPCommunityFixes/MMPatches/StockTweaks/ManufacturerFixes/@PART[solidBooster_sm_v2|solidBooster_v2]:FOR[KSPCommunityFixes] to Squad/Parts/Engine/Size1_SRBs/solidBoosterRT-5_v2.cfg/PART[solidBooster_sm_v2]
[LOG 15:10:48.494] Applying update KSPCommunityFixes/MMPatches/StockTweaks/ManufacturerFixes/@PART[ServiceBay_125_v2|ServiceBay_250_v2]:FOR[KSPCommunityFixes] to Squad/Parts/Utility/ServiceBay_v2/ServiceBay_125_v2.cfg/PART[ServiceBay_125_v2]
[LOG 15:10:48.494] Applying update KSPCommunityFixes/MMPatches/StockTweaks/ManufacturerFixes/@PART[ServiceBay_125_v2|ServiceBay_250_v2]:FOR[KSPCommunityFixes] to Squad/Parts/Utility/ServiceBay_v2/ServiceBay_250_v2.cfg/PART[ServiceBay_250_v2]
[LOG 15:10:48.495] Applying update KSPCommunityFixes/MMPatches/StockTweaks/ManufacturerFixes/@PART[externalTankCapsule]:FOR[KSPCommunityFixes] to Squad/Parts/FuelTank/FoilTanks/RadialTank_Capsule.cfg/PART[externalTankCapsule]
[LOG 15:10:48.497] Applying update KSPCommunityFixes/MMPatches/StockTweaks/ManufacturerFixes/@PART[RCSFuelTank|rcsTankMini|RCSTank1-2]:FOR[KSPCommunityFixes] to Squad/Parts/FuelTank/RCSFuelTankR1/RCSFuelTankR1.cfg/PART[RCSTank1-2]
[LOG 15:10:48.497] Applying update KSPCommunityFixes/MMPatches/StockTweaks/ManufacturerFixes/@PART[RCSFuelTank|rcsTankMini|RCSTank1-2]:FOR[KSPCommunityFixes] to Squad/Parts/FuelTank/RCSFuelTankR10/RCSFuelTankR10.cfg/PART[rcsTankMini]
[LOG 15:10:48.497] Applying update KSPCommunityFixes/MMPatches/StockTweaks/ManufacturerFixes/@PART[RCSFuelTank|rcsTankMini|RCSTank1-2]:FOR[KSPCommunityFixes] to Squad/Parts/FuelTank/RCSFuelTankR25/RCSFuelTankR25.cfg/PART[RCSFuelTank]
[LOG 15:10:48.506] Applying update KSPCommunityFixes/MMPatches/StockTweaks/ManufacturerFixes/@PART[landerCabinSmall]:FOR[KSPCommunityFixes] to Squad/Parts/Command/mk1LanderCan/mk1LanderCan.cfg/PART[landerCabinSmall]
[LOG 15:10:48.522] Applying update KSPCommunityFixes/MMPatches/StockTweaks/ManufacturerFixes/@PART[dockingPortLateral]:FOR[KSPCommunityFixes] to Squad/Parts/Utility/dockingPortInline/dockingPortInline.cfg/PART[dockingPortLateral]
[LOG 15:10:48.524] Applying update KSPCommunityFixes/MMPatches/StockTweaks/ManufacturerFixes/@PART[EnginePlate4]:FOR[KSPCommunityFixes]:NEEDS[SquadExpansion/MakingHistory] to SquadExpansion/MakingHistory/Parts/Coupling/EnginePlate_4.cfg/PART[EnginePlate4]
[LOG 15:10:48.526] Applying update KSPCommunityFixes/MMPatches/StockTweaks/ManufacturerFixes/@PART[Mk2Pod]:FOR[KSPCommunityFixes]:NEEDS[SquadExpansion/MakingHistory] to SquadExpansion/MakingHistory/Parts/Pods/Mk2Pod.cfg/PART[Mk2Pod]
[LOG 15:10:48.526] Applying update KSPCommunityFixes/MMPatches/StockTweaks/ManufacturerFixes/@PART[evaChute|parachuteSingle|parachuteRadial|radialDrogue|parachuteLarge|parachuteDrogue]:FOR[KSPCommunityFixes] to Squad/Parts/Cargo/Parachute/Parachute.cfg/PART[evaChute]
[LOG 15:10:48.528] Applying update KSPCommunityFixes/MMPatches/StockTweaks/ManufacturerFixes/@PART[evaChute|parachuteSingle|parachuteRadial|radialDrogue|parachuteLarge|parachuteDrogue]:FOR[KSPCommunityFixes] to Squad/Parts/Utility/parachuteMk1/parachuteMk1.cfg/PART[parachuteSingle]
[LOG 15:10:48.528] Applying update KSPCommunityFixes/MMPatches/StockTweaks/ManufacturerFixes/@PART[evaChute|parachuteSingle|parachuteRadial|radialDrogue|parachuteLarge|parachuteDrogue]:FOR[KSPCommunityFixes] to Squad/Parts/Utility/parachuteMk12-R/parachuteMk12-R.cfg/PART[radialDrogue]
[LOG 15:10:48.528] Applying update KSPCommunityFixes/MMPatches/StockTweaks/ManufacturerFixes/@PART[evaChute|parachuteSingle|parachuteRadial|radialDrogue|parachuteLarge|parachuteDrogue]:FOR[KSPCommunityFixes] to Squad/Parts/Utility/parachuteMk16-XL/parachuteMk16-XL.cfg/PART[parachuteLarge]
[LOG 15:10:48.528] Applying update KSPCommunityFixes/MMPatches/StockTweaks/ManufacturerFixes/@PART[evaChute|parachuteSingle|parachuteRadial|radialDrogue|parachuteLarge|parachuteDrogue]:FOR[KSPCommunityFixes] to Squad/Parts/Utility/parachuteMk2-R/parachuteMk2-R.cfg/PART[parachuteRadial]
[LOG 15:10:48.528] Applying update KSPCommunityFixes/MMPatches/StockTweaks/ManufacturerFixes/@PART[evaChute|parachuteSingle|parachuteRadial|radialDrogue|parachuteLarge|parachuteDrogue]:FOR[KSPCommunityFixes] to Squad/Parts/Utility/parachuteMk25/parachuteMk25.cfg/PART[parachuteDrogue]
[LOG 15:10:48.531] Applying update KSPCommunityFixes/MMPatches/StockTweaks/ManufacturerFixes/@PART[stackPoint1|dockingPort1|dockingPort2|dockingPort3|dockingPortLarge]:FOR[KSPCommunityFixes] to Squad/Parts/Utility/dockingPort/dockingPort.cfg/PART[dockingPort2]
[LOG 15:10:48.531] Applying update KSPCommunityFixes/MMPatches/StockTweaks/ManufacturerFixes/@PART[stackPoint1|dockingPort1|dockingPort2|dockingPort3|dockingPortLarge]:FOR[KSPCommunityFixes] to Squad/Parts/Utility/dockingPortJr/dockingPortJr.cfg/PART[dockingPort3]
[LOG 15:10:48.531] Applying update KSPCommunityFixes/MMPatches/StockTweaks/ManufacturerFixes/@PART[stackPoint1|dockingPort1|dockingPort2|dockingPort3|dockingPortLarge]:FOR[KSPCommunityFixes] to Squad/Parts/Utility/dockingPortShielded/dockingPortShielded.cfg/PART[dockingPort1]
[LOG 15:10:48.531] Applying update KSPCommunityFixes/MMPatches/StockTweaks/ManufacturerFixes/@PART[stackPoint1|dockingPort1|dockingPort2|dockingPort3|dockingPortLarge]:FOR[KSPCommunityFixes] to Squad/Parts/Utility/dockingPortSr/dockingPortSr.cfg/PART[dockingPortLarge]
[LOG 15:10:48.531] Applying update KSPCommunityFixes/MMPatches/StockTweaks/ManufacturerFixes/@PART[stackPoint1|dockingPort1|dockingPort2|dockingPort3|dockingPortLarge]:FOR[KSPCommunityFixes] to Squad/Parts/Utility/radialAttachmentPoint/radialAttachmentPoint.cfg/PART[stackPoint1]
[LOG 15:10:48.532] :AFTER[KSPCOMMUNITYFIXES] pass
[LOG 15:10:48.532] :BEFORE[MODULEMANAGER] pass
[LOG 15:10:48.532] :FOR[MODULEMANAGER] pass
[LOG 15:10:48.532] :AFTER[MODULEMANAGER] pass
[LOG 15:10:48.532] :BEFORE[PQSBENCHMOD] pass
[LOG 15:10:48.532] :FOR[PQSBENCHMOD] pass
[LOG 15:10:48.532] :AFTER[PQSBENCHMOD] pass
[LOG 15:10:48.532] :BEFORE[SQUAD] pass
[LOG 15:10:48.532] :FOR[SQUAD] pass
[LOG 15:10:48.532] :AFTER[SQUAD] pass
[LOG 15:10:48.532] :BEFORE[SQUADEXPANSION] pass
[LOG 15:10:48.532] :FOR[SQUADEXPANSION] pass
[LOG 15:10:48.532] :AFTER[SQUADEXPANSION] pass
[LOG 15:10:48.532] :BEFORE[STOCKQUADCACHEMOD] pass
[LOG 15:10:48.532] :FOR[STOCKQUADCACHEMOD] pass
[LOG 15:10:48.532] :AFTER[STOCKQUADCACHEMOD] pass
[LOG 15:10:48.533] :LAST[999_KSP-RECALL] pass
[LOG 15:10:48.563] :FINAL pass
[LOG 15:10:48.563] Done patching
[LOG 15:10:48.564] Saving Cache
[LOG 15:10:48.717] Saving cache
[LOG 15:10:49.383] ModuleManager: 33 patches applied

[LOG 15:10:49.383] Ran in 1.781s
[LOG 15:10:49.438] Done!



#### END MODULEMANAGER LOG ####
[LOG 15:10:51.476] [ModuleManager] Running tests...
[LOG 15:10:51.476] [ModuleManager] tests complete.
[LOG 15:10:51.477] [ModuleManager] Reloading resources definitions
[LOG 15:10:51.478] Resource LiquidFuel added to database
[LOG 15:10:51.478] Resource Oxidizer added to database
[LOG 15:10:51.478] Resource SolidFuel added to database
[LOG 15:10:51.478] Resource MonoPropellant added to database
[LOG 15:10:51.478] Resource XenonGas added to database
[LOG 15:10:51.478] Resource ElectricCharge added to database
[LOG 15:10:51.478] Resource IntakeAir added to database
[LOG 15:10:51.478] Resource EVA Propellant added to database
[LOG 15:10:51.478] Resource Ore added to database
[LOG 15:10:51.478] Resource Ablator added to database
[LOG 15:10:51.478] [ModuleManager] Reloading Trait configs
[LOG 15:10:51.479] ExperienceSystemConfig: Added Effect 'DeployedSciencePowerSkill' to Trait 'Ingénieur'
[LOG 15:10:51.479] ExperienceSystemConfig: Added Effect 'DeployedScienceExpSkill' to Trait 'Scientifique'
[LOG 15:10:51.479] [ModuleManager] Reloading Part Upgrades
[LOG 15:10:51.479] [ModuleManager] Setting modded physics as the active one
[LOG 15:10:51.480] PhysicsGlobals: Loading database
[LOG 15:10:51.481] [ModuleManager] Running post patch callbacks
[LOG 15:10:51.493] [KSPCommunityFixes] Patch AutoStrutDrift applied.
[LOG 15:10:51.496] [KSPCommunityFixes] Patch EditorAnimatedPartsShipModified applied.
[LOG 15:10:51.502] [KSPCommunityFixes] Patch DragCubeLoadException applied.
[LOG 15:10:51.506] [KSPCommunityFixes] Patch DoubleCurvePreserveTangents applied.
[LOG 15:10:51.555] [KSPCommunityFixes] Patch DockingPortRotationDriftAndFixes applied.
[LOG 15:10:51.604] [KSPCommunityFixes] Patch DockingPortConserveMomentum applied.
[LOG 15:10:51.609] [KSPCommunityFixes] Patch DebugConsoleDontStealInput applied.
[LOG 15:10:51.613] [KSPCommunityFixes] Patch CorrectDragForFlags applied.
[LOG 15:10:51.615] [KSPCommunityFixes] Patch CometMiningNotRemovingMass applied.
[LOG 15:10:51.621] [KSPCommunityFixes] Patch ChutePhantomSymmetry applied.
[LOG 15:10:51.623] [KSPCommunityFixes] Patch CometSpawnerUniqueFlightId applied.
[LOG 15:10:51.625] [KSPCommunityFixes] Patch AsteroidSpawnerUniqueFlightId applied.
[LOG 15:10:51.626] [KSPCommunityFixes] Patch AsteroidInfiniteMining applied.
[LOG 15:10:51.639] [KSPCommunityFixes] Patch PersistentIConfigNode applied.
[LOG 15:10:51.639] [KSPCommunityFixes] Patch OnSymmetryFieldChanged not applied (not enabled in Settings.cfg)
[LOG 15:10:51.639] [KSPCommunityFixes] Patch ModUpgradePipeline not applied (not enabled in Settings.cfg)
[LOG 15:10:51.639] [KSPCommunityFixes] Patch KSPFieldEnumDesc not applied (not enabled in Settings.cfg)
[LOG 15:10:51.640] [KSPCommunityFixes] Patch EventProfilerMarkers not applied (not enabled in Settings.cfg)
[LOG 15:10:51.641] [KSPCommunityFixes] Patch DockingPortLockedEvents not applied (not enabled in Settings.cfg)
[LOG 15:10:51.643] [KSPCommunityFixes] Patch DepartmentHeadImage applied.
[LOG 15:10:51.658] [KSPCommunityFixes] Patch BaseFieldListUseFieldHost applied.
[LOG 15:10:51.697] [KSPCommunityFixes] Patch ResourceConverterPerf applied.
[LOG 15:10:51.705] [KSPCommunityFixes] Patch ProgressTrackingSpeedBoost applied.
[LOG 15:10:51.708] [KSPCommunityFixes] Patch PQSUpdateNoMemoryAlloc applied.
[LOG 15:10:51.708] [KSPCommunityFixes] Patch PQSOnlyStartOnce not applied (not enabled in Settings.cfg)
[LOG 15:10:51.720] [KSPCommunityFixes] Patch PQSCoroutineLeak applied.
[LOG 15:10:51.756] [KSPCommunityFixes] Patch PartSystemsFastUpdate applied.
[LOG 15:10:51.779] [KSPCommunityFixes] Patch PartParsingPerf applied.
[LOG 15:10:51.784] [KSPCommunityFixes] Patch EnginePlateAirstreamShieldedTopPart applied.
[LOG 15:10:51.792] [KSPCommunityFixes] Patch EVAConstructionMass applied.
[LOG 15:10:51.800] [KSPCommunityFixes] Patch EVAConstructionUninitializedInventory applied.
[LOG 15:10:51.807] [KSPCommunityFixes] Patch EVAKerbalRecovery applied.
[LOG 15:10:51.812] [KSPCommunityFixes] Patch TimeWarpOrbitShift applied.
[LOG 15:10:51.814] [KSPCommunityFixes] Patch TimeWarpBodyCollision applied.
[LOG 15:10:51.827] [KSPCommunityFixes] Patch ThumbnailSpotlight applied.
[LOG 15:10:51.833] [KSPCommunityFixes] Patch SymmetryReferenceOnDelete applied.
[LOG 15:10:51.833] [KSPCommunityFixes] Patch StrategyDuration not applied (not enabled in Settings.cfg)
[LOG 15:10:51.836] [KSPCommunityFixes] Patch StockAlarmDescPreserveLineBreak applied.
[LOG 15:10:51.865] [KSPCommunityFixes] Patch StickySplashedFixer applied.
[LOG 15:10:51.873] [KSPCommunityFixes] Patch ScatterDistribution applied.
[LOG 15:10:51.903] [KSPCommunityFixes] Patch RoboticsDrift applied.
[LOG 15:10:51.905] [KSPCommunityFixes] Patch RestoreMaxPhysicsDT applied.
[LOG 15:10:51.924] [KSPCommunityFixes] Patch RespawnDeadKerbals applied.
[LOG 15:10:51.928] [KSPCommunityFixes] Patch RescaledRoboticParts applied.
[LOG 15:10:51.932] [KSPCommunityFixes] Patch ReRootPreserveSurfaceAttach applied.
[LOG 15:10:51.957] [KSPCommunityFixes] Patch OptimizedModuleRaycasts applied.
[LOG 15:10:51.965] GetSubclassesOfParentClass: Found 1 types with ModuleInventoryPart parent in 8 assemblies.
[LOG 15:10:51.974] [KSPCommunityFixes] Patch RefundingOnRecovery applied.
[LOG 15:10:51.974] [KSPCommunityFixes] Patch PatchedConicEncounterFlickering applied.
[LOG 15:10:51.996] [KSPCommunityFixes] Patch PartListTooltipIconSpin applied.
[LOG 15:10:52.000] [KSPCommunityFixes] Patch PackedPartsRotation applied.
[LOG 15:10:52.015] [KSPCommunityFixes] Patch ModulePartVariantsNodePersistence applied.
[LOG 15:10:52.018] [KSPCommunityFixes] Patch ModuleAnimateGenericCrewModSpawnIVA applied.
[LOG 15:10:52.019] [KSPCommunityFixes] Patch ModuleActiveRadiatorNoParentException applied.
[LOG 15:10:52.023] [KSPCommunityFixes] Patch MapTargetBodyWithEncounter applied.
[LOG 15:10:52.026] [KSPCommunityFixes] Patch LostSoundAfterSceneSwitch applied.
[LOG 15:10:52.034] [KSPCommunityFixes] Patch LadderToggleableLight applied.
[LOG 15:10:52.050] [KSPCommunityFixes] Patch InventoryPartMass applied.
[LOG 15:10:52.059] [KSPCommunityFixes] Patch HarvesterECConsumption applied.
[LOG 15:10:52.061] [KSPCommunityFixes] Patch FixGetUnivseralTime applied.
[LOG 15:10:52.073] [KSPCommunityFixes] Patch ExtendedDeployableParts applied.
[LOG 15:10:52.075] [KSPCommunityFixes] Patch PropellantFlowDescription applied.
[LOG 15:10:52.100] [KSPCommunityFixes] Patch OptimisedVectorLines applied.
[LOG 15:10:52.108] [KSPCommunityFixes] Patch ModuleDockingNodeFindOtherNodesFaster applied.
[LOG 15:10:52.113] [KSPCommunityFixes] Patch ModuleColorChangerOptimization applied.
[LOG 15:10:52.120] [KSPCommunityFixes] Patch AutoSavedCraftNameAtLaunch applied.
[LOG 15:10:52.143] [KSPCommunityFixes] Patch PAWCollapsedInventories applied.
[LOG 15:10:52.148] [KSPCommunityFixes] Patch UIFloatEditNumericInput applied.
[LOG 15:10:52.175] [KSPCommunityFixes] Patch PAWStockGroups applied.
[LOG 15:10:52.187] [KSPCommunityFixes] Patch AltimeterHorizontalPosition applied.
[LOG 15:10:52.196] [KSPCommunityFixes] Patch SceneLoadSpeedBoost applied.
[LOG 15:10:52.244] [KSPCommunityFixes] Patch OnDemandPartBuoyancy applied.
[LOG 15:10:52.245] [KSPCommunityFixes] Patch ForceSyncSceneSwitch applied.
[LOG 15:10:52.245] [KSPCommunityFixes] Patch FewerSaves not applied (not enabled in Settings.cfg)
[LOG 15:10:52.247] [KSPCommunityFixes] Patch WheelInertiaLimit applied.
[LOG 15:10:52.247] [KSPCommunityFixes] Patch StockAlarmCustomFormatterDate isn't applicable to this KSP version.
[LOG 15:10:52.256] [KSPCommunityFixes] Patch ROCValidationOOR applied.
[LOG 15:10:52.263] [KSPCommunityFixes] Patch ZeroCostTechNodes applied.
[LOG 15:10:52.265] [KSPCommunityFixes] Patch ReactionWheelsPotentialTorque applied.
[LOG 15:10:52.279] [KSPCommunityFixes] Patch PAWGroupMemory applied.
[LOG 15:10:52.329] [KSPCommunityFixes] Patch PartStartStability applied.
[LOG 15:10:52.338] [KSPCommunityFixes] Patch PartBoundsIgnoreDisabledTransforms applied.
[LOG 15:10:52.388] [KSPCommunityFixes] Patch ModuleIndexingMismatch applied.
[LOG 15:10:52.393] [KSPCommunityFixes] Patch MapSOCorrectWrapping applied.
[LOG 15:10:52.394] [KSPCommunityFixes] Patch KerbalTooltipMaxSustainedG applied.
[LOG 15:10:52.397] [KSPCommunityFixes] Patch KerbalInventoryPersistence applied.
[LOG 15:10:52.397] [KSPCommunityFixes] Patch FlightSceneLoadKraken not applied (not enabled in Settings.cfg)
[LOG 15:10:52.401] [KSPCommunityFixes] Patch FIUpdateRadiation applied.
[LOG 15:10:52.403] [KSPCommunityFixes] Patch FastAndFixedEnumExtensions applied.
[LOG 15:10:52.446] [KSPCommunityFixes] Patch DeltaVHideWhenDisabled applied.
[LOG 15:10:52.451] [KSPCommunityFixes] Patch BlockMapViewPartClick applied.
[LOG 15:10:52.455] [KSPCommunityFixes] Patch PAWItemsOrder applied.
[LOG 15:10:52.517] [KSPCommunityFixes] Patch BetterEditorUndoRedo applied.
[LOG 15:10:52.530] [KSPCommunityFixes] Patch AutostrutActions applied.
[LOG 15:10:52.530] [KSPCommunityFixes] Patch DisableNewGameIntro not applied (not enabled in Settings.cfg)
[LOG 15:10:52.585] [KSPCommunityFixes] Patch MinorPerfTweaks applied.
[LOG 15:10:52.697] [KSPCommunityFixes] Patch MemoryLeaks applied.
[LOG 15:10:52.706] [KSPCommunityFixes] Patch LowerMinPhysicsDTPerFrame applied.
[LOG 15:10:52.711] [KSPCommunityFixes] Patch LocalizerPerf applied.
[LOG 15:10:52.713] [KSPCommunityFixes] Patch IMGUIOptimization applied.
[LOG 15:10:52.733] [KSPCommunityFixes] Patch FloatingOriginPerf applied.
[LOG 15:10:52.817] [KSPCommunityFixes] Patch FlightIntegratorPerf applied.
[LOG 15:10:52.823] [KSPCommunityFixes] Patch FasterPartFindTransform applied.
[LOG 15:10:52.837] [KSPCommunityFixes] Patch FasterEditorPartList applied.
[LOG 15:10:52.839] [KSPCommunityFixes] Patch ExpansionBundlePreload applied.
[LOG 15:10:52.852] [KSPCommunityFixes] Patch DragCubeGeneration applied.
[LOG 15:10:52.857] [KSPCommunityFixes] Patch DisableMapUpdateInFlight applied.
[LOG 15:10:52.858] [KSPCommunityFixes] Patch DisableHiddenPortraits applied.
[LOG 15:10:52.859] [KSPCommunityFixes] Patch DisableManeuverTool applied.
[LOG 15:10:52.886] [KSPCommunityFixes] Patch CraftBrowserOptimisations applied.
[LOG 15:10:52.890] [KSPCommunityFixes] Patch CommNetThrottling applied.
[LOG 15:10:52.896] [KSPCommunityFixes] Patch FairingMouseOverPersistence applied.
[LOG 15:10:52.917] [KSPCommunityFixes] Patch OptionalMakingHistoryDLCFeatures applied.
[LOG 15:10:52.924] [KSPCommunityFixes] Patch ResourceLockActions applied.
[LOG 15:10:52.940] [KSPCommunityFixes] Patch ShowContractFinishDates applied.
[LOG 15:10:52.952] [KSPCommunityFixes] Patch TargetParentBody applied.
[LOG 15:10:52.973] [KSPCommunityFixes] Patch ToolbarShowHide applied.
[LOG 15:10:52.976] [KSPCommunityFixes] Patch ContractProgressEnumCache applied.
[LOG 15:10:52.987] [KSPCommunityFixes] Patch ActiveRadiatorPerf applied.
[LOG 15:10:52.992] [KSPCommunityFixes] Patch CargoBayPerf applied.
[LOG 15:10:53.003] [KSPCommunityFixes] Patch CollisionEnhancerFastUpdate applied.
[LOG 15:10:53.009] [KSPCommunityFixes] Patch CollisionManagerFastUpdate applied.
[LOG 15:10:53.015] [KSPCommunityFixes] Patch AsteroidAndCometDrillCache applied.
[LOG 15:10:53.029] [KSPCommunityFixes] Patch TweakableWheelsAutostrut applied.
[LOG 15:10:53.063] [KSPCommunityFixes] Patch PatchSettings applied.
[LOG 15:10:53.112] [KSPCommunityFixes] Patch UpgradeBugs applied.
[LOG 15:10:53.112] [KSPCommunityFixes] Patch PartTooltipUpgradesApplyToSubstituteParts not applied (not enabled in Settings.cfg)
[LOG 15:10:53.191] [ModuleManager] Calling ConfigNodePerf.ModuleManagerPostLoad()
[LOG 15:10:53.193] [ModuleManager] Post patch ran in 1.722s
[LOG 15:10:53.217] PartLoader: Creating part database
[LOG 15:10:53.218] PartLoader: Compiling Part 'Squad/Parts/Aero/aerodynamicNoseCone/aerodynamicNoseCone/noseCone'
[LOG 15:10:53.240] EffectList: Created 15 effect types
[LOG 15:10:53.347] PartLoader: Part 'Squad/Parts/Aero/aerodynamicNoseCone/aerodynamicNoseCone/noseCone' has no database record. Creating.
[LOG 15:10:53.347] [DragCubeSystem]: Drag cubes not found or cannot be read for part Part. Generating New drag cubes.
[LOG 15:10:53.348] [KSPCF/DragCubeGeneration] Creating drag cubes for part 'noseCone'
[LOG 15:10:53.394] PartLoader: Compiling Part 'Squad/Parts/Aero/airbrake/Airbrake/airbrake1'
[LOG 15:10:53.425] PartLoader: Part 'Squad/Parts/Aero/airbrake/Airbrake/airbrake1' has no database record. Creating.
[LOG 15:10:53.426] [DragCubeSystem]: Drag cubes not found or cannot be read for part Part. Generating New drag cubes.
[LOG 15:10:53.426] [KSPCF/DragCubeGeneration] Creating drag cubes for part 'airbrake1'
[LOG 15:10:53.468] PartLoader: Compiling Part 'Squad/Parts/Aero/airIntakeRadialXM-G50/airIntakeRadialXM-G50/airScoop'
[LOG 15:10:53.484] PartLoader: Part 'Squad/Parts/Aero/airIntakeRadialXM-G50/airIntakeRadialXM-G50/airScoop' has no database record. Creating.
[LOG 15:10:53.484] [DragCubeSystem]: Drag cubes not found or cannot be read for part Part. Generating New drag cubes.
[LOG 15:10:53.484] [KSPCF/DragCubeGeneration] Creating drag cubes for part 'airScoop'
[LOG 15:10:53.497] PartLoader: Compiling Part 'Squad/Parts/Aero/airlinerWings/ControlSurface/airlinerCtrlSrf'
[LOG 15:10:53.510] PartLoader: Part 'Squad/Parts/Aero/airlinerWings/ControlSurface/airlinerCtrlSrf' has no database record. Creating.
[LOG 15:10:53.511] [DragCubeSystem]: Drag cubes not found or cannot be read for part Part. Generating New drag cubes.
[LOG 15:10:53.511] [KSPCF/DragCubeGeneration] Creating drag cubes for part 'airlinerCtrlSrf'
[LOG 15:10:53.543] PartLoader: Compiling Part 'Squad/Parts/Aero/airlinerWings/MainWing/airlinerMainWing'
[LOG 15:10:53.553] PartLoader: Part 'Squad/Parts/Aero/airlinerWings/MainWing/airlinerMainWing' has no database record. Creating.
[LOG 15:10:53.553] [DragCubeSystem]: Drag cubes not found or cannot be read for part Part. Generating New drag cubes.
[LOG 15:10:53.554] [KSPCF/DragCubeGeneration] Creating drag cubes for part 'airlinerMainWing'
[LOG 15:10:53.559] PartLoader: Compiling Part 'Squad/Parts/Aero/airlinerWings/TailFin/airlinerTailFin'
[LOG 15:10:53.576] PartLoader: Part 'Squad/Parts/Aero/airlinerWings/TailFin/airlinerTailFin' has no database record. Creating.
[LOG 15:10:53.576] [DragCubeSystem]: Drag cubes not found or cannot be read for part Part. Generating New drag cubes.
[LOG 15:10:53.576] [KSPCF/DragCubeGeneration] Creating drag cubes for part 'airlinerTailFin'
[LOG 15:10:53.605] PartLoader: Compiling Part 'Squad/Parts/Aero/airplaneFins/advancedCanard/AdvancedCanard'
[LOG 15:10:53.609] PartLoader: Part 'Squad/Parts/Aero/airplaneFins/advancedCanard/AdvancedCanard' has no database record. Creating.
[LOG 15:10:53.609] [DragCubeSystem]: Drag cubes not found or cannot be read for part Part. Generating New drag cubes.
[LOG 15:10:53.609] [KSPCF/DragCubeGeneration] Creating drag cubes for part 'AdvancedCanard'
[LOG 15:10:53.637] PartLoader: Compiling Part 'Squad/Parts/Aero/airplaneFins/standardCanard/CanardController'
[LOG 15:10:53.656] PartLoader: Part 'Squad/Parts/Aero/airplaneFins/standardCanard/CanardController' has no database record. Creating.
[LOG 15:10:53.656] [DragCubeSystem]: Drag cubes not found or cannot be read for part Part. Generating New drag cubes.
[LOG 15:10:53.656] [KSPCF/DragCubeGeneration] Creating drag cubes for part 'CanardController'
[LOG 15:10:53.675] PartLoader: Compiling Part 'Squad/Parts/Aero/airplaneFins/sweptWing/sweptWing'
[LOG 15:10:53.680] PartLoader: Part 'Squad/Parts/Aero/airplaneFins/sweptWing/sweptWing' has no database record. Creating.
[LOG 15:10:53.680] [DragCubeSystem]: Drag cubes not found or cannot be read for part Part. Generating New drag cubes.
[LOG 15:10:53.680] [KSPCF/DragCubeGeneration] Creating drag cubes for part 'sweptWing'
[LOG 15:10:53.685] PartLoader: Compiling Part 'Squad/Parts/Aero/airplaneFins/tailfin/tailfin'
[LOG 15:10:53.691] PartLoader: Part 'Squad/Parts/Aero/airplaneFins/tailfin/tailfin' has no database record. Creating.
[LOG 15:10:53.691] [DragCubeSystem]: Drag cubes not found or cannot be read for part Part. Generating New drag cubes.
[LOG 15:10:53.692] [KSPCF/DragCubeGeneration] Creating drag cubes for part 'tailfin'
[LOG 15:10:53.710] PartLoader: Compiling Part 'Squad/Parts/Aero/basicFin/basicFin/basicFin'
[LOG 15:10:53.715] PartLoader: Part 'Squad/Parts/Aero/basicFin/basicFin/basicFin' has no database record. Creating.
[LOG 15:10:53.715] [DragCubeSystem]: Drag cubes not found or cannot be read for part Part. Generating New drag cubes.
[LOG 15:10:53.715] [KSPCF/DragCubeGeneration] Creating drag cubes for part 'basicFin'
[LOG 15:10:53.720] PartLoader: Compiling Part 'Squad/Parts/Aero/circularIntake/circularIntake/CircularIntake'
[LOG 15:10:53.730] PartLoader: Part 'Squad/Parts/Aero/circularIntake/circularIntake/CircularIntake' has no database record. Creating.
[LOG 15:10:53.732] PartLoader: Compiling Part 'Squad/Parts/Aero/circularIntake/intakeShockCone/shockConeIntake'
[LOG 15:10:53.736] PartLoader: Part 'Squad/Parts/Aero/circularIntake/intakeShockCone/shockConeIntake' has no database record. Creating.
[LOG 15:10:53.737] PartLoader: Compiling Part 'Squad/Parts/Aero/cones/avionicsNoseCone/avionicsNoseCone'
[LOG 15:10:53.757] PartLoader: Part 'Squad/Parts/Aero/cones/avionicsNoseCone/avionicsNoseCone' has no database record. Creating.
[LOG 15:10:53.757] [DragCubeSystem]: Drag cubes not found or cannot be read for part Part. Generating New drag cubes.
[LOG 15:10:53.757] [KSPCF/DragCubeGeneration] Creating drag cubes for part 'avionicsNoseCone'
[LOG 15:10:53.766] PartLoader: Compiling Part 'Squad/Parts/Aero/cones/ConeA/pointyNoseConeA'
[LOG 15:10:53.771] PartLoader: Part 'Squad/Parts/Aero/cones/ConeA/pointyNoseConeA' has no database record. Creating.
[LOG 15:10:53.771] [DragCubeSystem]: Drag cubes not found or cannot be read for part Part. Generating New drag cubes.
[LOG 15:10:53.771] [KSPCF/DragCubeGeneration] Creating drag cubes for part 'pointyNoseConeA'
[LOG 15:10:53.776] PartLoader: Compiling Part 'Squad/Parts/Aero/cones/ConeB/pointyNoseConeB'
[LOG 15:10:53.781] PartLoader: Part 'Squad/Parts/Aero/cones/ConeB/pointyNoseConeB' has no database record. Creating.
[LOG 15:10:53.781] [DragCubeSystem]: Drag cubes not found or cannot be read for part Part. Generating New drag cubes.
[LOG 15:10:53.781] [KSPCF/DragCubeGeneration] Creating drag cubes for part 'pointyNoseConeB'
[LOG 15:10:53.787] PartLoader: Compiling Part 'Squad/Parts/Aero/cones/noseConeAdapter/noseConeAdapter'
[LOG 15:10:53.792] PartLoader: Part 'Squad/Parts/Aero/cones/noseConeAdapter/noseConeAdapter' has no database record. Creating.
[LOG 15:10:53.792] [DragCubeSystem]: Drag cubes not found or cannot be read for part Part. Generating New drag cubes.
[LOG 15:10:53.792] [KSPCF/DragCubeGeneration] Creating drag cubes for part 'noseConeAdapter'
[LOG 15:10:53.797] PartLoader: Compiling Part 'Squad/Parts/Aero/cones/protectiveRocketNoseMk7_v2/rocketNoseCone_v2'
[LOG 15:10:53.802] PartLoader: Part 'Squad/Parts/Aero/cones/protectiveRocketNoseMk7_v2/rocketNoseCone_v2' has no database record. Creating.
[LOG 15:10:53.802] [DragCubeSystem]: Drag cubes not found or cannot be read for part Part. Generating New drag cubes.
[LOG 15:10:53.802] [KSPCF/DragCubeGeneration] Creating drag cubes for part 'rocketNoseCone.v2'
[LOG 15:10:53.808] PartLoader: Compiling Part 'Squad/Parts/Aero/cones/protectiveRocketNoseMk7_v3/rocketNoseCone_v3'
[LOG 15:10:53.812] PartLoader: Part 'Squad/Parts/Aero/cones/protectiveRocketNoseMk7_v3/rocketNoseCone_v3' has no database record. Creating.
[LOG 15:10:53.813] [DragCubeSystem]: Drag cubes not found or cannot be read for part Part. Generating New drag cubes.
[LOG 15:10:53.813] [KSPCF/DragCubeGeneration] Creating drag cubes for part 'rocketNoseCone.v3'
[LOG 15:10:53.818] PartLoader: Compiling Part 'Squad/Parts/Aero/cones/rocketNoseCone_size3/rocketNoseConeSize3'
[LOG 15:10:53.822] PartLoader: Part 'Squad/Parts/Aero/cones/rocketNoseCone_size3/rocketNoseConeSize3' has no database record. Creating.
[LOG 15:10:53.823] [DragCubeSystem]: Drag cubes not found or cannot be read for part Part. Generating New drag cubes.
[LOG 15:10:53.823] [KSPCF/DragCubeGeneration] Creating drag cubes for part 'rocketNoseConeSize3'
[LOG 15:10:53.829] PartLoader: Compiling Part 'Squad/Parts/Aero/cones/smallNoseCone/standardNoseCone'
[LOG 15:10:53.834] PartLoader: Part 'Squad/Parts/Aero/cones/smallNoseCone/standardNoseCone' has no database record. Creating.
[LOG 15:10:53.834] [DragCubeSystem]: Drag cubes not found or cannot be read for part Part. Generating New drag cubes.
[LOG 15:10:53.834] [KSPCF/DragCubeGeneration] Creating drag cubes for part 'standardNoseCone'
[LOG 15:10:53.840] PartLoader: Compiling Part 'Squad/Parts/Aero/cones/tailConnectorA/airplaneTail'
[LOG 15:10:53.844] PartLoader: Part 'Squad/Parts/Aero/cones/tailConnectorA/airplaneTail' has no database record. Creating.
[LOG 15:10:53.844] [DragCubeSystem]: Drag cubes not found or cannot be read for part Part. Generating New drag cubes.
[LOG 15:10:53.844] [KSPCF/DragCubeGeneration] Creating drag cubes for part 'airplaneTail'
[LOG 15:10:53.849] PartLoader: Compiling Part 'Squad/Parts/Aero/cones/tailConnectorB/airplaneTailB'
[LOG 15:10:53.853] PartLoader: Part 'Squad/Parts/Aero/cones/tailConnectorB/airplaneTailB' has no database record. Creating.
[LOG 15:10:53.853] [DragCubeSystem]: Drag cubes not found or cannot be read for part Part. Generating New drag cubes.
[LOG 15:10:53.853] [KSPCF/DragCubeGeneration] Creating drag cubes for part 'airplaneTailB'
[LOG 15:10:53.858] PartLoader: Compiling Part 'Squad/Parts/Aero/fairings/fairingSize1/fairingSize1'
[LOG 15:10:53.909] PartLoader: Part 'Squad/Parts/Aero/fairings/fairingSize1/fairingSize1' has no database record. Creating.
[LOG 15:10:53.909] [DragCubeSystem]: Drag cubes not found or cannot be read for part Part. Generating New drag cubes.
[LOG 15:10:53.909] [KSPCF/DragCubeGeneration] Creating drag cubes for part 'fairingSize1'
[LOG 15:10:53.915] PartLoader: Compiling Part 'Squad/Parts/Aero/fairings/fairingSize2/fairingSize2'
[LOG 15:10:53.931] PartLoader: Part 'Squad/Parts/Aero/fairings/fairingSize2/fairingSize2' has no database record. Creating.
[LOG 15:10:53.931] [DragCubeSystem]: Drag cubes not found or cannot be read for part Part. Generating New drag cubes.
[LOG 15:10:53.931] [KSPCF/DragCubeGeneration] Creating drag cubes for part 'fairingSize2'
[LOG 15:10:53.936] PartLoader: Compiling Part 'Squad/Parts/Aero/fairings/fairingSize3/fairingSize3'
[LOG 15:10:53.952] PartLoader: Part 'Squad/Parts/Aero/fairings/fairingSize3/fairingSize3' has no database record. Creating.
[LOG 15:10:53.952] [DragCubeSystem]: Drag cubes not found or cannot be read for part Part. Generating New drag cubes.
[LOG 15:10:53.952] [KSPCF/DragCubeGeneration] Creating drag cubes for part 'fairingSize3'
[LOG 15:10:53.957] PartLoader: Compiling Part 'Squad/Parts/Aero/HeatShield/HeatShield0/HeatShield0'
[LOG 15:10:53.975] PartLoader: Part 'Squad/Parts/Aero/HeatShield/HeatShield0/HeatShield0' has no database record. Creating.
[LOG 15:10:53.975] [DragCubeSystem]: Drag cubes not found or cannot be read for part Part. Generating New drag cubes.
[LOG 15:10:53.976] [KSPCF/DragCubeGeneration] Creating drag cubes for part 'HeatShield0'
[LOG 15:10:53.983] PartLoader: Compiling Part 'Squad/Parts/Aero/HeatShield/HeatShield1/HeatShield1'
[LOG 15:10:54.002] PartLoader: Part 'Squad/Parts/Aero/HeatShield/HeatShield1/HeatShield1' has no database record. Creating.
[LOG 15:10:54.002] [DragCubeSystem]: Drag cubes not found or cannot be read for part Part. Generating New drag cubes.
[LOG 15:10:54.003] [KSPCF/DragCubeGeneration] Creating drag cubes for part 'HeatShield1'
[LOG 15:10:54.017] PartLoader: Compiling Part 'Squad/Parts/Aero/HeatShield/HeatShield2/HeatShield2'
[LOG 15:10:54.025] PartLoader: Part 'Squad/Parts/Aero/HeatShield/HeatShield2/HeatShield2' has no database record. Creating.
[LOG 15:10:54.025] [DragCubeSystem]: Drag cubes not found or cannot be read for part Part. Generating New drag cubes.
[LOG 15:10:54.026] [KSPCF/DragCubeGeneration] Creating drag cubes for part 'HeatShield2'
[LOG 15:10:54.040] PartLoader: Compiling Part 'Squad/Parts/Aero/HeatShield/HeatShield3/HeatShield3'
[LOG 15:10:54.048] PartLoader: Part 'Squad/Parts/Aero/HeatShield/HeatShield3/HeatShield3' has no database record. Creating.
[LOG 15:10:54.048] [DragCubeSystem]: Drag cubes not found or cannot be read for part Part. Generating New drag cubes.
[LOG 15:10:54.048] [KSPCF/DragCubeGeneration] Creating drag cubes for part 'HeatShield3'
[LOG 15:10:54.062] PartLoader: Compiling Part 'Squad/Parts/Aero/InflatableHeatShield/HeatShield/InflatableHeatShield'
[LOG 15:10:54.076] PartLoader: Part 'Squad/Parts/Aero/InflatableHeatShield/HeatShield/InflatableHeatShield' has no database record. Creating.
[LOG 15:10:54.076] [DragCubeSystem]: Drag cubes not found or cannot be read for part Part. Generating New drag cubes.
[LOG 15:10:54.076] [KSPCF/DragCubeGeneration] Creating drag cubes for part 'InflatableHeatShield'
[LOG 15:10:54.091] PartLoader: Compiling Part 'Squad/Parts/Aero/intakeRadialLong/intakeRadialLong/IntakeRadialLong'
[LOG 15:10:54.095] PartLoader: Part 'Squad/Parts/Aero/intakeRadialLong/intakeRadialLong/IntakeRadialLong' has no database record. Creating.
[LOG 15:10:54.095] [DragCubeSystem]: Drag cubes not found or cannot be read for part Part. Generating New drag cubes.
[LOG 15:10:54.095] [KSPCF/DragCubeGeneration] Creating drag cubes for part 'IntakeRadialLong'
[LOG 15:10:54.100] PartLoader: Compiling Part 'Squad/Parts/Aero/miniIntake/SmallIntake/miniIntake'
[LOG 15:10:54.104] PartLoader: Part 'Squad/Parts/Aero/miniIntake/SmallIntake/miniIntake' has no database record. Creating.
[LOG 15:10:54.105] PartLoader: Compiling Part 'Squad/Parts/Aero/ramAirIntake/ramAirIntake/ramAirIntake'
[LOG 15:10:54.110] PartLoader: Part 'Squad/Parts/Aero/ramAirIntake/ramAirIntake/ramAirIntake' has no database record. Creating.
[LOG 15:10:54.110] PartLoader: Compiling Part 'Squad/Parts/Aero/shuttleWings/delta/wingShuttleDelta'
[LOG 15:10:54.113] PartLoader: Part 'Squad/Parts/Aero/shuttleWings/delta/wingShuttleDelta' has no database record. Creating.
[LOG 15:10:54.113] [DragCubeSystem]: Drag cubes not found or cannot be read for part Part. Generating New drag cubes.
[LOG 15:10:54.113] [KSPCF/DragCubeGeneration] Creating drag cubes for part 'wingShuttleDelta'
[LOG 15:10:54.117] PartLoader: Compiling Part 'Squad/Parts/Aero/shuttleWings/elevon1/wingShuttleElevon1'
[LOG 15:10:54.122] PartLoader: Part 'Squad/Parts/Aero/shuttleWings/elevon1/wingShuttleElevon1' has no database record. Creating.
[LOG 15:10:54.122] [DragCubeSystem]: Drag cubes not found or cannot be read for part Part. Generating New drag cubes.
[LOG 15:10:54.122] [KSPCF/DragCubeGeneration] Creating drag cubes for part 'wingShuttleElevon1'
[LOG 15:10:54.138] PartLoader: Compiling Part 'Squad/Parts/Aero/shuttleWings/elevon2/wingShuttleElevon2'
[LOG 15:10:54.143] PartLoader: Part 'Squad/Parts/Aero/shuttleWings/elevon2/wingShuttleElevon2' has no database record. Creating.
[LOG 15:10:54.143] [DragCubeSystem]: Drag cubes not found or cannot be read for part Part. Generating New drag cubes.
[LOG 15:10:54.143] [KSPCF/DragCubeGeneration] Creating drag cubes for part 'wingShuttleElevon2'
[LOG 15:10:54.160] PartLoader: Compiling Part 'Squad/Parts/Aero/shuttleWings/rudder/wingShuttleRudder'
[LOG 15:10:54.165] PartLoader: Part 'Squad/Parts/Aero/shuttleWings/rudder/wingShuttleRudder' has no database record. Creating.
[LOG 15:10:54.165] [DragCubeSystem]: Drag cubes not found or cannot be read for part Part. Generating New drag cubes.
[LOG 15:10:54.165] [KSPCF/DragCubeGeneration] Creating drag cubes for part 'wingShuttleRudder'
[LOG 15:10:54.180] PartLoader: Compiling Part 'Squad/Parts/Aero/shuttleWings/strake/wingShuttleStrake'
[LOG 15:10:54.184] PartLoader: Part 'Squad/Parts/Aero/shuttleWings/strake/wingShuttleStrake' has no database record. Creating.
[LOG 15:10:54.184] [DragCubeSystem]: Drag cubes not found or cannot be read for part Part. Generating New drag cubes.
[LOG 15:10:54.185] [KSPCF/DragCubeGeneration] Creating drag cubes for part 'wingShuttleStrake'
[LOG 15:10:54.189] PartLoader: Compiling Part 'Squad/Parts/Aero/wingletAV-R8/wingletAV-R8/R8winglet'
[LOG 15:10:54.195] PartLoader: Part 'Squad/Parts/Aero/wingletAV-R8/wingletAV-R8/R8winglet' has no database record. Creating.
[LOG 15:10:54.195] [DragCubeSystem]: Drag cubes not found or cannot be read for part Part. Generating New drag cubes.
[LOG 15:10:54.195] [KSPCF/DragCubeGeneration] Creating drag cubes for part 'R8winglet'
[LOG 15:10:54.212] PartLoader: Compiling Part 'Squad/Parts/Aero/wingletAV-T1/wingletAV-T1/winglet'
[LOG 15:10:54.216] PartLoader: Part 'Squad/Parts/Aero/wingletAV-T1/wingletAV-T1/winglet' has no database record. Creating.
[LOG 15:10:54.216] [DragCubeSystem]: Drag cubes not found or cannot be read for part Part. Generating New drag cubes.
[LOG 15:10:54.216] [KSPCF/DragCubeGeneration] Creating drag cubes for part 'winglet'
[LOG 15:10:54.220] PartLoader: Compiling Part 'Squad/Parts/Aero/wingletDeltaDeluxe/wingletDeltaDeluxe/winglet3'
[LOG 15:10:54.225] PartLoader: Part 'Squad/Parts/Aero/wingletDeltaDeluxe/wingletDeltaDeluxe/winglet3' has no database record. Creating.
[LOG 15:10:54.225] [DragCubeSystem]: Drag cubes not found or cannot be read for part Part. Generating New drag cubes.
[LOG 15:10:54.225] [KSPCF/DragCubeGeneration] Creating drag cubes for part 'winglet3'
[LOG 15:10:54.241] PartLoader: Compiling Part 'Squad/Parts/Aero/wings/connector1/wingConnector'
[LOG 15:10:54.246] PartLoader: Part 'Squad/Parts/Aero/wings/connector1/wingConnector' has no database record. Creating.
[LOG 15:10:54.246] [DragCubeSystem]: Drag cubes not found or cannot be read for part Part. Generating New drag cubes.
[LOG 15:10:54.246] [KSPCF/DragCubeGeneration] Creating drag cubes for part 'wingConnector'
[LOG 15:10:54.250] PartLoader: Compiling Part 'Squad/Parts/Aero/wings/connector2/wingConnector2'
[LOG 15:10:54.255] PartLoader: Part 'Squad/Parts/Aero/wings/connector2/wingConnector2' has no database record. Creating.
[LOG 15:10:54.255] [DragCubeSystem]: Drag cubes not found or cannot be read for part Part. Generating New drag cubes.
[LOG 15:10:54.255] [KSPCF/DragCubeGeneration] Creating drag cubes for part 'wingConnector2'
[LOG 15:10:54.259] PartLoader: Compiling Part 'Squad/Parts/Aero/wings/connector3/wingConnector3'
[LOG 15:10:54.264] PartLoader: Part 'Squad/Parts/Aero/wings/connector3/wingConnector3' has no database record. Creating.
[LOG 15:10:54.264] [DragCubeSystem]: Drag cubes not found or cannot be read for part Part. Generating New drag cubes.
[LOG 15:10:54.264] [KSPCF/DragCubeGeneration] Creating drag cubes for part 'wingConnector3'
[LOG 15:10:54.268] PartLoader: Compiling Part 'Squad/Parts/Aero/wings/connector4/wingConnector4'
[LOG 15:10:54.273] PartLoader: Part 'Squad/Parts/Aero/wings/connector4/wingConnector4' has no database record. Creating.
[LOG 15:10:54.273] [DragCubeSystem]: Drag cubes not found or cannot be read for part Part. Generating New drag cubes.
[LOG 15:10:54.273] [KSPCF/DragCubeGeneration] Creating drag cubes for part 'wingConnector4'
[LOG 15:10:54.277] PartLoader: Compiling Part 'Squad/Parts/Aero/wings/connector5/wingConnector5'
[LOG 15:10:54.281] PartLoader: Part 'Squad/Parts/Aero/wings/connector5/wingConnector5' has no database record. Creating.
[LOG 15:10:54.281] [DragCubeSystem]: Drag cubes not found or cannot be read for part Part. Generating New drag cubes.
[LOG 15:10:54.281] [KSPCF/DragCubeGeneration] Creating drag cubes for part 'wingConnector5'
[LOG 15:10:54.286] PartLoader: Compiling Part 'Squad/Parts/Aero/wings/delta/deltaWing'
[LOG 15:10:54.290] PartLoader: Part 'Squad/Parts/Aero/wings/delta/deltaWing' has no database record. Creating.
[LOG 15:10:54.290] [DragCubeSystem]: Drag cubes not found or cannot be read for part Part. Generating New drag cubes.
[LOG 15:10:54.290] [KSPCF/DragCubeGeneration] Creating drag cubes for part 'deltaWing'
[LOG 15:10:54.294] PartLoader: Compiling Part 'Squad/Parts/Aero/wings/delta_small/delta_small'
[LOG 15:10:54.297] PartLoader: Part 'Squad/Parts/Aero/wings/delta_small/delta_small' has no database record. Creating.
[LOG 15:10:54.297] [DragCubeSystem]: Drag cubes not found or cannot be read for part Part. Generating New drag cubes.
[LOG 15:10:54.297] [KSPCF/DragCubeGeneration] Creating drag cubes for part 'delta.small'
[LOG 15:10:54.301] PartLoader: Compiling Part 'Squad/Parts/Aero/wings/elevon1/StandardCtrlSrf'
[LOG 15:10:54.307] PartLoader: Part 'Squad/Parts/Aero/wings/elevon1/StandardCtrlSrf' has no database record. Creating.
[LOG 15:10:54.307] [DragCubeSystem]: Drag cubes not found or cannot be read for part Part. Generating New drag cubes.
[LOG 15:10:54.307] [KSPCF/DragCubeGeneration] Creating drag cubes for part 'StandardCtrlSrf'
[LOG 15:10:54.322] PartLoader: Compiling Part 'Squad/Parts/Aero/wings/elevon2/elevon2'
[LOG 15:10:54.325] PartLoader: Part 'Squad/Parts/Aero/wings/elevon2/elevon2' has no database record. Creating.
[LOG 15:10:54.326] [DragCubeSystem]: Drag cubes not found or cannot be read for part Part. Generating New drag cubes.
[LOG 15:10:54.326] [KSPCF/DragCubeGeneration] Creating drag cubes for part 'elevon2'
[LOG 15:10:54.340] PartLoader: Compiling Part 'Squad/Parts/Aero/wings/elevon3/elevon3'
[LOG 15:10:54.346] PartLoader: Part 'Squad/Parts/Aero/wings/elevon3/elevon3' has no database record. Creating.
[LOG 15:10:54.346] [DragCubeSystem]: Drag cubes not found or cannot be read for part Part. Generating New drag cubes.
[LOG 15:10:54.346] [KSPCF/DragCubeGeneration] Creating drag cubes for part 'elevon3'
[LOG 15:10:54.362] PartLoader: Compiling Part 'Squad/Parts/Aero/wings/elevon4/smallCtrlSrf'
[LOG 15:10:54.370] PartLoader: Part 'Squad/Parts/Aero/wings/elevon4/smallCtrlSrf' has no database record. Creating.
[LOG 15:10:54.370] [DragCubeSystem]: Drag cubes not found or cannot be read for part Part. Generating New drag cubes.
[LOG 15:10:54.370] [KSPCF/DragCubeGeneration] Creating drag cubes for part 'smallCtrlSrf'
[LOG 15:10:54.386] PartLoader: Compiling Part 'Squad/Parts/Aero/wings/elevon5/elevon5'
[LOG 15:10:54.390] PartLoader: Part 'Squad/Parts/Aero/wings/elevon5/elevon5' has no database record. Creating.
[LOG 15:10:54.390] [DragCubeSystem]: Drag cubes not found or cannot be read for part Part. Generating New drag cubes.
[LOG 15:10:54.390] [KSPCF/DragCubeGeneration] Creating drag cubes for part 'elevon5'
[LOG 15:10:54.405] PartLoader: Compiling Part 'Squad/Parts/Aero/wings/strake/wingStrake'
[LOG 15:10:54.409] PartLoader: Part 'Squad/Parts/Aero/wings/strake/wingStrake' has no database record. Creating.
[LOG 15:10:54.409] [DragCubeSystem]: Drag cubes not found or cannot be read for part Part. Generating New drag cubes.
[LOG 15:10:54.409] [KSPCF/DragCubeGeneration] Creating drag cubes for part 'wingStrake'
[LOG 15:10:54.413] PartLoader: Compiling Part 'Squad/Parts/Aero/wings/structural1/structuralWing'
[LOG 15:10:54.416] PartLoader: Part 'Squad/Parts/Aero/wings/structural1/structuralWing' has no database record. Creating.
[LOG 15:10:54.416] [DragCubeSystem]: Drag cubes not found or cannot be read for part Part. Generating New drag cubes.
[LOG 15:10:54.416] [KSPCF/DragCubeGeneration] Creating drag cubes for part 'structuralWing'
[LOG 15:10:54.420] PartLoader: Compiling Part 'Squad/Parts/Aero/wings/structural2/structuralWing2'
[LOG 15:10:54.424] PartLoader: Part 'Squad/Parts/Aero/wings/structural2/structuralWing2' has no database record. Creating.
[LOG 15:10:54.424] [DragCubeSystem]: Drag cubes not found or cannot be read for part Part. Generating New drag cubes.
[LOG 15:10:54.424] [KSPCF/DragCubeGeneration] Creating drag cubes for part 'structuralWing2'
[LOG 15:10:54.428] PartLoader: Compiling Part 'Squad/Parts/Aero/wings/structural3/structuralWing3'
[LOG 15:10:54.433] PartLoader: Part 'Squad/Parts/Aero/wings/structural3/structuralWing3' has no database record. Creating.
[LOG 15:10:54.433] [DragCubeSystem]: Drag cubes not found or cannot be read for part Part. Generating New drag cubes.
[LOG 15:10:54.433] [KSPCF/DragCubeGeneration] Creating drag cubes for part 'structuralWing3'
[LOG 15:10:54.438] PartLoader: Compiling Part 'Squad/Parts/Aero/wings/structural4/structuralWing4'
[LOG 15:10:54.441] PartLoader: Part 'Squad/Parts/Aero/wings/structural4/structuralWing4' has no database record. Creating.
[LOG 15:10:54.441] [DragCubeSystem]: Drag cubes not found or cannot be read for part Part. Generating New drag cubes.
[LOG 15:10:54.441] [KSPCF/DragCubeGeneration] Creating drag cubes for part 'structuralWing4'
[LOG 15:10:54.445] PartLoader: Compiling Part 'Squad/Parts/Aero/wings/swept1/sweptWing1'
[LOG 15:10:54.448] PartLoader: Part 'Squad/Parts/Aero/wings/swept1/sweptWing1' has no database record. Creating.
[LOG 15:10:54.448] [DragCubeSystem]: Drag cubes not found or cannot be read for part Part. Generating New drag cubes.
[LOG 15:10:54.448] [KSPCF/DragCubeGeneration] Creating drag cubes for part 'sweptWing1'
[LOG 15:10:54.451] PartLoader: Compiling Part 'Squad/Parts/Aero/wings/swept2/sweptWing2'
[LOG 15:10:54.454] PartLoader: Part 'Squad/Parts/Aero/wings/swept2/sweptWing2' has no database record. Creating.
[LOG 15:10:54.454] [DragCubeSystem]: Drag cubes not found or cannot be read for part Part. Generating New drag cubes.
[LOG 15:10:54.454] [KSPCF/DragCubeGeneration] Creating drag cubes for part 'sweptWing2'
[LOG 15:10:54.458] PartLoader: Compiling Part 'Squad/Parts/Cargo/CargoContainers/cargoContainer/cargoContainer'
[WRN 15:10:54.460] [Part]: Cannot have ModuleCargoPart and ModuleInventoryPart on same Part [cargoContainer'. Removed ModuleCargoPart
[LOG 15:10:54.466] PartLoader: Part 'Squad/Parts/Cargo/CargoContainers/cargoContainer/cargoContainer' has no database record. Creating.
[LOG 15:10:54.466] [DragCubeSystem]: Drag cubes not found or cannot be read for part Part. Generating New drag cubes.
[LOG 15:10:54.467] [KSPCF/DragCubeGeneration] Creating drag cubes for part 'cargoContainer'
[LOG 15:10:54.473] PartLoader: Compiling Part 'Squad/Parts/Cargo/CargoContainers/smallCargoContainer/smallCargoContainer'
[WRN 15:10:54.475] [Part]: Cannot have ModuleCargoPart and ModuleInventoryPart on same Part [smallCargoContainer'. Removed ModuleCargoPart
[LOG 15:10:54.477] PartLoader: Part 'Squad/Parts/Cargo/CargoContainers/smallCargoContainer/smallCargoContainer' has no database record. Creating.
[LOG 15:10:54.477] [DragCubeSystem]: Drag cubes not found or cannot be read for part Part. Generating New drag cubes.
[LOG 15:10:54.477] [KSPCF/DragCubeGeneration] Creating drag cubes for part 'smallCargoContainer'
[LOG 15:10:54.482] PartLoader: Compiling Part 'Squad/Parts/Cargo/Cylinder/Cylinder/evaCylinder'
[LOG 15:10:54.486] PartLoader: Part 'Squad/Parts/Cargo/Cylinder/Cylinder/evaCylinder' has no database record. Creating.
[LOG 15:10:54.486] [DragCubeSystem]: Drag cubes not found or cannot be read for part Part. Generating New drag cubes.
[LOG 15:10:54.486] [KSPCF/DragCubeGeneration] Creating drag cubes for part 'evaCylinder'
[LOG 15:10:54.491] PartLoader: Compiling Part 'Squad/Parts/Cargo/GroundAnchor/groundAnchor/groundAnchor'
[LOG 15:10:54.516] PartLoader: Part 'Squad/Parts/Cargo/GroundAnchor/groundAnchor/groundAnchor' has no database record. Creating.
[LOG 15:10:54.516] [DragCubeSystem]: Drag cubes not found or cannot be read for part Part. Generating New drag cubes.
[LOG 15:10:54.516] [KSPCF/DragCubeGeneration] Creating drag cubes for part 'groundAnchor'
[LOG 15:10:54.529] PartLoader: Compiling Part 'Squad/Parts/Cargo/Jetpack/Jetpack/evaJetpack'
[LOG 15:10:54.533] PartLoader: Part 'Squad/Parts/Cargo/Jetpack/Jetpack/evaJetpack' has no database record. Creating.
[LOG 15:10:54.533] [DragCubeSystem]: Drag cubes not found or cannot be read for part Part. Generating New drag cubes.
[LOG 15:10:54.533] [KSPCF/DragCubeGeneration] Creating drag cubes for part 'evaJetpack'
[LOG 15:10:54.538] PartLoader: Compiling Part 'Squad/Parts/Cargo/Parachute/Parachute/evaChute'
[LOG 15:10:54.542] PartLoader: Part 'Squad/Parts/Cargo/Parachute/Parachute/evaChute' has no database record. Creating.
[LOG 15:10:54.542] [DragCubeSystem]: Drag cubes not found or cannot be read for part Part. Generating New drag cubes.
[LOG 15:10:54.542] [KSPCF/DragCubeGeneration] Creating drag cubes for part 'evaChute'
[LOG 15:10:54.546] PartLoader: Compiling Part 'Squad/Parts/Cargo/RepairKit/RepairKit/evaRepairKit'
[LOG 15:10:54.551] PartLoader: Part 'Squad/Parts/Cargo/RepairKit/RepairKit/evaRepairKit' has no database record. Creating.
[LOG 15:10:54.551] [DragCubeSystem]: Drag cubes not found or cannot be read for part Part. Generating New drag cubes.
[LOG 15:10:54.551] [KSPCF/DragCubeGeneration] Creating drag cubes for part 'evaRepairKit'
[LOG 15:10:54.556] PartLoader: Compiling Part 'Squad/Parts/Cargo/ScienceKit/evaScienceKit/evaScienceKit'
[LOG 15:10:54.561] PartLoader: Part 'Squad/Parts/Cargo/ScienceKit/evaScienceKit/evaScienceKit' has no database record. Creating.
[LOG 15:10:54.562] [DragCubeSystem]: Drag cubes not found or cannot be read for part Part. Generating New drag cubes.
[LOG 15:10:54.562] [KSPCF/DragCubeGeneration] Creating drag cubes for part 'evaScienceKit'
[LOG 15:10:54.566] PartLoader: Compiling Part 'Squad/Parts/Cargo/StorageUnits/CargoStorageUnit/CargoStorageUnit'
[WRN 15:10:54.568] [Part]: Cannot have ModuleCargoPart and ModuleInventoryPart on same Part [CargoStorageUnit'. Removed ModuleCargoPart
[LOG 15:10:54.569] PartLoader: Part 'Squad/Parts/Cargo/StorageUnits/CargoStorageUnit/CargoStorageUnit' has no database record. Creating.
[LOG 15:10:54.569] [DragCubeSystem]: Drag cubes not found or cannot be read for part Part. Generating New drag cubes.
[LOG 15:10:54.569] [KSPCF/DragCubeGeneration] Creating drag cubes for part 'CargoStorageUnit'
[LOG 15:10:54.574] PartLoader: Compiling Part 'Squad/Parts/Cargo/StorageUnits/ConformalStorageUnit/ConformalStorageUnit'
[WRN 15:10:54.580] [Part]: Cannot have ModuleCargoPart and ModuleInventoryPart on same Part [ConformalStorageUnit'. Removed ModuleCargoPart
[LOG 15:10:54.582] PartLoader: Part 'Squad/Parts/Cargo/StorageUnits/ConformalStorageUnit/ConformalStorageUnit' has no database record. Creating.
[LOG 15:10:54.582] [DragCubeSystem]: Drag cubes not found or cannot be read for part Part. Generating New drag cubes.
[LOG 15:10:54.582] [KSPCF/DragCubeGeneration] Creating drag cubes for part 'ConformalStorageUnit'
[LOG 15:10:54.587] PartLoader: Compiling Part 'Squad/Parts/Command/advancedSasModuleLarge/advSasModuleLarge/asasmodule1-2'
[LOG 15:10:54.593] PartLoader: Part 'Squad/Parts/Command/advancedSasModuleLarge/advSasModuleLarge/asasmodule1-2' has no database record. Creating.
[LOG 15:10:54.594] PartLoader: Compiling Part 'Squad/Parts/Command/cupola/cupola/cupola'
[LOG 15:10:54.619] PartLoader: Part 'Squad/Parts/Command/cupola/cupola/cupola' has no database record. Creating.
[LOG 15:10:54.619] [DragCubeSystem]: Drag cubes not found or cannot be read for part Part. Generating New drag cubes.
[LOG 15:10:54.619] [KSPCF/DragCubeGeneration] Creating drag cubes for part 'cupola'
[LOG 15:10:54.628] PartLoader: Compiling Part 'Squad/Parts/Command/externalCommandSeat/externalCommandSeat/seatExternalCmd'
[LOG 15:10:54.634] PartLoader: Part 'Squad/Parts/Command/externalCommandSeat/externalCommandSeat/seatExternalCmd' has no database record. Creating.
[LOG 15:10:54.634] [DragCubeSystem]: Drag cubes not found or cannot be read for part Part. Generating New drag cubes.
[LOG 15:10:54.634] [KSPCF/DragCubeGeneration] Creating drag cubes for part 'seatExternalCmd'
[LOG 15:10:54.639] PartLoader: Compiling Part 'Squad/Parts/Command/hitchhikerStorageContainer/hitchikerStorageContainer/crewCabin'
[LOG 15:10:54.645] PartLoader: Part 'Squad/Parts/Command/hitchhikerStorageContainer/hitchikerStorageContainer/crewCabin' has no database record. Creating.
[LOG 15:10:54.646] [DragCubeSystem]: Drag cubes not found or cannot be read for part Part. Generating New drag cubes.
[LOG 15:10:54.646] [KSPCF/DragCubeGeneration] Creating drag cubes for part 'crewCabin'
[LOG 15:10:54.652] PartLoader: Compiling Part 'Squad/Parts/Command/inlineAdvancedStabilizer/inlineAdvancedStabilizer/advSasModule'
[LOG 15:10:54.657] PartLoader: Part 'Squad/Parts/Command/inlineAdvancedStabilizer/inlineAdvancedStabilizer/advSasModule' has no database record. Creating.
[LOG 15:10:54.657] [DragCubeSystem]: Drag cubes not found or cannot be read for part Part. Generating New drag cubes.
[LOG 15:10:54.657] [KSPCF/DragCubeGeneration] Creating drag cubes for part 'advSasModule'
[LOG 15:10:54.662] PartLoader: Compiling Part 'Squad/Parts/Command/inlineReactionWheel/inlineReactionWheel/sasModule'
[LOG 15:10:54.665] PartLoader: Part 'Squad/Parts/Command/inlineReactionWheel/inlineReactionWheel/sasModule' has no database record. Creating.
[LOG 15:10:54.665] [DragCubeSystem]: Drag cubes not found or cannot be read for part Part. Generating New drag cubes.
[LOG 15:10:54.665] [KSPCF/DragCubeGeneration] Creating drag cubes for part 'sasModule'
[LOG 15:10:54.670] PartLoader: Compiling Part 'Squad/Parts/Command/Mk1-3Pod/mk1-3/mk1-3pod'
[LOG 15:10:54.701] PartLoader: Part 'Squad/Parts/Command/Mk1-3Pod/mk1-3/mk1-3pod' has no database record. Creating.
[LOG 15:10:54.701] [DragCubeSystem]: Drag cubes not found or cannot be read for part Part. Generating New drag cubes.
[LOG 15:10:54.701] [KSPCF/DragCubeGeneration] Creating drag cubes for part 'mk1-3pod'
[LOG 15:10:54.708] PartLoader: Compiling Part 'Squad/Parts/Command/mk1Cockpits/mk1Cockpit/Mark1Cockpit'
[WRN 15:10:54.711] [Part]: Cannot have ModuleCargoPart and ModuleInventoryPart on same Part [Mark1Cockpit'. Removed ModuleCargoPart
[LOG 15:10:54.715] PartLoader: Part 'Squad/Parts/Command/mk1Cockpits/mk1Cockpit/Mark1Cockpit' has no database record. Creating.
[LOG 15:10:54.715] [DragCubeSystem]: Drag cubes not found or cannot be read for part Part. Generating New drag cubes.
[LOG 15:10:54.715] [KSPCF/DragCubeGeneration] Creating drag cubes for part 'Mark1Cockpit'
[LOG 15:10:54.721] PartLoader: Compiling Part 'Squad/Parts/Command/mk1Cockpits/mk1CrewCabin/MK1CrewCabin'
[WRN 15:10:54.724] [Part]: Cannot have ModuleCargoPart and ModuleInventoryPart on same Part [MK1CrewCabin'. Removed ModuleCargoPart
[LOG 15:10:54.726] PartLoader: Part 'Squad/Parts/Command/mk1Cockpits/mk1CrewCabin/MK1CrewCabin' has no database record. Creating.
[LOG 15:10:54.726] [DragCubeSystem]: Drag cubes not found or cannot be read for part Part. Generating New drag cubes.
[LOG 15:10:54.726] [KSPCF/DragCubeGeneration] Creating drag cubes for part 'MK1CrewCabin'
[LOG 15:10:54.732] PartLoader: Compiling Part 'Squad/Parts/Command/mk1Cockpits/mk1InlineCockpit/Mark2Cockpit'
[WRN 15:10:54.737] [Part]: Cannot have ModuleCargoPart and ModuleInventoryPart on same Part [Mark2Cockpit'. Removed ModuleCargoPart
[LOG 15:10:54.743] PartLoader: Part 'Squad/Parts/Command/mk1Cockpits/mk1InlineCockpit/Mark2Cockpit' has no database record. Creating.
[LOG 15:10:54.743] [DragCubeSystem]: Drag cubes not found or cannot be read for part Part. Generating New drag cubes.
[LOG 15:10:54.743] [KSPCF/DragCubeGeneration] Creating drag cubes for part 'Mark2Cockpit'
[LOG 15:10:54.748] PartLoader: Compiling Part 'Squad/Parts/Command/mk1LanderCan/mk1LanderCan/landerCabinSmall'
[WRN 15:10:54.752] [Part]: Cannot have ModuleCargoPart and ModuleInventoryPart on same Part [landerCabinSmall'. Removed ModuleCargoPart
[LOG 15:10:54.755] PartLoader: Part 'Squad/Parts/Command/mk1LanderCan/mk1LanderCan/landerCabinSmall' has no database record. Creating.
[LOG 15:10:54.755] [DragCubeSystem]: Drag cubes not found or cannot be read for part Part. Generating New drag cubes.
[LOG 15:10:54.755] [KSPCF/DragCubeGeneration] Creating drag cubes for part 'landerCabinSmall'
[LOG 15:10:54.760] PartLoader: Compiling Part 'Squad/Parts/Command/mk1pod_v2/mk1Pod_v2/mk1pod_v2'
[WRN 15:10:54.763] [Part]: Cannot have ModuleCargoPart and ModuleInventoryPart on same Part [mk1pod.v2'. Removed ModuleCargoPart
[LOG 15:10:54.767] PartLoader: Part 'Squad/Parts/Command/mk1pod_v2/mk1Pod_v2/mk1pod_v2' has no database record. Creating.
[LOG 15:10:54.767] [DragCubeSystem]: Drag cubes not found or cannot be read for part Part. Generating New drag cubes.
[LOG 15:10:54.767] [KSPCF/DragCubeGeneration] Creating drag cubes for part 'mk1pod.v2'
[LOG 15:10:54.775] PartLoader: Compiling Part 'Squad/Parts/Command/mk2CockpitInline/mk2CockpitInline/mk2Cockpit_Inline'
[WRN 15:10:54.783] [Part]: Cannot have ModuleCargoPart and ModuleInventoryPart on same Part [mk2Cockpit.Inline'. Removed ModuleCargoPart
[LOG 15:10:54.787] PartLoader: Part 'Squad/Parts/Command/mk2CockpitInline/mk2CockpitInline/mk2Cockpit_Inline' has no database record. Creating.
[LOG 15:10:54.787] [DragCubeSystem]: Drag cubes not found or cannot be read for part Part. Generating New drag cubes.
[LOG 15:10:54.787] [KSPCF/DragCubeGeneration] Creating drag cubes for part 'mk2Cockpit.Inline'
[LOG 15:10:54.794] PartLoader: Compiling Part 'Squad/Parts/Command/mk2CockpitStandard/mk2CockpitStandard/mk2Cockpit_Standard'
[WRN 15:10:54.798] [Part]: Cannot have ModuleCargoPart and ModuleInventoryPart on same Part [mk2Cockpit.Standard'. Removed ModuleCargoPart
[LOG 15:10:54.801] PartLoader: Part 'Squad/Parts/Command/mk2CockpitStandard/mk2CockpitStandard/mk2Cockpit_Standard' has no database record. Creating.
[LOG 15:10:54.801] [DragCubeSystem]: Drag cubes not found or cannot be read for part Part. Generating New drag cubes.
[LOG 15:10:54.801] [KSPCF/DragCubeGeneration] Creating drag cubes for part 'mk2Cockpit.Standard'
[LOG 15:10:54.809] PartLoader: Compiling Part 'Squad/Parts/Command/mk2DroneCore/mk2Dronecore/mk2DroneCore'
[LOG 15:10:54.817] PartLoader: Part 'Squad/Parts/Command/mk2DroneCore/mk2Dronecore/mk2DroneCore' has no database record. Creating.
[LOG 15:10:54.819] PartLoader: Compiling Part 'Squad/Parts/Command/mk2LanderCan/mk2LanderCan/mk2LanderCabin'
[WRN 15:10:54.824] [Part]: Cannot have ModuleCargoPart and ModuleInventoryPart on same Part [mk2LanderCabin'. Removed ModuleCargoPart
[LOG 15:10:54.833] PartLoader: Part 'Squad/Parts/Command/mk2LanderCan/mk2LanderCan/mk2LanderCabin' has no database record. Creating.
[LOG 15:10:54.833] [DragCubeSystem]: Drag cubes not found or cannot be read for part Part. Generating New drag cubes.
[LOG 15:10:54.833] [KSPCF/DragCubeGeneration] Creating drag cubes for part 'mk2LanderCabin'
[LOG 15:10:54.840] PartLoader: Compiling Part 'Squad/Parts/Command/mk2LanderCan_v2/mk2LanderCan_v2/mk2LanderCabin_v2'
[WRN 15:10:54.845] [Part]: Cannot have ModuleCargoPart and ModuleInventoryPart on same Part [mk2LanderCabin.v2'. Removed ModuleCargoPart
[LOG 15:10:54.851] PartLoader: Part 'Squad/Parts/Command/mk2LanderCan_v2/mk2LanderCan_v2/mk2LanderCabin_v2' has no database record. Creating.
[LOG 15:10:54.851] [DragCubeSystem]: Drag cubes not found or cannot be read for part Part. Generating New drag cubes.
[LOG 15:10:54.851] [KSPCF/DragCubeGeneration] Creating drag cubes for part 'mk2LanderCabin.v2'
[LOG 15:10:54.858] PartLoader: Compiling Part 'Squad/Parts/Command/mk3CockpitShuttle/mk3CockpitShuttle/mk3Cockpit_Shuttle'
[LOG 15:10:54.875] PartLoader: Part 'Squad/Parts/Command/mk3CockpitShuttle/mk3CockpitShuttle/mk3Cockpit_Shuttle' has no database record. Creating.
[LOG 15:10:54.875] [DragCubeSystem]: Drag cubes not found or cannot be read for part Part. Generating New drag cubes.
[LOG 15:10:54.875] [KSPCF/DragCubeGeneration] Creating drag cubes for part 'mk3Cockpit.Shuttle'
[LOG 15:10:54.883] PartLoader: Compiling Part 'Squad/Parts/Command/MpoProbe/MpoProbe/MpoProbe'
[LOG 15:10:54.890] PartLoader: Part 'Squad/Parts/Command/MpoProbe/MpoProbe/MpoProbe' has no database record. Creating.
[LOG 15:10:54.891] [DragCubeSystem]: Drag cubes not found or cannot be read for part Part. Generating New drag cubes.
[LOG 15:10:54.891] [KSPCF/DragCubeGeneration] Creating drag cubes for part 'MpoProbe'
[LOG 15:10:54.897] PartLoader: Compiling Part 'Squad/Parts/Command/MtmStage/MTM_Stage/MtmStage'
[LOG 15:10:54.902] PartLoader: Part 'Squad/Parts/Command/MtmStage/MTM_Stage/MtmStage' has no database record. Creating.
[LOG 15:10:54.903] [DragCubeSystem]: Drag cubes not found or cannot be read for part Part. Generating New drag cubes.
[LOG 15:10:54.903] [KSPCF/DragCubeGeneration] Creating drag cubes for part 'MtmStage'
[LOG 15:10:54.909] PartLoader: Compiling Part 'Squad/Parts/Command/probeCoreCube/probeCoreCube/probeCoreCube'
[LOG 15:10:54.916] PartLoader: Part 'Squad/Parts/Command/probeCoreCube/probeCoreCube/probeCoreCube' has no database record. Creating.
[LOG 15:10:54.918] PartLoader: Compiling Part 'Squad/Parts/Command/probeCoreHex/probeCoreHex/probeCoreHex'
[LOG 15:10:54.926] PartLoader: Part 'Squad/Parts/Command/probeCoreHex/probeCoreHex/probeCoreHex' has no database record. Creating.
[LOG 15:10:54.926] [DragCubeSystem]: Drag cubes not found or cannot be read for part Part. Generating New drag cubes.
[LOG 15:10:54.926] [KSPCF/DragCubeGeneration] Creating drag cubes for part 'probeCoreHex'
[LOG 15:10:54.931] PartLoader: Compiling Part 'Squad/Parts/Command/probeCoreHex_v2/probeCoreHex_v2/probeCoreHex_v2'
[LOG 15:10:54.938] PartLoader: Part 'Squad/Parts/Command/probeCoreHex_v2/probeCoreHex_v2/probeCoreHex_v2' has no database record. Creating.
[LOG 15:10:54.938] [DragCubeSystem]: Drag cubes not found or cannot be read for part Part. Generating New drag cubes.
[LOG 15:10:54.938] [KSPCF/DragCubeGeneration] Creating drag cubes for part 'probeCoreHex.v2'
[LOG 15:10:54.944] PartLoader: Compiling Part 'Squad/Parts/Command/probeCoreOcto2_v2/probeCoreOcto2_v2/probeCoreOcto2_v2'
[LOG 15:10:54.950] PartLoader: Part 'Squad/Parts/Command/probeCoreOcto2_v2/probeCoreOcto2_v2/probeCoreOcto2_v2' has no database record. Creating.
[LOG 15:10:54.950] [DragCubeSystem]: Drag cubes not found or cannot be read for part Part. Generating New drag cubes.
[LOG 15:10:54.950] [KSPCF/DragCubeGeneration] Creating drag cubes for part 'probeCoreOcto2.v2'
[LOG 15:10:54.956] PartLoader: Compiling Part 'Squad/Parts/Command/probeCoreOcto_v2/probeCoreOcto_v2/probeCoreOcto_v2'
[LOG 15:10:54.963] PartLoader: Part 'Squad/Parts/Command/probeCoreOcto_v2/probeCoreOcto_v2/probeCoreOcto_v2' has no database record. Creating.
[LOG 15:10:54.964] [DragCubeSystem]: Drag cubes not found or cannot be read for part Part. Generating New drag cubes.
[LOG 15:10:54.964] [KSPCF/DragCubeGeneration] Creating drag cubes for part 'probeCoreOcto.v2'
[LOG 15:10:54.970] PartLoader: Compiling Part 'Squad/Parts/Command/probeRoverBody/probeRoverBody/roverBody'
[LOG 15:10:54.977] PartLoader: Part 'Squad/Parts/Command/probeRoverBody/probeRoverBody/roverBody' has no database record. Creating.
[LOG 15:10:54.977] [DragCubeSystem]: Drag cubes not found or cannot be read for part Part. Generating New drag cubes.
[LOG 15:10:54.977] [KSPCF/DragCubeGeneration] Creating drag cubes for part 'roverBody'
[LOG 15:10:54.981] PartLoader: Compiling Part 'Squad/Parts/Command/probeRoverBody_v2/probeRoverBody_v2/roverBody_v2'
[LOG 15:10:54.988] PartLoader: Part 'Squad/Parts/Command/probeRoverBody_v2/probeRoverBody_v2/roverBody_v2' has no database record. Creating.
[LOG 15:10:54.988] [DragCubeSystem]: Drag cubes not found or cannot be read for part Part. Generating New drag cubes.
[LOG 15:10:54.988] [KSPCF/DragCubeGeneration] Creating drag cubes for part 'roverBody.v2'
[LOG 15:10:55.006] PartLoader: Compiling Part 'Squad/Parts/Command/probeStackLarge/probeStackLarge/probeStackLarge'
[LOG 15:10:55.013] PartLoader: Part 'Squad/Parts/Command/probeStackLarge/probeStackLarge/probeStackLarge' has no database record. Creating.
[LOG 15:10:55.013] [DragCubeSystem]: Drag cubes not found or cannot be read for part Part. Generating New drag cubes.
[LOG 15:10:55.013] [KSPCF/DragCubeGeneration] Creating drag cubes for part 'probeStackLarge'
[LOG 15:10:55.018] PartLoader: Compiling Part 'Squad/Parts/Command/probeStackSmall/probeStackSmall/probeStackSmall'
[LOG 15:10:55.024] PartLoader: Part 'Squad/Parts/Command/probeStackSmall/probeStackSmall/probeStackSmall' has no database record. Creating.
[LOG 15:10:55.024] [DragCubeSystem]: Drag cubes not found or cannot be read for part Part. Generating New drag cubes.
[LOG 15:10:55.024] [KSPCF/DragCubeGeneration] Creating drag cubes for part 'probeStackSmall'
[LOG 15:10:55.030] PartLoader: Compiling Part 'Squad/Parts/Command/probeStackSphere_v2/probeStackSphere_v2/probeCoreSphere_v2'
[LOG 15:10:55.036] PartLoader: Part 'Squad/Parts/Command/probeStackSphere_v2/probeStackSphere_v2/probeCoreSphere_v2' has no database record. Creating.
[LOG 15:10:55.038] PartLoader: Compiling Part 'Squad/Parts/CompoundParts/FuelLine/fuelLine/fuelLine'
[LOG 15:10:55.061] PartLoader: Part 'Squad/Parts/CompoundParts/FuelLine/fuelLine/fuelLine' has no database record. Creating.
[LOG 15:10:55.061] [DragCubeSystem]: Drag cubes not found or cannot be read for part CompoundPart. Generating New drag cubes.
[LOG 15:10:55.061] [KSPCF/DragCubeGeneration] Creating drag cubes for part 'fuelLine'
[LOG 15:10:55.066] PartLoader: Compiling Part 'Squad/Parts/CompoundParts/strutConnector/strutConnector/strutConnector'
[LOG 15:10:55.072] PartLoader: Part 'Squad/Parts/CompoundParts/strutConnector/strutConnector/strutConnector' has no database record. Creating.
[LOG 15:10:55.072] [DragCubeSystem]: Drag cubes not found or cannot be read for part CompoundPart. Generating New drag cubes.
[LOG 15:10:55.072] [KSPCF/DragCubeGeneration] Creating drag cubes for part 'strutConnector'
[LOG 15:10:55.078] PartLoader: Compiling Part 'Squad/Parts/Coupling/Decoupler_0/Decoupler_0'
[LOG 15:10:55.087] PartLoader: Part 'Squad/Parts/Coupling/Decoupler_0/Decoupler_0' has no database record. Creating.
[LOG 15:10:55.087] PartLoader: Compiling Part 'Squad/Parts/Coupling/Decoupler_1/Decoupler_1'
[LOG 15:10:55.093] PartLoader: Part 'Squad/Parts/Coupling/Decoupler_1/Decoupler_1' has no database record. Creating.
[LOG 15:10:55.093] PartLoader: Compiling Part 'Squad/Parts/Coupling/Decoupler_2/Decoupler_2'
[LOG 15:10:55.098] PartLoader: Part 'Squad/Parts/Coupling/Decoupler_2/Decoupler_2' has no database record. Creating.
[LOG 15:10:55.098] PartLoader: Compiling Part 'Squad/Parts/Coupling/Decoupler_3/Decoupler_3'
[LOG 15:10:55.102] PartLoader: Part 'Squad/Parts/Coupling/Decoupler_3/Decoupler_3' has no database record. Creating.
[LOG 15:10:55.103] PartLoader: Compiling Part 'Squad/Parts/Coupling/Separator_0/Separator_0'
[LOG 15:10:55.107] PartLoader: Part 'Squad/Parts/Coupling/Separator_0/Separator_0' has no database record. Creating.
[LOG 15:10:55.107] PartLoader: Compiling Part 'Squad/Parts/Coupling/Separator_1/Separator_1'
[LOG 15:10:55.112] PartLoader: Part 'Squad/Parts/Coupling/Separator_1/Separator_1' has no database record. Creating.
[LOG 15:10:55.112] PartLoader: Compiling Part 'Squad/Parts/Coupling/Separator_2/Separator_2'
[LOG 15:10:55.117] PartLoader: Part 'Squad/Parts/Coupling/Separator_2/Separator_2' has no database record. Creating.
[LOG 15:10:55.117] PartLoader: Compiling Part 'Squad/Parts/Coupling/Separator_3/Separator_3'
[LOG 15:10:55.121] PartLoader: Part 'Squad/Parts/Coupling/Separator_3/Separator_3' has no database record. Creating.
[LOG 15:10:55.122] PartLoader: Compiling Part 'Squad/Parts/Electrical/10CSolarPanels/OX-10C/solarPanelOX10C'
[LOG 15:10:55.132] PartLoader: Part 'Squad/Parts/Electrical/10CSolarPanels/OX-10C/solarPanelOX10C' has no database record. Creating.
[LOG 15:10:55.132] [DragCubeSystem]: Drag cubes not found or cannot be read for part Part. Generating New drag cubes.
[LOG 15:10:55.132] [KSPCF/DragCubeGeneration] Creating drag cubes for part 'solarPanelOX10C'
[LOG 15:10:55.150] PartLoader: Compiling Part 'Squad/Parts/Electrical/10CSolarPanels/SP-10C/solarPanelSP10C'
[LOG 15:10:55.155] PartLoader: Part 'Squad/Parts/Electrical/10CSolarPanels/SP-10C/solarPanelSP10C' has no database record. Creating.
[LOG 15:10:55.155] [DragCubeSystem]: Drag cubes not found or cannot be read for part Part. Generating New drag cubes.
[LOG 15:10:55.155] [KSPCF/DragCubeGeneration] Creating drag cubes for part 'solarPanelSP10C'
[LOG 15:10:55.171] PartLoader: Compiling Part 'Squad/Parts/Electrical/10LSolarPanels/OX-10L/solarPanelOX10L'
[LOG 15:10:55.175] PartLoader: Part 'Squad/Parts/Electrical/10LSolarPanels/OX-10L/solarPanelOX10L' has no database record. Creating.
[LOG 15:10:55.175] [DragCubeSystem]: Drag cubes not found or cannot be read for part Part. Generating New drag cubes.
[LOG 15:10:55.175] [KSPCF/DragCubeGeneration] Creating drag cubes for part 'solarPanelOX10L'
[LOG 15:10:55.190] PartLoader: Compiling Part 'Squad/Parts/Electrical/10LSolarPanels/SP-10L/solarPanelSP10L'
[LOG 15:10:55.195] PartLoader: Part 'Squad/Parts/Electrical/10LSolarPanels/SP-10L/solarPanelSP10L' has no database record. Creating.
[LOG 15:10:55.195] [DragCubeSystem]: Drag cubes not found or cannot be read for part Part. Generating New drag cubes.
[LOG 15:10:55.196] [KSPCF/DragCubeGeneration] Creating drag cubes for part 'solarPanelSP10L'
[LOG 15:10:55.210] PartLoader: Compiling Part 'Squad/Parts/Electrical/1x6ShroudSolarPanels/1x6ShroudSolarPanels/solarPanels2'
[LOG 15:10:55.214] PartLoader: Part 'Squad/Parts/Electrical/1x6ShroudSolarPanels/1x6ShroudSolarPanels/solarPanels2' has no database record. Creating.
[LOG 15:10:55.214] [DragCubeSystem]: Drag cubes not found or cannot be read for part Part. Generating New drag cubes.
[LOG 15:10:55.214] [KSPCF/DragCubeGeneration] Creating drag cubes for part 'solarPanels2'
[LOG 15:10:55.230] PartLoader: Compiling Part 'Squad/Parts/Electrical/1x6SolarPanels/1x6SolarPanels/solarPanels4'
[LOG 15:10:55.233] PartLoader: Part 'Squad/Parts/Electrical/1x6SolarPanels/1x6SolarPanels/solarPanels4' has no database record. Creating.
[LOG 15:10:55.233] [DragCubeSystem]: Drag cubes not found or cannot be read for part Part. Generating New drag cubes.
[LOG 15:10:55.233] [KSPCF/DragCubeGeneration] Creating drag cubes for part 'solarPanels4'
[LOG 15:10:55.249] PartLoader: Compiling Part 'Squad/Parts/Electrical/3x2ShroudSolarPanels/3x2ShroudSolarPanels/solarPanels1'
[LOG 15:10:55.253] PartLoader: Part 'Squad/Parts/Electrical/3x2ShroudSolarPanels/3x2ShroudSolarPanels/solarPanels1' has no database record. Creating.
[LOG 15:10:55.253] [DragCubeSystem]: Drag cubes not found or cannot be read for part Part. Generating New drag cubes.
[LOG 15:10:55.253] [KSPCF/DragCubeGeneration] Creating drag cubes for part 'solarPanels1'
[LOG 15:10:55.269] PartLoader: Compiling Part 'Squad/Parts/Electrical/3x2SolarPanels/3x2SolarPanels/solarPanels3'
[LOG 15:10:55.274] PartLoader: Part 'Squad/Parts/Electrical/3x2SolarPanels/3x2SolarPanels/solarPanels3' has no database record. Creating.
[LOG 15:10:55.275] [DragCubeSystem]: Drag cubes not found or cannot be read for part Part. Generating New drag cubes.
[LOG 15:10:55.275] [KSPCF/DragCubeGeneration] Creating drag cubes for part 'solarPanels3'
[LOG 15:10:55.292] PartLoader: Compiling Part 'Squad/Parts/Electrical/gigantorXlSolarArray/gigantorXlSolarArray/largeSolarPanel'
[LOG 15:10:55.297] PartLoader: Part 'Squad/Parts/Electrical/gigantorXlSolarArray/gigantorXlSolarArray/largeSolarPanel' has no database record. Creating.
[LOG 15:10:55.297] [DragCubeSystem]: Drag cubes not found or cannot be read for part Part. Generating New drag cubes.
[LOG 15:10:55.297] [KSPCF/DragCubeGeneration] Creating drag cubes for part 'largeSolarPanel'
[LOG 15:10:55.312] PartLoader: Compiling Part 'Squad/Parts/Electrical/radialFlatSolarPanel/radialFlatSolarPanel/solarPanels5'
[LOG 15:10:55.316] PartLoader: Part 'Squad/Parts/Electrical/radialFlatSolarPanel/radialFlatSolarPanel/solarPanels5' has no database record. Creating.
[LOG 15:10:55.316] [DragCubeSystem]: Drag cubes not found or cannot be read for part Part. Generating New drag cubes.
[LOG 15:10:55.316] [KSPCF/DragCubeGeneration] Creating drag cubes for part 'solarPanels5'
[LOG 15:10:55.322] PartLoader: Compiling Part 'Squad/Parts/Electrical/RTG/RTG/rtg'
[LOG 15:10:55.332] PartLoader: Part 'Squad/Parts/Electrical/RTG/RTG/rtg' has no database record. Creating.
[LOG 15:10:55.332] [DragCubeSystem]: Drag cubes not found or cannot be read for part Part. Generating New drag cubes.
[LOG 15:10:55.332] [KSPCF/DragCubeGeneration] Creating drag cubes for part 'rtg'
[LOG 15:10:55.337] PartLoader: Compiling Part 'Squad/Parts/Electrical/z-100Battery/z-100Battery/batteryPack'
[LOG 15:10:55.340] PartLoader: Part 'Squad/Parts/Electrical/z-100Battery/z-100Battery/batteryPack' has no database record. Creating.
[LOG 15:10:55.340] [DragCubeSystem]: Drag cubes not found or cannot be read for part Part. Generating New drag cubes.
[LOG 15:10:55.340] [KSPCF/DragCubeGeneration] Creating drag cubes for part 'batteryPack'
[LOG 15:10:55.344] PartLoader: Compiling Part 'Squad/Parts/Electrical/z-1kBattery/z-1kBattery/batteryBank'
[LOG 15:10:55.346] PartLoader: Part 'Squad/Parts/Electrical/z-1kBattery/z-1kBattery/batteryBank' has no database record. Creating.
[LOG 15:10:55.346] [DragCubeSystem]: Drag cubes not found or cannot be read for part Part. Generating New drag cubes.
[LOG 15:10:55.346] [KSPCF/DragCubeGeneration] Creating drag cubes for part 'batteryBank'
[LOG 15:10:55.351] PartLoader: Compiling Part 'Squad/Parts/Electrical/z-200Battery/z-200Battery/batteryBankMini'
[LOG 15:10:55.354] PartLoader: Part 'Squad/Parts/Electrical/z-200Battery/z-200Battery/batteryBankMini' has no database record. Creating.
[LOG 15:10:55.354] [DragCubeSystem]: Drag cubes not found or cannot be read for part Part. Generating New drag cubes.
[LOG 15:10:55.354] [KSPCF/DragCubeGeneration] Creating drag cubes for part 'batteryBankMini'
[LOG 15:10:55.359] PartLoader: Compiling Part 'Squad/Parts/Electrical/z-400Battery/z-400Battery/ksp_r_largeBatteryPack'
[LOG 15:10:55.363] PartLoader: Part 'Squad/Parts/Electrical/z-400Battery/z-400Battery/ksp_r_largeBatteryPack' has no database record. Creating.
[LOG 15:10:55.363] [DragCubeSystem]: Drag cubes not found or cannot be read for part Part. Generating New drag cubes.
[LOG 15:10:55.363] [KSPCF/DragCubeGeneration] Creating drag cubes for part 'ksp.r.largeBatteryPack'
[LOG 15:10:55.368] PartLoader: Compiling Part 'Squad/Parts/Electrical/z-4kBattery/z-4kBattery/batteryBankLarge'
[LOG 15:10:55.371] PartLoader: Part 'Squad/Parts/Electrical/z-4kBattery/z-4kBattery/batteryBankLarge' has no database record. Creating.
[LOG 15:10:55.371] [DragCubeSystem]: Drag cubes not found or cannot be read for part Part. Generating New drag cubes.
[LOG 15:10:55.372] [KSPCF/DragCubeGeneration] Creating drag cubes for part 'batteryBankLarge'
[LOG 15:10:55.375] PartLoader: Compiling Part 'Squad/Parts/Engine/ionEngine/ionEngine/ionEngine'
[LOG 15:10:55.392] PartLoader: Part 'Squad/Parts/Engine/ionEngine/ionEngine/ionEngine' has no database record. Creating.
[LOG 15:10:55.393] [DragCubeSystem]: Drag cubes not found or cannot be read for part Part. Generating New drag cubes.
[LOG 15:10:55.393] [KSPCF/DragCubeGeneration] Creating drag cubes for part 'ionEngine'
[LOG 15:10:55.399] PartLoader: Compiling Part 'Squad/Parts/Engine/jetEngines/jetEngineAfterburning/turboJet'
[LOG 15:10:55.436] PartLoader: Part 'Squad/Parts/Engine/jetEngines/jetEngineAfterburning/turboJet' has no database record. Creating.
[LOG 15:10:55.437] [DragCubeSystem]: Drag cubes not found or cannot be read for part Part. Generating New drag cubes.
[LOG 15:10:55.437] [KSPCF/DragCubeGeneration] Creating drag cubes for part 'turboJet'
[LOG 15:10:55.446] PartLoader: Compiling Part 'Squad/Parts/Engine/jetEngines/jetEngineBasic/JetEngine'
[LOG 15:10:55.454] PartLoader: Part 'Squad/Parts/Engine/jetEngines/jetEngineBasic/JetEngine' has no database record. Creating.
[LOG 15:10:55.454] [DragCubeSystem]: Drag cubes not found or cannot be read for part Part. Generating New drag cubes.
[LOG 15:10:55.454] [KSPCF/DragCubeGeneration] Creating drag cubes for part 'JetEngine'
[LOG 15:10:55.469] PartLoader: Compiling Part 'Squad/Parts/Engine/jetEngines/jetEngineBig/turboFanSize2'
[LOG 15:10:55.481] PartLoader: Part 'Squad/Parts/Engine/jetEngines/jetEngineBig/turboFanSize2' has no database record. Creating.
[LOG 15:10:55.481] [DragCubeSystem]: Drag cubes not found or cannot be read for part Part. Generating New drag cubes.
[LOG 15:10:55.481] [KSPCF/DragCubeGeneration] Creating drag cubes for part 'turboFanSize2'
[LOG 15:10:55.496] PartLoader: Compiling Part 'Squad/Parts/Engine/jetEngines/jetEngineTurbo/turboFanEngine'
[LOG 15:10:55.504] PartLoader: Part 'Squad/Parts/Engine/jetEngines/jetEngineTurbo/turboFanEngine' has no database record. Creating.
[LOG 15:10:55.504] [DragCubeSystem]: Drag cubes not found or cannot be read for part Part. Generating New drag cubes.
[LOG 15:10:55.504] [KSPCF/DragCubeGeneration] Creating drag cubes for part 'turboFanEngine'
[LOG 15:10:55.511] PartLoader: Compiling Part 'Squad/Parts/Engine/liquidEngine24-77/liquidEngine24-77/smallRadialEngine'
[LOG 15:10:55.520] PartLoader: Part 'Squad/Parts/Engine/liquidEngine24-77/liquidEngine24-77/smallRadialEngine' has no database record. Creating.
[LOG 15:10:55.521] [DragCubeSystem]: Drag cubes not found or cannot be read for part Part. Generating New drag cubes.
[LOG 15:10:55.521] [KSPCF/DragCubeGeneration] Creating drag cubes for part 'smallRadialEngine'
[LOG 15:10:55.528] PartLoader: Compiling Part 'Squad/Parts/Engine/liquidEngine24-77_v2/liquidEngine24-77_v2/smallRadialEngine_v2'
[LOG 15:10:55.539] PartLoader: Part 'Squad/Parts/Engine/liquidEngine24-77_v2/liquidEngine24-77_v2/smallRadialEngine_v2' has no database record. Creating.
[LOG 15:10:55.539] [DragCubeSystem]: Drag cubes not found or cannot be read for part Part. Generating New drag cubes.
[LOG 15:10:55.539] [KSPCF/DragCubeGeneration] Creating drag cubes for part 'smallRadialEngine.v2'
[LOG 15:10:55.545] PartLoader: Compiling Part 'Squad/Parts/Engine/liquidEngine48-7S_v2/liquidEngine48-7S_v2/liquidEngineMini_v2'
[LOG 15:10:55.553] PartLoader: Part 'Squad/Parts/Engine/liquidEngine48-7S_v2/liquidEngine48-7S_v2/liquidEngineMini_v2' has no database record. Creating.
[LOG 15:10:55.553] [DragCubeSystem]: Drag cubes not found or cannot be read for part Part. Generating New drag cubes.
[LOG 15:10:55.553] [KSPCF/DragCubeGeneration] Creating drag cubes for part 'liquidEngineMini.v2'
[LOG 15:10:55.583] PartLoader: Compiling Part 'Squad/Parts/Engine/liquidEngineAerospike/liquidEngineAerospike/toroidalAerospike'
[LOG 15:10:55.599] PartLoader: Part 'Squad/Parts/Engine/liquidEngineAerospike/liquidEngineAerospike/toroidalAerospike' has no database record. Creating.
[LOG 15:10:55.600] [DragCubeSystem]: Drag cubes not found or cannot be read for part Part. Generating New drag cubes.
[LOG 15:10:55.600] [KSPCF/DragCubeGeneration] Creating drag cubes for part 'toroidalAerospike'
[LOG 15:10:55.613] PartLoader: Compiling Part 'Squad/Parts/Engine/liquidEngineLV-1_v2/liquidEngineLV-1R _v2/radialEngineMini_v2'
[LOG 15:10:55.621] PartLoader: Part 'Squad/Parts/Engine/liquidEngineLV-1_v2/liquidEngineLV-1R _v2/radialEngineMini_v2' has no database record. Creating.
[LOG 15:10:55.621] [DragCubeSystem]: Drag cubes not found or cannot be read for part Part. Generating New drag cubes.
[LOG 15:10:55.621] [KSPCF/DragCubeGeneration] Creating drag cubes for part 'radialEngineMini.v2'
[LOG 15:10:55.635] PartLoader: Compiling Part 'Squad/Parts/Engine/liquidEngineLV-1_v2/liquidEngineLV-1_v2/microEngine_v2'
[LOG 15:10:55.642] PartLoader: Part 'Squad/Parts/Engine/liquidEngineLV-1_v2/liquidEngineLV-1_v2/microEngine_v2' has no database record. Creating.
[LOG 15:10:55.642] [DragCubeSystem]: Drag cubes not found or cannot be read for part Part. Generating New drag cubes.
[LOG 15:10:55.642] [KSPCF/DragCubeGeneration] Creating drag cubes for part 'microEngine.v2'
[LOG 15:10:55.655] PartLoader: Compiling Part 'Squad/Parts/Engine/liquidEngineLV-909_v2/liquidEngineLV-909_v2/liquidEngine3_v2'
[LOG 15:10:55.664] PartLoader: Part 'Squad/Parts/Engine/liquidEngineLV-909_v2/liquidEngineLV-909_v2/liquidEngine3_v2' has no database record. Creating.
[LOG 15:10:55.664] [DragCubeSystem]: Drag cubes not found or cannot be read for part Part. Generating New drag cubes.
[LOG 15:10:55.664] [KSPCF/DragCubeGeneration] Creating drag cubes for part 'liquidEngine3.v2'
[LOG 15:10:55.688] PartLoader: Compiling Part 'Squad/Parts/Engine/liquidEngineLV-N/liquidEngineLV-N/nuclearEngine'
[LOG 15:10:55.695] PartLoader: Part 'Squad/Parts/Engine/liquidEngineLV-N/liquidEngineLV-N/nuclearEngine' has no database record. Creating.
[LOG 15:10:55.695] [DragCubeSystem]: Drag cubes not found or cannot be read for part Part. Generating New drag cubes.
[LOG 15:10:55.695] [KSPCF/DragCubeGeneration] Part 'nuclearEngine' has defined a procedural drag cube setup
[LOG 15:10:55.696] PartLoader: Compiling Part 'Squad/Parts/Engine/liquidEngineLV-T30/liquidEngineLV-T30/liquidEngine'
[LOG 15:10:55.702] PartLoader: Part 'Squad/Parts/Engine/liquidEngineLV-T30/liquidEngineLV-T30/liquidEngine' has no database record. Creating.
[LOG 15:10:55.702] [DragCubeSystem]: Drag cubes not found or cannot be read for part Part. Generating New drag cubes.
[LOG 15:10:55.702] [KSPCF/DragCubeGeneration] Creating drag cubes for part 'liquidEngine'
[LOG 15:10:55.716] PartLoader: Compiling Part 'Squad/Parts/Engine/liquidEngineLV-T30_v2/liquidEngineLV-T30_v2/liquidEngine_v2'
[LOG 15:10:55.723] PartLoader: Part 'Squad/Parts/Engine/liquidEngineLV-T30_v2/liquidEngineLV-T30_v2/liquidEngine_v2' has no database record. Creating.
[LOG 15:10:55.724] PartLoader: Compiling Part 'Squad/Parts/Engine/liquidEngineLV-T45/liquidEngineLV-T45/liquidEngine2'
[LOG 15:10:55.732] PartLoader: Part 'Squad/Parts/Engine/liquidEngineLV-T45/liquidEngineLV-T45/liquidEngine2' has no database record. Creating.
[LOG 15:10:55.732] [DragCubeSystem]: Drag cubes not found or cannot be read for part Part. Generating New drag cubes.
[LOG 15:10:55.732] [KSPCF/DragCubeGeneration] Creating drag cubes for part 'liquidEngine2'
[LOG 15:10:55.745] PartLoader: Compiling Part 'Squad/Parts/Engine/liquidEngineLV-T45_v2/liquidEngineLV-T45_v2/liquidEngine2_v2'
[LOG 15:10:55.754] PartLoader: Part 'Squad/Parts/Engine/liquidEngineLV-T45_v2/liquidEngineLV-T45_v2/liquidEngine2_v2' has no database record. Creating.
[LOG 15:10:55.755] PartLoader: Compiling Part 'Squad/Parts/Engine/liquidEngineMainsail_v2/liquidEngineMainsail_v2/liquidEngineMainsail_v2'
[LOG 15:10:55.765] PartLoader: Part 'Squad/Parts/Engine/liquidEngineMainsail_v2/liquidEngineMainsail_v2/liquidEngineMainsail_v2' has no database record. Creating.
[LOG 15:10:55.765] [DragCubeSystem]: Drag cubes not found or cannot be read for part Part. Generating New drag cubes.
[LOG 15:10:55.765] [KSPCF/DragCubeGeneration] Creating drag cubes for part 'liquidEngineMainsail.v2'
[LOG 15:10:55.795] PartLoader: Compiling Part 'Squad/Parts/Engine/liquidEngineMk55/liquidEngineMk55/radialLiquidEngine1-2'
[LOG 15:10:55.805] PartLoader: Part 'Squad/Parts/Engine/liquidEngineMk55/liquidEngineMk55/radialLiquidEngine1-2' has no database record. Creating.
[LOG 15:10:55.805] [DragCubeSystem]: Drag cubes not found or cannot be read for part Part. Generating New drag cubes.
[LOG 15:10:55.805] [KSPCF/DragCubeGeneration] Creating drag cubes for part 'radialLiquidEngine1-2'
[LOG 15:10:55.810] PartLoader: Compiling Part 'Squad/Parts/Engine/liquidEnginePoodle_v2/liquidEnginePoodle_v2/liquidEngine2-2_v2'
[LOG 15:10:55.820] PartLoader: Part 'Squad/Parts/Engine/liquidEnginePoodle_v2/liquidEnginePoodle_v2/liquidEngine2-2_v2' has no database record. Creating.
[LOG 15:10:55.821] PartLoader: Compiling Part 'Squad/Parts/Engine/liquidEngineSkipper_v2/skipperLiquidEngine_v2/engineLargeSkipper_v2'
[LOG 15:10:55.833] PartLoader: Part 'Squad/Parts/Engine/liquidEngineSkipper_v2/skipperLiquidEngine_v2/engineLargeSkipper_v2' has no database record. Creating.
[LOG 15:10:55.833] [DragCubeSystem]: Drag cubes not found or cannot be read for part Part. Generating New drag cubes.
[LOG 15:10:55.833] [KSPCF/DragCubeGeneration] Creating drag cubes for part 'engineLargeSkipper.v2'
[LOG 15:10:55.881] PartLoader: Compiling Part 'Squad/Parts/Engine/liquidEngineSSME/SSME/SSME'
[LOG 15:10:55.889] PartLoader: Part 'Squad/Parts/Engine/liquidEngineSSME/SSME/SSME' has no database record. Creating.
[LOG 15:10:55.889] [DragCubeSystem]: Drag cubes not found or cannot be read for part Part. Generating New drag cubes.
[LOG 15:10:55.889] [KSPCF/DragCubeGeneration] Creating drag cubes for part 'SSME'
[LOG 15:10:55.902] PartLoader: Compiling Part 'Squad/Parts/Engine/MassiveSRB/part/MassiveBooster'
[LOG 15:10:55.910] PartLoader: Part 'Squad/Parts/Engine/MassiveSRB/part/MassiveBooster' has no database record. Creating.
[LOG 15:10:55.910] [DragCubeSystem]: Drag cubes not found or cannot be read for part Part. Generating New drag cubes.
[LOG 15:10:55.910] [KSPCF/DragCubeGeneration] Creating drag cubes for part 'MassiveBooster'
[LOG 15:10:55.915] PartLoader: Compiling Part 'Squad/Parts/Engine/miniJet/SmallJetEngine/miniJetEngine'
[LOG 15:10:55.922] PartLoader: Part 'Squad/Parts/Engine/miniJet/SmallJetEngine/miniJetEngine' has no database record. Creating.
[LOG 15:10:55.922] [DragCubeSystem]: Drag cubes not found or cannot be read for part Part. Generating New drag cubes.
[LOG 15:10:55.922] [KSPCF/DragCubeGeneration] Creating drag cubes for part 'miniJetEngine'
[LOG 15:10:55.927] PartLoader: Compiling Part 'Squad/Parts/Engine/OMSEngine/omsEngine/omsEngine'
[LOG 15:10:55.934] PartLoader: Part 'Squad/Parts/Engine/OMSEngine/omsEngine/omsEngine' has no database record. Creating.
[LOG 15:10:55.934] [DragCubeSystem]: Drag cubes not found or cannot be read for part Part. Generating New drag cubes.
[LOG 15:10:55.934] [KSPCF/DragCubeGeneration] Creating drag cubes for part 'omsEngine'
[LOG 15:10:55.939] PartLoader: Compiling Part 'Squad/Parts/Engine/rapierEngine/rapierEngine/RAPIER'
[LOG 15:10:55.949] PartLoader: Part 'Squad/Parts/Engine/rapierEngine/rapierEngine/RAPIER' has no database record. Creating.
[LOG 15:10:55.949] [DragCubeSystem]: Drag cubes not found or cannot be read for part Part. Generating New drag cubes.
[LOG 15:10:55.949] [KSPCF/DragCubeGeneration] Creating drag cubes for part 'RAPIER'
[LOG 15:10:55.955] PartLoader: Compiling Part 'Squad/Parts/Engine/Size1_SRBs/solidBoosterRT-10_v2/solidBooster_v2'
[LOG 15:10:55.962] PartLoader: Part 'Squad/Parts/Engine/Size1_SRBs/solidBoosterRT-10_v2/solidBooster_v2' has no database record. Creating.
[LOG 15:10:55.962] [DragCubeSystem]: Drag cubes not found or cannot be read for part Part. Generating New drag cubes.
[LOG 15:10:55.962] [KSPCF/DragCubeGeneration] Creating drag cubes for part 'solidBooster.v2'
[LOG 15:10:55.976] PartLoader: Compiling Part 'Squad/Parts/Engine/Size1_SRBs/solidBoosterRT-5_v2/solidBooster_sm_v2'
[LOG 15:10:55.982] PartLoader: Part 'Squad/Parts/Engine/Size1_SRBs/solidBoosterRT-5_v2/solidBooster_sm_v2' has no database record. Creating.
[LOG 15:10:55.982] [DragCubeSystem]: Drag cubes not found or cannot be read for part Part. Generating New drag cubes.
[LOG 15:10:55.982] [KSPCF/DragCubeGeneration] Creating drag cubes for part 'solidBooster.sm.v2'
[LOG 15:10:55.999] PartLoader: Compiling Part 'Squad/Parts/Engine/Size2LFB/part/Size2LFB'
[LOG 15:10:56.005] PartLoader: Part 'Squad/Parts/Engine/Size2LFB/part/Size2LFB' has no database record. Creating.
[LOG 15:10:56.006] [DragCubeSystem]: Drag cubes not found or cannot be read for part Part. Generating New drag cubes.
[LOG 15:10:56.006] [KSPCF/DragCubeGeneration] Creating drag cubes for part 'Size2LFB'
[LOG 15:10:56.011] PartLoader: Compiling Part 'Squad/Parts/Engine/Size2LFB_v2/part/Size2LFB_v2'
[LOG 15:10:56.018] PartLoader: Part 'Squad/Parts/Engine/Size2LFB_v2/part/Size2LFB_v2' has no database record. Creating.
[LOG 15:10:56.018] [DragCubeSystem]: Drag cubes not found or cannot be read for part Part. Generating New drag cubes.
[LOG 15:10:56.018] [KSPCF/DragCubeGeneration] Creating drag cubes for part 'Size2LFB.v2'
[LOG 15:10:56.024] PartLoader: Compiling Part 'Squad/Parts/Engine/Size3AdvancedEngine/part/Size3AdvancedEngine'
[LOG 15:10:56.033] PartLoader: Part 'Squad/Parts/Engine/Size3AdvancedEngine/part/Size3AdvancedEngine' has no database record. Creating.
[LOG 15:10:56.033] [DragCubeSystem]: Drag cubes not found or cannot be read for part Part. Generating New drag cubes.
[LOG 15:10:56.033] [KSPCF/DragCubeGeneration] Creating drag cubes for part 'Size3AdvancedEngine'
[LOG 15:10:56.047] PartLoader: Compiling Part 'Squad/Parts/Engine/Size3EngineCluster/part/Size3EngineCluster'
[LOG 15:10:56.054] PartLoader: Part 'Squad/Parts/Engine/Size3EngineCluster/part/Size3EngineCluster' has no database record. Creating.
[LOG 15:10:56.055] [DragCubeSystem]: Drag cubes not found or cannot be read for part Part. Generating New drag cubes.
[LOG 15:10:56.055] [KSPCF/DragCubeGeneration] Creating drag cubes for part 'Size3EngineCluster'
[LOG 15:10:56.060] PartLoader: Compiling Part 'Squad/Parts/Engine/solidBoosterBACC/solidBoosterBACC/solidBooster1-1'
[LOG 15:10:56.066] PartLoader: Part 'Squad/Parts/Engine/solidBoosterBACC/solidBoosterBACC/solidBooster1-1' has no database record. Creating.
[LOG 15:10:56.066] [DragCubeSystem]: Drag cubes not found or cannot be read for part Part. Generating New drag cubes.
[LOG 15:10:56.066] [KSPCF/DragCubeGeneration] Creating drag cubes for part 'solidBooster1-1'
[LOG 15:10:56.071] PartLoader: Compiling Part 'Squad/Parts/Engine/solidBoosterS2-17/solidBoosterS2-17/Thoroughbred'
[LOG 15:10:56.080] PartLoader: Part 'Squad/Parts/Engine/solidBoosterS2-17/solidBoosterS2-17/Thoroughbred' has no database record. Creating.
[LOG 15:10:56.080] [DragCubeSystem]: Drag cubes not found or cannot be read for part Part. Generating New drag cubes.
[LOG 15:10:56.080] [KSPCF/DragCubeGeneration] Creating drag cubes for part 'Thoroughbred'
[LOG 15:10:56.086] PartLoader: Compiling Part 'Squad/Parts/Engine/solidBoosterS2-33/solidBoosterS2-33/Clydesdale'
[LOG 15:10:56.092] PartLoader: Part 'Squad/Parts/Engine/solidBoosterS2-33/solidBoosterS2-33/Clydesdale' has no database record. Creating.
[LOG 15:10:56.092] [DragCubeSystem]: Drag cubes not found or cannot be read for part Part. Generating New drag cubes.
[LOG 15:10:56.092] [KSPCF/DragCubeGeneration] Creating drag cubes for part 'Clydesdale'
[LOG 15:10:56.097] PartLoader: Compiling Part 'Squad/Parts/Engine/solidBoosterSep/solidBoosterSep/sepMotor1'
[LOG 15:10:56.100] [ModuleCargoPart]: Setting stackableQuantity to 1 as sepMotor1 contains resources
[LOG 15:10:56.102] PartLoader: Part 'Squad/Parts/Engine/solidBoosterSep/solidBoosterSep/sepMotor1' has no database record. Creating.
[LOG 15:10:56.102] [DragCubeSystem]: Drag cubes not found or cannot be read for part Part. Generating New drag cubes.
[LOG 15:10:56.102] [KSPCF/DragCubeGeneration] Creating drag cubes for part 'sepMotor1'
[LOG 15:10:56.107] PartLoader: Compiling Part 'Squad/Parts/Engine/SolidBoostersF/SolidBoosterF3S0/Shrimp'
[LOG 15:10:56.114] PartLoader: Part 'Squad/Parts/Engine/SolidBoostersF/SolidBoosterF3S0/Shrimp' has no database record. Creating.
[LOG 15:10:56.114] [DragCubeSystem]: Drag cubes not found or cannot be read for part Part. Generating New drag cubes.
[LOG 15:10:56.114] [KSPCF/DragCubeGeneration] Creating drag cubes for part 'Shrimp'
[LOG 15:10:56.118] PartLoader: Compiling Part 'Squad/Parts/Engine/SolidBoostersF/SolidBoosterFM1/Mite'
[LOG 15:10:56.124] PartLoader: Part 'Squad/Parts/Engine/SolidBoostersF/SolidBoosterFM1/Mite' has no database record. Creating.
[LOG 15:10:56.124] [DragCubeSystem]: Drag cubes not found or cannot be read for part Part. Generating New drag cubes.
[LOG 15:10:56.124] [KSPCF/DragCubeGeneration] Creating drag cubes for part 'Mite'
[LOG 15:10:56.129] PartLoader: Compiling Part 'Squad/Parts/FuelTank/adapterTanks/Mk3-Mk2/adapterMk3-Mk2'
[LOG 15:10:56.131] PartLoader: Part 'Squad/Parts/FuelTank/adapterTanks/Mk3-Mk2/adapterMk3-Mk2' has no database record. Creating.
[LOG 15:10:56.131] [DragCubeSystem]: Drag cubes not found or cannot be read for part Part. Generating New drag cubes.
[LOG 15:10:56.131] [KSPCF/DragCubeGeneration] Creating drag cubes for part 'adapterMk3-Mk2'
[LOG 15:10:56.135] PartLoader: Compiling Part 'Squad/Parts/FuelTank/adapterTanks/Mk3-ShuttleAdapter/adapterEngines'
[LOG 15:10:56.138] PartLoader: Part 'Squad/Parts/FuelTank/adapterTanks/Mk3-ShuttleAdapter/adapterEngines' has no database record. Creating.
[LOG 15:10:56.139] [DragCubeSystem]: Drag cubes not found or cannot be read for part Part. Generating New drag cubes.
[LOG 15:10:56.139] [KSPCF/DragCubeGeneration] Creating drag cubes for part 'adapterEngines'
[LOG 15:10:56.143] PartLoader: Compiling Part 'Squad/Parts/FuelTank/adapterTanks/Mk3-Size2/adapterMk3-Size2'
[LOG 15:10:56.145] PartLoader: Part 'Squad/Parts/FuelTank/adapterTanks/Mk3-Size2/adapterMk3-Size2' has no database record. Creating.
[LOG 15:10:56.145] [DragCubeSystem]: Drag cubes not found or cannot be read for part Part. Generating New drag cubes.
[LOG 15:10:56.145] [KSPCF/DragCubeGeneration] Creating drag cubes for part 'adapterMk3-Size2'
[LOG 15:10:56.150] PartLoader: Compiling Part 'Squad/Parts/FuelTank/adapterTanks/Mk3-Size2Slant/adapterMk3-Size2Slant'
[LOG 15:10:56.152] PartLoader: Part 'Squad/Parts/FuelTank/adapterTanks/Mk3-Size2Slant/adapterMk3-Size2Slant' has no database record. Creating.
[LOG 15:10:56.152] [DragCubeSystem]: Drag cubes not found or cannot be read for part Part. Generating New drag cubes.
[LOG 15:10:56.153] [KSPCF/DragCubeGeneration] Creating drag cubes for part 'adapterMk3-Size2Slant'
[LOG 15:10:56.157] PartLoader: Compiling Part 'Squad/Parts/FuelTank/adapterTanks/Size2-Mk2/adapterSize2-Mk2'
[LOG 15:10:56.159] PartLoader: Part 'Squad/Parts/FuelTank/adapterTanks/Size2-Mk2/adapterSize2-Mk2' has no database record. Creating.
[LOG 15:10:56.159] [DragCubeSystem]: Drag cubes not found or cannot be read for part Part. Generating New drag cubes.
[LOG 15:10:56.159] [KSPCF/DragCubeGeneration] Creating drag cubes for part 'adapterSize2-Mk2'
[LOG 15:10:56.163] PartLoader: Compiling Part 'Squad/Parts/FuelTank/adapterTanks/Size2-Size1/adapterSize2-Size1'
[LOG 15:10:56.165] PartLoader: Part 'Squad/Parts/FuelTank/adapterTanks/Size2-Size1/adapterSize2-Size1' has no database record. Creating.
[LOG 15:10:56.165] [DragCubeSystem]: Drag cubes not found or cannot be read for part Part. Generating New drag cubes.
[LOG 15:10:56.166] [KSPCF/DragCubeGeneration] Creating drag cubes for part 'adapterSize2-Size1'
[LOG 15:10:56.170] PartLoader: Compiling Part 'Squad/Parts/FuelTank/adapterTanks/Size2-Size1Slant/adapterSize2-Size1Slant'
[LOG 15:10:56.172] PartLoader: Part 'Squad/Parts/FuelTank/adapterTanks/Size2-Size1Slant/adapterSize2-Size1Slant' has no database record. Creating.
[LOG 15:10:56.172] [DragCubeSystem]: Drag cubes not found or cannot be read for part Part. Generating New drag cubes.
[LOG 15:10:56.172] [KSPCF/DragCubeGeneration] Creating drag cubes for part 'adapterSize2-Size1Slant'
[LOG 15:10:56.176] PartLoader: Compiling Part 'Squad/Parts/FuelTank/adapterTanks/Size3-Mk3/adapterSize3-Mk3'
[LOG 15:10:56.178] PartLoader: Part 'Squad/Parts/FuelTank/adapterTanks/Size3-Mk3/adapterSize3-Mk3' has no database record. Creating.
[LOG 15:10:56.178] [DragCubeSystem]: Drag cubes not found or cannot be read for part Part. Generating New drag cubes.
[LOG 15:10:56.178] [KSPCF/DragCubeGeneration] Creating drag cubes for part 'adapterSize3-Mk3'
[LOG 15:10:56.184] PartLoader: Compiling Part 'Squad/Parts/FuelTank/drainTankFTE-1/ReleaseValve/ReleaseValve'
[LOG 15:10:56.195] PartLoader: Part 'Squad/Parts/FuelTank/drainTankFTE-1/ReleaseValve/ReleaseValve' has no database record. Creating.
[LOG 15:10:56.195] [DragCubeSystem]: Drag cubes not found or cannot be read for part Part. Generating New drag cubes.
[LOG 15:10:56.195] [KSPCF/DragCubeGeneration] Creating drag cubes for part 'ReleaseValve'
[LOG 15:10:56.199] PartLoader: Compiling Part 'Squad/Parts/FuelTank/FoilTanks/RadialTank_Capsule/externalTankCapsule'
[LOG 15:10:56.202] PartLoader: Part 'Squad/Parts/FuelTank/FoilTanks/RadialTank_Capsule/externalTankCapsule' has no database record. Creating.
[LOG 15:10:56.202] [DragCubeSystem]: Drag cubes not found or cannot be read for part Part. Generating New drag cubes.
[LOG 15:10:56.202] [KSPCF/DragCubeGeneration] Creating drag cubes for part 'externalTankCapsule'
[LOG 15:10:56.207] PartLoader: Compiling Part 'Squad/Parts/FuelTank/FoilTanks/RadialTank_Round/externalTankRound'
[LOG 15:10:56.210] PartLoader: Part 'Squad/Parts/FuelTank/FoilTanks/RadialTank_Round/externalTankRound' has no database record. Creating.
[LOG 15:10:56.210] [DragCubeSystem]: Drag cubes not found or cannot be read for part Part. Generating New drag cubes.
[LOG 15:10:56.210] [KSPCF/DragCubeGeneration] Creating drag cubes for part 'externalTankRound'
[LOG 15:10:56.215] PartLoader: Compiling Part 'Squad/Parts/FuelTank/FoilTanks/ToroidTank/externalTankToroid'
[LOG 15:10:56.219] PartLoader: Part 'Squad/Parts/FuelTank/FoilTanks/ToroidTank/externalTankToroid' has no database record. Creating.
[LOG 15:10:56.219] [DragCubeSystem]: Drag cubes not found or cannot be read for part Part. Generating New drag cubes.
[LOG 15:10:56.219] [KSPCF/DragCubeGeneration] Creating drag cubes for part 'externalTankToroid'
[LOG 15:10:56.224] PartLoader: Compiling Part 'Squad/Parts/FuelTank/fuelTankOscarB/fuelTankOscarB/miniFuelTank'
[LOG 15:10:56.226] PartLoader: Part 'Squad/Parts/FuelTank/fuelTankOscarB/fuelTankOscarB/miniFuelTank' has no database record. Creating.
[LOG 15:10:56.226] [DragCubeSystem]: Drag cubes not found or cannot be read for part Part. Generating New drag cubes.
[LOG 15:10:56.226] [KSPCF/DragCubeGeneration] Creating drag cubes for part 'miniFuelTank'
[LOG 15:10:56.231] PartLoader: Compiling Part 'Squad/Parts/FuelTank/miniFuselage/miniFuselage/miniFuselage'
[LOG 15:10:56.234] PartLoader: Part 'Squad/Parts/FuelTank/miniFuselage/miniFuselage/miniFuselage' has no database record. Creating.
[LOG 15:10:56.234] [DragCubeSystem]: Drag cubes not found or cannot be read for part Part. Generating New drag cubes.
[LOG 15:10:56.234] [KSPCF/DragCubeGeneration] Creating drag cubes for part 'miniFuselage'
[LOG 15:10:56.239] PartLoader: Compiling Part 'Squad/Parts/FuelTank/mk2Adapters/bicoupler/mk2_1m_Bicoupler'
[LOG 15:10:56.242] PartLoader: Part 'Squad/Parts/FuelTank/mk2Adapters/bicoupler/mk2_1m_Bicoupler' has no database record. Creating.
[LOG 15:10:56.242] [DragCubeSystem]: Drag cubes not found or cannot be read for part Part. Generating New drag cubes.
[LOG 15:10:56.242] [KSPCF/DragCubeGeneration] Creating drag cubes for part 'mk2.1m.Bicoupler'
[LOG 15:10:56.247] PartLoader: Compiling Part 'Squad/Parts/FuelTank/mk2Adapters/long/mk2_1m_AdapterLong'
[LOG 15:10:56.250] PartLoader: Part 'Squad/Parts/FuelTank/mk2Adapters/long/mk2_1m_AdapterLong' has no database record. Creating.
[LOG 15:10:56.250] [DragCubeSystem]: Drag cubes not found or cannot be read for part Part. Generating New drag cubes.
[LOG 15:10:56.250] [KSPCF/DragCubeGeneration] Creating drag cubes for part 'mk2.1m.AdapterLong'
[LOG 15:10:56.256] PartLoader: Compiling Part 'Squad/Parts/FuelTank/mk2Adapters/standard/mk2SpacePlaneAdapter'
[LOG 15:10:56.261] PartLoader: Part 'Squad/Parts/FuelTank/mk2Adapters/standard/mk2SpacePlaneAdapter' has no database record. Creating.
[LOG 15:10:56.261] [DragCubeSystem]: Drag cubes not found or cannot be read for part Part. Generating New drag cubes.
[LOG 15:10:56.261] [KSPCF/DragCubeGeneration] Creating drag cubes for part 'mk2SpacePlaneAdapter'
[LOG 15:10:56.265] PartLoader: Compiling Part 'Squad/Parts/FuelTank/mk2FuselageLong/LFO_long/mk2FuselageLongLFO'
[LOG 15:10:56.268] PartLoader: Part 'Squad/Parts/FuelTank/mk2FuselageLong/LFO_long/mk2FuselageLongLFO' has no database record. Creating.
[LOG 15:10:56.268] [DragCubeSystem]: Drag cubes not found or cannot be read for part Part. Generating New drag cubes.
[LOG 15:10:56.268] [KSPCF/DragCubeGeneration] Creating drag cubes for part 'mk2FuselageLongLFO'
[LOG 15:10:56.273] PartLoader: Compiling Part 'Squad/Parts/FuelTank/mk2FuselageLong/L_long/mk2Fuselage'
[LOG 15:10:56.275] PartLoader: Part 'Squad/Parts/FuelTank/mk2FuselageLong/L_long/mk2Fuselage' has no database record. Creating.
[LOG 15:10:56.275] [DragCubeSystem]: Drag cubes not found or cannot be read for part Part. Generating New drag cubes.
[LOG 15:10:56.275] [KSPCF/DragCubeGeneration] Creating drag cubes for part 'mk2Fuselage'
[LOG 15:10:56.279] PartLoader: Compiling Part 'Squad/Parts/FuelTank/mk2FuselageShort/LFO_short/mk2FuselageShortLFO'
[LOG 15:10:56.282] PartLoader: Part 'Squad/Parts/FuelTank/mk2FuselageShort/LFO_short/mk2FuselageShortLFO' has no database record. Creating.
[LOG 15:10:56.282] [DragCubeSystem]: Drag cubes not found or cannot be read for part Part. Generating New drag cubes.
[LOG 15:10:56.282] [KSPCF/DragCubeGeneration] Creating drag cubes for part 'mk2FuselageShortLFO'
[LOG 15:10:56.287] PartLoader: Compiling Part 'Squad/Parts/FuelTank/mk2FuselageShort/L_short/mk2FuselageShortLiquid'
[LOG 15:10:56.291] PartLoader: Part 'Squad/Parts/FuelTank/mk2FuselageShort/L_short/mk2FuselageShortLiquid' has no database record. Creating.
[LOG 15:10:56.291] [DragCubeSystem]: Drag cubes not found or cannot be read for part Part. Generating New drag cubes.
[LOG 15:10:56.291] [KSPCF/DragCubeGeneration] Creating drag cubes for part 'mk2FuselageShortLiquid'
[LOG 15:10:56.296] PartLoader: Compiling Part 'Squad/Parts/FuelTank/mk2FuselageShort/Mono_short/mk2FuselageShortMono'
[LOG 15:10:56.300] PartLoader: Part 'Squad/Parts/FuelTank/mk2FuselageShort/Mono_short/mk2FuselageShortMono' has no database record. Creating.
[LOG 15:10:56.300] [DragCubeSystem]: Drag cubes not found or cannot be read for part Part. Generating New drag cubes.
[LOG 15:10:56.300] [KSPCF/DragCubeGeneration] Creating drag cubes for part 'mk2FuselageShortMono'
[LOG 15:10:56.305] PartLoader: Compiling Part 'Squad/Parts/FuelTank/mk3Fuselage/CREW/mk3CrewCabin'
[LOG 15:10:56.309] PartLoader: Part 'Squad/Parts/FuelTank/mk3Fuselage/CREW/mk3CrewCabin' has no database record. Creating.
[LOG 15:10:56.310] [DragCubeSystem]: Drag cubes not found or cannot be read for part Part. Generating New drag cubes.
[LOG 15:10:56.310] [KSPCF/DragCubeGeneration] Creating drag cubes for part 'mk3CrewCabin'
[LOG 15:10:56.315] PartLoader: Compiling Part 'Squad/Parts/FuelTank/mk3Fuselage/LFO_100/mk3FuselageLFO_100'
[LOG 15:10:56.317] PartLoader: Part 'Squad/Parts/FuelTank/mk3Fuselage/LFO_100/mk3FuselageLFO_100' has no database record. Creating.
[LOG 15:10:56.317] [DragCubeSystem]: Drag cubes not found or cannot be read for part Part. Generating New drag cubes.
[LOG 15:10:56.317] [KSPCF/DragCubeGeneration] Creating drag cubes for part 'mk3FuselageLFO.100'
[LOG 15:10:56.321] PartLoader: Compiling Part 'Squad/Parts/FuelTank/mk3Fuselage/LFO_25/mk3FuselageLFO_25'
[LOG 15:10:56.323] PartLoader: Part 'Squad/Parts/FuelTank/mk3Fuselage/LFO_25/mk3FuselageLFO_25' has no database record. Creating.
[LOG 15:10:56.324] [DragCubeSystem]: Drag cubes not found or cannot be read for part Part. Generating New drag cubes.
[LOG 15:10:56.325] [KSPCF/DragCubeGeneration] Creating drag cubes for part 'mk3FuselageLFO.25'
[LOG 15:10:56.329] PartLoader: Compiling Part 'Squad/Parts/FuelTank/mk3Fuselage/LFO_50/mk3FuselageLFO_50'
[LOG 15:10:56.332] PartLoader: Part 'Squad/Parts/FuelTank/mk3Fuselage/LFO_50/mk3FuselageLFO_50' has no database record. Creating.
[LOG 15:10:56.332] [DragCubeSystem]: Drag cubes not found or cannot be read for part Part. Generating New drag cubes.
[LOG 15:10:56.332] [KSPCF/DragCubeGeneration] Creating drag cubes for part 'mk3FuselageLFO.50'
[LOG 15:10:56.336] PartLoader: Compiling Part 'Squad/Parts/FuelTank/mk3Fuselage/LF_100/mk3FuselageLF_100'
[LOG 15:10:56.339] PartLoader: Part 'Squad/Parts/FuelTank/mk3Fuselage/LF_100/mk3FuselageLF_100' has no database record. Creating.
[LOG 15:10:56.339] [DragCubeSystem]: Drag cubes not found or cannot be read for part Part. Generating New drag cubes.
[LOG 15:10:56.339] [KSPCF/DragCubeGeneration] Creating drag cubes for part 'mk3FuselageLF.100'
[LOG 15:10:56.343] PartLoader: Compiling Part 'Squad/Parts/FuelTank/mk3Fuselage/LF_25/mk3FuselageLF_25'
[LOG 15:10:56.345] PartLoader: Part 'Squad/Parts/FuelTank/mk3Fuselage/LF_25/mk3FuselageLF_25' has no database record. Creating.
[LOG 15:10:56.345] [DragCubeSystem]: Drag cubes not found or cannot be read for part Part. Generating New drag cubes.
[LOG 15:10:56.345] [KSPCF/DragCubeGeneration] Creating drag cubes for part 'mk3FuselageLF.25'
[LOG 15:10:56.350] PartLoader: Compiling Part 'Squad/Parts/FuelTank/mk3Fuselage/LF_50/mk3FuselageLF_50'
[LOG 15:10:56.352] PartLoader: Part 'Squad/Parts/FuelTank/mk3Fuselage/LF_50/mk3FuselageLF_50' has no database record. Creating.
[LOG 15:10:56.352] [DragCubeSystem]: Drag cubes not found or cannot be read for part Part. Generating New drag cubes.
[LOG 15:10:56.352] [KSPCF/DragCubeGeneration] Creating drag cubes for part 'mk3FuselageLF.50'
[LOG 15:10:56.356] PartLoader: Compiling Part 'Squad/Parts/FuelTank/mk3Fuselage/MONO/mk3FuselageMONO'
[LOG 15:10:56.359] PartLoader: Part 'Squad/Parts/FuelTank/mk3Fuselage/MONO/mk3FuselageMONO' has no database record. Creating.
[LOG 15:10:56.360] [DragCubeSystem]: Drag cubes not found or cannot be read for part Part. Generating New drag cubes.
[LOG 15:10:56.360] [KSPCF/DragCubeGeneration] Creating drag cubes for part 'mk3FuselageMONO'
[LOG 15:10:56.364] PartLoader: Compiling Part 'Squad/Parts/FuelTank/RCSFuelTankR1/RCSFuelTankR1/RCSTank1-2'
[LOG 15:10:56.366] PartLoader: Part 'Squad/Parts/FuelTank/RCSFuelTankR1/RCSFuelTankR1/RCSTank1-2' has no database record. Creating.
[LOG 15:10:56.366] [DragCubeSystem]: Drag cubes not found or cannot be read for part Part. Generating New drag cubes.
[LOG 15:10:56.366] [KSPCF/DragCubeGeneration] Creating drag cubes for part 'RCSTank1-2'
[LOG 15:10:56.371] PartLoader: Compiling Part 'Squad/Parts/FuelTank/RCSFuelTankR10/RCSFuelTankR10/rcsTankMini'
[LOG 15:10:56.374] PartLoader: Part 'Squad/Parts/FuelTank/RCSFuelTankR10/RCSFuelTankR10/rcsTankMini' has no database record. Creating.
[LOG 15:10:56.374] [DragCubeSystem]: Drag cubes not found or cannot be read for part Part. Generating New drag cubes.
[LOG 15:10:56.374] [KSPCF/DragCubeGeneration] Creating drag cubes for part 'rcsTankMini'
[LOG 15:10:56.379] PartLoader: Compiling Part 'Squad/Parts/FuelTank/RCSFuelTankR25/RCSFuelTankR25/RCSFuelTank'
[LOG 15:10:56.381] PartLoader: Part 'Squad/Parts/FuelTank/RCSFuelTankR25/RCSFuelTankR25/RCSFuelTank' has no database record. Creating.
[LOG 15:10:56.381] [DragCubeSystem]: Drag cubes not found or cannot be read for part Part. Generating New drag cubes.
[LOG 15:10:56.381] [KSPCF/DragCubeGeneration] Creating drag cubes for part 'RCSFuelTank'
[LOG 15:10:56.386] PartLoader: Compiling Part 'Squad/Parts/FuelTank/RCSTankRadial/radialRCSTank/radialRCSTank'
[LOG 15:10:56.388] PartLoader: Part 'Squad/Parts/FuelTank/RCSTankRadial/radialRCSTank/radialRCSTank' has no database record. Creating.
[LOG 15:10:56.388] [DragCubeSystem]: Drag cubes not found or cannot be read for part Part. Generating New drag cubes.
[LOG 15:10:56.388] [KSPCF/DragCubeGeneration] Creating drag cubes for part 'radialRCSTank'
[LOG 15:10:56.394] PartLoader: Compiling Part 'Squad/Parts/FuelTank/RCStankRadialLong/RCSTankRadialLong/rcsTankRadialLong'
[LOG 15:10:56.396] PartLoader: Part 'Squad/Parts/FuelTank/RCStankRadialLong/RCSTankRadialLong/rcsTankRadialLong' has no database record. Creating.
[LOG 15:10:56.396] [DragCubeSystem]: Drag cubes not found or cannot be read for part Part. Generating New drag cubes.
[LOG 15:10:56.396] [KSPCF/DragCubeGeneration] Creating drag cubes for part 'rcsTankRadialLong'
[LOG 15:10:56.400] PartLoader: Compiling Part 'Squad/Parts/FuelTank/RockomaxTanks/Rockomax16/Rockomax16_BW'
[LOG 15:10:56.403] PartLoader: Part 'Squad/Parts/FuelTank/RockomaxTanks/Rockomax16/Rockomax16_BW' has no database record. Creating.
[LOG 15:10:56.403] [DragCubeSystem]: Drag cubes not found or cannot be read for part Part. Generating New drag cubes.
[LOG 15:10:56.403] [KSPCF/DragCubeGeneration] Creating drag cubes for part 'Rockomax16.BW'
[LOG 15:10:56.408] PartLoader: Compiling Part 'Squad/Parts/FuelTank/RockomaxTanks/Rockomax32/Rockomax32_BW'
[LOG 15:10:56.411] PartLoader: Part 'Squad/Parts/FuelTank/RockomaxTanks/Rockomax32/Rockomax32_BW' has no database record. Creating.
[LOG 15:10:56.411] [DragCubeSystem]: Drag cubes not found or cannot be read for part Part. Generating New drag cubes.
[LOG 15:10:56.411] [KSPCF/DragCubeGeneration] Creating drag cubes for part 'Rockomax32.BW'
[LOG 15:10:56.426] PartLoader: Compiling Part 'Squad/Parts/FuelTank/RockomaxTanks/Rockomax64/Rockomax64_BW'
[LOG 15:10:56.429] PartLoader: Part 'Squad/Parts/FuelTank/RockomaxTanks/Rockomax64/Rockomax64_BW' has no database record. Creating.
[LOG 15:10:56.429] [DragCubeSystem]: Drag cubes not found or cannot be read for part Part. Generating New drag cubes.
[LOG 15:10:56.429] [KSPCF/DragCubeGeneration] Creating drag cubes for part 'Rockomax64.BW'
[LOG 15:10:56.439] PartLoader: Compiling Part 'Squad/Parts/FuelTank/RockomaxTanks/Rockomax8/Rockomax8BW'
[LOG 15:10:56.442] PartLoader: Part 'Squad/Parts/FuelTank/RockomaxTanks/Rockomax8/Rockomax8BW' has no database record. Creating.
[LOG 15:10:56.442] [DragCubeSystem]: Drag cubes not found or cannot be read for part Part. Generating New drag cubes.
[LOG 15:10:56.442] [KSPCF/DragCubeGeneration] Creating drag cubes for part 'Rockomax8BW'
[LOG 15:10:56.453] PartLoader: Compiling Part 'Squad/Parts/FuelTank/Size1_Tanks/fuelTankT100/fuelTankSmallFlat'
[LOG 15:10:56.456] PartLoader: Part 'Squad/Parts/FuelTank/Size1_Tanks/fuelTankT100/fuelTankSmallFlat' has no database record. Creating.
[LOG 15:10:56.456] [DragCubeSystem]: Drag cubes not found or cannot be read for part Part. Generating New drag cubes.
[LOG 15:10:56.457] [KSPCF/DragCubeGeneration] Creating drag cubes for part 'fuelTankSmallFlat'
[LOG 15:10:56.461] PartLoader: Compiling Part 'Squad/Parts/FuelTank/Size1_Tanks/fuelTankT200/fuelTankSmall'
[LOG 15:10:56.464] PartLoader: Part 'Squad/Parts/FuelTank/Size1_Tanks/fuelTankT200/fuelTankSmall' has no database record. Creating.
[LOG 15:10:56.464] [DragCubeSystem]: Drag cubes not found or cannot be read for part Part. Generating New drag cubes.
[LOG 15:10:56.464] [KSPCF/DragCubeGeneration] Creating drag cubes for part 'fuelTankSmall'
[LOG 15:10:56.469] PartLoader: Compiling Part 'Squad/Parts/FuelTank/Size1_Tanks/fuelTankT400/fuelTank'
[LOG 15:10:56.472] PartLoader: Part 'Squad/Parts/FuelTank/Size1_Tanks/fuelTankT400/fuelTank' has no database record. Creating.
[LOG 15:10:56.472] [DragCubeSystem]: Drag cubes not found or cannot be read for part Part. Generating New drag cubes.
[LOG 15:10:56.472] [KSPCF/DragCubeGeneration] Creating drag cubes for part 'fuelTank'
[LOG 15:10:56.477] PartLoader: Compiling Part 'Squad/Parts/FuelTank/Size1_Tanks/fuelTankT800/fuelTank_long'
[LOG 15:10:56.479] PartLoader: Part 'Squad/Parts/FuelTank/Size1_Tanks/fuelTankT800/fuelTank_long' has no database record. Creating.
[LOG 15:10:56.479] [DragCubeSystem]: Drag cubes not found or cannot be read for part Part. Generating New drag cubes.
[LOG 15:10:56.479] [KSPCF/DragCubeGeneration] Creating drag cubes for part 'fuelTank.long'
[LOG 15:10:56.485] PartLoader: Compiling Part 'Squad/Parts/FuelTank/Size3Tanks/large/Size3LargeTank'
[LOG 15:10:56.487] PartLoader: Part 'Squad/Parts/FuelTank/Size3Tanks/large/Size3LargeTank' has no database record. Creating.
[LOG 15:10:56.487] [DragCubeSystem]: Drag cubes not found or cannot be read for part Part. Generating New drag cubes.
[LOG 15:10:56.487] [KSPCF/DragCubeGeneration] Creating drag cubes for part 'Size3LargeTank'
[LOG 15:10:56.492] PartLoader: Compiling Part 'Squad/Parts/FuelTank/Size3Tanks/medium/Size3MediumTank'
[LOG 15:10:56.495] PartLoader: Part 'Squad/Parts/FuelTank/Size3Tanks/medium/Size3MediumTank' has no database record. Creating.
[LOG 15:10:56.495] [DragCubeSystem]: Drag cubes not found or cannot be read for part Part. Generating New drag cubes.
[LOG 15:10:56.495] [KSPCF/DragCubeGeneration] Creating drag cubes for part 'Size3MediumTank'
[LOG 15:10:56.499] PartLoader: Compiling Part 'Squad/Parts/FuelTank/Size3Tanks/small/Size3SmallTank'
[LOG 15:10:56.502] PartLoader: Part 'Squad/Parts/FuelTank/Size3Tanks/small/Size3SmallTank' has no database record. Creating.
[LOG 15:10:56.502] [DragCubeSystem]: Drag cubes not found or cannot be read for part Part. Generating New drag cubes.
[LOG 15:10:56.502] [KSPCF/DragCubeGeneration] Creating drag cubes for part 'Size3SmallTank'
[LOG 15:10:56.506] PartLoader: Compiling Part 'Squad/Parts/FuelTank/xenonTank/xenonTank/xenonTank'
[LOG 15:10:56.509] PartLoader: Part 'Squad/Parts/FuelTank/xenonTank/xenonTank/xenonTank' has no database record. Creating.
[LOG 15:10:56.509] [DragCubeSystem]: Drag cubes not found or cannot be read for part Part. Generating New drag cubes.
[LOG 15:10:56.509] [KSPCF/DragCubeGeneration] Creating drag cubes for part 'xenonTank'
[LOG 15:10:56.513] PartLoader: Compiling Part 'Squad/Parts/FuelTank/xenonTankLarge/xenonTankLarge/xenonTankLarge'
[LOG 15:10:56.516] PartLoader: Part 'Squad/Parts/FuelTank/xenonTankLarge/xenonTankLarge/xenonTankLarge' has no database record. Creating.
[LOG 15:10:56.516] [DragCubeSystem]: Drag cubes not found or cannot be read for part Part. Generating New drag cubes.
[LOG 15:10:56.516] [KSPCF/DragCubeGeneration] Creating drag cubes for part 'xenonTankLarge'
[LOG 15:10:56.521] PartLoader: Compiling Part 'Squad/Parts/FuelTank/xenonTankRadial/xenonTankRadial/xenonTankRadial'
[LOG 15:10:56.524] PartLoader: Part 'Squad/Parts/FuelTank/xenonTankRadial/xenonTankRadial/xenonTankRadial' has no database record. Creating.
[LOG 15:10:56.524] [DragCubeSystem]: Drag cubes not found or cannot be read for part Part. Generating New drag cubes.
[LOG 15:10:56.524] [KSPCF/DragCubeGeneration] Creating drag cubes for part 'xenonTankRadial'
[LOG 15:10:56.528] PartLoader: Compiling Part 'Squad/Parts/Misc/AsteroidDay/CamSat/InfraredTelescope'
[LOG 15:10:56.534] PartLoader: Part 'Squad/Parts/Misc/AsteroidDay/CamSat/InfraredTelescope' has no database record. Creating.
[LOG 15:10:56.534] [DragCubeSystem]: Drag cubes not found or cannot be read for part Part. Generating New drag cubes.
[LOG 15:10:56.534] [KSPCF/DragCubeGeneration] Creating drag cubes for part 'InfraredTelescope'
[LOG 15:10:56.538] PartLoader: Compiling Part 'Squad/Parts/Misc/AsteroidDay/HECS2/HECS2_ProbeCore'
[LOG 15:10:56.544] PartLoader: Part 'Squad/Parts/Misc/AsteroidDay/HECS2/HECS2_ProbeCore' has no database record. Creating.
[LOG 15:10:56.544] [DragCubeSystem]: Drag cubes not found or cannot be read for part Part. Generating New drag cubes.
[LOG 15:10:56.544] [KSPCF/DragCubeGeneration] Creating drag cubes for part 'HECS2.ProbeCore'
[LOG 15:10:56.549] PartLoader: Compiling Part 'Squad/Parts/Misc/AsteroidDay/HighGainAntenna/HighGainAntenna'
[LOG 15:10:56.557] PartLoader: Part 'Squad/Parts/Misc/AsteroidDay/HighGainAntenna/HighGainAntenna' has no database record. Creating.
[LOG 15:10:56.557] [DragCubeSystem]: Drag cubes not found or cannot be read for part Part. Generating New drag cubes.
[LOG 15:10:56.557] [KSPCF/DragCubeGeneration] Creating drag cubes for part 'HighGainAntenna'
[LOG 15:10:56.570] PartLoader: Compiling Part 'Squad/Parts/Misc/AsteroidDay/LgRadialSolar/LgRadialSolarPanel'
[LOG 15:10:56.573] PartLoader: Part 'Squad/Parts/Misc/AsteroidDay/LgRadialSolar/LgRadialSolarPanel' has no database record. Creating.
[LOG 15:10:56.573] [DragCubeSystem]: Drag cubes not found or cannot be read for part Part. Generating New drag cubes.
[LOG 15:10:56.573] [KSPCF/DragCubeGeneration] Creating drag cubes for part 'LgRadialSolarPanel'
[LOG 15:10:56.579] PartLoader: Compiling Part 'Squad/Parts/Misc/PotatoComet/part/PotatoComet'
[LOG 15:10:56.590] PartLoader: Part 'Squad/Parts/Misc/PotatoComet/part/PotatoComet' has no database record. Creating.
[LOG 15:10:56.590] PartLoader: Compiling Part 'Squad/Parts/Misc/PotatoRoid/part/PotatoRoid'
[LOG 15:10:56.600] PartLoader: Part 'Squad/Parts/Misc/PotatoRoid/part/PotatoRoid' has no database record. Creating.
[LOG 15:10:56.601] PartLoader: Compiling Part 'Squad/Parts/Prebuilt/flag/flag'
[LOG 15:10:56.603] PartLoader: Compiling Part 'Squad/Parts/Prebuilt/kerbalEVA/kerbalEVA'
[LOG 15:10:56.620] PartLoader: Compiling Part 'Squad/Parts/Prebuilt/kerbalEVAfemale/kerbalEVAfemale'
[LOG 15:10:56.626] PartLoader: Compiling Part 'Squad/Parts/Prebuilt/kerbalEVASlimSuit/kerbalEVASlimSuit'
[LOG 15:10:56.633] PartLoader: Compiling Part 'Squad/Parts/Prebuilt/kerbalEVASlimSuitFemale/kerbalEVASlimSuitFemale'
[LOG 15:10:56.638] PartLoader: Compiling Part 'Squad/Parts/Resources/FuelCell/FuelCell/FuelCell'
[LOG 15:10:56.646] PartLoader: Part 'Squad/Parts/Resources/FuelCell/FuelCell/FuelCell' has no database record. Creating.
[LOG 15:10:56.646] [DragCubeSystem]: Drag cubes not found or cannot be read for part Part. Generating New drag cubes.
[LOG 15:10:56.647] [KSPCF/DragCubeGeneration] Creating drag cubes for part 'FuelCell'
[LOG 15:10:56.652] PartLoader: Compiling Part 'Squad/Parts/Resources/FuelCell/FuelCellArray/FuelCellArray'
[LOG 15:10:56.656] PartLoader: Part 'Squad/Parts/Resources/FuelCell/FuelCellArray/FuelCellArray' has no database record. Creating.
[LOG 15:10:56.656] [DragCubeSystem]: Drag cubes not found or cannot be read for part Part. Generating New drag cubes.
[LOG 15:10:56.656] [KSPCF/DragCubeGeneration] Creating drag cubes for part 'FuelCellArray'
[LOG 15:10:56.661] PartLoader: Compiling Part 'Squad/Parts/Resources/ISRU/ISRU/ISRU'
[LOG 15:10:56.669] PartLoader: Part 'Squad/Parts/Resources/ISRU/ISRU/ISRU' has no database record. Creating.
[LOG 15:10:56.669] [DragCubeSystem]: Drag cubes not found or cannot be read for part Part. Generating New drag cubes.
[LOG 15:10:56.669] [KSPCF/DragCubeGeneration] Creating drag cubes for part 'ISRU'
[LOG 15:10:56.681] PartLoader: Compiling Part 'Squad/Parts/Resources/LargeTank/LargeTank/LargeTank'
[LOG 15:10:56.686] PartLoader: Part 'Squad/Parts/Resources/LargeTank/LargeTank/LargeTank' has no database record. Creating.
[LOG 15:10:56.686] [DragCubeSystem]: Drag cubes not found or cannot be read for part Part. Generating New drag cubes.
[LOG 15:10:56.686] [KSPCF/DragCubeGeneration] Creating drag cubes for part 'LargeTank'
[LOG 15:10:56.690] PartLoader: Compiling Part 'Squad/Parts/Resources/MiniDrill/MiniDrill/MiniDrill'
[LOG 15:10:56.707] PartLoader: Part 'Squad/Parts/Resources/MiniDrill/MiniDrill/MiniDrill' has no database record. Creating.
[LOG 15:10:56.707] [DragCubeSystem]: Drag cubes not found or cannot be read for part Part. Generating New drag cubes.
[LOG 15:10:56.707] [KSPCF/DragCubeGeneration] Creating drag cubes for part 'MiniDrill'
[LOG 15:10:56.731] PartLoader: Compiling Part 'Squad/Parts/Resources/MiniISRU/MiniISRU/MiniISRU'
[LOG 15:10:56.739] PartLoader: Part 'Squad/Parts/Resources/MiniISRU/MiniISRU/MiniISRU' has no database record. Creating.
[LOG 15:10:56.739] [DragCubeSystem]: Drag cubes not found or cannot be read for part Part. Generating New drag cubes.
[LOG 15:10:56.739] [KSPCF/DragCubeGeneration] Creating drag cubes for part 'MiniISRU'
[LOG 15:10:56.744] PartLoader: Compiling Part 'Squad/Parts/Resources/OrbitalScanner/OrbitalScanner/OrbitalScanner'
[LOG 15:10:56.753] PartLoader: Part 'Squad/Parts/Resources/OrbitalScanner/OrbitalScanner/OrbitalScanner' has no database record. Creating.
[LOG 15:10:56.753] [DragCubeSystem]: Drag cubes not found or cannot be read for part Part. Generating New drag cubes.
[LOG 15:10:56.753] [KSPCF/DragCubeGeneration] Creating drag cubes for part 'OrbitalScanner'
[LOG 15:10:56.764] PartLoader: Compiling Part 'Squad/Parts/Resources/RadialDrill/RadialDrill/RadialDrill'
[LOG 15:10:56.771] PartLoader: Part 'Squad/Parts/Resources/RadialDrill/RadialDrill/RadialDrill' has no database record. Creating.
[LOG 15:10:56.771] [DragCubeSystem]: Drag cubes not found or cannot be read for part Part. Generating New drag cubes.
[LOG 15:10:56.771] [KSPCF/DragCubeGeneration] Creating drag cubes for part 'RadialDrill'
[LOG 15:10:56.795] PartLoader: Compiling Part 'Squad/Parts/Resources/RadialTank/RadialTank/RadialOreTank'
[LOG 15:10:56.798] PartLoader: Part 'Squad/Parts/Resources/RadialTank/RadialTank/RadialOreTank' has no database record. Creating.
[LOG 15:10:56.798] [DragCubeSystem]: Drag cubes not found or cannot be read for part Part. Generating New drag cubes.
[LOG 15:10:56.798] [KSPCF/DragCubeGeneration] Creating drag cubes for part 'RadialOreTank'
[LOG 15:10:56.803] PartLoader: Compiling Part 'Squad/Parts/Resources/SmallTank/SmallTank/SmallTank'
[LOG 15:10:56.806] PartLoader: Part 'Squad/Parts/Resources/SmallTank/SmallTank/SmallTank' has no database record. Creating.
[LOG 15:10:56.806] [DragCubeSystem]: Drag cubes not found or cannot be read for part Part. Generating New drag cubes.
[LOG 15:10:56.807] [KSPCF/DragCubeGeneration] Creating drag cubes for part 'SmallTank'
[LOG 15:10:56.811] PartLoader: Compiling Part 'Squad/Parts/Resources/SurfaceScanner/SurfaceScanner/SurfaceScanner'
[LOG 15:10:56.829] PartLoader: Part 'Squad/Parts/Resources/SurfaceScanner/SurfaceScanner/SurfaceScanner' has no database record. Creating.
[LOG 15:10:56.830] [DragCubeSystem]: Drag cubes not found or cannot be read for part Part. Generating New drag cubes.
[LOG 15:10:56.830] [KSPCF/DragCubeGeneration] Creating drag cubes for part 'SurfaceScanner'
[LOG 15:10:56.835] PartLoader: Compiling Part 'Squad/Parts/Resources/SurveyScanner/SurveyScanner/SurveyScanner'
[LOG 15:10:56.844] PartLoader: Part 'Squad/Parts/Resources/SurveyScanner/SurveyScanner/SurveyScanner' has no database record. Creating.
[LOG 15:10:56.845] [DragCubeSystem]: Drag cubes not found or cannot be read for part Part. Generating New drag cubes.
[LOG 15:10:56.845] [KSPCF/DragCubeGeneration] Creating drag cubes for part 'SurveyScanner'
[LOG 15:10:56.857] PartLoader: Compiling Part 'Squad/Parts/Science/AtmosphereSensor/sensorAtmosphere/sensorAtmosphere'
[LOG 15:10:56.863] PartLoader: Part 'Squad/Parts/Science/AtmosphereSensor/sensorAtmosphere/sensorAtmosphere' has no database record. Creating.
[LOG 15:10:56.863] [DragCubeSystem]: Drag cubes not found or cannot be read for part Part. Generating New drag cubes.
[LOG 15:10:56.863] [KSPCF/DragCubeGeneration] Creating drag cubes for part 'sensorAtmosphere'
[LOG 15:10:56.868] PartLoader: Compiling Part 'Squad/Parts/Science/GooExperiment/gooExperiment/GooExperiment'
[LOG 15:10:56.872] PartLoader: Part 'Squad/Parts/Science/GooExperiment/gooExperiment/GooExperiment' has no database record. Creating.
[LOG 15:10:56.872] [DragCubeSystem]: Drag cubes not found or cannot be read for part Part. Generating New drag cubes.
[LOG 15:10:56.872] [KSPCF/DragCubeGeneration] Creating drag cubes for part 'GooExperiment'
[LOG 15:10:56.884] PartLoader: Compiling Part 'Squad/Parts/Science/LargeCrewedLab/largeCrewedLab/Large_Crewed_Lab'
[LOG 15:10:56.905] PartLoader: Part 'Squad/Parts/Science/LargeCrewedLab/largeCrewedLab/Large_Crewed_Lab' has no database record. Creating.
[LOG 15:10:56.905] [DragCubeSystem]: Drag cubes not found or cannot be read for part Part. Generating New drag cubes.
[LOG 15:10:56.905] [KSPCF/DragCubeGeneration] Creating drag cubes for part 'Large.Crewed.Lab'
[LOG 15:10:56.912] PartLoader: Compiling Part 'Squad/Parts/Science/Magnetometer/Magnetometer/Magnetometer'
[LOG 15:10:56.926] PartLoader: Part 'Squad/Parts/Science/Magnetometer/Magnetometer/Magnetometer' has no database record. Creating.
[LOG 15:10:56.926] [DragCubeSystem]: Drag cubes not found or cannot be read for part Part. Generating New drag cubes.
[LOG 15:10:56.927] [KSPCF/DragCubeGeneration] Creating drag cubes for part 'Magnetometer'
[LOG 15:10:56.952] PartLoader: Compiling Part 'Squad/Parts/Science/MaterialBay/materialBay/science_module'
[LOG 15:10:56.961] PartLoader: Part 'Squad/Parts/Science/MaterialBay/materialBay/science_module' has no database record. Creating.
[LOG 15:10:56.961] [DragCubeSystem]: Drag cubes not found or cannot be read for part Part. Generating New drag cubes.
[LOG 15:10:56.961] [KSPCF/DragCubeGeneration] Creating drag cubes for part 'science.module'
[LOG 15:10:56.983] PartLoader: Compiling Part 'Squad/Parts/Science/ScienceBox/ScienceBox/ScienceBox'
[LOG 15:10:56.998] PartLoader: Part 'Squad/Parts/Science/ScienceBox/ScienceBox/ScienceBox' has no database record. Creating.
[LOG 15:10:56.999] [DragCubeSystem]: Drag cubes not found or cannot be read for part Part. Generating New drag cubes.
[LOG 15:10:56.999] [KSPCF/DragCubeGeneration] Creating drag cubes for part 'ScienceBox'
[LOG 15:10:57.003] PartLoader: Compiling Part 'Squad/Parts/Science/sensorAccelerometer/sensorAccelerometer/sensorAccelerometer'
[LOG 15:10:57.011] PartLoader: Part 'Squad/Parts/Science/sensorAccelerometer/sensorAccelerometer/sensorAccelerometer' has no database record. Creating.
[LOG 15:10:57.011] [DragCubeSystem]: Drag cubes not found or cannot be read for part Part. Generating New drag cubes.
[LOG 15:10:57.011] [KSPCF/DragCubeGeneration] Creating drag cubes for part 'sensorAccelerometer'
[LOG 15:10:57.016] PartLoader: Compiling Part 'Squad/Parts/Science/sensorBarometer/sensorBarometer/sensorBarometer'
[LOG 15:10:57.019] PartLoader: Part 'Squad/Parts/Science/sensorBarometer/sensorBarometer/sensorBarometer' has no database record. Creating.
[LOG 15:10:57.019] [DragCubeSystem]: Drag cubes not found or cannot be read for part Part. Generating New drag cubes.
[LOG 15:10:57.019] [KSPCF/DragCubeGeneration] Creating drag cubes for part 'sensorBarometer'
[LOG 15:10:57.024] PartLoader: Compiling Part 'Squad/Parts/Science/sensorGravimeter/sensorGravimeter/sensorGravimeter'
[LOG 15:10:57.027] PartLoader: Part 'Squad/Parts/Science/sensorGravimeter/sensorGravimeter/sensorGravimeter' has no database record. Creating.
[LOG 15:10:57.027] [DragCubeSystem]: Drag cubes not found or cannot be read for part Part. Generating New drag cubes.
[LOG 15:10:57.027] [KSPCF/DragCubeGeneration] Creating drag cubes for part 'sensorGravimeter'
[LOG 15:10:57.032] PartLoader: Compiling Part 'Squad/Parts/Science/sensorThermometer/sensorThermometer/sensorThermometer'
[LOG 15:10:57.036] PartLoader: Part 'Squad/Parts/Science/sensorThermometer/sensorThermometer/sensorThermometer' has no database record. Creating.
[LOG 15:10:57.036] [DragCubeSystem]: Drag cubes not found or cannot be read for part Part. Generating New drag cubes.
[LOG 15:10:57.036] [KSPCF/DragCubeGeneration] Creating drag cubes for part 'sensorThermometer'
[LOG 15:10:57.040] PartLoader: Compiling Part 'Squad/Parts/Structural/FLAdapters/adapterSmallMiniShort/adapterSmallMiniShort'
[LOG 15:10:57.043] PartLoader: Part 'Squad/Parts/Structural/FLAdapters/adapterSmallMiniShort/adapterSmallMiniShort' has no database record. Creating.
[LOG 15:10:57.043] [DragCubeSystem]: Drag cubes not found or cannot be read for part Part. Generating New drag cubes.
[LOG 15:10:57.043] [KSPCF/DragCubeGeneration] Creating drag cubes for part 'adapterSmallMiniShort'
[LOG 15:10:57.049] PartLoader: Compiling Part 'Squad/Parts/Structural/FLAdapters/adapterSmallMiniTall/adapterSmallMiniTall'
[LOG 15:10:57.052] PartLoader: Part 'Squad/Parts/Structural/FLAdapters/adapterSmallMiniTall/adapterSmallMiniTall' has no database record. Creating.
[LOG 15:10:57.053] [DragCubeSystem]: Drag cubes not found or cannot be read for part Part. Generating New drag cubes.
[LOG 15:10:57.053] [KSPCF/DragCubeGeneration] Creating drag cubes for part 'adapterSmallMiniTall'
[LOG 15:10:57.057] PartLoader: Compiling Part 'Squad/Parts/Structural/mk1Parts/engineBodyRadial/radialEngineBody'
[LOG 15:10:57.062] PartLoader: Part 'Squad/Parts/Structural/mk1Parts/engineBodyRadial/radialEngineBody' has no database record. Creating.
[LOG 15:10:57.062] [DragCubeSystem]: Drag cubes not found or cannot be read for part Part. Generating New drag cubes.
[LOG 15:10:57.062] [KSPCF/DragCubeGeneration] Creating drag cubes for part 'radialEngineBody'
[LOG 15:10:57.068] PartLoader: Compiling Part 'Squad/Parts/Structural/mk1Parts/engineNacelle/nacelleBody'
[LOG 15:10:57.072] PartLoader: Part 'Squad/Parts/Structural/mk1Parts/engineNacelle/nacelleBody' has no database record. Creating.
[LOG 15:10:57.072] [DragCubeSystem]: Drag cubes not found or cannot be read for part Part. Generating New drag cubes.
[LOG 15:10:57.072] [KSPCF/DragCubeGeneration] Creating drag cubes for part 'nacelleBody'
[LOG 15:10:57.077] PartLoader: Compiling Part 'Squad/Parts/Structural/mk1Parts/mk1Fuselage/MK1Fuselage'
[LOG 15:10:57.079] PartLoader: Part 'Squad/Parts/Structural/mk1Parts/mk1Fuselage/MK1Fuselage' has no database record. Creating.
[LOG 15:10:57.080] [DragCubeSystem]: Drag cubes not found or cannot be read for part Part. Generating New drag cubes.
[LOG 15:10:57.080] [KSPCF/DragCubeGeneration] Creating drag cubes for part 'MK1Fuselage'
[LOG 15:10:57.085] PartLoader: Compiling Part 'Squad/Parts/Structural/mk1Parts/mk1FuselageIntake/MK1IntakeFuselage'
[LOG 15:10:57.088] PartLoader: Part 'Squad/Parts/Structural/mk1Parts/mk1FuselageIntake/MK1IntakeFuselage' has no database record. Creating.
[LOG 15:10:57.088] [DragCubeSystem]: Drag cubes not found or cannot be read for part Part. Generating New drag cubes.
[LOG 15:10:57.088] [KSPCF/DragCubeGeneration] Creating drag cubes for part 'MK1IntakeFuselage'
[LOG 15:10:57.093] PartLoader: Compiling Part 'Squad/Parts/Structural/mk1Parts/mk1Structural/Mk1FuselageStructural'
[LOG 15:10:57.096] PartLoader: Part 'Squad/Parts/Structural/mk1Parts/mk1Structural/Mk1FuselageStructural' has no database record. Creating.
[LOG 15:10:57.096] PartLoader: Compiling Part 'Squad/Parts/Structural/Size3To2Adapter_v2/Size2to3_v2/Size3To2Adapter_v2'
[LOG 15:10:57.099] PartLoader: Part 'Squad/Parts/Structural/Size3To2Adapter_v2/Size2to3_v2/Size3To2Adapter_v2' has no database record. Creating.
[LOG 15:10:57.099] PartLoader: Compiling Part 'Squad/Parts/Structural/stackAdapters/adapterLargeSmallBi/adapterLargeSmallBi'
[LOG 15:10:57.102] PartLoader: Part 'Squad/Parts/Structural/stackAdapters/adapterLargeSmallBi/adapterLargeSmallBi' has no database record. Creating.
[LOG 15:10:57.102] [DragCubeSystem]: Drag cubes not found or cannot be read for part Part. Generating New drag cubes.
[LOG 15:10:57.102] [KSPCF/DragCubeGeneration] Creating drag cubes for part 'adapterLargeSmallBi'
[LOG 15:10:57.107] PartLoader: Compiling Part 'Squad/Parts/Structural/stackAdapters/adapterLargeSmallQuad/adapterLargeSmallQuad'
[LOG 15:10:57.110] PartLoader: Part 'Squad/Parts/Structural/stackAdapters/adapterLargeSmallQuad/adapterLargeSmallQuad' has no database record. Creating.
[LOG 15:10:57.110] [DragCubeSystem]: Drag cubes not found or cannot be read for part Part. Generating New drag cubes.
[LOG 15:10:57.110] [KSPCF/DragCubeGeneration] Creating drag cubes for part 'adapterLargeSmallQuad'
[LOG 15:10:57.115] PartLoader: Compiling Part 'Squad/Parts/Structural/stackAdapters/adapterLargeSmallTri/adapterLargeSmallTri'
[LOG 15:10:57.121] PartLoader: Part 'Squad/Parts/Structural/stackAdapters/adapterLargeSmallTri/adapterLargeSmallTri' has no database record. Creating.
[LOG 15:10:57.121] [DragCubeSystem]: Drag cubes not found or cannot be read for part Part. Generating New drag cubes.
[LOG 15:10:57.121] [KSPCF/DragCubeGeneration] Creating drag cubes for part 'adapterLargeSmallTri'
[LOG 15:10:57.124] PartLoader: Compiling Part 'Squad/Parts/Structural/stationHub/stationHub/stationHub'
[LOG 15:10:57.127] PartLoader: Part 'Squad/Parts/Structural/stationHub/stationHub/stationHub' has no database record. Creating.
[LOG 15:10:57.127] [DragCubeSystem]: Drag cubes not found or cannot be read for part Part. Generating New drag cubes.
[LOG 15:10:57.127] [KSPCF/DragCubeGeneration] Creating drag cubes for part 'stationHub'
[LOG 15:10:57.131] PartLoader: Compiling Part 'Squad/Parts/Structural/structuralIBeam200/structuralIBeam200/structuralIBeam2'
[LOG 15:10:57.134] PartLoader: Part 'Squad/Parts/Structural/structuralIBeam200/structuralIBeam200/structuralIBeam2' has no database record. Creating.
[LOG 15:10:57.134] [DragCubeSystem]: Drag cubes not found or cannot be read for part Part. Generating New drag cubes.
[LOG 15:10:57.134] [KSPCF/DragCubeGeneration] Creating drag cubes for part 'structuralIBeam2'
[LOG 15:10:57.138] PartLoader: Compiling Part 'Squad/Parts/Structural/structuralIBeam200Pocket/structuralIBeam200Pocket/structuralIBeam3'
[LOG 15:10:57.141] PartLoader: Part 'Squad/Parts/Structural/structuralIBeam200Pocket/structuralIBeam200Pocket/structuralIBeam3' has no database record. Creating.
[LOG 15:10:57.141] [DragCubeSystem]: Drag cubes not found or cannot be read for part Part. Generating New drag cubes.
[LOG 15:10:57.141] [KSPCF/DragCubeGeneration] Creating drag cubes for part 'structuralIBeam3'
[LOG 15:10:57.145] PartLoader: Compiling Part 'Squad/Parts/Structural/structuralIBeam650/structuralIBeam650/structuralIBeam1'
[LOG 15:10:57.148] PartLoader: Part 'Squad/Parts/Structural/structuralIBeam650/structuralIBeam650/structuralIBeam1' has no database record. Creating.
[LOG 15:10:57.149] [DragCubeSystem]: Drag cubes not found or cannot be read for part Part. Generating New drag cubes.
[LOG 15:10:57.149] [KSPCF/DragCubeGeneration] Creating drag cubes for part 'structuralIBeam1'
[LOG 15:10:57.154] PartLoader: Compiling Part 'Squad/Parts/Structural/structuralMicronode/structuralMicronode/structuralMiniNode'
[LOG 15:10:57.157] PartLoader: Part 'Squad/Parts/Structural/structuralMicronode/structuralMicronode/structuralMiniNode' has no database record. Creating.
[LOG 15:10:57.157] [DragCubeSystem]: Drag cubes not found or cannot be read for part Part. Generating New drag cubes.
[LOG 15:10:57.157] [KSPCF/DragCubeGeneration] Creating drag cubes for part 'structuralMiniNode'
[LOG 15:10:57.161] PartLoader: Compiling Part 'Squad/Parts/Structural/structuralPanel1x1/structuralPanel1x1/structuralPanel1'
[LOG 15:10:57.165] PartLoader: Part 'Squad/Parts/Structural/structuralPanel1x1/structuralPanel1x1/structuralPanel1' has no database record. Creating.
[LOG 15:10:57.165] [DragCubeSystem]: Drag cubes not found or cannot be read for part Part. Generating New drag cubes.
[LOG 15:10:57.165] [KSPCF/DragCubeGeneration] Creating drag cubes for part 'structuralPanel1'
[LOG 15:10:57.169] PartLoader: Compiling Part 'Squad/Parts/Structural/structuralPanel2x2/structuralPanel2x2/structuralPanel2'
[LOG 15:10:57.173] PartLoader: Part 'Squad/Parts/Structural/structuralPanel2x2/structuralPanel2x2/structuralPanel2' has no database record. Creating.
[LOG 15:10:57.173] [DragCubeSystem]: Drag cubes not found or cannot be read for part Part. Generating New drag cubes.
[LOG 15:10:57.173] [KSPCF/DragCubeGeneration] Creating drag cubes for part 'structuralPanel2'
[LOG 15:10:57.177] PartLoader: Compiling Part 'Squad/Parts/Structural/structuralPylons/smallHardpoint/smallHardpoint'
[LOG 15:10:57.184] PartLoader: Part 'Squad/Parts/Structural/structuralPylons/smallHardpoint/smallHardpoint' has no database record. Creating.
[LOG 15:10:57.184] [DragCubeSystem]: Drag cubes not found or cannot be read for part Part. Generating New drag cubes.
[LOG 15:10:57.184] [KSPCF/DragCubeGeneration] Creating drag cubes for part 'smallHardpoint'
[LOG 15:10:57.190] PartLoader: Compiling Part 'Squad/Parts/Structural/structuralPylons/structuralPylon/structuralPylon'
[LOG 15:10:57.196] PartLoader: Part 'Squad/Parts/Structural/structuralPylons/structuralPylon/structuralPylon' has no database record. Creating.
[LOG 15:10:57.197] [DragCubeSystem]: Drag cubes not found or cannot be read for part Part. Generating New drag cubes.
[LOG 15:10:57.197] [KSPCF/DragCubeGeneration] Creating drag cubes for part 'structuralPylon'
[LOG 15:10:57.202] PartLoader: Compiling Part 'Squad/Parts/Structural/strutCubicOcto/strutCubicOcto/strutCube'
[LOG 15:10:57.207] PartLoader: Part 'Squad/Parts/Structural/strutCubicOcto/strutCubicOcto/strutCube' has no database record. Creating.
[LOG 15:10:57.207] [DragCubeSystem]: Drag cubes not found or cannot be read for part Part. Generating New drag cubes.
[LOG 15:10:57.207] [KSPCF/DragCubeGeneration] Creating drag cubes for part 'strutCube'
[LOG 15:10:57.212] PartLoader: Compiling Part 'Squad/Parts/Structural/strutOcto/strutOcto/strutOcto'
[LOG 15:10:57.216] PartLoader: Part 'Squad/Parts/Structural/strutOcto/strutOcto/strutOcto' has no database record. Creating.
[LOG 15:10:57.216] [DragCubeSystem]: Drag cubes not found or cannot be read for part Part. Generating New drag cubes.
[LOG 15:10:57.216] [KSPCF/DragCubeGeneration] Creating drag cubes for part 'strutOcto'
[LOG 15:10:57.220] PartLoader: Compiling Part 'Squad/Parts/Structural/trussGirderAdapter/trussGirderAdapter/trussAdapter'
[LOG 15:10:57.224] PartLoader: Part 'Squad/Parts/Structural/trussGirderAdapter/trussGirderAdapter/trussAdapter' has no database record. Creating.
[LOG 15:10:57.224] [DragCubeSystem]: Drag cubes not found or cannot be read for part Part. Generating New drag cubes.
[LOG 15:10:57.224] [KSPCF/DragCubeGeneration] Creating drag cubes for part 'trussAdapter'
[LOG 15:10:57.229] PartLoader: Compiling Part 'Squad/Parts/Structural/trussGirderL/trussGirderL/trussPiece1x'
[LOG 15:10:57.231] PartLoader: Part 'Squad/Parts/Structural/trussGirderL/trussGirderL/trussPiece1x' has no database record. Creating.
[LOG 15:10:57.231] [DragCubeSystem]: Drag cubes not found or cannot be read for part Part. Generating New drag cubes.
[LOG 15:10:57.231] [KSPCF/DragCubeGeneration] Creating drag cubes for part 'trussPiece1x'
[LOG 15:10:57.235] PartLoader: Compiling Part 'Squad/Parts/Structural/trussGirderXL/trussGirderXL/trussPiece3x'
[LOG 15:10:57.238] PartLoader: Part 'Squad/Parts/Structural/trussGirderXL/trussGirderXL/trussPiece3x' has no database record. Creating.
[LOG 15:10:57.238] [DragCubeSystem]: Drag cubes not found or cannot be read for part Part. Generating New drag cubes.
[LOG 15:10:57.238] [KSPCF/DragCubeGeneration] Creating drag cubes for part 'trussPiece3x'
[LOG 15:10:57.241] PartLoader: Compiling Part 'Squad/Parts/Thermal/FoldingRadiators/foldingRadLarge/foldingRadLarge'
[LOG 15:10:57.258] PartLoader: Part 'Squad/Parts/Thermal/FoldingRadiators/foldingRadLarge/foldingRadLarge' has no database record. Creating.
[LOG 15:10:57.260] PartLoader: Compiling Part 'Squad/Parts/Thermal/FoldingRadiators/foldingRadMed/foldingRadMed'
[LOG 15:10:57.265] PartLoader: Part 'Squad/Parts/Thermal/FoldingRadiators/foldingRadMed/foldingRadMed' has no database record. Creating.
[LOG 15:10:57.265] PartLoader: Compiling Part 'Squad/Parts/Thermal/FoldingRadiators/foldingRadSmall/foldingRadSmall'
[LOG 15:10:57.270] PartLoader: Part 'Squad/Parts/Thermal/FoldingRadiators/foldingRadSmall/foldingRadSmall' has no database record. Creating.
[LOG 15:10:57.271] PartLoader: Compiling Part 'Squad/Parts/Thermal/RadiatorPanels/radPanelEdge/radPanelEdge'
[LOG 15:10:57.275] PartLoader: Part 'Squad/Parts/Thermal/RadiatorPanels/radPanelEdge/radPanelEdge' has no database record. Creating.
[LOG 15:10:57.275] [DragCubeSystem]: Drag cubes not found or cannot be read for part Part. Generating New drag cubes.
[LOG 15:10:57.275] [KSPCF/DragCubeGeneration] Creating drag cubes for part 'radPanelEdge'
[LOG 15:10:57.280] PartLoader: Compiling Part 'Squad/Parts/Thermal/RadiatorPanels/radPanelLg/radPanelLg'
[LOG 15:10:57.284] PartLoader: Part 'Squad/Parts/Thermal/RadiatorPanels/radPanelLg/radPanelLg' has no database record. Creating.
[LOG 15:10:57.285] [DragCubeSystem]: Drag cubes not found or cannot be read for part Part. Generating New drag cubes.
[LOG 15:10:57.285] [KSPCF/DragCubeGeneration] Creating drag cubes for part 'radPanelLg'
[LOG 15:10:57.290] PartLoader: Compiling Part 'Squad/Parts/Thermal/RadiatorPanels/radPanelSm/radPanelSm'
[LOG 15:10:57.296] PartLoader: Part 'Squad/Parts/Thermal/RadiatorPanels/radPanelSm/radPanelSm' has no database record. Creating.
[LOG 15:10:57.296] [DragCubeSystem]: Drag cubes not found or cannot be read for part Part. Generating New drag cubes.
[LOG 15:10:57.296] [KSPCF/DragCubeGeneration] Creating drag cubes for part 'radPanelSm'
[LOG 15:10:57.300] PartLoader: Compiling Part 'Squad/Parts/Utility/commDish88-88/commDish88-88/commDish'
[LOG 15:10:57.306] PartLoader: Part 'Squad/Parts/Utility/commDish88-88/commDish88-88/commDish' has no database record. Creating.
[LOG 15:10:57.306] [DragCubeSystem]: Drag cubes not found or cannot be read for part Part. Generating New drag cubes.
[LOG 15:10:57.306] [KSPCF/DragCubeGeneration] Creating drag cubes for part 'commDish'
[LOG 15:10:57.322] PartLoader: Compiling Part 'Squad/Parts/Utility/commsAntennaDTS-M1/commsAntennaDTS-M1/mediumDishAntenna'
[LOG 15:10:57.326] PartLoader: Part 'Squad/Parts/Utility/commsAntennaDTS-M1/commsAntennaDTS-M1/mediumDishAntenna' has no database record. Creating.
[LOG 15:10:57.327] [DragCubeSystem]: Drag cubes not found or cannot be read for part Part. Generating New drag cubes.
[LOG 15:10:57.327] [KSPCF/DragCubeGeneration] Creating drag cubes for part 'mediumDishAntenna'
[LOG 15:10:57.340] PartLoader: Compiling Part 'Squad/Parts/Utility/commsDish16/commsAntenna16/longAntenna'
[LOG 15:10:57.344] PartLoader: Part 'Squad/Parts/Utility/commsDish16/commsAntenna16/longAntenna' has no database record. Creating.
[LOG 15:10:57.344] [DragCubeSystem]: Drag cubes not found or cannot be read for part Part. Generating New drag cubes.
[LOG 15:10:57.344] [KSPCF/DragCubeGeneration] Creating drag cubes for part 'longAntenna'
[LOG 15:10:57.355] PartLoader: Compiling Part 'Squad/Parts/Utility/decouplerRadialHDM/decouplerRadialHDM/radialDecoupler1-2'
[LOG 15:10:57.362] PartLoader: Part 'Squad/Parts/Utility/decouplerRadialHDM/decouplerRadialHDM/radialDecoupler1-2' has no database record. Creating.
[LOG 15:10:57.362] [DragCubeSystem]: Drag cubes not found or cannot be read for part Part. Generating New drag cubes.
[LOG 15:10:57.362] [KSPCF/DragCubeGeneration] Creating drag cubes for part 'radialDecoupler1-2'
[LOG 15:10:57.367] PartLoader: Compiling Part 'Squad/Parts/Utility/decouplerRadialTT-38K/decouplerRadialTT-38K/radialDecoupler'
[LOG 15:10:57.374] PartLoader: Part 'Squad/Parts/Utility/decouplerRadialTT-38K/decouplerRadialTT-38K/radialDecoupler' has no database record. Creating.
[LOG 15:10:57.374] [DragCubeSystem]: Drag cubes not found or cannot be read for part Part. Generating New drag cubes.
[LOG 15:10:57.374] [KSPCF/DragCubeGeneration] Creating drag cubes for part 'radialDecoupler'
[LOG 15:10:57.378] PartLoader: Compiling Part 'Squad/Parts/Utility/decouplerRadialTT-70/decouplerRadialTT-70/radialDecoupler2'
[LOG 15:10:57.382] PartLoader: Part 'Squad/Parts/Utility/decouplerRadialTT-70/decouplerRadialTT-70/radialDecoupler2' has no database record. Creating.
[LOG 15:10:57.383] [DragCubeSystem]: Drag cubes not found or cannot be read for part Part. Generating New drag cubes.
[LOG 15:10:57.383] [KSPCF/DragCubeGeneration] Creating drag cubes for part 'radialDecoupler2'
[LOG 15:10:57.388] PartLoader: Compiling Part 'Squad/Parts/Utility/DirectAntennas/C16S/SurfAntenna'
[LOG 15:10:57.393] PartLoader: Part 'Squad/Parts/Utility/DirectAntennas/C16S/SurfAntenna' has no database record. Creating.
[LOG 15:10:57.393] [DragCubeSystem]: Drag cubes not found or cannot be read for part Part. Generating New drag cubes.
[LOG 15:10:57.393] [KSPCF/DragCubeGeneration] Creating drag cubes for part 'SurfAntenna'
[LOG 15:10:57.399] PartLoader: Compiling Part 'Squad/Parts/Utility/DirectAntennas/HG-5/HighGainAntenna5'
[LOG 15:10:57.405] PartLoader: Part 'Squad/Parts/Utility/DirectAntennas/HG-5/HighGainAntenna5' has no database record. Creating.
[LOG 15:10:57.405] [DragCubeSystem]: Drag cubes not found or cannot be read for part Part. Generating New drag cubes.
[LOG 15:10:57.405] [KSPCF/DragCubeGeneration] Creating drag cubes for part 'HighGainAntenna5'
[LOG 15:10:57.418] PartLoader: Compiling Part 'Squad/Parts/Utility/DirectAntennas/HG-5_v2/HighGainAntenna5_v2'
[LOG 15:10:57.423] PartLoader: Part 'Squad/Parts/Utility/DirectAntennas/HG-5_v2/HighGainAntenna5_v2' has no database record. Creating.
[LOG 15:10:57.423] [DragCubeSystem]: Drag cubes not found or cannot be read for part Part. Generating New drag cubes.
[LOG 15:10:57.423] [KSPCF/DragCubeGeneration] Creating drag cubes for part 'HighGainAntenna5.v2'
[LOG 15:10:57.437] PartLoader: Compiling Part 'Squad/Parts/Utility/dockingPort/dockingPort/dockingPort2'
[LOG 15:10:57.453] PartLoader: Part 'Squad/Parts/Utility/dockingPort/dockingPort/dockingPort2' has no database record. Creating.
[LOG 15:10:57.453] [DragCubeSystem]: Drag cubes not found or cannot be read for part Part. Generating New drag cubes.
[LOG 15:10:57.453] [KSPCF/DragCubeGeneration] Creating drag cubes for part 'dockingPort2'
[LOG 15:10:57.459] PartLoader: Compiling Part 'Squad/Parts/Utility/dockingPortInline/dockingPortInline/dockingPortLateral'
[LOG 15:10:57.467] PartLoader: Part 'Squad/Parts/Utility/dockingPortInline/dockingPortInline/dockingPortLateral' has no database record. Creating.
[LOG 15:10:57.467] [DragCubeSystem]: Drag cubes not found or cannot be read for part Part. Generating New drag cubes.
[LOG 15:10:57.467] [KSPCF/DragCubeGeneration] Creating drag cubes for part 'dockingPortLateral'
[LOG 15:10:57.481] PartLoader: Compiling Part 'Squad/Parts/Utility/dockingPortJr/dockingPortJr/dockingPort3'
[LOG 15:10:57.487] PartLoader: Part 'Squad/Parts/Utility/dockingPortJr/dockingPortJr/dockingPort3' has no database record. Creating.
[LOG 15:10:57.487] [DragCubeSystem]: Drag cubes not found or cannot be read for part Part. Generating New drag cubes.
[LOG 15:10:57.487] [KSPCF/DragCubeGeneration] Creating drag cubes for part 'dockingPort3'
[LOG 15:10:57.492] PartLoader: Compiling Part 'Squad/Parts/Utility/dockingPortShielded/dockingPortShielded/dockingPort1'
[LOG 15:10:57.499] PartLoader: Part 'Squad/Parts/Utility/dockingPortShielded/dockingPortShielded/dockingPort1' has no database record. Creating.
[LOG 15:10:57.500] [DragCubeSystem]: Drag cubes not found or cannot be read for part Part. Generating New drag cubes.
[LOG 15:10:57.500] [KSPCF/DragCubeGeneration] Creating drag cubes for part 'dockingPort1'
[LOG 15:10:57.512] PartLoader: Compiling Part 'Squad/Parts/Utility/dockingPortSr/dockingPortSr/dockingPortLarge'
[LOG 15:10:57.520] PartLoader: Part 'Squad/Parts/Utility/dockingPortSr/dockingPortSr/dockingPortLarge' has no database record. Creating.
[LOG 15:10:57.520] [DragCubeSystem]: Drag cubes not found or cannot be read for part Part. Generating New drag cubes.
[LOG 15:10:57.520] [KSPCF/DragCubeGeneration] Creating drag cubes for part 'dockingPortLarge'
[LOG 15:10:57.525] PartLoader: Compiling Part 'Squad/Parts/Utility/Fireworks/fireworksLauncherBig/fireworksLauncherBig'
[LOG 15:10:57.539] PartLoader: Part 'Squad/Parts/Utility/Fireworks/fireworksLauncherBig/fireworksLauncherBig' has no database record. Creating.
[LOG 15:10:57.539] [DragCubeSystem]: Drag cubes not found or cannot be read for part Part. Generating New drag cubes.
[LOG 15:10:57.539] [KSPCF/DragCubeGeneration] Creating drag cubes for part 'fireworksLauncherBig'
[LOG 15:10:57.545] PartLoader: Compiling Part 'Squad/Parts/Utility/Fireworks/fireworksLauncherSmall/fireworksLauncherSmall'
[LOG 15:10:57.556] PartLoader: Part 'Squad/Parts/Utility/Fireworks/fireworksLauncherSmall/fireworksLauncherSmall' has no database record. Creating.
[LOG 15:10:57.557] [DragCubeSystem]: Drag cubes not found or cannot be read for part Part. Generating New drag cubes.
[LOG 15:10:57.557] [KSPCF/DragCubeGeneration] Creating drag cubes for part 'fireworksLauncherSmall'
[LOG 15:10:57.562] PartLoader: Compiling Part 'Squad/Parts/Utility/flags/flagFlat/flagFlat/flagPartFlat'
[LOG 15:10:57.574] PartLoader: Part 'Squad/Parts/Utility/flags/flagFlat/flagFlat/flagPartFlat' has no database record. Creating.
[LOG 15:10:57.574] [DragCubeSystem]: Drag cubes not found or cannot be read for part Part. Generating New drag cubes.
[LOG 15:10:57.574] [KSPCF/DragCubeGeneration] Creating drag cubes for part 'flagPartFlat'
[LOG 15:10:57.581] PartLoader: Compiling Part 'Squad/Parts/Utility/flags/flagSize0/flagSize0/flagPartSize0'
[LOG 15:10:57.587] PartLoader: Part 'Squad/Parts/Utility/flags/flagSize0/flagSize0/flagPartSize0' has no database record. Creating.
[LOG 15:10:57.587] [DragCubeSystem]: Drag cubes not found or cannot be read for part Part. Generating New drag cubes.
[LOG 15:10:57.587] [KSPCF/DragCubeGeneration] Creating drag cubes for part 'flagPartSize0'
[LOG 15:10:57.591] PartLoader: Compiling Part 'Squad/Parts/Utility/flags/flagSize1/flagSize1/flagPartSize1'
[LOG 15:10:57.599] PartLoader: Part 'Squad/Parts/Utility/flags/flagSize1/flagSize1/flagPartSize1' has no database record. Creating.
[LOG 15:10:57.599] [DragCubeSystem]: Drag cubes not found or cannot be read for part Part. Generating New drag cubes.
[LOG 15:10:57.599] [KSPCF/DragCubeGeneration] Creating drag cubes for part 'flagPartSize1'
[LOG 15:10:57.605] PartLoader: Compiling Part 'Squad/Parts/Utility/flags/flagSize2/flagSize2/flagPartSize2'
[LOG 15:10:57.611] PartLoader: Part 'Squad/Parts/Utility/flags/flagSize2/flagSize2/flagPartSize2' has no database record. Creating.
[LOG 15:10:57.611] [DragCubeSystem]: Drag cubes not found or cannot be read for part Part. Generating New drag cubes.
[LOG 15:10:57.611] [KSPCF/DragCubeGeneration] Creating drag cubes for part 'flagPartSize2'
[LOG 15:10:57.617] PartLoader: Compiling Part 'Squad/Parts/Utility/flags/flagSize3/flagSize3/flagPartSize3'
[LOG 15:10:57.624] PartLoader: Part 'Squad/Parts/Utility/flags/flagSize3/flagSize3/flagPartSize3' has no database record. Creating.
[LOG 15:10:57.624] [DragCubeSystem]: Drag cubes not found or cannot be read for part Part. Generating New drag cubes.
[LOG 15:10:57.624] [KSPCF/DragCubeGeneration] Creating drag cubes for part 'flagPartSize3'
[LOG 15:10:57.629] PartLoader: Compiling Part 'Squad/Parts/Utility/GrapplingDevice/part/GrapplingDevice'
[LOG 15:10:57.640] PartLoader: Part 'Squad/Parts/Utility/GrapplingDevice/part/GrapplingDevice' has no database record. Creating.
[LOG 15:10:57.641] [DragCubeSystem]: Drag cubes not found or cannot be read for part Part. Generating New drag cubes.
[LOG 15:10:57.641] [KSPCF/DragCubeGeneration] Creating drag cubes for part 'GrapplingDevice'
[LOG 15:10:57.661] PartLoader: Compiling Part 'Squad/Parts/Utility/ladderRadial/ladderRadial/ladder1'
[LOG 15:10:57.664] PartLoader: Part 'Squad/Parts/Utility/ladderRadial/ladderRadial/ladder1' has no database record. Creating.
[LOG 15:10:57.664] [DragCubeSystem]: Drag cubes not found or cannot be read for part Part. Generating New drag cubes.
[LOG 15:10:57.664] [KSPCF/DragCubeGeneration] Creating drag cubes for part 'ladder1'
[LOG 15:10:57.668] PartLoader: Compiling Part 'Squad/Parts/Utility/ladderTelescopic/ladderTelescopic/telescopicLadder'
[LOG 15:10:57.674] PartLoader: Part 'Squad/Parts/Utility/ladderTelescopic/ladderTelescopic/telescopicLadder' has no database record. Creating.
[LOG 15:10:57.674] [DragCubeSystem]: Drag cubes not found or cannot be read for part Part. Generating New drag cubes.
[LOG 15:10:57.674] [KSPCF/DragCubeGeneration] Creating drag cubes for part 'telescopicLadder'
[LOG 15:10:57.686] PartLoader: Compiling Part 'Squad/Parts/Utility/ladderTelescopicBay/ladderTelescopicBay/telescopicLadderBay'
[LOG 15:10:57.705] PartLoader: Part 'Squad/Parts/Utility/ladderTelescopicBay/ladderTelescopicBay/telescopicLadderBay' has no database record. Creating.
[LOG 15:10:57.705] [DragCubeSystem]: Drag cubes not found or cannot be read for part Part. Generating New drag cubes.
[LOG 15:10:57.705] [KSPCF/DragCubeGeneration] Creating drag cubes for part 'telescopicLadderBay'
[LOG 15:10:57.720] PartLoader: Compiling Part 'Squad/Parts/Utility/landingLegLT-1/landingLegLT-1/landingLeg1'
[LOG 15:10:57.759] PartLoader: Part 'Squad/Parts/Utility/landingLegLT-1/landingLegLT-1/landingLeg1' has no database record. Creating.
[LOG 15:10:57.759] [DragCubeSystem]: Drag cubes not found or cannot be read for part Part. Generating New drag cubes.
[LOG 15:10:57.760] [KSPCF/DragCubeGeneration] Creating drag cubes for part 'landingLeg1'
[LOG 15:10:57.775] PartLoader: Compiling Part 'Squad/Parts/Utility/landingLegLT-2/landingLegLT-2/landingLeg1-2'
[LOG 15:10:57.786] PartLoader: Part 'Squad/Parts/Utility/landingLegLT-2/landingLegLT-2/landingLeg1-2' has no database record. Creating.
[LOG 15:10:57.786] [DragCubeSystem]: Drag cubes not found or cannot be read for part Part. Generating New drag cubes.
[LOG 15:10:57.786] [KSPCF/DragCubeGeneration] Creating drag cubes for part 'landingLeg1-2'
[LOG 15:10:57.799] PartLoader: Compiling Part 'Squad/Parts/Utility/landingLegLT-5/landingLegLT-5/miniLandingLeg'
[LOG 15:10:57.810] PartLoader: Part 'Squad/Parts/Utility/landingLegLT-5/landingLegLT-5/miniLandingLeg' has no database record. Creating.
[LOG 15:10:57.810] [DragCubeSystem]: Drag cubes not found or cannot be read for part Part. Generating New drag cubes.
[LOG 15:10:57.810] [KSPCF/DragCubeGeneration] Creating drag cubes for part 'miniLandingLeg'
[LOG 15:10:57.824] PartLoader: Compiling Part 'Squad/Parts/Utility/launchClamp1/launchClamp1/launchClamp1'
[LOG 15:10:57.837] PartLoader: Part 'Squad/Parts/Utility/launchClamp1/launchClamp1/launchClamp1' has no database record. Creating.
[LOG 15:10:57.838] [DragCubeSystem]: Drag cubes not found or cannot be read for part Part. Generating New drag cubes.
[LOG 15:10:57.838] [KSPCF/DragCubeGeneration] Creating drag cubes for part 'launchClamp1'
[LOG 15:10:57.842] PartLoader: Compiling Part 'Squad/Parts/Utility/launchEscapeSystem/part/LaunchEscapeSystem'
[LOG 15:10:57.848] PartLoader: Part 'Squad/Parts/Utility/launchEscapeSystem/part/LaunchEscapeSystem' has no database record. Creating.
[LOG 15:10:57.848] [DragCubeSystem]: Drag cubes not found or cannot be read for part Part. Generating New drag cubes.
[LOG 15:10:57.848] [KSPCF/DragCubeGeneration] Creating drag cubes for part 'LaunchEscapeSystem'
[LOG 15:10:57.855] PartLoader: Compiling Part 'Squad/Parts/Utility/Lights/domeLight1/domeLight1'
[LOG 15:10:57.862] PartLoader: Part 'Squad/Parts/Utility/Lights/domeLight1/domeLight1' has no database record. Creating.
[LOG 15:10:57.863] [DragCubeSystem]: Drag cubes not found or cannot be read for part Part. Generating New drag cubes.
[LOG 15:10:57.863] [KSPCF/DragCubeGeneration] Creating drag cubes for part 'domeLight1'
[LOG 15:10:57.868] PartLoader: Compiling Part 'Squad/Parts/Utility/Lights/groundLight1/groundLight1'
[LOG 15:10:57.873] PartLoader: Part 'Squad/Parts/Utility/Lights/groundLight1/groundLight1' has no database record. Creating.
[LOG 15:10:57.873] [DragCubeSystem]: Drag cubes not found or cannot be read for part Part. Generating New drag cubes.
[LOG 15:10:57.873] [KSPCF/DragCubeGeneration] Creating drag cubes for part 'groundLight1'
[LOG 15:10:57.879] PartLoader: Compiling Part 'Squad/Parts/Utility/Lights/groundLight2/groundLight2'
[LOG 15:10:57.888] PartLoader: Part 'Squad/Parts/Utility/Lights/groundLight2/groundLight2' has no database record. Creating.
[LOG 15:10:57.889] [DragCubeSystem]: Drag cubes not found or cannot be read for part Part. Generating New drag cubes.
[LOG 15:10:57.889] [KSPCF/DragCubeGeneration] Creating drag cubes for part 'groundLight2'
[LOG 15:10:57.893] PartLoader: Compiling Part 'Squad/Parts/Utility/Lights/navLight1/navLight1'
[LOG 15:10:57.898] PartLoader: Part 'Squad/Parts/Utility/Lights/navLight1/navLight1' has no database record. Creating.
[LOG 15:10:57.898] [DragCubeSystem]: Drag cubes not found or cannot be read for part Part. Generating New drag cubes.
[LOG 15:10:57.898] [KSPCF/DragCubeGeneration] Creating drag cubes for part 'navLight1'
[LOG 15:10:57.903] PartLoader: Compiling Part 'Squad/Parts/Utility/Lights/spotLight1/spotLight3'
[LOG 15:10:57.907] PartLoader: Part 'Squad/Parts/Utility/Lights/spotLight1/spotLight3' has no database record. Creating.
[LOG 15:10:57.907] [DragCubeSystem]: Drag cubes not found or cannot be read for part Part. Generating New drag cubes.
[LOG 15:10:57.907] [KSPCF/DragCubeGeneration] Creating drag cubes for part 'spotLight3'
[LOG 15:10:57.912] PartLoader: Compiling Part 'Squad/Parts/Utility/Lights/stripLight1/stripLight1'
[LOG 15:10:57.919] PartLoader: Part 'Squad/Parts/Utility/Lights/stripLight1/stripLight1' has no database record. Creating.
[LOG 15:10:57.919] [DragCubeSystem]: Drag cubes not found or cannot be read for part Part. Generating New drag cubes.
[LOG 15:10:57.919] [KSPCF/DragCubeGeneration] Creating drag cubes for part 'stripLight1'
[LOG 15:10:57.925] PartLoader: Compiling Part 'Squad/Parts/Utility/linearVernorRCS/linearRCS/linearRcs'
[LOG 15:10:57.933] PartLoader: Part 'Squad/Parts/Utility/linearVernorRCS/linearRCS/linearRcs' has no database record. Creating.
[LOG 15:10:57.933] [DragCubeSystem]: Drag cubes not found or cannot be read for part Part. Generating New drag cubes.
[LOG 15:10:57.933] [KSPCF/DragCubeGeneration] Creating drag cubes for part 'linearRcs'
[LOG 15:10:57.939] PartLoader: Compiling Part 'Squad/Parts/Utility/linearVernorRCS/vernorEngine/vernierEngine'
[LOG 15:10:57.944] PartLoader: Part 'Squad/Parts/Utility/linearVernorRCS/vernorEngine/vernierEngine' has no database record. Creating.
[LOG 15:10:57.944] [DragCubeSystem]: Drag cubes not found or cannot be read for part Part. Generating New drag cubes.
[LOG 15:10:57.944] [KSPCF/DragCubeGeneration] Creating drag cubes for part 'vernierEngine'
[LOG 15:10:57.949] PartLoader: Compiling Part 'Squad/Parts/Utility/mk2CargoBay/BayL/mk2CargoBayL'
[LOG 15:10:57.953] PartLoader: Part 'Squad/Parts/Utility/mk2CargoBay/BayL/mk2CargoBayL' has no database record. Creating.
[LOG 15:10:57.953] PartLoader: Compiling Part 'Squad/Parts/Utility/mk2CargoBay/BayS/mk2CargoBayS'
[LOG 15:10:57.958] PartLoader: Part 'Squad/Parts/Utility/mk2CargoBay/BayS/mk2CargoBayS' has no database record. Creating.
[LOG 15:10:57.958] PartLoader: Compiling Part 'Squad/Parts/Utility/mk2CrewCabin/mk2CrewCabin/mk2CrewCabin'
[WRN 15:10:57.961] [Part]: Cannot have ModuleCargoPart and ModuleInventoryPart on same Part [mk2CrewCabin'. Removed ModuleCargoPart
[LOG 15:10:57.965] PartLoader: Part 'Squad/Parts/Utility/mk2CrewCabin/mk2CrewCabin/mk2CrewCabin' has no database record. Creating.
[LOG 15:10:57.965] [DragCubeSystem]: Drag cubes not found or cannot be read for part Part. Generating New drag cubes.
[LOG 15:10:57.965] [KSPCF/DragCubeGeneration] Creating drag cubes for part 'mk2CrewCabin'
[LOG 15:10:57.970] PartLoader: Compiling Part 'Squad/Parts/Utility/mk2DockingPort/mk2DockingPort/mk2DockingPort'
[LOG 15:10:57.978] PartLoader: Part 'Squad/Parts/Utility/mk2DockingPort/mk2DockingPort/mk2DockingPort' has no database record. Creating.
[LOG 15:10:57.978] PartLoader: Compiling Part 'Squad/Parts/Utility/mk3CargoBay/long/mk3CargoBayL'
[LOG 15:10:57.982] PartLoader: Part 'Squad/Parts/Utility/mk3CargoBay/long/mk3CargoBayL' has no database record. Creating.
[LOG 15:10:57.983] PartLoader: Compiling Part 'Squad/Parts/Utility/mk3CargoBay/medium/mk3CargoBayM'
[LOG 15:10:57.986] PartLoader: Part 'Squad/Parts/Utility/mk3CargoBay/medium/mk3CargoBayM' has no database record. Creating.
[LOG 15:10:57.987] PartLoader: Compiling Part 'Squad/Parts/Utility/mk3CargoBay/ramp/mk3CargoRamp'
[LOG 15:10:57.991] PartLoader: Part 'Squad/Parts/Utility/mk3CargoBay/ramp/mk3CargoRamp' has no database record. Creating.
[LOG 15:10:57.991] PartLoader: Compiling Part 'Squad/Parts/Utility/mk3CargoBay/short/mk3CargoBayS'
[LOG 15:10:57.994] PartLoader: Part 'Squad/Parts/Utility/mk3CargoBay/short/mk3CargoBayS' has no database record. Creating.
[LOG 15:10:57.994] PartLoader: Compiling Part 'Squad/Parts/Utility/parachuteMk1/parachuteMk1/parachuteSingle'
[LOG 15:10:58.005] PartLoader: Part 'Squad/Parts/Utility/parachuteMk1/parachuteMk1/parachuteSingle' has no database record. Creating.
[LOG 15:10:58.005] [DragCubeSystem]: Drag cubes not found or cannot be read for part Part. Generating New drag cubes.
[LOG 15:10:58.005] [KSPCF/DragCubeGeneration] Creating drag cubes for part 'parachuteSingle'
[LOG 15:10:58.022] PartLoader: Compiling Part 'Squad/Parts/Utility/parachuteMk12-R/parachuteMk12-R/radialDrogue'
[LOG 15:10:58.026] PartLoader: Part 'Squad/Parts/Utility/parachuteMk12-R/parachuteMk12-R/radialDrogue' has no database record. Creating.
[LOG 15:10:58.026] [DragCubeSystem]: Drag cubes not found or cannot be read for part Part. Generating New drag cubes.
[LOG 15:10:58.026] [KSPCF/DragCubeGeneration] Creating drag cubes for part 'radialDrogue'
[LOG 15:10:58.040] PartLoader: Compiling Part 'Squad/Parts/Utility/parachuteMk16-XL/parachuteMk16-XL/parachuteLarge'
[LOG 15:10:58.044] PartLoader: Part 'Squad/Parts/Utility/parachuteMk16-XL/parachuteMk16-XL/parachuteLarge' has no database record. Creating.
[LOG 15:10:58.044] [DragCubeSystem]: Drag cubes not found or cannot be read for part Part. Generating New drag cubes.
[LOG 15:10:58.044] [KSPCF/DragCubeGeneration] Creating drag cubes for part 'parachuteLarge'
[LOG 15:10:58.058] PartLoader: Compiling Part 'Squad/Parts/Utility/parachuteMk2-R/parachuteMk2-R/parachuteRadial'
[LOG 15:10:58.062] PartLoader: Part 'Squad/Parts/Utility/parachuteMk2-R/parachuteMk2-R/parachuteRadial' has no database record. Creating.
[LOG 15:10:58.062] [DragCubeSystem]: Drag cubes not found or cannot be read for part Part. Generating New drag cubes.
[LOG 15:10:58.062] [KSPCF/DragCubeGeneration] Creating drag cubes for part 'parachuteRadial'
[LOG 15:10:58.076] PartLoader: Compiling Part 'Squad/Parts/Utility/parachuteMk25/parachuteMk25/parachuteDrogue'
[LOG 15:10:58.080] PartLoader: Part 'Squad/Parts/Utility/parachuteMk25/parachuteMk25/parachuteDrogue' has no database record. Creating.
[LOG 15:10:58.080] [DragCubeSystem]: Drag cubes not found or cannot be read for part Part. Generating New drag cubes.
[LOG 15:10:58.080] [KSPCF/DragCubeGeneration] Creating drag cubes for part 'parachuteDrogue'
[LOG 15:10:58.093] PartLoader: Compiling Part 'Squad/Parts/Utility/radialAttachmentPoint/radialAttachmentPoint/stackPoint1'
[LOG 15:10:58.096] PartLoader: Part 'Squad/Parts/Utility/radialAttachmentPoint/radialAttachmentPoint/stackPoint1' has no database record. Creating.
[LOG 15:10:58.096] [DragCubeSystem]: Drag cubes not found or cannot be read for part Part. Generating New drag cubes.
[LOG 15:10:58.096] [KSPCF/DragCubeGeneration] Creating drag cubes for part 'stackPoint1'
[LOG 15:10:58.100] PartLoader: Compiling Part 'Squad/Parts/Utility/rcsBlockRV-105_v2/rcsBlockRV-105/RCSBlock_v2'
[LOG 15:10:58.106] PartLoader: Part 'Squad/Parts/Utility/rcsBlockRV-105_v2/rcsBlockRV-105/RCSBlock_v2' has no database record. Creating.
[LOG 15:10:58.106] [DragCubeSystem]: Drag cubes not found or cannot be read for part Part. Generating New drag cubes.
[LOG 15:10:58.106] [KSPCF/DragCubeGeneration] Creating drag cubes for part 'RCSBlock.v2'
[LOG 15:10:58.130] PartLoader: Compiling Part 'Squad/Parts/Utility/rcsBlockRV-105_v2/RCSblock_01_small/RCSblock_01_small'
[LOG 15:10:58.137] PartLoader: Part 'Squad/Parts/Utility/rcsBlockRV-105_v2/RCSblock_01_small/RCSblock_01_small' has no database record. Creating.
[LOG 15:10:58.137] [DragCubeSystem]: Drag cubes not found or cannot be read for part Part. Generating New drag cubes.
[LOG 15:10:58.137] [KSPCF/DragCubeGeneration] Creating drag cubes for part 'RCSblock.01.small'
[LOG 15:10:58.163] PartLoader: Compiling Part 'Squad/Parts/Utility/rcsSmallLinear/RCSLinearSmall/RCSLinearSmall'
[LOG 15:10:58.168] PartLoader: Part 'Squad/Parts/Utility/rcsSmallLinear/RCSLinearSmall/RCSLinearSmall' has no database record. Creating.
[LOG 15:10:58.169] [DragCubeSystem]: Drag cubes not found or cannot be read for part Part. Generating New drag cubes.
[LOG 15:10:58.169] [KSPCF/DragCubeGeneration] Creating drag cubes for part 'RCSLinearSmall'
[LOG 15:10:58.180] PartLoader: Compiling Part 'Squad/Parts/Utility/RelayAntennas/RA-100/RelayAntenna100'
[LOG 15:10:58.183] PartLoader: Part 'Squad/Parts/Utility/RelayAntennas/RA-100/RelayAntenna100' has no database record. Creating.
[LOG 15:10:58.184] [DragCubeSystem]: Drag cubes not found or cannot be read for part Part. Generating New drag cubes.
[LOG 15:10:58.184] [KSPCF/DragCubeGeneration] Creating drag cubes for part 'RelayAntenna100'
[LOG 15:10:58.188] PartLoader: Compiling Part 'Squad/Parts/Utility/RelayAntennas/RA-5/RelayAntenna5'
[LOG 15:10:58.192] PartLoader: Part 'Squad/Parts/Utility/RelayAntennas/RA-5/RelayAntenna5' has no database record. Creating.
[LOG 15:10:58.192] [DragCubeSystem]: Drag cubes not found or cannot be read for part Part. Generating New drag cubes.
[LOG 15:10:58.192] [KSPCF/DragCubeGeneration] Creating drag cubes for part 'RelayAntenna5'
[LOG 15:10:58.196] PartLoader: Compiling Part 'Squad/Parts/Utility/RelayAntennas/RA-50/RelayAntenna50'
[LOG 15:10:58.200] PartLoader: Part 'Squad/Parts/Utility/RelayAntennas/RA-50/RelayAntenna50' has no database record. Creating.
[LOG 15:10:58.200] [DragCubeSystem]: Drag cubes not found or cannot be read for part Part. Generating New drag cubes.
[LOG 15:10:58.200] [KSPCF/DragCubeGeneration] Creating drag cubes for part 'RelayAntenna50'
[LOG 15:10:58.205] PartLoader: Compiling Part 'Squad/Parts/Utility/rockomaxAdapters/largeAdapter/largeAdapter'
[LOG 15:10:58.208] PartLoader: Part 'Squad/Parts/Utility/rockomaxAdapters/largeAdapter/largeAdapter' has no database record. Creating.
[LOG 15:10:58.208] [DragCubeSystem]: Drag cubes not found or cannot be read for part Part. Generating New drag cubes.
[LOG 15:10:58.208] [KSPCF/DragCubeGeneration] Creating drag cubes for part 'largeAdapter'
[LOG 15:10:58.213] PartLoader: Compiling Part 'Squad/Parts/Utility/rockomaxAdapters/largeAdapterShort/largeAdapter2'
[LOG 15:10:58.216] PartLoader: Part 'Squad/Parts/Utility/rockomaxAdapters/largeAdapterShort/largeAdapter2' has no database record. Creating.
[LOG 15:10:58.216] [DragCubeSystem]: Drag cubes not found or cannot be read for part Part. Generating New drag cubes.
[LOG 15:10:58.216] [KSPCF/DragCubeGeneration] Creating drag cubes for part 'largeAdapter2'
[LOG 15:10:58.219] PartLoader: Compiling Part 'Squad/Parts/Utility/ServiceBay_v2/ServiceBay_125_v2/ServiceBay_125_v2'
[LOG 15:10:58.224] PartLoader: Part 'Squad/Parts/Utility/ServiceBay_v2/ServiceBay_125_v2/ServiceBay_125_v2' has no database record. Creating.
[LOG 15:10:58.224] [DragCubeSystem]: Drag cubes not found or cannot be read for part Part. Generating New drag cubes.
[LOG 15:10:58.224] [KSPCF/DragCubeGeneration] Creating drag cubes for part 'ServiceBay.125.v2'
[LOG 15:10:58.235] PartLoader: Compiling Part 'Squad/Parts/Utility/ServiceBay_v2/ServiceBay_250_v2/ServiceBay_250_v2'
[LOG 15:10:58.240] PartLoader: Part 'Squad/Parts/Utility/ServiceBay_v2/ServiceBay_250_v2/ServiceBay_250_v2' has no database record. Creating.
[LOG 15:10:58.240] [DragCubeSystem]: Drag cubes not found or cannot be read for part Part. Generating New drag cubes.
[LOG 15:10:58.240] [KSPCF/DragCubeGeneration] Creating drag cubes for part 'ServiceBay.250.v2'
[LOG 15:10:58.251] PartLoader: Compiling Part 'Squad/Parts/Utility/smallClaw/smallClaw/smallClaw'
[LOG 15:10:58.259] PartLoader: Part 'Squad/Parts/Utility/smallClaw/smallClaw/smallClaw' has no database record. Creating.
[LOG 15:10:58.259] [DragCubeSystem]: Drag cubes not found or cannot be read for part Part. Generating New drag cubes.
[LOG 15:10:58.259] [KSPCF/DragCubeGeneration] Creating drag cubes for part 'smallClaw'
[LOG 15:10:58.274] PartLoader: Compiling Part 'Squad/Parts/Utility/spotLightMk1/spotLightMk1/spotLight1'
[LOG 15:10:58.278] PartLoader: Part 'Squad/Parts/Utility/spotLightMk1/spotLightMk1/spotLight1' has no database record. Creating.
[LOG 15:10:58.278] [DragCubeSystem]: Drag cubes not found or cannot be read for part Part. Generating New drag cubes.
[LOG 15:10:58.278] [KSPCF/DragCubeGeneration] Creating drag cubes for part 'spotLight1'
[LOG 15:10:58.282] PartLoader: Compiling Part 'Squad/Parts/Utility/spotLightMk1_v2/spotLightMk1_v2/spotLight1_v2'
[LOG 15:10:58.286] PartLoader: Part 'Squad/Parts/Utility/spotLightMk1_v2/spotLightMk1_v2/spotLight1_v2' has no database record. Creating.
[LOG 15:10:58.286] [DragCubeSystem]: Drag cubes not found or cannot be read for part Part. Generating New drag cubes.
[LOG 15:10:58.286] [KSPCF/DragCubeGeneration] Creating drag cubes for part 'spotLight1.v2'
[LOG 15:10:58.290] PartLoader: Compiling Part 'Squad/Parts/Utility/spotLightMk2/spotLightMk2/spotLight2'
[LOG 15:10:58.294] PartLoader: Part 'Squad/Parts/Utility/spotLightMk2/spotLightMk2/spotLight2' has no database record. Creating.
[LOG 15:10:58.294] [DragCubeSystem]: Drag cubes not found or cannot be read for part Part. Generating New drag cubes.
[LOG 15:10:58.294] [KSPCF/DragCubeGeneration] Creating drag cubes for part 'spotLight2'
[LOG 15:10:58.297] PartLoader: Compiling Part 'Squad/Parts/Utility/spotLightMk2_v2/spotLightMk2_v2/spotLight2_v2'
[LOG 15:10:58.302] PartLoader: Part 'Squad/Parts/Utility/spotLightMk2_v2/spotLightMk2_v2/spotLight2_v2' has no database record. Creating.
[LOG 15:10:58.302] [DragCubeSystem]: Drag cubes not found or cannot be read for part Part. Generating New drag cubes.
[LOG 15:10:58.303] [KSPCF/DragCubeGeneration] Creating drag cubes for part 'spotLight2.v2'
[LOG 15:10:58.307] PartLoader: Compiling Part 'Squad/Parts/Utility/stackCouplers/stackBiCoupler_v2/stackBiCoupler_v2'
[LOG 15:10:58.310] PartLoader: Part 'Squad/Parts/Utility/stackCouplers/stackBiCoupler_v2/stackBiCoupler_v2' has no database record. Creating.
[LOG 15:10:58.310] [DragCubeSystem]: Drag cubes not found or cannot be read for part Part. Generating New drag cubes.
[LOG 15:10:58.310] [KSPCF/DragCubeGeneration] Creating drag cubes for part 'stackBiCoupler.v2'
[LOG 15:10:58.314] PartLoader: Compiling Part 'Squad/Parts/Utility/stackCouplers/stackQuadCoupler/stackQuadCoupler'
[LOG 15:10:58.317] PartLoader: Part 'Squad/Parts/Utility/stackCouplers/stackQuadCoupler/stackQuadCoupler' has no database record. Creating.
[LOG 15:10:58.317] [DragCubeSystem]: Drag cubes not found or cannot be read for part Part. Generating New drag cubes.
[LOG 15:10:58.317] [KSPCF/DragCubeGeneration] Creating drag cubes for part 'stackQuadCoupler'
[LOG 15:10:58.321] PartLoader: Compiling Part 'Squad/Parts/Utility/stackCouplers/stackTriCoupler_v2/stackTriCoupler_v2'
[LOG 15:10:58.324] PartLoader: Part 'Squad/Parts/Utility/stackCouplers/stackTriCoupler_v2/stackTriCoupler_v2' has no database record. Creating.
[LOG 15:10:58.324] [DragCubeSystem]: Drag cubes not found or cannot be read for part Part. Generating New drag cubes.
[LOG 15:10:58.324] [KSPCF/DragCubeGeneration] Creating drag cubes for part 'stackTriCoupler.v2'
[LOG 15:10:58.327] PartLoader: Compiling Part 'Squad/Parts/Wheel/LandingGear/GearExtraLarge/GearLarge'
[LOG 15:10:58.346] PartLoader: Part 'Squad/Parts/Wheel/LandingGear/GearExtraLarge/GearLarge' has no database record. Creating.
[LOG 15:10:58.346] [DragCubeSystem]: Drag cubes not found or cannot be read for part Part. Generating New drag cubes.
[LOG 15:10:58.346] [KSPCF/DragCubeGeneration] Creating drag cubes for part 'GearLarge'
[LOG 15:10:58.366] PartLoader: Compiling Part 'Squad/Parts/Wheel/LandingGear/GearFixed/GearFixed'
[LOG 15:10:58.371] PartLoader: Part 'Squad/Parts/Wheel/LandingGear/GearFixed/GearFixed' has no database record. Creating.
[LOG 15:10:58.372] [DragCubeSystem]: Drag cubes not found or cannot be read for part Part. Generating New drag cubes.
[LOG 15:10:58.372] [KSPCF/DragCubeGeneration] Creating drag cubes for part 'GearFixed'
[LOG 15:10:58.376] PartLoader: Compiling Part 'Squad/Parts/Wheel/LandingGear/GearFree/GearFree'
[LOG 15:10:58.388] PartLoader: Part 'Squad/Parts/Wheel/LandingGear/GearFree/GearFree' has no database record. Creating.
[LOG 15:10:58.388] [DragCubeSystem]: Drag cubes not found or cannot be read for part Part. Generating New drag cubes.
[LOG 15:10:58.388] [KSPCF/DragCubeGeneration] Creating drag cubes for part 'GearFree'
[LOG 15:10:58.396] PartLoader: Compiling Part 'Squad/Parts/Wheel/LandingGear/GearLarge/GearMedium'
[LOG 15:10:58.408] PartLoader: Part 'Squad/Parts/Wheel/LandingGear/GearLarge/GearMedium' has no database record. Creating.
[LOG 15:10:58.408] [DragCubeSystem]: Drag cubes not found or cannot be read for part Part. Generating New drag cubes.
[LOG 15:10:58.409] [KSPCF/DragCubeGeneration] Creating drag cubes for part 'GearMedium'
[LOG 15:10:58.431] PartLoader: Compiling Part 'Squad/Parts/Wheel/LandingGear/GearMedium/GearSmall'
[LOG 15:10:58.442] PartLoader: Part 'Squad/Parts/Wheel/LandingGear/GearMedium/GearSmall' has no database record. Creating.
[LOG 15:10:58.442] [DragCubeSystem]: Drag cubes not found or cannot be read for part Part. Generating New drag cubes.
[LOG 15:10:58.442] [KSPCF/DragCubeGeneration] Creating drag cubes for part 'GearSmall'
[LOG 15:10:58.458] PartLoader: Compiling Part 'Squad/Parts/Wheel/LandingGear/GearSmall/SmallGearBay'
[LOG 15:10:58.468] PartLoader: Part 'Squad/Parts/Wheel/LandingGear/GearSmall/SmallGearBay' has no database record. Creating.
[LOG 15:10:58.468] [DragCubeSystem]: Drag cubes not found or cannot be read for part Part. Generating New drag cubes.
[LOG 15:10:58.468] [KSPCF/DragCubeGeneration] Creating drag cubes for part 'SmallGearBay'
[LOG 15:10:58.483] PartLoader: Compiling Part 'Squad/Parts/Wheel/roverWheelM1/roverWheelM1/roverWheel1'
[LOG 15:10:58.493] PartLoader: Part 'Squad/Parts/Wheel/roverWheelM1/roverWheelM1/roverWheel1' has no database record. Creating.
[LOG 15:10:58.493] [DragCubeSystem]: Drag cubes not found or cannot be read for part Part. Generating New drag cubes.
[LOG 15:10:58.493] [KSPCF/DragCubeGeneration] Creating drag cubes for part 'roverWheel1'
[LOG 15:10:58.500] PartLoader: Compiling Part 'Squad/Parts/Wheel/roverWheelS2/roverWheelS2/roverWheel2'
[LOG 15:10:58.506] PartLoader: Part 'Squad/Parts/Wheel/roverWheelS2/roverWheelS2/roverWheel2' has no database record. Creating.
[LOG 15:10:58.507] [DragCubeSystem]: Drag cubes not found or cannot be read for part Part. Generating New drag cubes.
[LOG 15:10:58.507] [KSPCF/DragCubeGeneration] Creating drag cubes for part 'roverWheel2'
[LOG 15:10:58.514] PartLoader: Compiling Part 'Squad/Parts/Wheel/roverWheelTR-2L/roverWheelTR-2L/wheelMed'
[LOG 15:10:58.522] PartLoader: Part 'Squad/Parts/Wheel/roverWheelTR-2L/roverWheelTR-2L/wheelMed' has no database record. Creating.
[LOG 15:10:58.523] [DragCubeSystem]: Drag cubes not found or cannot be read for part Part. Generating New drag cubes.
[LOG 15:10:58.523] [KSPCF/DragCubeGeneration] Creating drag cubes for part 'wheelMed'
[LOG 15:10:58.529] PartLoader: Compiling Part 'Squad/Parts/Wheel/roverWheelXL3/roverWheelXL3/roverWheel3'
[LOG 15:10:58.537] PartLoader: Part 'Squad/Parts/Wheel/roverWheelXL3/roverWheelXL3/roverWheel3' has no database record. Creating.
[LOG 15:10:58.537] [DragCubeSystem]: Drag cubes not found or cannot be read for part Part. Generating New drag cubes.
[LOG 15:10:58.537] [KSPCF/DragCubeGeneration] Creating drag cubes for part 'roverWheel3'
[LOG 15:10:58.543] PartLoader: Compiling Part 'SquadExpansion/MakingHistory/Parts/Aero/protectiveRocketNoseMk16/rocketNoseCone_size4/rocketNoseConeSize4'
[LOG 15:10:58.546] PartLoader: Part 'SquadExpansion/MakingHistory/Parts/Aero/protectiveRocketNoseMk16/rocketNoseCone_size4/rocketNoseConeSize4' has no database record. Creating.
[LOG 15:10:58.546] [DragCubeSystem]: Drag cubes not found or cannot be read for part Part. Generating New drag cubes.
[LOG 15:10:58.546] [KSPCF/DragCubeGeneration] Creating drag cubes for part 'rocketNoseConeSize4'
[LOG 15:10:58.550] PartLoader: Compiling Part 'SquadExpansion/MakingHistory/Parts/Aero/protectiveRocketNoseMk5A/Size_1_5_Cone/Size_1_5_Cone'
[LOG 15:10:58.554] PartLoader: Part 'SquadExpansion/MakingHistory/Parts/Aero/protectiveRocketNoseMk5A/Size_1_5_Cone/Size_1_5_Cone' has no database record. Creating.
[LOG 15:10:58.554] [DragCubeSystem]: Drag cubes not found or cannot be read for part Part. Generating New drag cubes.
[LOG 15:10:58.554] [KSPCF/DragCubeGeneration] Creating drag cubes for part 'Size.1.5.Cone'
[LOG 15:10:58.558] PartLoader: Compiling Part 'SquadExpansion/MakingHistory/Parts/Coupling/Decoupler_1p5/Decoupler_1p5'
[LOG 15:10:58.563] PartLoader: Part 'SquadExpansion/MakingHistory/Parts/Coupling/Decoupler_1p5/Decoupler_1p5' has no database record. Creating.
[LOG 15:10:58.563] PartLoader: Compiling Part 'SquadExpansion/MakingHistory/Parts/Coupling/Decoupler_4/Decoupler_4'
[LOG 15:10:58.567] PartLoader: Part 'SquadExpansion/MakingHistory/Parts/Coupling/Decoupler_4/Decoupler_4' has no database record. Creating.
[LOG 15:10:58.567] PartLoader: Compiling Part 'SquadExpansion/MakingHistory/Parts/Coupling/EnginePlate_1p5/EnginePlate1p5'
[LOG 15:10:58.577] PartLoader: Part 'SquadExpansion/MakingHistory/Parts/Coupling/EnginePlate_1p5/EnginePlate1p5' has no database record. Creating.
[LOG 15:10:58.577] [DragCubeSystem]: Drag cubes not found or cannot be read for part Part. Generating New drag cubes.
[LOG 15:10:58.577] [KSPCF/DragCubeGeneration] Part 'EnginePlate1p5' has defined a procedural drag cube setup
[LOG 15:10:58.577] PartLoader: Compiling Part 'SquadExpansion/MakingHistory/Parts/Coupling/EnginePlate_2/EnginePlate2'
[LOG 15:10:58.584] PartLoader: Part 'SquadExpansion/MakingHistory/Parts/Coupling/EnginePlate_2/EnginePlate2' has no database record. Creating.
[LOG 15:10:58.584] [DragCubeSystem]: Drag cubes not found or cannot be read for part Part. Generating New drag cubes.
[LOG 15:10:58.584] [KSPCF/DragCubeGeneration] Part 'EnginePlate2' has defined a procedural drag cube setup
[LOG 15:10:58.585] PartLoader: Compiling Part 'SquadExpansion/MakingHistory/Parts/Coupling/EnginePlate_3/EnginePlate3'
[LOG 15:10:58.590] PartLoader: Part 'SquadExpansion/MakingHistory/Parts/Coupling/EnginePlate_3/EnginePlate3' has no database record. Creating.
[LOG 15:10:58.590] [DragCubeSystem]: Drag cubes not found or cannot be read for part Part. Generating New drag cubes.
[LOG 15:10:58.590] [KSPCF/DragCubeGeneration] Part 'EnginePlate3' has defined a procedural drag cube setup
[LOG 15:10:58.591] PartLoader: Compiling Part 'SquadExpansion/MakingHistory/Parts/Coupling/EnginePlate_4/EnginePlate4'
[LOG 15:10:58.596] PartLoader: Part 'SquadExpansion/MakingHistory/Parts/Coupling/EnginePlate_4/EnginePlate4' has no database record. Creating.
[LOG 15:10:58.596] [DragCubeSystem]: Drag cubes not found or cannot be read for part Part. Generating New drag cubes.
[LOG 15:10:58.596] [KSPCF/DragCubeGeneration] Part 'EnginePlate4' has defined a procedural drag cube setup
[LOG 15:10:58.597] PartLoader: Compiling Part 'SquadExpansion/MakingHistory/Parts/Coupling/EnginePlate_5/EnginePlate5'
[LOG 15:10:58.602] PartLoader: Part 'SquadExpansion/MakingHistory/Parts/Coupling/EnginePlate_5/EnginePlate5' has no database record. Creating.
[LOG 15:10:58.602] [DragCubeSystem]: Drag cubes not found or cannot be read for part Part. Generating New drag cubes.
[LOG 15:10:58.602] [KSPCF/DragCubeGeneration] Part 'EnginePlate5' has defined a procedural drag cube setup
[LOG 15:10:58.602] PartLoader: Compiling Part 'SquadExpansion/MakingHistory/Parts/Coupling/InflatableAirlock/InflatableAirlock'
[LOG 15:10:58.607] PartLoader: Part 'SquadExpansion/MakingHistory/Parts/Coupling/InflatableAirlock/InflatableAirlock' has no database record. Creating.
[LOG 15:10:58.607] [DragCubeSystem]: Drag cubes not found or cannot be read for part Part. Generating New drag cubes.
[LOG 15:10:58.607] [KSPCF/DragCubeGeneration] Creating drag cubes for part 'InflatableAirlock'
[LOG 15:10:58.619] PartLoader: Compiling Part 'SquadExpansion/MakingHistory/Parts/Coupling/Separator_1p5/Separator_1p5'
[LOG 15:10:58.626] PartLoader: Part 'SquadExpansion/MakingHistory/Parts/Coupling/Separator_1p5/Separator_1p5' has no database record. Creating.
[LOG 15:10:58.627] PartLoader: Compiling Part 'SquadExpansion/MakingHistory/Parts/Coupling/Separator_4/Separator_4'
[LOG 15:10:58.631] PartLoader: Part 'SquadExpansion/MakingHistory/Parts/Coupling/Separator_4/Separator_4' has no database record. Creating.
[LOG 15:10:58.631] PartLoader: Compiling Part 'SquadExpansion/MakingHistory/Parts/Coupling/Size1p5_Strut_Decoupler/Size1p5_Strut_Decoupler'
[LOG 15:10:58.635] PartLoader: Part 'SquadExpansion/MakingHistory/Parts/Coupling/Size1p5_Strut_Decoupler/Size1p5_Strut_Decoupler' has no database record. Creating.
[LOG 15:10:58.636] PartLoader: Compiling Part 'SquadExpansion/MakingHistory/Parts/Engine/LiquidEngineKE-1/LiquidEngineKE-1'
[LOG 15:10:58.644] PartLoader: Part 'SquadExpansion/MakingHistory/Parts/Engine/LiquidEngineKE-1/LiquidEngineKE-1' has no database record. Creating.
[LOG 15:10:58.644] [DragCubeSystem]: Drag cubes not found or cannot be read for part Part. Generating New drag cubes.
[LOG 15:10:58.644] [KSPCF/DragCubeGeneration] Creating drag cubes for part 'LiquidEngineKE-1'
[LOG 15:10:58.672] PartLoader: Compiling Part 'SquadExpansion/MakingHistory/Parts/Engine/LiquidEngineLV-T91/LiquidEngineLV-T91'
[LOG 15:10:58.680] PartLoader: Part 'SquadExpansion/MakingHistory/Parts/Engine/LiquidEngineLV-T91/LiquidEngineLV-T91' has no database record. Creating.
[LOG 15:10:58.680] [DragCubeSystem]: Drag cubes not found or cannot be read for part Part. Generating New drag cubes.
[LOG 15:10:58.680] [KSPCF/DragCubeGeneration] Creating drag cubes for part 'LiquidEngineLV-T91'
[LOG 15:10:58.702] PartLoader: Compiling Part 'SquadExpansion/MakingHistory/Parts/Engine/LiquidEngineLV-TX87/LiquidEngineLV-TX87'
[LOG 15:10:58.715] PartLoader: Part 'SquadExpansion/MakingHistory/Parts/Engine/LiquidEngineLV-TX87/LiquidEngineLV-TX87' has no database record. Creating.
[LOG 15:10:58.715] [DragCubeSystem]: Drag cubes not found or cannot be read for part Part. Generating New drag cubes.
[LOG 15:10:58.715] [KSPCF/DragCubeGeneration] Creating drag cubes for part 'LiquidEngineLV-TX87'
[LOG 15:10:58.741] PartLoader: Compiling Part 'SquadExpansion/MakingHistory/Parts/Engine/LiquidEngineRE-I2/LiquidEngineRE-I2'
[LOG 15:10:58.751] PartLoader: Part 'SquadExpansion/MakingHistory/Parts/Engine/LiquidEngineRE-I2/LiquidEngineRE-I2' has no database record. Creating.
[LOG 15:10:58.751] [DragCubeSystem]: Drag cubes not found or cannot be read for part Part. Generating New drag cubes.
[LOG 15:10:58.751] [KSPCF/DragCubeGeneration] Creating drag cubes for part 'LiquidEngineRE-I2'
[LOG 15:10:58.776] PartLoader: Compiling Part 'SquadExpansion/MakingHistory/Parts/Engine/LiquidEngineRE-J10/LiquidEngineRE-J10'
[LOG 15:10:58.788] PartLoader: Part 'SquadExpansion/MakingHistory/Parts/Engine/LiquidEngineRE-J10/LiquidEngineRE-J10' has no database record. Creating.
[LOG 15:10:58.788] [DragCubeSystem]: Drag cubes not found or cannot be read for part Part. Generating New drag cubes.
[LOG 15:10:58.788] [KSPCF/DragCubeGeneration] Creating drag cubes for part 'LiquidEngineRE-J10'
[LOG 15:10:58.810] PartLoader: Compiling Part 'SquadExpansion/MakingHistory/Parts/Engine/LiquidEngineRK-7/LiquidEngineRK-7'
[LOG 15:10:58.817] PartLoader: Part 'SquadExpansion/MakingHistory/Parts/Engine/LiquidEngineRK-7/LiquidEngineRK-7' has no database record. Creating.
[LOG 15:10:58.817] [DragCubeSystem]: Drag cubes not found or cannot be read for part Part. Generating New drag cubes.
[LOG 15:10:58.817] [KSPCF/DragCubeGeneration] Creating drag cubes for part 'LiquidEngineRK-7'
[LOG 15:10:58.847] PartLoader: Compiling Part 'SquadExpansion/MakingHistory/Parts/Engine/LiquidEngineRV-1/LiquidEngineRV-1'
[LOG 15:10:58.853] PartLoader: Part 'SquadExpansion/MakingHistory/Parts/Engine/LiquidEngineRV-1/LiquidEngineRV-1' has no database record. Creating.
[LOG 15:10:58.853] [DragCubeSystem]: Drag cubes not found or cannot be read for part Part. Generating New drag cubes.
[LOG 15:10:58.853] [KSPCF/DragCubeGeneration] Creating drag cubes for part 'LiquidEngineRV-1'
[LOG 15:10:58.859] PartLoader: Compiling Part 'SquadExpansion/MakingHistory/Parts/Engine/solidBoosterTHK/solidBoosterTHK/Pollux'
[LOG 15:10:58.864] PartLoader: Part 'SquadExpansion/MakingHistory/Parts/Engine/solidBoosterTHK/solidBoosterTHK/Pollux' has no database record. Creating.
[LOG 15:10:58.864] [DragCubeSystem]: Drag cubes not found or cannot be read for part Part. Generating New drag cubes.
[LOG 15:10:58.864] [KSPCF/DragCubeGeneration] Creating drag cubes for part 'Pollux'
[LOG 15:10:58.869] PartLoader: Compiling Part 'SquadExpansion/MakingHistory/Parts/FuelTank/MonoPropMini/monopropMiniSphere'
[LOG 15:10:58.871] PartLoader: Part 'SquadExpansion/MakingHistory/Parts/FuelTank/MonoPropMini/monopropMiniSphere' has no database record. Creating.
[LOG 15:10:58.871] [DragCubeSystem]: Drag cubes not found or cannot be read for part Part. Generating New drag cubes.
[LOG 15:10:58.872] [KSPCF/DragCubeGeneration] Creating drag cubes for part 'monopropMiniSphere'
[LOG 15:10:58.878] PartLoader: Compiling Part 'SquadExpansion/MakingHistory/Parts/FuelTank/Size1p5_Monoprop/Size1p5_Monoprop'
[LOG 15:10:58.883] PartLoader: Part 'SquadExpansion/MakingHistory/Parts/FuelTank/Size1p5_Monoprop/Size1p5_Monoprop' has no database record. Creating.
[LOG 15:10:58.883] [DragCubeSystem]: Drag cubes not found or cannot be read for part Part. Generating New drag cubes.
[LOG 15:10:58.883] [KSPCF/DragCubeGeneration] Creating drag cubes for part 'Size1p5.Monoprop'
[LOG 15:10:58.889] PartLoader: Compiling Part 'SquadExpansion/MakingHistory/Parts/FuelTank/Size1p5_Size0_Adapter_01/Size1p5_Size0_Adapter_01'
[LOG 15:10:58.891] PartLoader: Part 'SquadExpansion/MakingHistory/Parts/FuelTank/Size1p5_Size0_Adapter_01/Size1p5_Size0_Adapter_01' has no database record. Creating.
[LOG 15:10:58.892] [DragCubeSystem]: Drag cubes not found or cannot be read for part Part. Generating New drag cubes.
[LOG 15:10:58.892] [KSPCF/DragCubeGeneration] Creating drag cubes for part 'Size1p5.Size0.Adapter.01'
[LOG 15:10:58.896] PartLoader: Compiling Part 'SquadExpansion/MakingHistory/Parts/FuelTank/Size1p5_Size1_Adapter_01/Size1p5_Size1_Adapter_01'
[LOG 15:10:58.899] PartLoader: Part 'SquadExpansion/MakingHistory/Parts/FuelTank/Size1p5_Size1_Adapter_01/Size1p5_Size1_Adapter_01' has no database record. Creating.
[LOG 15:10:58.899] [DragCubeSystem]: Drag cubes not found or cannot be read for part Part. Generating New drag cubes.
[LOG 15:10:58.899] [KSPCF/DragCubeGeneration] Creating drag cubes for part 'Size1p5.Size1.Adapter.01'
[LOG 15:10:58.905] PartLoader: Compiling Part 'SquadExpansion/MakingHistory/Parts/FuelTank/Size1p5_Size1_Adapter_02/Size1p5_Size1_Adapter_02'
[LOG 15:10:58.908] PartLoader: Part 'SquadExpansion/MakingHistory/Parts/FuelTank/Size1p5_Size1_Adapter_02/Size1p5_Size1_Adapter_02' has no database record. Creating.
[LOG 15:10:58.908] [DragCubeSystem]: Drag cubes not found or cannot be read for part Part. Generating New drag cubes.
[LOG 15:10:58.908] [KSPCF/DragCubeGeneration] Creating drag cubes for part 'Size1p5.Size1.Adapter.02'
[LOG 15:10:58.914] PartLoader: Compiling Part 'SquadExpansion/MakingHistory/Parts/FuelTank/Size1p5_Size2_Adapter_01/Size1p5_Size2_Adapter_01'
[LOG 15:10:58.916] PartLoader: Part 'SquadExpansion/MakingHistory/Parts/FuelTank/Size1p5_Size2_Adapter_01/Size1p5_Size2_Adapter_01' has no database record. Creating.
[LOG 15:10:58.917] [DragCubeSystem]: Drag cubes not found or cannot be read for part Part. Generating New drag cubes.
[LOG 15:10:58.917] [KSPCF/DragCubeGeneration] Creating drag cubes for part 'Size1p5.Size2.Adapter.01'
[LOG 15:10:58.922] PartLoader: Compiling Part 'SquadExpansion/MakingHistory/Parts/FuelTank/Size1p5_Tank_01/Size1p5_Tank_01'
[LOG 15:10:58.926] PartLoader: Part 'SquadExpansion/MakingHistory/Parts/FuelTank/Size1p5_Tank_01/Size1p5_Tank_01' has no database record. Creating.
[LOG 15:10:58.926] [DragCubeSystem]: Drag cubes not found or cannot be read for part Part. Generating New drag cubes.
[LOG 15:10:58.926] [KSPCF/DragCubeGeneration] Creating drag cubes for part 'Size1p5.Tank.01'
[LOG 15:10:58.931] PartLoader: Compiling Part 'SquadExpansion/MakingHistory/Parts/FuelTank/Size1p5_Tank_02/Size1p5_Tank_02'
[LOG 15:10:58.934] PartLoader: Part 'SquadExpansion/MakingHistory/Parts/FuelTank/Size1p5_Tank_02/Size1p5_Tank_02' has no database record. Creating.
[LOG 15:10:58.934] [DragCubeSystem]: Drag cubes not found or cannot be read for part Part. Generating New drag cubes.
[LOG 15:10:58.934] [KSPCF/DragCubeGeneration] Creating drag cubes for part 'Size1p5.Tank.02'
[LOG 15:10:58.939] PartLoader: Compiling Part 'SquadExpansion/MakingHistory/Parts/FuelTank/Size1p5_Tank_03/Size1p5_Tank_03'
[LOG 15:10:58.944] PartLoader: Part 'SquadExpansion/MakingHistory/Parts/FuelTank/Size1p5_Tank_03/Size1p5_Tank_03' has no database record. Creating.
[LOG 15:10:58.944] [DragCubeSystem]: Drag cubes not found or cannot be read for part Part. Generating New drag cubes.
[LOG 15:10:58.944] [KSPCF/DragCubeGeneration] Creating drag cubes for part 'Size1p5.Tank.03'
[LOG 15:10:58.951] PartLoader: Compiling Part 'SquadExpansion/MakingHistory/Parts/FuelTank/Size1p5_Tank_04/Size1p5_Tank_04'
[LOG 15:10:58.954] PartLoader: Part 'SquadExpansion/MakingHistory/Parts/FuelTank/Size1p5_Tank_04/Size1p5_Tank_04' has no database record. Creating.
[LOG 15:10:58.954] [DragCubeSystem]: Drag cubes not found or cannot be read for part Part. Generating New drag cubes.
[LOG 15:10:58.954] [KSPCF/DragCubeGeneration] Creating drag cubes for part 'Size1p5.Tank.04'
[LOG 15:10:58.959] PartLoader: Compiling Part 'SquadExpansion/MakingHistory/Parts/FuelTank/Size1p5_Tank_05/Size1p5_Tank_05'
[LOG 15:10:58.963] PartLoader: Part 'SquadExpansion/MakingHistory/Parts/FuelTank/Size1p5_Tank_05/Size1p5_Tank_05' has no database record. Creating.
[LOG 15:10:58.963] [DragCubeSystem]: Drag cubes not found or cannot be read for part Part. Generating New drag cubes.
[LOG 15:10:58.963] [KSPCF/DragCubeGeneration] Creating drag cubes for part 'Size1p5.Tank.05'
[LOG 15:10:58.969] PartLoader: Compiling Part 'SquadExpansion/MakingHistory/Parts/FuelTank/Size3_Size4_Adapter_01/Size3_Size4_Adapter_01'
[LOG 15:10:58.971] PartLoader: Part 'SquadExpansion/MakingHistory/Parts/FuelTank/Size3_Size4_Adapter_01/Size3_Size4_Adapter_01' has no database record. Creating.
[LOG 15:10:58.971] [DragCubeSystem]: Drag cubes not found or cannot be read for part Part. Generating New drag cubes.
[LOG 15:10:58.972] [KSPCF/DragCubeGeneration] Creating drag cubes for part 'Size3.Size4.Adapter.01'
[LOG 15:10:58.976] PartLoader: Compiling Part 'SquadExpansion/MakingHistory/Parts/FuelTank/Size4_EngineAdapter_01/Size4_EngineAdapter_01'
[LOG 15:10:58.979] PartLoader: Part 'SquadExpansion/MakingHistory/Parts/FuelTank/Size4_EngineAdapter_01/Size4_EngineAdapter_01' has no database record. Creating.
[LOG 15:10:58.979] [DragCubeSystem]: Drag cubes not found or cannot be read for part Part. Generating New drag cubes.
[LOG 15:10:58.979] [KSPCF/DragCubeGeneration] Creating drag cubes for part 'Size4.EngineAdapter.01'
[LOG 15:10:58.986] PartLoader: Compiling Part 'SquadExpansion/MakingHistory/Parts/FuelTank/Size4_Tank_01/Size4_Tank_01'
[LOG 15:10:58.989] PartLoader: Part 'SquadExpansion/MakingHistory/Parts/FuelTank/Size4_Tank_01/Size4_Tank_01' has no database record. Creating.
[LOG 15:10:58.989] [DragCubeSystem]: Drag cubes not found or cannot be read for part Part. Generating New drag cubes.
[LOG 15:10:58.989] [KSPCF/DragCubeGeneration] Creating drag cubes for part 'Size4.Tank.01'
[LOG 15:10:58.994] PartLoader: Compiling Part 'SquadExpansion/MakingHistory/Parts/FuelTank/Size4_Tank_02/Size4_Tank_02'
[LOG 15:10:58.997] PartLoader: Part 'SquadExpansion/MakingHistory/Parts/FuelTank/Size4_Tank_02/Size4_Tank_02' has no database record. Creating.
[LOG 15:10:58.997] [DragCubeSystem]: Drag cubes not found or cannot be read for part Part. Generating New drag cubes.
[LOG 15:10:58.997] [KSPCF/DragCubeGeneration] Creating drag cubes for part 'Size4.Tank.02'
[LOG 15:10:59.003] PartLoader: Compiling Part 'SquadExpansion/MakingHistory/Parts/FuelTank/Size4_Tank_03/Size4_Tank_03'
[LOG 15:10:59.005] PartLoader: Part 'SquadExpansion/MakingHistory/Parts/FuelTank/Size4_Tank_03/Size4_Tank_03' has no database record. Creating.
[LOG 15:10:59.006] [DragCubeSystem]: Drag cubes not found or cannot be read for part Part. Generating New drag cubes.
[LOG 15:10:59.006] [KSPCF/DragCubeGeneration] Creating drag cubes for part 'Size4.Tank.03'
[LOG 15:10:59.010] PartLoader: Compiling Part 'SquadExpansion/MakingHistory/Parts/FuelTank/Size4_Tank_04/Size4_Tank_04'
[LOG 15:10:59.013] PartLoader: Part 'SquadExpansion/MakingHistory/Parts/FuelTank/Size4_Tank_04/Size4_Tank_04' has no database record. Creating.
[LOG 15:10:59.013] [DragCubeSystem]: Drag cubes not found or cannot be read for part Part. Generating New drag cubes.
[LOG 15:10:59.013] [KSPCF/DragCubeGeneration] Creating drag cubes for part 'Size4.Tank.04'
[LOG 15:10:59.017] PartLoader: Compiling Part 'SquadExpansion/MakingHistory/Parts/Ground/RoverWheel/roverWheelM1-F'
[LOG 15:10:59.026] PartLoader: Part 'SquadExpansion/MakingHistory/Parts/Ground/RoverWheel/roverWheelM1-F' has no database record. Creating.
[LOG 15:10:59.026] [DragCubeSystem]: Drag cubes not found or cannot be read for part Part. Generating New drag cubes.
[LOG 15:10:59.026] [KSPCF/DragCubeGeneration] Creating drag cubes for part 'roverWheelM1-F'
[LOG 15:10:59.039] PartLoader: Compiling Part 'SquadExpansion/MakingHistory/Parts/Payload/fairingSize1p5/fairingSize1p5'
[LOG 15:10:59.049] PartLoader: Part 'SquadExpansion/MakingHistory/Parts/Payload/fairingSize1p5/fairingSize1p5' has no database record. Creating.
[LOG 15:10:59.049] [DragCubeSystem]: Drag cubes not found or cannot be read for part Part. Generating New drag cubes.
[LOG 15:10:59.049] [KSPCF/DragCubeGeneration] Creating drag cubes for part 'fairingSize1p5'
[LOG 15:10:59.054] PartLoader: Compiling Part 'SquadExpansion/MakingHistory/Parts/Payload/fairingSize4/fairingSize4'
[LOG 15:10:59.063] PartLoader: Part 'SquadExpansion/MakingHistory/Parts/Payload/fairingSize4/fairingSize4' has no database record. Creating.
[LOG 15:10:59.063] [DragCubeSystem]: Drag cubes not found or cannot be read for part Part. Generating New drag cubes.
[LOG 15:10:59.063] [KSPCF/DragCubeGeneration] Creating drag cubes for part 'fairingSize4'
[LOG 15:10:59.067] PartLoader: Compiling Part 'SquadExpansion/MakingHistory/Parts/Payload/Size1to0ServiceModule/Size1to0ServiceModule'
[LOG 15:10:59.076] PartLoader: Part 'SquadExpansion/MakingHistory/Parts/Payload/Size1to0ServiceModule/Size1to0ServiceModule' has no database record. Creating.
[LOG 15:10:59.076] [DragCubeSystem]: Drag cubes not found or cannot be read for part Part. Generating New drag cubes.
[LOG 15:10:59.076] [KSPCF/DragCubeGeneration] Part 'Size1to0ServiceModule' has defined a procedural drag cube setup
[LOG 15:10:59.077] PartLoader: Compiling Part 'SquadExpansion/MakingHistory/Parts/Payload/SM18/ServiceModule18'
[LOG 15:10:59.086] PartLoader: Part 'SquadExpansion/MakingHistory/Parts/Payload/SM18/ServiceModule18' has no database record. Creating.
[LOG 15:10:59.086] [DragCubeSystem]: Drag cubes not found or cannot be read for part Part. Generating New drag cubes.
[LOG 15:10:59.086] [KSPCF/DragCubeGeneration] Part 'ServiceModule18' has defined a procedural drag cube setup
[LOG 15:10:59.086] PartLoader: Compiling Part 'SquadExpansion/MakingHistory/Parts/Payload/SM25/ServiceModule25'
[LOG 15:10:59.092] PartLoader: Part 'SquadExpansion/MakingHistory/Parts/Payload/SM25/ServiceModule25' has no database record. Creating.
[LOG 15:10:59.092] [DragCubeSystem]: Drag cubes not found or cannot be read for part Part. Generating New drag cubes.
[LOG 15:10:59.092] [KSPCF/DragCubeGeneration] Part 'ServiceModule25' has defined a procedural drag cube setup
[LOG 15:10:59.093] PartLoader: Compiling Part 'SquadExpansion/MakingHistory/Parts/Pods/KV1Pod/kv1Pod'
[WRN 15:10:59.097] [Part]: Cannot have ModuleCargoPart and ModuleInventoryPart on same Part [kv1Pod'. Removed ModuleCargoPart
[LOG 15:10:59.101] PartLoader: Part 'SquadExpansion/MakingHistory/Parts/Pods/KV1Pod/kv1Pod' has no database record. Creating.
[LOG 15:10:59.102] PartLoader: Compiling Part 'SquadExpansion/MakingHistory/Parts/Pods/KV2Pod/kv2Pod'
[WRN 15:10:59.106] [Part]: Cannot have ModuleCargoPart and ModuleInventoryPart on same Part [kv2Pod'. Removed ModuleCargoPart
[LOG 15:10:59.110] PartLoader: Part 'SquadExpansion/MakingHistory/Parts/Pods/KV2Pod/kv2Pod' has no database record. Creating.
[LOG 15:10:59.112] PartLoader: Compiling Part 'SquadExpansion/MakingHistory/Parts/Pods/KV3Pod/kv3Pod'
[WRN 15:10:59.115] [Part]: Cannot have ModuleCargoPart and ModuleInventoryPart on same Part [kv3Pod'. Removed ModuleCargoPart
[LOG 15:10:59.119] PartLoader: Part 'SquadExpansion/MakingHistory/Parts/Pods/KV3Pod/kv3Pod' has no database record. Creating.
[LOG 15:10:59.121] PartLoader: Compiling Part 'SquadExpansion/MakingHistory/Parts/Pods/Mk2Pod/Mk2Pod'
[WRN 15:10:59.123] [Part]: Cannot have ModuleCargoPart and ModuleInventoryPart on same Part [Mk2Pod'. Removed ModuleCargoPart
[LOG 15:10:59.127] PartLoader: Part 'SquadExpansion/MakingHistory/Parts/Pods/Mk2Pod/Mk2Pod' has no database record. Creating.
[LOG 15:10:59.127] [DragCubeSystem]: Drag cubes not found or cannot be read for part Part. Generating New drag cubes.
[LOG 15:10:59.127] [KSPCF/DragCubeGeneration] Creating drag cubes for part 'Mk2Pod'
[LOG 15:10:59.133] PartLoader: Compiling Part 'SquadExpansion/MakingHistory/Parts/Pods/Size1_5_Lander/MEMLander'
[WRN 15:10:59.138] [Part]: Cannot add ModuleCargoPart as this Part 'MEMLander' already has a ModuleInventoryPart PartModule and they are mutually exclusive.
[LOG 15:10:59.142] PartLoader: Part 'SquadExpansion/MakingHistory/Parts/Pods/Size1_5_Lander/MEMLander' has no database record. Creating.
[LOG 15:10:59.142] [DragCubeSystem]: Drag cubes not found or cannot be read for part Part. Generating New drag cubes.
[LOG 15:10:59.142] [KSPCF/DragCubeGeneration] Creating drag cubes for part 'MEMLander'
[LOG 15:10:59.149] PartLoader: Compiling Part 'SquadExpansion/MakingHistory/Parts/Prebuilt/kerbalEVAfemaleVintage/kerbalEVAfemaleVintage'
[LOG 15:10:59.155] PartLoader: Compiling Part 'SquadExpansion/MakingHistory/Parts/Prebuilt/kerbalEVAVintage/kerbalEVAVintage'
[LOG 15:10:59.161] PartLoader: Compiling Part 'SquadExpansion/MakingHistory/Parts/Structural/EquiTriangle0/EquiTriangle0'
[LOG 15:10:59.167] PartLoader: Part 'SquadExpansion/MakingHistory/Parts/Structural/EquiTriangle0/EquiTriangle0' has no database record. Creating.
[LOG 15:10:59.167] [DragCubeSystem]: Drag cubes not found or cannot be read for part Part. Generating New drag cubes.
[LOG 15:10:59.167] [KSPCF/DragCubeGeneration] Creating drag cubes for part 'EquiTriangle0'
[LOG 15:10:59.171] PartLoader: Compiling Part 'SquadExpansion/MakingHistory/Parts/Structural/EquiTriangle1/EquiTriangle1'
[LOG 15:10:59.175] PartLoader: Part 'SquadExpansion/MakingHistory/Parts/Structural/EquiTriangle1/EquiTriangle1' has no database record. Creating.
[LOG 15:10:59.175] [DragCubeSystem]: Drag cubes not found or cannot be read for part Part. Generating New drag cubes.
[LOG 15:10:59.175] [KSPCF/DragCubeGeneration] Creating drag cubes for part 'EquiTriangle1'
[LOG 15:10:59.179] PartLoader: Compiling Part 'SquadExpansion/MakingHistory/Parts/Structural/EquiTriangle1p5/EquiTriangle1p5'
[LOG 15:10:59.182] PartLoader: Part 'SquadExpansion/MakingHistory/Parts/Structural/EquiTriangle1p5/EquiTriangle1p5' has no database record. Creating.
[LOG 15:10:59.182] [DragCubeSystem]: Drag cubes not found or cannot be read for part Part. Generating New drag cubes.
[LOG 15:10:59.182] [KSPCF/DragCubeGeneration] Creating drag cubes for part 'EquiTriangle1p5'
[LOG 15:10:59.186] PartLoader: Compiling Part 'SquadExpansion/MakingHistory/Parts/Structural/EquiTriangle2/EquiTriangle2'
[LOG 15:10:59.190] PartLoader: Part 'SquadExpansion/MakingHistory/Parts/Structural/EquiTriangle2/EquiTriangle2' has no database record. Creating.
[LOG 15:10:59.190] [DragCubeSystem]: Drag cubes not found or cannot be read for part Part. Generating New drag cubes.
[LOG 15:10:59.190] [KSPCF/DragCubeGeneration] Creating drag cubes for part 'EquiTriangle2'
[LOG 15:10:59.194] PartLoader: Compiling Part 'SquadExpansion/MakingHistory/Parts/Structural/Panel0/Panel0'
[LOG 15:10:59.197] PartLoader: Part 'SquadExpansion/MakingHistory/Parts/Structural/Panel0/Panel0' has no database record. Creating.
[LOG 15:10:59.197] [DragCubeSystem]: Drag cubes not found or cannot be read for part Part. Generating New drag cubes.
[LOG 15:10:59.197] [KSPCF/DragCubeGeneration] Creating drag cubes for part 'Panel0'
[LOG 15:10:59.202] PartLoader: Compiling Part 'SquadExpansion/MakingHistory/Parts/Structural/Panel1/Panel1'
[LOG 15:10:59.205] PartLoader: Part 'SquadExpansion/MakingHistory/Parts/Structural/Panel1/Panel1' has no database record. Creating.
[LOG 15:10:59.205] [DragCubeSystem]: Drag cubes not found or cannot be read for part Part. Generating New drag cubes.
[LOG 15:10:59.205] [KSPCF/DragCubeGeneration] Creating drag cubes for part 'Panel1'
[LOG 15:10:59.209] PartLoader: Compiling Part 'SquadExpansion/MakingHistory/Parts/Structural/Panel1p5/Panel1p5'
[LOG 15:10:59.213] PartLoader: Part 'SquadExpansion/MakingHistory/Parts/Structural/Panel1p5/Panel1p5' has no database record. Creating.
[LOG 15:10:59.213] [DragCubeSystem]: Drag cubes not found or cannot be read for part Part. Generating New drag cubes.
[LOG 15:10:59.213] [KSPCF/DragCubeGeneration] Creating drag cubes for part 'Panel1p5'
[LOG 15:10:59.217] PartLoader: Compiling Part 'SquadExpansion/MakingHistory/Parts/Structural/Panel2/Panel2'
[LOG 15:10:59.220] PartLoader: Part 'SquadExpansion/MakingHistory/Parts/Structural/Panel2/Panel2' has no database record. Creating.
[LOG 15:10:59.220] [DragCubeSystem]: Drag cubes not found or cannot be read for part Part. Generating New drag cubes.
[LOG 15:10:59.220] [KSPCF/DragCubeGeneration] Creating drag cubes for part 'Panel2'
[LOG 15:10:59.224] PartLoader: Compiling Part 'SquadExpansion/MakingHistory/Parts/Structural/Triangle0/Triangle0'
[LOG 15:10:59.227] PartLoader: Part 'SquadExpansion/MakingHistory/Parts/Structural/Triangle0/Triangle0' has no database record. Creating.
[LOG 15:10:59.227] [DragCubeSystem]: Drag cubes not found or cannot be read for part Part. Generating New drag cubes.
[LOG 15:10:59.227] [KSPCF/DragCubeGeneration] Creating drag cubes for part 'Triangle0'
[LOG 15:10:59.231] PartLoader: Compiling Part 'SquadExpansion/MakingHistory/Parts/Structural/Triangle1/Triangle1'
[LOG 15:10:59.236] PartLoader: Part 'SquadExpansion/MakingHistory/Parts/Structural/Triangle1/Triangle1' has no database record. Creating.
[LOG 15:10:59.236] [DragCubeSystem]: Drag cubes not found or cannot be read for part Part. Generating New drag cubes.
[LOG 15:10:59.236] [KSPCF/DragCubeGeneration] Creating drag cubes for part 'Triangle1'
[LOG 15:10:59.240] PartLoader: Compiling Part 'SquadExpansion/MakingHistory/Parts/Structural/Triangle1p5/Triangle1p5'
[LOG 15:10:59.244] PartLoader: Part 'SquadExpansion/MakingHistory/Parts/Structural/Triangle1p5/Triangle1p5' has no database record. Creating.
[LOG 15:10:59.244] [DragCubeSystem]: Drag cubes not found or cannot be read for part Part. Generating New drag cubes.
[LOG 15:10:59.244] [KSPCF/DragCubeGeneration] Creating drag cubes for part 'Triangle1p5'
[LOG 15:10:59.248] PartLoader: Compiling Part 'SquadExpansion/MakingHistory/Parts/Structural/Triangle2/Triangle2'
[LOG 15:10:59.252] PartLoader: Part 'SquadExpansion/MakingHistory/Parts/Structural/Triangle2/Triangle2' has no database record. Creating.
[LOG 15:10:59.252] [DragCubeSystem]: Drag cubes not found or cannot be read for part Part. Generating New drag cubes.
[LOG 15:10:59.252] [KSPCF/DragCubeGeneration] Creating drag cubes for part 'Triangle2'
[LOG 15:10:59.256] PartLoader: Compiling Part 'SquadExpansion/MakingHistory/Parts/Structural/Tube1/Tube1'
[LOG 15:10:59.260] PartLoader: Part 'SquadExpansion/MakingHistory/Parts/Structural/Tube1/Tube1' has no database record. Creating.
[LOG 15:10:59.260] PartLoader: Compiling Part 'SquadExpansion/MakingHistory/Parts/Structural/Tube1p5/Tube1p5'
[LOG 15:10:59.264] PartLoader: Part 'SquadExpansion/MakingHistory/Parts/Structural/Tube1p5/Tube1p5' has no database record. Creating.
[LOG 15:10:59.264] PartLoader: Compiling Part 'SquadExpansion/MakingHistory/Parts/Structural/Tube2/Tube2'
[LOG 15:10:59.268] PartLoader: Part 'SquadExpansion/MakingHistory/Parts/Structural/Tube2/Tube2' has no database record. Creating.
[LOG 15:10:59.268] PartLoader: Compiling Part 'SquadExpansion/MakingHistory/Parts/Structural/Tube3/Tube3'
[LOG 15:10:59.272] PartLoader: Part 'SquadExpansion/MakingHistory/Parts/Structural/Tube3/Tube3' has no database record. Creating.
[LOG 15:10:59.272] PartLoader: Compiling Part 'SquadExpansion/MakingHistory/Parts/Structural/Tube4/Tube4'
[LOG 15:10:59.275] PartLoader: Part 'SquadExpansion/MakingHistory/Parts/Structural/Tube4/Tube4' has no database record. Creating.
[LOG 15:10:59.275] PartLoader: Compiling Part 'SquadExpansion/MakingHistory/Parts/Thermal/HeatShield1p5/HeatShield1p5'
[LOG 15:10:59.281] PartLoader: Part 'SquadExpansion/MakingHistory/Parts/Thermal/HeatShield1p5/HeatShield1p5' has no database record. Creating.
[LOG 15:10:59.281] [DragCubeSystem]: Drag cubes not found or cannot be read for part Part. Generating New drag cubes.
[LOG 15:10:59.281] [KSPCF/DragCubeGeneration] Creating drag cubes for part 'HeatShield1p5'
[LOG 15:10:59.293] PartLoader: Compiling Part 'SquadExpansion/MakingHistory/Parts/Utility/flags/flagSize1p5/flagSize1p5/flagPartSize1p5'
[LOG 15:10:59.297] PartLoader: Part 'SquadExpansion/MakingHistory/Parts/Utility/flags/flagSize1p5/flagSize1p5/flagPartSize1p5' has no database record. Creating.
[LOG 15:10:59.297] [DragCubeSystem]: Drag cubes not found or cannot be read for part Part. Generating New drag cubes.
[LOG 15:10:59.298] [KSPCF/DragCubeGeneration] Creating drag cubes for part 'flagPartSize1p5'
[LOG 15:10:59.302] PartLoader: Compiling Part 'SquadExpansion/MakingHistory/Parts/Utility/flags/flagSize4/flagSize4/flagPartSize4'
[LOG 15:10:59.306] PartLoader: Part 'SquadExpansion/MakingHistory/Parts/Utility/flags/flagSize4/flagSize4/flagPartSize4' has no database record. Creating.
[LOG 15:10:59.306] [DragCubeSystem]: Drag cubes not found or cannot be read for part Part. Generating New drag cubes.
[LOG 15:10:59.307] [KSPCF/DragCubeGeneration] Creating drag cubes for part 'flagPartSize4'
[LOG 15:10:59.311] PartLoader: Compiling Part 'SquadExpansion/Serenity/Parts/Aero/FanShroud_01/FanShroud_01'
[LOG 15:10:59.314] PartLoader: Part 'SquadExpansion/Serenity/Parts/Aero/FanShroud_01/FanShroud_01' has no database record. Creating.
[LOG 15:10:59.314] [DragCubeSystem]: Drag cubes not found or cannot be read for part Part. Generating New drag cubes.
[LOG 15:10:59.314] [KSPCF/DragCubeGeneration] Creating drag cubes for part 'FanShroud.01'
[LOG 15:10:59.318] PartLoader: Compiling Part 'SquadExpansion/Serenity/Parts/Aero/FanShroud_02/FanShroud_02'
[LOG 15:10:59.323] PartLoader: Part 'SquadExpansion/Serenity/Parts/Aero/FanShroud_02/FanShroud_02' has no database record. Creating.
[LOG 15:10:59.323] [DragCubeSystem]: Drag cubes not found or cannot be read for part Part. Generating New drag cubes.
[LOG 15:10:59.323] [KSPCF/DragCubeGeneration] Creating drag cubes for part 'FanShroud.02'
[LOG 15:10:59.327] PartLoader: Compiling Part 'SquadExpansion/Serenity/Parts/Aero/FanShroud_03/FanShroud_03'
[LOG 15:10:59.330] PartLoader: Part 'SquadExpansion/Serenity/Parts/Aero/FanShroud_03/FanShroud_03' has no database record. Creating.
[LOG 15:10:59.330] [DragCubeSystem]: Drag cubes not found or cannot be read for part Part. Generating New drag cubes.
[LOG 15:10:59.331] [KSPCF/DragCubeGeneration] Creating drag cubes for part 'FanShroud.03'
[LOG 15:10:59.335] PartLoader: Compiling Part 'SquadExpansion/Serenity/Parts/Aero/noseconeTiny/noseconeTiny'
[LOG 15:10:59.338] PartLoader: Part 'SquadExpansion/Serenity/Parts/Aero/noseconeTiny/noseconeTiny' has no database record. Creating.
[LOG 15:10:59.338] [DragCubeSystem]: Drag cubes not found or cannot be read for part Part. Generating New drag cubes.
[LOG 15:10:59.338] [KSPCF/DragCubeGeneration] Creating drag cubes for part 'noseconeTiny'
[LOG 15:10:59.342] PartLoader: Compiling Part 'SquadExpansion/Serenity/Parts/Aero/noseconeVS/noseconeVS'
[LOG 15:10:59.345] PartLoader: Part 'SquadExpansion/Serenity/Parts/Aero/noseconeVS/noseconeVS' has no database record. Creating.
[LOG 15:10:59.345] [DragCubeSystem]: Drag cubes not found or cannot be read for part Part. Generating New drag cubes.
[LOG 15:10:59.345] [KSPCF/DragCubeGeneration] Creating drag cubes for part 'noseconeVS'
[LOG 15:10:59.348] PartLoader: Compiling Part 'SquadExpansion/Serenity/Parts/DeployedScience/centralStation/DeployedCentralStation'
[LOG 15:10:59.359] PartLoader: Part 'SquadExpansion/Serenity/Parts/DeployedScience/centralStation/DeployedCentralStation' has no database record. Creating.
[LOG 15:10:59.359] [DragCubeSystem]: Drag cubes not found or cannot be read for part Part. Generating New drag cubes.
[LOG 15:10:59.359] [KSPCF/DragCubeGeneration] Creating drag cubes for part 'DeployedCentralStation'
[LOG 15:10:59.381] PartLoader: Compiling Part 'SquadExpansion/Serenity/Parts/DeployedScience/gooObservation/DeployedGoExOb'
[LOG 15:10:59.389] PartLoader: Part 'SquadExpansion/Serenity/Parts/DeployedScience/gooObservation/DeployedGoExOb' has no database record. Creating.
[LOG 15:10:59.390] [DragCubeSystem]: Drag cubes not found or cannot be read for part Part. Generating New drag cubes.
[LOG 15:10:59.390] [KSPCF/DragCubeGeneration] Creating drag cubes for part 'DeployedGoExOb'
[LOG 15:10:59.415] PartLoader: Compiling Part 'SquadExpansion/Serenity/Parts/DeployedScience/ionCollector/DeployedIONExp'
[LOG 15:10:59.419] PartLoader: Part 'SquadExpansion/Serenity/Parts/DeployedScience/ionCollector/DeployedIONExp' has no database record. Creating.
[LOG 15:10:59.419] [DragCubeSystem]: Drag cubes not found or cannot be read for part Part. Generating New drag cubes.
[LOG 15:10:59.419] [KSPCF/DragCubeGeneration] Creating drag cubes for part 'DeployedIONExp'
[LOG 15:10:59.431] PartLoader: Compiling Part 'SquadExpansion/Serenity/Parts/DeployedScience/rtg/DeployedRTG'
[LOG 15:10:59.439] PartLoader: Part 'SquadExpansion/Serenity/Parts/DeployedScience/rtg/DeployedRTG' has no database record. Creating.
[LOG 15:10:59.439] [DragCubeSystem]: Drag cubes not found or cannot be read for part Part. Generating New drag cubes.
[LOG 15:10:59.439] [KSPCF/DragCubeGeneration] Creating drag cubes for part 'DeployedRTG'
[LOG 15:10:59.453] PartLoader: Compiling Part 'SquadExpansion/Serenity/Parts/DeployedScience/satDish/DeployedSatDish'
[LOG 15:10:59.461] PartLoader: Part 'SquadExpansion/Serenity/Parts/DeployedScience/satDish/DeployedSatDish' has no database record. Creating.
[LOG 15:10:59.461] [DragCubeSystem]: Drag cubes not found or cannot be read for part Part. Generating New drag cubes.
[LOG 15:10:59.461] [KSPCF/DragCubeGeneration] Creating drag cubes for part 'DeployedSatDish'
[LOG 15:10:59.474] PartLoader: Compiling Part 'SquadExpansion/Serenity/Parts/DeployedScience/seismicSensor/DeployedSeismicSensor'
[LOG 15:10:59.479] PartLoader: Part 'SquadExpansion/Serenity/Parts/DeployedScience/seismicSensor/DeployedSeismicSensor' has no database record. Creating.
[LOG 15:10:59.479] [DragCubeSystem]: Drag cubes not found or cannot be read for part Part. Generating New drag cubes.
[LOG 15:10:59.479] [KSPCF/DragCubeGeneration] Creating drag cubes for part 'DeployedSeismicSensor'
[LOG 15:10:59.492] PartLoader: Compiling Part 'SquadExpansion/Serenity/Parts/DeployedScience/solarPanel/DeployedSolarPanel'
[LOG 15:10:59.497] PartLoader: Part 'SquadExpansion/Serenity/Parts/DeployedScience/solarPanel/DeployedSolarPanel' has no database record. Creating.
[LOG 15:10:59.497] [DragCubeSystem]: Drag cubes not found or cannot be read for part Part. Generating New drag cubes.
[LOG 15:10:59.497] [KSPCF/DragCubeGeneration] Creating drag cubes for part 'DeployedSolarPanel'
[LOG 15:10:59.511] PartLoader: Compiling Part 'SquadExpansion/Serenity/Parts/DeployedScience/weatherStation/DeployedWeatherStn'
[LOG 15:10:59.516] PartLoader: Part 'SquadExpansion/Serenity/Parts/DeployedScience/weatherStation/DeployedWeatherStn' has no database record. Creating.
[LOG 15:10:59.516] [DragCubeSystem]: Drag cubes not found or cannot be read for part Part. Generating New drag cubes.
[LOG 15:10:59.516] [KSPCF/DragCubeGeneration] Creating drag cubes for part 'DeployedWeatherStn'
[LOG 15:10:59.537] PartLoader: Compiling Part 'SquadExpansion/Serenity/Parts/Prebuilt/kerbalEVA/kerbalEVA'
[LOG 15:10:59.539] PartLoader: Compiling Part 'SquadExpansion/Serenity/Parts/Prebuilt/kerbalEVAfemale/kerbalEVAfemale'
[LOG 15:10:59.541] PartLoader: Compiling Part 'SquadExpansion/Serenity/Parts/Prebuilt/kerbalEVAfemaleFuture/kerbalEVAfemaleFuture'
[LOG 15:10:59.547] PartLoader: Compiling Part 'SquadExpansion/Serenity/Parts/Prebuilt/kerbalEVAfemaleVintage/kerbalEVAfemaleVintage'
[LOG 15:10:59.549] PartLoader: Compiling Part 'SquadExpansion/Serenity/Parts/Prebuilt/kerbalEVAFuture/kerbalEVAFuture'
[LOG 15:10:59.555] PartLoader: Compiling Part 'SquadExpansion/Serenity/Parts/Prebuilt/kerbalEVASlimSuit/kerbalEVASlimSuit'
[LOG 15:10:59.556] PartLoader: Compiling Part 'SquadExpansion/Serenity/Parts/Prebuilt/kerbalEVASlimSuitFemale/kerbalEVASlimSuitFemale'
[LOG 15:10:59.558] PartLoader: Compiling Part 'SquadExpansion/Serenity/Parts/Prebuilt/kerbalEVAVintage/kerbalEVAVintage'
[LOG 15:10:59.559] PartLoader: Compiling Part 'SquadExpansion/Serenity/Parts/Propellers/largeFanBlade/largeFanBlade'
[LOG 15:10:59.564] PartLoader: Part 'SquadExpansion/Serenity/Parts/Propellers/largeFanBlade/largeFanBlade' has no database record. Creating.
[LOG 15:10:59.564] [DragCubeSystem]: Drag cubes not found or cannot be read for part Part. Generating New drag cubes.
[LOG 15:10:59.564] [KSPCF/DragCubeGeneration] Creating drag cubes for part 'largeFanBlade'
[LOG 15:10:59.578] PartLoader: Compiling Part 'SquadExpansion/Serenity/Parts/Propellers/largeHeliBlade/largeHeliBlade'
[LOG 15:10:59.583] PartLoader: Part 'SquadExpansion/Serenity/Parts/Propellers/largeHeliBlade/largeHeliBlade' has no database record. Creating.
[LOG 15:10:59.583] [DragCubeSystem]: Drag cubes not found or cannot be read for part Part. Generating New drag cubes.
[LOG 15:10:59.583] [KSPCF/DragCubeGeneration] Creating drag cubes for part 'largeHeliBlade'
[LOG 15:10:59.596] PartLoader: Compiling Part 'SquadExpansion/Serenity/Parts/Propellers/largePropeller/largePropeller'
[LOG 15:10:59.601] PartLoader: Part 'SquadExpansion/Serenity/Parts/Propellers/largePropeller/largePropeller' has no database record. Creating.
[LOG 15:10:59.601] [DragCubeSystem]: Drag cubes not found or cannot be read for part Part. Generating New drag cubes.
[LOG 15:10:59.601] [KSPCF/DragCubeGeneration] Creating drag cubes for part 'largePropeller'
[LOG 15:10:59.615] PartLoader: Compiling Part 'SquadExpansion/Serenity/Parts/Propellers/mediumFanBlade/mediumFanBlade'
[LOG 15:10:59.623] PartLoader: Part 'SquadExpansion/Serenity/Parts/Propellers/mediumFanBlade/mediumFanBlade' has no database record. Creating.
[LOG 15:10:59.623] [DragCubeSystem]: Drag cubes not found or cannot be read for part Part. Generating New drag cubes.
[LOG 15:10:59.623] [KSPCF/DragCubeGeneration] Creating drag cubes for part 'mediumFanBlade'
[LOG 15:10:59.645] PartLoader: Compiling Part 'SquadExpansion/Serenity/Parts/Propellers/mediumHeliBlade/mediumHeliBlade'
[LOG 15:10:59.651] PartLoader: Part 'SquadExpansion/Serenity/Parts/Propellers/mediumHeliBlade/mediumHeliBlade' has no database record. Creating.
[LOG 15:10:59.651] [DragCubeSystem]: Drag cubes not found or cannot be read for part Part. Generating New drag cubes.
[LOG 15:10:59.651] [KSPCF/DragCubeGeneration] Creating drag cubes for part 'mediumHeliBlade'
[LOG 15:10:59.675] PartLoader: Compiling Part 'SquadExpansion/Serenity/Parts/Propellers/mediumPropeller/mediumPropeller'
[LOG 15:10:59.681] PartLoader: Part 'SquadExpansion/Serenity/Parts/Propellers/mediumPropeller/mediumPropeller' has no database record. Creating.
[LOG 15:10:59.681] [DragCubeSystem]: Drag cubes not found or cannot be read for part Part. Generating New drag cubes.
[LOG 15:10:59.681] [KSPCF/DragCubeGeneration] Creating drag cubes for part 'mediumPropeller'
[LOG 15:10:59.705] PartLoader: Compiling Part 'SquadExpansion/Serenity/Parts/Propellers/smallFanBlade/smallFanBlade'
[LOG 15:10:59.709] PartLoader: Part 'SquadExpansion/Serenity/Parts/Propellers/smallFanBlade/smallFanBlade' has no database record. Creating.
[LOG 15:10:59.709] [DragCubeSystem]: Drag cubes not found or cannot be read for part Part. Generating New drag cubes.
[LOG 15:10:59.709] [KSPCF/DragCubeGeneration] Creating drag cubes for part 'smallFanBlade'
[LOG 15:10:59.724] PartLoader: Compiling Part 'SquadExpansion/Serenity/Parts/Propellers/smallHeliBlade/smallHeliBlade'
[LOG 15:10:59.729] PartLoader: Part 'SquadExpansion/Serenity/Parts/Propellers/smallHeliBlade/smallHeliBlade' has no database record. Creating.
[LOG 15:10:59.729] [DragCubeSystem]: Drag cubes not found or cannot be read for part Part. Generating New drag cubes.
[LOG 15:10:59.729] [KSPCF/DragCubeGeneration] Creating drag cubes for part 'smallHeliBlade'
[LOG 15:10:59.743] PartLoader: Compiling Part 'SquadExpansion/Serenity/Parts/Propellers/smallPropeller/smallPropeller'
[LOG 15:10:59.748] PartLoader: Part 'SquadExpansion/Serenity/Parts/Propellers/smallPropeller/smallPropeller' has no database record. Creating.
[LOG 15:10:59.748] [DragCubeSystem]: Drag cubes not found or cannot be read for part Part. Generating New drag cubes.
[LOG 15:10:59.748] [KSPCF/DragCubeGeneration] Creating drag cubes for part 'smallPropeller'
[LOG 15:10:59.763] PartLoader: Compiling Part 'SquadExpansion/Serenity/Parts/Robotics/hinge_01/hinge_01'
[LOG 15:10:59.778] PartLoader: Part 'SquadExpansion/Serenity/Parts/Robotics/hinge_01/hinge_01' has no database record. Creating.
[LOG 15:10:59.778] [DragCubeSystem]: Drag cubes not found or cannot be read for part Part. Generating New drag cubes.
[LOG 15:10:59.778] [KSPCF/DragCubeGeneration] Creating drag cubes for part 'hinge.01'
[LOG 15:10:59.784] PartLoader: Compiling Part 'SquadExpansion/Serenity/Parts/Robotics/hinge_01_s/hinge_01_s'
[LOG 15:10:59.789] PartLoader: Part 'SquadExpansion/Serenity/Parts/Robotics/hinge_01_s/hinge_01_s' has no database record. Creating.
[LOG 15:10:59.789] [DragCubeSystem]: Drag cubes not found or cannot be read for part Part. Generating New drag cubes.
[LOG 15:10:59.789] [KSPCF/DragCubeGeneration] Creating drag cubes for part 'hinge.01.s'
[LOG 15:10:59.795] PartLoader: Compiling Part 'SquadExpansion/Serenity/Parts/Robotics/hinge_03/hinge_03'
[LOG 15:10:59.802] PartLoader: Part 'SquadExpansion/Serenity/Parts/Robotics/hinge_03/hinge_03' has no database record. Creating.
[LOG 15:10:59.802] PartLoader: Compiling Part 'SquadExpansion/Serenity/Parts/Robotics/hinge_03_s/hinge_03_s'
[LOG 15:10:59.808] PartLoader: Part 'SquadExpansion/Serenity/Parts/Robotics/hinge_03_s/hinge_03_s' has no database record. Creating.
[LOG 15:10:59.809] PartLoader: Compiling Part 'SquadExpansion/Serenity/Parts/Robotics/hinge_04/hinge_04'
[LOG 15:10:59.815] PartLoader: Part 'SquadExpansion/Serenity/Parts/Robotics/hinge_04/hinge_04' has no database record. Creating.
[LOG 15:10:59.816] PartLoader: Compiling Part 'SquadExpansion/Serenity/Parts/Robotics/piston_01/piston_01'
[LOG 15:10:59.827] PartLoader: Part 'SquadExpansion/Serenity/Parts/Robotics/piston_01/piston_01' has no database record. Creating.
[LOG 15:10:59.828] PartLoader: Compiling Part 'SquadExpansion/Serenity/Parts/Robotics/piston_02/piston_02'
[LOG 15:10:59.833] PartLoader: Part 'SquadExpansion/Serenity/Parts/Robotics/piston_02/piston_02' has no database record. Creating.
[LOG 15:10:59.833] PartLoader: Compiling Part 'SquadExpansion/Serenity/Parts/Robotics/piston_03/piston_03'
[LOG 15:10:59.839] PartLoader: Part 'SquadExpansion/Serenity/Parts/Robotics/piston_03/piston_03' has no database record. Creating.
[LOG 15:10:59.840] PartLoader: Compiling Part 'SquadExpansion/Serenity/Parts/Robotics/piston_04/piston_04'
[LOG 15:10:59.845] PartLoader: Part 'SquadExpansion/Serenity/Parts/Robotics/piston_04/piston_04' has no database record. Creating.
[LOG 15:10:59.846] PartLoader: Compiling Part 'SquadExpansion/Serenity/Parts/Robotics/RotorEngine_02/RotorEngine_02'
[LOG 15:10:59.857] PartLoader: Part 'SquadExpansion/Serenity/Parts/Robotics/RotorEngine_02/RotorEngine_02' has no database record. Creating.
[LOG 15:10:59.857] [DragCubeSystem]: Drag cubes not found or cannot be read for part Part. Generating New drag cubes.
[LOG 15:10:59.857] [KSPCF/DragCubeGeneration] Creating drag cubes for part 'RotorEngine.02'
[LOG 15:10:59.863] PartLoader: Compiling Part 'SquadExpansion/Serenity/Parts/Robotics/RotorEngine_03/RotorEngine_03'
[LOG 15:10:59.868] PartLoader: Part 'SquadExpansion/Serenity/Parts/Robotics/RotorEngine_03/RotorEngine_03' has no database record. Creating.
[LOG 15:10:59.868] [DragCubeSystem]: Drag cubes not found or cannot be read for part Part. Generating New drag cubes.
[LOG 15:10:59.868] [KSPCF/DragCubeGeneration] Creating drag cubes for part 'RotorEngine.03'
[LOG 15:10:59.874] PartLoader: Compiling Part 'SquadExpansion/Serenity/Parts/Robotics/rotor_01/rotor_01'
[LOG 15:10:59.880] PartLoader: Part 'SquadExpansion/Serenity/Parts/Robotics/rotor_01/rotor_01' has no database record. Creating.
[LOG 15:10:59.880] [DragCubeSystem]: Drag cubes not found or cannot be read for part Part. Generating New drag cubes.
[LOG 15:10:59.880] [KSPCF/DragCubeGeneration] Creating drag cubes for part 'rotor.01'
[LOG 15:10:59.885] PartLoader: Compiling Part 'SquadExpansion/Serenity/Parts/Robotics/rotor_01s/rotor_01s'
[LOG 15:10:59.892] PartLoader: Part 'SquadExpansion/Serenity/Parts/Robotics/rotor_01s/rotor_01s' has no database record. Creating.
[LOG 15:10:59.892] [DragCubeSystem]: Drag cubes not found or cannot be read for part Part. Generating New drag cubes.
[LOG 15:10:59.892] [KSPCF/DragCubeGeneration] Creating drag cubes for part 'rotor.01s'
[LOG 15:10:59.897] PartLoader: Compiling Part 'SquadExpansion/Serenity/Parts/Robotics/rotor_02/rotor_02'
[LOG 15:10:59.903] PartLoader: Part 'SquadExpansion/Serenity/Parts/Robotics/rotor_02/rotor_02' has no database record. Creating.
[LOG 15:10:59.903] [DragCubeSystem]: Drag cubes not found or cannot be read for part Part. Generating New drag cubes.
[LOG 15:10:59.903] [KSPCF/DragCubeGeneration] Creating drag cubes for part 'rotor.02'
[LOG 15:10:59.908] PartLoader: Compiling Part 'SquadExpansion/Serenity/Parts/Robotics/rotor_02s/rotor_02s'
[LOG 15:10:59.915] PartLoader: Part 'SquadExpansion/Serenity/Parts/Robotics/rotor_02s/rotor_02s' has no database record. Creating.
[LOG 15:10:59.915] [DragCubeSystem]: Drag cubes not found or cannot be read for part Part. Generating New drag cubes.
[LOG 15:10:59.915] [KSPCF/DragCubeGeneration] Creating drag cubes for part 'rotor.02s'
[LOG 15:10:59.920] PartLoader: Compiling Part 'SquadExpansion/Serenity/Parts/Robotics/rotor_03/rotor_03'
[LOG 15:10:59.928] PartLoader: Part 'SquadExpansion/Serenity/Parts/Robotics/rotor_03/rotor_03' has no database record. Creating.
[LOG 15:10:59.928] [DragCubeSystem]: Drag cubes not found or cannot be read for part Part. Generating New drag cubes.
[LOG 15:10:59.928] [KSPCF/DragCubeGeneration] Creating drag cubes for part 'rotor.03'
[LOG 15:10:59.933] PartLoader: Compiling Part 'SquadExpansion/Serenity/Parts/Robotics/rotor_03s/rotor_03s'
[LOG 15:10:59.940] PartLoader: Part 'SquadExpansion/Serenity/Parts/Robotics/rotor_03s/rotor_03s' has no database record. Creating.
[LOG 15:10:59.940] [DragCubeSystem]: Drag cubes not found or cannot be read for part Part. Generating New drag cubes.
[LOG 15:10:59.940] [KSPCF/DragCubeGeneration] Creating drag cubes for part 'rotor.03s'
[LOG 15:10:59.945] PartLoader: Compiling Part 'SquadExpansion/Serenity/Parts/Robotics/rotoServo_00/rotoServo_00'
[LOG 15:10:59.956] PartLoader: Part 'SquadExpansion/Serenity/Parts/Robotics/rotoServo_00/rotoServo_00' has no database record. Creating.
[LOG 15:10:59.956] [DragCubeSystem]: Drag cubes not found or cannot be read for part Part. Generating New drag cubes.
[LOG 15:10:59.956] [KSPCF/DragCubeGeneration] Creating drag cubes for part 'rotoServo.00'
[LOG 15:10:59.962] PartLoader: Compiling Part 'SquadExpansion/Serenity/Parts/Robotics/rotoServo_02/rotoServo_02'
[LOG 15:10:59.968] PartLoader: Part 'SquadExpansion/Serenity/Parts/Robotics/rotoServo_02/rotoServo_02' has no database record. Creating.
[LOG 15:10:59.968] [DragCubeSystem]: Drag cubes not found or cannot be read for part Part. Generating New drag cubes.
[LOG 15:10:59.968] [KSPCF/DragCubeGeneration] Creating drag cubes for part 'rotoServo.02'
[LOG 15:10:59.972] PartLoader: Compiling Part 'SquadExpansion/Serenity/Parts/Robotics/rotoServo_03/rotoServo_03'
[LOG 15:10:59.978] PartLoader: Part 'SquadExpansion/Serenity/Parts/Robotics/rotoServo_03/rotoServo_03' has no database record. Creating.
[LOG 15:10:59.978] [DragCubeSystem]: Drag cubes not found or cannot be read for part Part. Generating New drag cubes.
[LOG 15:10:59.978] [KSPCF/DragCubeGeneration] Creating drag cubes for part 'rotoServo.03'
[LOG 15:10:59.984] PartLoader: Compiling Part 'SquadExpansion/Serenity/Parts/Robotics/rotoServo_04/rotoServo_04'
[LOG 15:10:59.992] PartLoader: Part 'SquadExpansion/Serenity/Parts/Robotics/rotoServo_04/rotoServo_04' has no database record. Creating.
[LOG 15:10:59.992] [DragCubeSystem]: Drag cubes not found or cannot be read for part Part. Generating New drag cubes.
[LOG 15:10:59.992] [KSPCF/DragCubeGeneration] Creating drag cubes for part 'rotoServo.04'
[LOG 15:10:59.998] PartLoader: Compiling Part 'SquadExpansion/Serenity/Parts/Robotics/Controllers/KAL1000/controller1000'
[LOG 15:11:00.012] PartLoader: Part 'SquadExpansion/Serenity/Parts/Robotics/Controllers/KAL1000/controller1000' has no database record. Creating.
[LOG 15:11:00.013] [DragCubeSystem]: Drag cubes not found or cannot be read for part Part. Generating New drag cubes.
[LOG 15:11:00.013] [KSPCF/DragCubeGeneration] Creating drag cubes for part 'controller1000'
[LOG 15:11:00.019] PartLoader: Compiling Part 'SquadExpansion/Serenity/Parts/Science/RobotArmScanner/RobotArmScanner_S1/RobotArmScanner_S1'
[LOG 15:11:00.035] PartLoader: Part 'SquadExpansion/Serenity/Parts/Science/RobotArmScanner/RobotArmScanner_S1/RobotArmScanner_S1' has no database record. Creating.
[LOG 15:11:00.035] [DragCubeSystem]: Drag cubes not found or cannot be read for part Part. Generating New drag cubes.
[LOG 15:11:00.035] [KSPCF/DragCubeGeneration] Creating drag cubes for part 'RobotArmScanner.S1'
[LOG 15:11:00.055] PartLoader: Compiling Part 'SquadExpansion/Serenity/Parts/Science/RobotArmScanner/RobotArmScanner_S2/RobotArmScanner_S2'
[LOG 15:11:00.061] PartLoader: Part 'SquadExpansion/Serenity/Parts/Science/RobotArmScanner/RobotArmScanner_S2/RobotArmScanner_S2' has no database record. Creating.
[LOG 15:11:00.061] [DragCubeSystem]: Drag cubes not found or cannot be read for part Part. Generating New drag cubes.
[LOG 15:11:00.061] [KSPCF/DragCubeGeneration] Creating drag cubes for part 'RobotArmScanner.S2'
[LOG 15:11:00.079] PartLoader: Compiling Part 'SquadExpansion/Serenity/Parts/Science/RobotArmScanner/RobotArmScanner_S3/RobotArmScanner_S3'
[LOG 15:11:00.090] PartLoader: Part 'SquadExpansion/Serenity/Parts/Science/RobotArmScanner/RobotArmScanner_S3/RobotArmScanner_S3' has no database record. Creating.
[LOG 15:11:00.090] [DragCubeSystem]: Drag cubes not found or cannot be read for part Part. Generating New drag cubes.
[LOG 15:11:00.090] [KSPCF/DragCubeGeneration] Creating drag cubes for part 'RobotArmScanner.S3'
[LOG 15:11:00.107] PartLoader: Compiling Part 'SquadExpansion/Serenity/Parts/Structural/gripPads/lGripPad/lGripPad'
[LOG 15:11:00.115] PartLoader: Part 'SquadExpansion/Serenity/Parts/Structural/gripPads/lGripPad/lGripPad' has no database record. Creating.
[LOG 15:11:00.116] [DragCubeSystem]: Drag cubes not found or cannot be read for part Part. Generating New drag cubes.
[LOG 15:11:00.116] [KSPCF/DragCubeGeneration] Creating drag cubes for part 'lGripPad'
[LOG 15:11:00.125] PartLoader: Compiling Part 'SquadExpansion/Serenity/Parts/Structural/gripPads/lGripStrip/lGripStrip'
[LOG 15:11:00.128] PartLoader: Part 'SquadExpansion/Serenity/Parts/Structural/gripPads/lGripStrip/lGripStrip' has no database record. Creating.
[LOG 15:11:00.128] [DragCubeSystem]: Drag cubes not found or cannot be read for part Part. Generating New drag cubes.
[LOG 15:11:00.128] [KSPCF/DragCubeGeneration] Creating drag cubes for part 'lGripStrip'
[LOG 15:11:00.131] PartLoader: Compiling Part 'SquadExpansion/Serenity/Parts/Structural/gripPads/mGripPad/mGripPad'
[LOG 15:11:00.135] PartLoader: Part 'SquadExpansion/Serenity/Parts/Structural/gripPads/mGripPad/mGripPad' has no database record. Creating.
[LOG 15:11:00.135] [DragCubeSystem]: Drag cubes not found or cannot be read for part Part. Generating New drag cubes.
[LOG 15:11:00.135] [KSPCF/DragCubeGeneration] Creating drag cubes for part 'mGripPad'
[LOG 15:11:00.144] PartLoader: Compiling Part 'SquadExpansion/Serenity/Parts/Structural/gripPads/sGripPad/sGripPad'
[LOG 15:11:00.148] PartLoader: Part 'SquadExpansion/Serenity/Parts/Structural/gripPads/sGripPad/sGripPad' has no database record. Creating.
[LOG 15:11:00.148] [DragCubeSystem]: Drag cubes not found or cannot be read for part Part. Generating New drag cubes.
[LOG 15:11:00.148] [KSPCF/DragCubeGeneration] Creating drag cubes for part 'sGripPad'
[LOG 15:11:00.158] PartLoader: Compiling Part 'SquadExpansion/Serenity/Parts/Structural/gripPads/sGripStrip/sGripStrip'
[LOG 15:11:00.161] PartLoader: Part 'SquadExpansion/Serenity/Parts/Structural/gripPads/sGripStrip/sGripStrip' has no database record. Creating.
[LOG 15:11:00.161] [DragCubeSystem]: Drag cubes not found or cannot be read for part Part. Generating New drag cubes.
[LOG 15:11:00.161] [KSPCF/DragCubeGeneration] Creating drag cubes for part 'sGripStrip'
[LOG 15:11:00.166] PartLoader: Compiling Internal Prop 'Squad/Props/AltimeterThreeHands/prop/AltimeterThreeHands'
[LOG 15:11:00.169] PartLoader: Compiling Internal Prop 'Squad/Props/AtmosphereDepth/prop/AtmosphereDepth'
[LOG 15:11:00.170] PartLoader: Compiling Internal Prop 'Squad/Props/AxisIndicator/pitchConfig/AxisIndicatorPitch'
[LOG 15:11:00.172] PartLoader: Compiling Internal Prop 'Squad/Props/AxisIndicator/rollConfig/AxisIndicatorRoll'
[LOG 15:11:00.173] PartLoader: Compiling Internal Prop 'Squad/Props/AxisIndicator/yawConfig/AxisIndicatorYaw'
[LOG 15:11:00.174] PartLoader: Compiling Internal Prop 'Squad/Props/buttonsGeneric/circularButton/genericCircularButton'
[LOG 15:11:00.175] PartLoader: Compiling Internal Prop 'Squad/Props/buttonsGeneric/clusterButtons/genericClusterButtons'
[LOG 15:11:00.176] PartLoader: Compiling Internal Prop 'Squad/Props/buttonsGeneric/clusterButtons2/genericClusterButtons2'
[LOG 15:11:00.176] PartLoader: Compiling Internal Prop 'Squad/Props/buttonsGeneric/clusterKnob/genericClusterKnobs'
[LOG 15:11:00.177] PartLoader: Compiling Internal Prop 'Squad/Props/buttonsGeneric/clusterKnob2/genericClusterKnobs2'
[LOG 15:11:00.177] PartLoader: Compiling Internal Prop 'Squad/Props/buttonsGeneric/clusterMixed/genericClusterMixed'
[LOG 15:11:00.178] PartLoader: Compiling Internal Prop 'Squad/Props/buttonsGeneric/clusterSwitches01/genericClusterSwitches01'
[LOG 15:11:00.178] PartLoader: Compiling Internal Prop 'Squad/Props/buttonsGeneric/clusterSwitches02/genericClusterSwitches02'
[LOG 15:11:00.179] PartLoader: Compiling Internal Prop 'Squad/Props/buttonsGeneric/clusterSwitches03/genericClusterSwitches03'
[LOG 15:11:00.179] PartLoader: Compiling Internal Prop 'Squad/Props/buttonsGeneric/clusterSwitches04/genericClusterSwitches04'
[LOG 15:11:00.180] PartLoader: Compiling Internal Prop 'Squad/Props/buttonsGeneric/clusterSwitches05/genericClusterSwitches05'
[LOG 15:11:00.180] PartLoader: Compiling Internal Prop 'Squad/Props/buttonsGeneric/clusterSwitches06/genericClusterSwitches06'
[LOG 15:11:00.181] PartLoader: Compiling Internal Prop 'Squad/Props/buttonsGeneric/clusterSwitches07/genericClusterSwitches07'
[LOG 15:11:00.181] PartLoader: Compiling Internal Prop 'Squad/Props/buttonsGeneric/directionalKnob/genericDirectionalKnob'
[LOG 15:11:00.182] PartLoader: Compiling Internal Prop 'Squad/Props/buttonsGeneric/directionalKnob2/genericDirectionalKnob2'
[LOG 15:11:00.182] PartLoader: Compiling Internal Prop 'Squad/Props/buttonsGeneric/pullSwitch/genericPullSwitch'
[LOG 15:11:00.183] PartLoader: Compiling Internal Prop 'Squad/Props/buttonsGeneric/squareButton/genericSquareButton'
[LOG 15:11:00.184] PartLoader: Compiling Internal Prop 'Squad/Props/buttonsGeneric/standingSwitch/genericStandingSwitch'
[LOG 15:11:00.184] PartLoader: Compiling Internal Prop 'Squad/Props/buttonsGeneric/switch/genericSwitch'
[LOG 15:11:00.185] PartLoader: Compiling Internal Prop 'Squad/Props/buttonsGeneric/switchWithGuards/genericSwitchWithGuards'
[LOG 15:11:00.185] PartLoader: Compiling Internal Prop 'Squad/Props/ButtonSquare/prop/ButtonSquare'
[LOG 15:11:00.187] PartLoader: Compiling Internal Prop 'Squad/Props/circularButton/prop/circularButton'
[LOG 15:11:00.188] PartLoader: Compiling Internal Prop 'Squad/Props/Compass/prop/Compass'
[LOG 15:11:00.189] PartLoader: Compiling Internal Prop 'Squad/Props/directionalKnob/prop/directionalKnob'
[LOG 15:11:00.190] PartLoader: Compiling Internal Prop 'Squad/Props/directionalKnob2/prop/directionalKnob2'
[LOG 15:11:00.191] PartLoader: Compiling Internal Prop 'Squad/Props/IndicatorPanel/prop/IndicatorPanel'
[LOG 15:11:00.193] PartLoader: Compiling Internal Prop 'Squad/Props/IVANavBall/prop/NavBall'
[LOG 15:11:00.196] PartLoader: Compiling Internal Prop 'Squad/Props/IVANavBallNoBase/prop/NavBallNoBase'
[LOG 15:11:00.196] PartLoader: Compiling Internal Prop 'Squad/Props/ledPanelSpeed/prop/ledPanelSpeed'
[LOG 15:11:00.198] PartLoader: Compiling Internal Prop 'Squad/Props/Monitor/DockingMode/MonitorDockingMode'
[LOG 15:11:00.199] PartLoader: Compiling Internal Prop 'Squad/Props/NavBall/prop/NavBall'
[LOG 15:11:00.199] PartLoader: Compiling Internal Prop 'Squad/Props/PropsGeneric/Button_DockingMode/Button_DockingMode'
[LOG 15:11:00.201] PartLoader: Compiling Internal Prop 'Squad/Props/PropsGeneric/CargoBagA/CargoBagA'
[LOG 15:11:00.201] PartLoader: Compiling Internal Prop 'Squad/Props/PropsGeneric/CargoBagB/CargoBagB'
[LOG 15:11:00.202] PartLoader: Compiling Internal Prop 'Squad/Props/PropsGeneric/CargoBagC/CargoBagC'
[LOG 15:11:00.202] PartLoader: Compiling Internal Prop 'Squad/Props/PropsGeneric/Hatch_Plane/Hatch_Plane'
[LOG 15:11:00.203] PartLoader: Compiling Internal Prop 'Squad/Props/PropsGeneric/Hatch_Plane_Curve90/Hatch_Plane_Curve90'
[LOG 15:11:00.203] PartLoader: Compiling Internal Prop 'Squad/Props/PropsGeneric/Hatch_Plane_Frame/Hatch_Plane_Frame'
[LOG 15:11:00.204] PartLoader: Compiling Internal Prop 'Squad/Props/PropsGeneric/Seat_Passenger/Seat_Passenger'
[LOG 15:11:00.205] PartLoader: Compiling Internal Prop 'Squad/Props/PropsGeneric/Seat_Pilot/Seat_Pilot'
[LOG 15:11:00.205] PartLoader: Compiling Internal Prop 'Squad/Props/PropsGeneric/Seat_Pilot_Helmet/Seat_Pilot_Helmet'
[LOG 15:11:00.206] PartLoader: Compiling Internal Prop 'Squad/Props/PropsGeneric/SideStick/SideStick'
[LOG 15:11:00.206] PartLoader: Compiling Internal Prop 'Squad/Props/pullSwitch/prop/pullSwitch'
[LOG 15:11:00.207] PartLoader: Compiling Internal Prop 'Squad/Props/radarAltitude/prop/RadarAltimeter'
[LOG 15:11:00.209] PartLoader: Compiling Internal Prop 'Squad/Props/squareButton/prop/squareButton'
[LOG 15:11:00.209] PartLoader: Compiling Internal Prop 'Squad/Props/standingSwitch/prop/standingSwitch'
[LOG 15:11:00.210] PartLoader: Compiling Internal Prop 'Squad/Props/switch/prop/switch'
[LOG 15:11:00.211] PartLoader: Compiling Internal Prop 'Squad/Props/switchGuard/prop/switchGuard'
[LOG 15:11:00.211] PartLoader: Compiling Internal Prop 'Squad/Props/switchWithGuards/prop/switchWithGuards'
[LOG 15:11:00.212] PartLoader: Compiling Internal Prop 'Squad/Props/throttle/prop/throttle'
[LOG 15:11:00.213] PartLoader: Compiling Internal Prop 'Squad/Props/VSI/prop/VSI'
[LOG 15:11:00.215] PartLoader: Compiling Internal Space 'Squad/Spaces/crewCabinInternals/internal/crewCabinInternals'
[LOG 15:11:00.225] PartLoader: Compiling Internal Space 'Squad/Spaces/cupolaInternal/internal/cupolaInternal'
[LOG 15:11:00.245] PartLoader: Compiling Internal Space 'Squad/Spaces/GenericSpace1/internal/GenericSpace1'
[LOG 15:11:00.247] PartLoader: Compiling Internal Space 'Squad/Spaces/GenericSpace3/internal/GenericSpace3'
[LOG 15:11:00.250] PartLoader: Compiling Internal Space 'Squad/Spaces/landerCabinInternals/internal/landerCabinInternals'
[LOG 15:11:00.253] PartLoader: Compiling Internal Space 'Squad/Spaces/landerCabinSmallInternal/internal/landerCabinSmallInternal'
[LOG 15:11:00.256] PartLoader: Compiling Internal Space 'Squad/Spaces/LargeCrewedLabInternals/internal/Mobile_Processing_Lab_Int'
[LOG 15:11:00.258] PartLoader: Compiling Internal Space 'Squad/Spaces/Mk1-3/internal/Mk1-3'
[LOG 15:11:00.265] PartLoader: Compiling Internal Space 'Squad/Spaces/mk1CabinInternal/internal/mk1CabinInternal'
[LOG 15:11:00.270] PartLoader: Compiling Internal Space 'Squad/Spaces/mk1CockpitInternal/internal/mk1CockpitInternal'
[LOG 15:11:00.278] PartLoader: Compiling Internal Space 'Squad/Spaces/mk1InlineInternal/internal/mk1InlineInternal'
[LOG 15:11:00.284] PartLoader: Compiling Internal Space 'Squad/Spaces/mk1PodCockpit/internal/mk1PodCockpit'
[LOG 15:11:00.288] PartLoader: Compiling Internal Space 'Squad/Spaces/mk1pod_IVA/mk1pod_Internal/mk1pod_IVA'
[LOG 15:11:00.293] PartLoader: Compiling Internal Space 'Squad/Spaces/mk2CockpitStandardInternal/internal/mk2CockpitStandardInternals'
[LOG 15:11:00.301] PartLoader: Compiling Internal Space 'Squad/Spaces/Mk2CrewCabinInternal/internal_MK2_CrewCab/MK2_CrewCab_Int'
[LOG 15:11:00.306] PartLoader: Compiling Internal Space 'Squad/Spaces/mk2InlineInternal/internal/mk2InlineInternal'
[LOG 15:11:00.316] PartLoader: Compiling Internal Space 'Squad/Spaces/mk2LanderCanInternal/internal/mk2LanderCanInternal'
[LOG 15:11:00.323] PartLoader: Compiling Internal Space 'Squad/Spaces/MK3CockpitInternal/internal_MK3/MK3_Cockpit_Int'
[LOG 15:11:00.336] PartLoader: Compiling Internal Space 'Squad/Spaces/MK3_CrewCab_Int/internal_MK3_CrewCab/MK3_CrewCab_Int'
[LOG 15:11:00.339] InternalSeat: Cannot find portraitCamera of name 'Camera_Left003'
[LOG 15:11:00.346] PartLoader: Compiling Internal Space 'Squad/Spaces/Placeholder/internal/Placeholder'
[LOG 15:11:00.354] PartLoader: Compiling Internal Space 'Squad/Spaces/PodCockpit/internal/PodCockpit'
[LOG 15:11:00.363] PartLoader: Compiling Internal Space 'SquadExpansion/MakingHistory/Spaces/KVPods/Airlock_Internal/Airlock_IVA'
[LOG 15:11:00.364] PartLoader: Compiling Internal Space 'SquadExpansion/MakingHistory/Spaces/KVPods/KV1_Internal/KV1_IVA'
[LOG 15:11:00.367] PartLoader: Compiling Internal Space 'SquadExpansion/MakingHistory/Spaces/KVPods/KV2_Internal/KV2_IVA'
[LOG 15:11:00.372] PartLoader: Compiling Internal Space 'SquadExpansion/MakingHistory/Spaces/KVPods/KV3_Internal/KV3_IVA'
[LOG 15:11:00.377] PartLoader: Compiling Internal Space 'SquadExpansion/MakingHistory/Spaces/MEM/MEM_IVA/MEM_IVA'
[LOG 15:11:00.385] PartLoader: Compiling Internal Space 'SquadExpansion/MakingHistory/Spaces/Mk2Pod/Mk2Pod_Internal/MK2POD_IVA'
[LOG 15:11:01.275] Assets:
[LOG 15:11:01.275] anim_missionsapp_idle.anim
[LOG 15:11:01.275] anim_missionsapp_idle_warning.anim
[LOG 15:11:01.275] anim_missionsapp_warning.anim
[LOG 15:11:01.275] anim_missionssapp.anim
[LOG 15:11:01.275] animcontroller_missionsappmaster.controller
[LOG 15:11:01.275] app_bg.tif
[LOG 15:11:01.275] app_bottom_gray.tif
[LOG 15:11:01.275] app_divider_pulldown_body.tif
[LOG 15:11:01.275] app_divider_pulldown_footer.tif
[LOG 15:11:01.276] app_divider_pulldown_header.tif
[LOG 15:11:01.276] app_divider_pulldown_header_over.tif
[LOG 15:11:01.276] app_header_gray.tif
[LOG 15:11:01.276] app_missions_icon_active.tif
[LOG 15:11:01.276] app_missions_icon_complete.tif
[LOG 15:11:01.276] app_missions_icon_failed.tif
[LOG 15:11:01.276] app_missions_icon_inactive.tif
[LOG 15:11:01.276] spritesheet_missionsapp.tif
[LOG 15:11:01.276] spritesheet_missionsappwarning.tif
[LOG 15:11:01.276] missionbriefingdialog.prefab
[LOG 15:11:01.276] missionbriefingtag.prefab
[LOG 15:11:01.276] awardwidget.prefab
[LOG 15:11:01.276] missionenddialog.prefab
[LOG 15:11:01.276] missionitemwidget.prefab
[LOG 15:11:01.276] missionplaybutton.prefab
[LOG 15:11:01.276] missionplaydialog.prefab
[LOG 15:11:01.276] missionsteamitemwidget.prefab
[LOG 15:11:01.276] missionvalidationdialog.prefab
[LOG 15:11:01.276] validationentry.prefab
[LOG 15:11:01.276] comettoken.fbx
[LOG 15:11:01.276] comettoken.jpg
[LOG 15:11:01.276] placementegizmo_comet.mat
[LOG 15:11:01.276] placementegizmo_comet_tail.mat
[LOG 15:11:01.276] femalevintagepreview.prefab
[LOG 15:11:01.277] malevintagepreview.prefab
[LOG 15:11:01.277] checkpointentrywidget.prefab
[LOG 15:11:01.277] crewmanagementdialog.prefab
[LOG 15:11:01.277] listitem_vesseltitle.prefab
[LOG 15:11:01.277] missionbrowser.prefab
[LOG 15:11:01.277] missioncheckpointbrowser.prefab
[LOG 15:11:01.277] missioncrewlistitem.prefab
[LOG 15:11:01.277] missionentrywidget.prefab
[LOG 15:11:01.277] missiontemplateentrywidget.prefab
[LOG 15:11:01.277] partcategorizerbutton.prefab
[LOG 15:11:01.277] partselectorbrowser.prefab
[LOG 15:11:01.277] partselectorentry.prefab
[LOG 15:11:01.277] gaputil_vesselframe.prefab
[LOG 15:11:01.277] meguiconnector.prefab
[LOG 15:11:01.277] meguinode.prefab
[LOG 15:11:01.277] meguinodecategorybutton.prefab
[LOG 15:11:01.277] meguinodeicon.prefab
[LOG 15:11:01.277] meguinodeicongroup.prefab
[LOG 15:11:01.277] meguiscrollviewitem.prefab
[LOG 15:11:01.277] meiconloaderbasicnode.prefab
[LOG 15:11:01.277] meiconloadergap.prefab
[LOG 15:11:01.277] meiconloadernodecategorizer.prefab
[LOG 15:11:01.277] menodecanvas.prefab
[LOG 15:11:01.277] missioneditorscreen.prefab
[LOG 15:11:01.277] nodelisttooltip.prefab
[LOG 15:11:01.277] nodelisttooltipextinfolistspacer.prefab
[LOG 15:11:01.278] orbitgizmo.prefab
[LOG 15:11:01.278] biomeshighlight.shader
[LOG 15:11:01.278] projector-surfacegizmo.shader
[LOG 15:11:01.278] scaledplanetbiomeshighlight.shader
[LOG 15:11:01.278] sprites-alwaysover.shader
[LOG 15:11:01.278] ui-unlit-infinite.shader
[LOG 15:11:01.278] ui-unlit-solid.shader
[LOG 15:11:01.278] assetgraph_connectionpoint_inputmark.png
[LOG 15:11:01.278] assetgraph_inputbg.png
[LOG 15:11:01.278] boldly.png
[LOG 15:11:01.278] carpool.png
[LOG 15:11:01.278] frugal.png
[LOG 15:11:01.278] homesick.png
[LOG 15:11:01.278] keys.png
[LOG 15:11:01.278] saint.png
[LOG 15:11:01.278] sinner.png
[LOG 15:11:01.278] thespot.png
[LOG 15:11:01.278] timekeeper.png
[LOG 15:11:01.278] helmetbronze.png
[LOG 15:11:01.278] helmetgold.png
[LOG 15:11:01.278] helmetsilver.png
[LOG 15:11:01.278] action-part-resource-drain.png
[LOG 15:11:01.278] change-part-resource-levels.png
[LOG 15:11:01.278] create-asteroid.png
[LOG 15:11:01.279] create-kerbal.png
[LOG 15:11:01.279] create-vessel.png
[LOG 15:11:01.279] crew-assignment.png
[LOG 15:11:01.279] dialog-message.png
[LOG 15:11:01.279] display-message.png
[LOG 15:11:01.279] fail-part.png
[LOG 15:11:01.279] fly-through.png
[LOG 15:11:01.279] funds-recovery.png
[LOG 15:11:01.279] generic-node.png
[LOG 15:11:01.279] go-to.png
[LOG 15:11:01.279] kerbal-boarded.png
[LOG 15:11:01.279] kerbal-recovery.png
[LOG 15:11:01.279] kerbal-rescue.png
[LOG 15:11:01.279] launch-site.png
[LOG 15:11:01.279] leave-soi.png
[LOG 15:11:01.279] orbit.png
[LOG 15:11:01.279] part-explode.png
[LOG 15:11:01.279] plant-flag.png
[LOG 15:11:01.279] reach-soi.png
[LOG 15:11:01.279] repair-part.png
[LOG 15:11:01.279] resource-amount.png
[LOG 15:11:01.279] resource-recovery.png
[LOG 15:11:01.279] science-experiment.png
[LOG 15:11:01.279] score.png
[LOG 15:11:01.279] take-tourist.png
[LOG 15:11:01.279] test-altitude.png
[LOG 15:11:01.279] test-eva.png
[LOG 15:11:01.279] test-grapple.png
[LOG 15:11:01.279] time-of-flight.png
[LOG 15:11:01.280] time-of-mission.png
[LOG 15:11:01.280] time-since-node.png
[LOG 15:11:01.280] vessel-crashed.png
[LOG 15:11:01.280] vessel-crew-count.png
[LOG 15:11:01.280] vessel-explode.png
[LOG 15:11:01.280] vessel-flying.png
[LOG 15:11:01.280] vessel-landed.png
[LOG 15:11:01.280] vessel-mass.png
[LOG 15:11:01.280] vessel-splashed.png
[LOG 15:11:01.280] vessel-stage-activated.png
[LOG 15:11:01.280] vessel-stage.png
[LOG 15:11:01.280] arrange-graph.png
[LOG 15:11:01.280] builderbuttons_briefing.png
[LOG 15:11:01.280] builderbuttons_reset.png
[LOG 15:11:01.280] builderbuttons_trackingstation.png
[LOG 15:11:01.280] frame-graph.png
[LOG 15:11:01.280] lock.png
[LOG 15:11:01.280] maximize.png
[LOG 15:11:01.280] minimize.png
[LOG 15:11:01.280] pin.png
[LOG 15:11:01.280] pin_down.png
[LOG 15:11:01.280] redo.png
[LOG 15:11:01.280] reset.png
[LOG 15:11:01.280] tracking-station.png
[LOG 15:11:01.280] undo.png
[LOG 15:11:01.280] visible-in-gap.png
[LOG 15:11:01.280] location.png
[LOG 15:11:01.280] logic.png
[LOG 15:11:01.280] science.png
[LOG 15:11:01.281] utility.png
[LOG 15:11:01.281] vessel.png
[LOG 15:11:01.281] eye.png
[LOG 15:11:01.281] iconmb.png
[LOG 15:11:01.281] me_btn_generic_normal.tif
[LOG 15:11:01.281] me_button_generic_normal.tif
[LOG 15:11:01.281] nodecat_bg.png
[LOG 15:11:01.281] nodecat_divider.tif
[LOG 15:11:01.281] nodecat_divider_bottom.tif
[LOG 15:11:01.281] pholderwarningicon.png
[LOG 15:11:01.281] reseticon.png
[LOG 15:11:01.281] validityindicator.controller
[LOG 15:11:01.281] validtyinidicatorpulse.anim
[LOG 15:11:01.281] broadorbittoggle button.png
[LOG 15:11:01.281] maneuvertoggle button.png
[LOG 15:11:01.281] orbitalgizmoicons.png
[LOG 15:11:01.281] reset orbit button.png
[LOG 15:11:01.281] nodelabel.prefab
[LOG 15:11:01.281] kerbaleva_female_exp.prefab
[LOG 15:11:01.281] kerbaleva_rd_exp.prefab
[LOG 15:11:01.281] missioneditorevabody.mat
[LOG 15:11:01.281] missioneditorevabodyalternate.mat
[LOG 15:11:01.281] missioneditorevabodybrown.mat
[LOG 15:11:01.281] missioneditorevaeyeballs.mat
[LOG 15:11:01.281] missioneditorevaeyes.mat
[LOG 15:11:01.281] missioneditorevahead.mat
[LOG 15:11:01.281] missioneditorevahelmet.mat
[LOG 15:11:01.282] missioneditorevahelmetred.mat
[LOG 15:11:01.282] missioneditorevajetpack.mat
[LOG 15:11:01.282] missioneditorevalight.mat
[LOG 15:11:01.282] kbevafemalevintage.prefab
[LOG 15:11:01.282] kbevavintage.prefab
[LOG 15:11:01.282] evalight.fbx
[LOG 15:11:01.282] kbeva@new.fbx
[LOG 15:11:01.282] kbeva@newfem.fbx
[LOG 15:11:01.282] mevahelmetlight.fbx
[LOG 15:11:01.282] evajetpackscondary.dds
[LOG 15:11:01.282] evajetpacksecondary_n.dds
[LOG 15:11:01.282] evalight.png
[LOG 15:11:01.282] kerbalmainnrm.dds
[LOG 15:11:01.282] me_suit_difuse_blue.dds
[LOG 15:11:01.282] me_suit_difuse_low_polybrown.dds
[LOG 15:11:01.282] me_suit_difuse_orange.dds
[LOG 15:11:01.282] kerbalfemalevintage.prefab
[LOG 15:11:01.282] kerbalmalevintage.prefab
[LOG 15:11:01.282] evahelmet.mat
[LOG 15:11:01.282] evatexture.mat
[LOG 15:11:01.282] kerbalgirl_06_basecolor.mat
[LOG 15:11:01.282] kerbalhead.mat
[LOG 15:11:01.282] lambert6.mat
[LOG 15:11:01.282] mat_eyeballs.mat
[LOG 15:11:01.282] mat_eyes01.mat
[LOG 15:11:01.282] material #4.mat
[LOG 15:11:01.282] mesh_female_kerbalastronaut01_kerbalgirl_export_15_lambert20.mat
[LOG 15:11:01.282] mesh_female_kerbalastronaut01_kerbalgirl_export_15_lambert21.mat
[LOG 15:11:01.282] kbfemale_iva_mecanim.fbx
[LOG 15:11:01.283] kbiva_mecanim.fbx
[LOG 15:11:01.283] kerbalicon_eva_female_vintage.tif
[LOG 15:11:01.283] kerbalicon_eva_vintage.tif
[LOG 15:11:01.283] kerbalicon_suit_female_vintage.tif
[LOG 15:11:01.283] kerbalicon_suit_orange_female_vintage.tif
[LOG 15:11:01.283] kerbalicon_suit_orange_vintage.tif
[LOG 15:11:01.283] kerbalicon_suit_vintage.tif
[LOG 15:11:01.283] gap_celestialbody_camerasetup.prefab
[LOG 15:11:01.283] gap_celestialbody_collisionsphere.prefab
[LOG 15:11:01.283] gap_celestialbody_surfacegizmo_area.prefab
[LOG 15:11:01.283] gap_celestialbody_surfacegizmo_basic.prefab
[LOG 15:11:01.283] gap_celestialbody_surfacegizmo_icon.prefab
[LOG 15:11:01.283] gap_celestialbody_surfacegizmo_vessel.prefab
[LOG 15:11:01.283] gap_celestialbody_surfacegizmo_volume.prefab
[LOG 15:11:01.283] gap_proceduralasteroid.prefab
[LOG 15:11:01.283] gap_proceduralcomet.prefab
[LOG 15:11:01.283] gapbuttonprefab.prefab
[LOG 15:11:01.283] gapkerbal_femaleveteran.prefab
[LOG 15:11:01.283] gapkerbal_femaleveteran_vintage.prefab
[LOG 15:11:01.283] gapkerbal_male_slimsuit.prefab
[LOG 15:11:01.283] gapkerbal_maleveteran.prefab
[LOG 15:11:01.283] gapkerbal_maleveteran_vintage.prefab
[LOG 15:11:01.283] gapscrollablesidebarbutton.prefab
[LOG 15:11:01.283] gapsidebarbutton.prefab
[LOG 15:11:01.283] gaptoggleprefab.prefab
[LOG 15:11:01.283] gaputil_biselector.prefab
[LOG 15:11:01.283] gaputil_celestialbody.prefab
[LOG 15:11:01.283] vesseldisplay_camerasetup.prefab
[LOG 15:11:01.284] desert_airfield.prefab
[LOG 15:11:01.284] desert_groundobjects.prefab
[LOG 15:11:01.284] desert_launch_site.prefab
[LOG 15:11:01.284] larkes.prefab
[LOG 15:11:01.284] floor bottom.mat
[LOG 15:11:01.284] floor top.mat
[LOG 15:11:01.284] legs.mat
[LOG 15:11:01.284] ramp.mat
[LOG 15:11:01.284] stairs grid lights pivot.mat
[LOG 15:11:01.284] supports 1.mat
[LOG 15:11:01.284] supports 2.mat
[LOG 15:11:01.284] tunnels.mat
[LOG 15:11:01.284] floor bottom.dds
[LOG 15:11:01.284] floor top.dds
[LOG 15:11:01.284] floor top_normal.dds
[LOG 15:11:01.284] legs.dds
[LOG 15:11:01.284] ramp.dds
[LOG 15:11:01.284] stairs grid lights pivot.dds
[LOG 15:11:01.284] supports 1.dds
[LOG 15:11:01.284] supports 2.dds
[LOG 15:11:01.284] tunnels.dds
[LOG 15:11:01.284] diffuse.mat
[LOG 15:11:01.284] floor bottom_base_color.mat
[LOG 15:11:01.284] floor top_base_color.mat
[LOG 15:11:01.284] legs_base_color.mat
[LOG 15:11:01.284] ramp_base_color.mat
[LOG 15:11:01.284] stairs grid lights pivot_base_colormodpsd.mat
[LOG 15:11:01.285] stairs_grid_lights_pivot_base_color.mat
[LOG 15:11:01.285] supports 1_base_color.mat
[LOG 15:11:01.285] supports 2_base_color.mat
[LOG 15:11:01.285] tunnels_base_color.mat
[LOG 15:11:01.285] mobilelaunchpad_19.fbx
[LOG 15:11:01.285] pontoons.fbx
[LOG 15:11:01.285] pontoons_diffuse.dds
[LOG 15:11:01.285] ramp_normal.png
[LOG 15:11:01.285] 1001_base_color.mat
[LOG 15:11:01.285] desert groundtransition.mat
[LOG 15:11:01.285] desert groundtransition_highquality.mat
[LOG 15:11:01.285] desert groundtransition_lowquality.mat
[LOG 15:11:01.285] desert groundtransition_mediumquality.mat
[LOG 15:11:01.285] desert groundtransition_ultraquality.mat
[LOG 15:11:01.285] desert runway sand.mat
[LOG 15:11:01.285] desert runway stone.mat
[LOG 15:11:01.285] mobilelaunchpad.prefab
[LOG 15:11:01.285] woomerang_groundobjects.prefab
[LOG 15:11:01.285] woomerang_launch_site.prefab
[LOG 15:11:01.286] Scenes:
[LOG 15:11:01.286] kspMissionEditor.unity
[LOG 15:11:10.198] Assets:
[LOG 15:11:10.198] appanim_missionsapp.prefab
[LOG 15:11:10.198] cascading_body_missionheader.prefab
[LOG 15:11:10.198] cascading_body_missioninfo.prefab
[LOG 15:11:10.198] cascading_body_missionobjective.prefab
[LOG 15:11:10.198] cascading_body_missionsvesselheader.prefab
[LOG 15:11:10.198] cascading_body_missionsvesselitem.prefab
[LOG 15:11:10.198] cascading_body_settingsbutton.prefab
[LOG 15:11:10.198] cascading_body_settingstoggle.prefab
[LOG 15:11:10.198] missionsapp.prefab
[LOG 15:11:10.198] axislimitline.prefab
[LOG 15:11:10.198] controlleraction.prefab
[LOG 15:11:10.198] controlleraxis.prefab
[LOG 15:11:10.198] controllerwindow.prefab
[LOG 15:11:10.198] curvepanelpoint.prefab
[LOG 15:11:10.198] curvepanelpointaction.prefab
[LOG 15:11:10.198] axis_align_ends.png
[LOG 15:11:10.198] axis_clamp_values.png
[LOG 15:11:10.198] axis_copy.png
[LOG 15:11:10.198] axis_flip_horizontal.png
[LOG 15:11:10.198] axis_flip_vertical.png
[LOG 15:11:10.198] axis_move_down-trackrow.png
[LOG 15:11:10.198] axis_move_down.png
[LOG 15:11:10.198] axis_move_up-trackrow.png
[LOG 15:11:10.198] axis_move_up.png
[LOG 15:11:10.198] axis_paste.png
[LOG 15:11:10.199] axis_preset_flat.png
[LOG 15:11:10.199] axis_preset_sawtooth.png
[LOG 15:11:10.199] axis_preset_sine.png
[LOG 15:11:10.199] axis_preset_square.png
[LOG 15:11:10.199] axis_preset_triangle.png
[LOG 15:11:10.199] axis_select_all.png
[LOG 15:11:10.199] background_squared_inset.png
[LOG 15:11:10.199] close.png
[LOG 15:11:10.199] direction_forward.png
[LOG 15:11:10.199] direction_reverse.png
[LOG 15:11:10.199] edit.png
[LOG 15:11:10.199] fieldlimitline.png
[LOG 15:11:10.199] keyframe_add.png
[LOG 15:11:10.199] keyframe_clamp_value.png
[LOG 15:11:10.199] keyframe_delete.png
[LOG 15:11:10.199] keyframe_linear.png
[LOG 15:11:10.199] keyframe_smooth.png
[LOG 15:11:10.199] keyframe_step_backward.png
[LOG 15:11:10.199] keyframe_step_forward.png
[LOG 15:11:10.199] line.png
[LOG 15:11:10.199] line_dashed.png
[LOG 15:11:10.199] loop_pingpong.png
[LOG 15:11:10.199] loop_playonce.png
[LOG 15:11:10.199] loop_repeat.png
[LOG 15:11:10.199] node.png
[LOG 15:11:10.199] node_circle.png
[LOG 15:11:10.199] node_square.png
[LOG 15:11:10.199] pause.png
[LOG 15:11:10.199] play.png
[LOG 15:11:10.200] pointer.png
[LOG 15:11:10.200] remove-axis.png
[LOG 15:11:10.200] remove_key.png
[LOG 15:11:10.200] resize_icon.png
[LOG 15:11:10.200] sequence_resize_button_states.png
[LOG 15:11:10.200] sequence_resize_maintain.png
[LOG 15:11:10.200] sequence_resize_scale.png
[LOG 15:11:10.200] sequence_speed.png
[LOG 15:11:10.200] tracking_editor_button_states.png
[LOG 15:11:10.200] femalefuturepreview.prefab
[LOG 15:11:10.200] malefuturepreview.prefab
[LOG 15:11:10.200] kbfemale@controlpanel_a.fbx
[LOG 15:11:10.200] kbfemale@controlpanel_b.fbx
[LOG 15:11:10.200] kbfemale@controlpanel_c.fbx
[LOG 15:11:10.200] kbfemale@rocksample.fbx
[LOG 15:11:10.200] hammerfemale.fbx
[LOG 15:11:10.200] hammermale.fbx
[LOG 15:11:10.200] kbeva@controlpanel_a.fbx
[LOG 15:11:10.200] kbeva@controlpanel_b.fbx
[LOG 15:11:10.200] kbeva@controlpanel_c.fbx
[LOG 15:11:10.200] kbeva@rocksample.fbx
[LOG 15:11:10.200] kerbaleva_female_future.prefab
[LOG 15:11:10.200] kerbaleva_rd_future.prefab
[LOG 15:11:10.200] futureevabody.mat
[LOG 15:11:10.200] futureevabodyalternate.mat
[LOG 15:11:10.200] futureevajetpack.mat
[LOG 15:11:10.200] futureevalight.mat
[LOG 15:11:10.200] futurehelmet.mat
[LOG 15:11:10.200] kbevafemalefuture.prefab
[LOG 15:11:10.201] kbevafuture.prefab
[LOG 15:11:10.201] kbeva@new.fbx
[LOG 15:11:10.201] kbeva@newfem.fbx
[LOG 15:11:10.201] mevahelmetlight.fbx
[LOG 15:11:10.201] serenityfemaleeva.fbx
[LOG 15:11:10.201] serenityflares.fbx
[LOG 15:11:10.201] serenitymaleeva.fbx
[LOG 15:11:10.201] evajetpacknrm.dds
[LOG 15:11:10.201] futuresuit_diffuse_orange.dds
[LOG 15:11:10.201] futuresuit_diffuse_whiteblue.dds
[LOG 15:11:10.201] futuresuit_diffuse_whiteorange.dds
[LOG 15:11:10.201] futuresuit_emissive.dds
[LOG 15:11:10.201] futuresuit_evalight.png
[LOG 15:11:10.201] futuresuitmainnrm.dds
[LOG 15:11:10.201] ksp_ig_jetpack_diffuse.jpg
[LOG 15:11:10.201] kerbalfemalefuture.prefab
[LOG 15:11:10.201] kerbalmalefuture.prefab
[LOG 15:11:10.201] futuresuit_diffuse.mat
[LOG 15:11:10.201] serenityfemaleiva.fbx
[LOG 15:11:10.201] serenitymaleiva.fbx
[LOG 15:11:10.201] kerbalicon_eva_female_future.tif
[LOG 15:11:10.201] kerbalicon_eva_future.tif
[LOG 15:11:10.201] kerbalicon_suit_female_future.tif
[LOG 15:11:10.201] kerbalicon_suit_future.tif
[LOG 15:11:10.201] kerbalicon_suit_orange_female_future.tif
[LOG 15:11:10.201] kerbalicon_suit_orange_future.tif
[LOG 15:11:10.202] bottom_emissor.mat
[LOG 15:11:10.202] burst_emissor.mat
[LOG 15:11:10.202] burstprojectiles_emissor.mat
[LOG 15:11:10.202] constantburst_emissor.mat
[LOG 15:11:10.202] snowflakes_emissor.mat
[LOG 15:11:10.202] vapor_emissor.mat
[LOG 15:11:10.202] base_0.mat
[LOG 15:11:10.202] base_1.mat
[LOG 15:11:10.202] base_2.mat
[LOG 15:11:10.202] base_3_1.mat
[LOG 15:11:10.202] base_3_2.mat
[LOG 15:11:10.202] vapor.mat
[LOG 15:11:10.202] burst.png
[LOG 15:11:10.202] cloud2.png
[LOG 15:11:10.202] v1.png
[LOG 15:11:10.202] v2.png
[LOG 15:11:10.202] v3.png
[LOG 15:11:10.202] v5.png
[LOG 15:11:10.202] gapkerbal_female_future.prefab
[LOG 15:11:10.202] gapkerbal_male_future.prefab
[LOG 15:11:10.202] hammerfemale.prefab
[LOG 15:11:10.202] hammermale.prefab
[LOG 15:11:10.202] bopgravelpile.prefab
[LOG 15:11:10.202] bopgravelpile.fbx
[LOG 15:11:10.202] bop_gravel pile_d.mat
[LOG 15:11:10.202] lambert1.mat
[LOG 15:11:10.202] bop_gravel pile_d.png
[LOG 15:11:10.203] bop_gravel pile_d.tga
[LOG 15:11:10.203] bop_gravel pile_n.png
[LOG 15:11:10.203] bop_gravel pile_s.png
[LOG 15:11:10.203] drescrater.prefab
[LOG 15:11:10.203] dresmeteorite.prefab
[LOG 15:11:10.203] drescrater.fbx
[LOG 15:11:10.203] dresmeteorite.fbx
[LOG 15:11:10.203] dres_crater_d.mat
[LOG 15:11:10.203] dres_meteorite_d.mat
[LOG 15:11:10.203] lambert1.mat
[LOG 15:11:10.203] dres_crater_d.tga
[LOG 15:11:10.203] dres_crater_n.png
[LOG 15:11:10.203] dres_meteorite_d.tga
[LOG 15:11:10.203] dres_meteorite_n.png
[LOG 15:11:10.203] dunablueberries.prefab
[LOG 15:11:10.203] dunadune.prefab
[LOG 15:11:10.203] dunameteorite.prefab
[LOG 15:11:10.203] dunastone.prefab
[LOG 15:11:10.203] dunaasteroid.fbx
[LOG 15:11:10.203] dunablueberries.fbx
[LOG 15:11:10.203] dunadune.fbx
[LOG 15:11:10.203] dunastone.fbx
[LOG 15:11:10.203] duna_asteroid_d.mat
[LOG 15:11:10.203] duna_dune_d.mat
[LOG 15:11:10.203] duna_stone_d.mat
[LOG 15:11:10.203] dune_blueberries_d.mat
[LOG 15:11:10.203] lambert1.mat
[LOG 15:11:10.203] duna_asteroid_d.tga
[LOG 15:11:10.203] duna_asteroid_n.png
[LOG 15:11:10.204] duna_dune_d.tga
[LOG 15:11:10.204] duna_dune_n.tga
[LOG 15:11:10.204] duna_stone_d.tga
[LOG 15:11:10.204] duna_stone_n.png
[LOG 15:11:10.204] dune_blueberries_d.tga
[LOG 15:11:10.204] dune_blueberries_n.png
[LOG 15:11:10.204] eelooberg.prefab
[LOG 15:11:10.204] eeloobrownboulder.prefab
[LOG 15:11:10.204] eelooicechunk.prefab
[LOG 15:11:10.204] eelooberg.fbx
[LOG 15:11:10.204] eelooboulder.fbx
[LOG 15:11:10.204] eelooicechunk.fbx
[LOG 15:11:10.204] eeloo_alien_glacier_d.mat
[LOG 15:11:10.204] eeloo_brown_ boulder_d.mat
[LOG 15:11:10.204] eeloo_ice chunk_d.mat
[LOG 15:11:10.204] lambert1.mat
[LOG 15:11:10.204] eeloo_alien_glacier_d.tga
[LOG 15:11:10.204] eeloo_alien_glacier_e.tga
[LOG 15:11:10.204] eeloo_alien_glacier_n.png
[LOG 15:11:10.204] eeloo_brown_ boulder_d.tga
[LOG 15:11:10.204] eeloo_brown_ boulder_n.png
[LOG 15:11:10.204] eeloo_ice chunk_d.tga
[LOG 15:11:10.204] eeloo_ice chunk_e.tga
[LOG 15:11:10.204] eeloo_ice chunk_n.png
[LOG 15:11:10.204] eeloo_ice chunk_s.tga
[LOG 15:11:10.204] evebasaltformation.prefab
[LOG 15:11:10.204] evepancakedome.prefab
[LOG 15:11:10.204] evevolcanicrock.prefab
[LOG 15:11:10.204] evebasaltformation.fbx
[LOG 15:11:10.205] evepancakeformation.fbx
[LOG 15:11:10.205] evevolcanicrock.fbx
[LOG 15:11:10.205] eve basalt formation_d.mat
[LOG 15:11:10.205] eve pancake formation_d.mat
[LOG 15:11:10.205] eve volcanic rock_d.mat
[LOG 15:11:10.205] lambert1.mat
[LOG 15:11:10.205] eve basalt formation_d.tga
[LOG 15:11:10.205] eve basalt formation_n.tga
[LOG 15:11:10.205] eve pancake formation_d.tga
[LOG 15:11:10.205] eve pancake formation_e.png
[LOG 15:11:10.205] eve pancake formation_n.png
[LOG 15:11:10.205] eve volcanic rock_d.tga
[LOG 15:11:10.205] eve volcanic rock_n.png
[LOG 15:11:10.205] gillyridgeline.fbx
[LOG 15:11:10.205] gilly ridegeline_d.mat
[LOG 15:11:10.205] lambert1.mat
[LOG 15:11:10.205] gillyridgeline.prefab
[LOG 15:11:10.205] gilly ridegeline_d.tga
[LOG 15:11:10.205] gilly ridegeline_n.png
[LOG 15:11:10.205] dunaejecta.prefab
[LOG 15:11:10.205] ikedunaejecta.fbx
[LOG 15:11:10.205] ike_duna_ejecta_mat.mat
[LOG 15:11:10.205] ike duna ejecta_d.tga
[LOG 15:11:10.205] ike duna ejecta_n.png
[LOG 15:11:10.205] kerbinbaobabtree.fbx
[LOG 15:11:10.205] kerbinquartz.fbx
[LOG 15:11:10.205] baobaptree.mat
[LOG 15:11:10.205] kerbin_baobab_tree_d.mat
[LOG 15:11:10.205] kerbin_boabob_tree_d.mat
[LOG 15:11:10.206] kerbin_giant_quartz_d.mat
[LOG 15:11:10.206] lambert1.mat
[LOG 15:11:10.206] lambert2.mat
[LOG 15:11:10.206] kerbinbaobabtree.prefab
[LOG 15:11:10.206] kerbinquartz.prefab
[LOG 15:11:10.206] kerbin_baobab_tree_alpha.png
[LOG 15:11:10.206] kerbin_baobab_tree_d.tga
[LOG 15:11:10.206] kerbin_baobab_tree_n.png
[LOG 15:11:10.206] kerbin_giant_quartz_d.tga
[LOG 15:11:10.206] kerbin_giant_quartz_e.tga
[LOG 15:11:10.206] kerbin_giant_quartz_n.tga
[LOG 15:11:10.206] kerbin_giant_quartz_s.tga
[LOG 15:11:10.206] laytheboulder.fbx
[LOG 15:11:10.206] laythegeyser.fbx
[LOG 15:11:10.206] laythestone.fbx
[LOG 15:11:10.206] lambert1.mat
[LOG 15:11:10.206] laythe_boulder_d.mat
[LOG 15:11:10.206] laythe_geyser_d.mat
[LOG 15:11:10.206] laythe_stone_d.mat
[LOG 15:11:10.206] laytheboulder.prefab
[LOG 15:11:10.206] laythegeyser.prefab
[LOG 15:11:10.206] laythestone.prefab
[LOG 15:11:10.206] laythe_boulder_d.tga
[LOG 15:11:10.206] laythe_boulder_n.png
[LOG 15:11:10.206] laythe_geyser_d.tga
[LOG 15:11:10.206] laythe_geyser_n.png
[LOG 15:11:10.206] laythe_stone_d.tga
[LOG 15:11:10.206] laythe_stone_n.png
[LOG 15:11:10.206] greensandstone.fbx
[LOG 15:11:10.207] lambert1.mat
[LOG 15:11:10.207] minmus_green_sandstone_d.mat
[LOG 15:11:10.207] minmus_olivine_formation_d.mat
[LOG 15:11:10.207] minmusolivineformation.fbx
[LOG 15:11:10.207] minmus_greensandstone.prefab
[LOG 15:11:10.207] minmus_olivineformation.prefab
[LOG 15:11:10.207] minmus_green_sandstone_d.tga
[LOG 15:11:10.207] minmus_green_sandstone_n.png
[LOG 15:11:10.207] minmus_olivine_formation_d.tga
[LOG 15:11:10.207] minmus_olivine_formation_n.png
[LOG 15:11:10.207] lambert1.mat
[LOG 15:11:10.207] moho wrinkleridge_d.mat
[LOG 15:11:10.207] moho_stone_d.mat
[LOG 15:11:10.207] mohostone.fbx
[LOG 15:11:10.207] mohowrinkleridge.fbx
[LOG 15:11:10.207] mohostone.prefab
[LOG 15:11:10.207] mohowrinkleridge.prefab
[LOG 15:11:10.207] moho wrinkleridge_d.tga
[LOG 15:11:10.207] moho wrinkleridge_e.png
[LOG 15:11:10.207] moho wrinkleridge_n.png
[LOG 15:11:10.207] moho_stone_d.tga
[LOG 15:11:10.207] moho_stone_n.png
[LOG 15:11:10.207] lambert1.mat
[LOG 15:11:10.207] mun_crater_d.mat
[LOG 15:11:10.207] mun_large_crater_d.mat
[LOG 15:11:10.207] mun_stone_d.mat
[LOG 15:11:10.207] muncrater.fbx
[LOG 15:11:10.207] munlargecrater.fbx
[LOG 15:11:10.207] munstone.fbx
[LOG 15:11:10.208] muncrater.prefab
[LOG 15:11:10.208] munlargecrater.prefab
[LOG 15:11:10.208] munstone.prefab
[LOG 15:11:10.208] mun_crater_d.tga
[LOG 15:11:10.208] mun_crater_n.png
[LOG 15:11:10.208] mun_large_crater_d.tga
[LOG 15:11:10.208] mun_large_crater_n.png
[LOG 15:11:10.208] mun_stone_d.tga
[LOG 15:11:10.208] mun_stone_n.png
[LOG 15:11:10.208] lambert1.mat
[LOG 15:11:10.208] pol_yellowstone_d.mat
[LOG 15:11:10.208] polyellowstone.fbx
[LOG 15:11:10.208] pol_yellowstones.prefab
[LOG 15:11:10.208] pol_yellowstone_d.png
[LOG 15:11:10.208] pol_yellowstone_n.png
[LOG 15:11:10.208] lambert1.mat
[LOG 15:11:10.208] tylo_checkerboard_d.mat
[LOG 15:11:10.208] tylo_dark boulder_d.mat
[LOG 15:11:10.208] tylo_light_d.mat
[LOG 15:11:10.208] tyloboulder.fbx
[LOG 15:11:10.208] tylocheckerboard.fbx
[LOG 15:11:10.208] tylolightstone.fbx
[LOG 15:11:10.208] tylo_ checkerboard_n.png
[LOG 15:11:10.208] tylo_checkerboard_d.png
[LOG 15:11:10.208] tylo_dark boulder_d.tga
[LOG 15:11:10.208] tylo_dark boulder_n.png
[LOG 15:11:10.208] tylo_light_d.tga
[LOG 15:11:10.208] tylo_light_n.png
[LOG 15:11:10.208] tylocheckerboard.prefab
[LOG 15:11:10.208] tylodarkboulder.prefab
[LOG 15:11:10.209] tylolightstone.prefab
[LOG 15:11:10.209] cryovolcano_d.mat
[LOG 15:11:10.209] lambert1.mat
[LOG 15:11:10.209] vallicechunk_d.mat
[LOG 15:11:10.209] vallstone_d.mat
[LOG 15:11:10.209] vall_cryovolcano.fbx
[LOG 15:11:10.209] vall_icechunk.fbx
[LOG 15:11:10.209] vall_stone.fbx
[LOG 15:11:10.209] cryovolcano_d.tga
[LOG 15:11:10.209] cryovolcano_e.png
[LOG 15:11:10.209] cryovolcano_n.jpg
[LOG 15:11:10.209] cryovolcano_s.jpg
[LOG 15:11:10.209] vallicechunk_d.jpg
[LOG 15:11:10.209] vallicechunk_e.jpg
[LOG 15:11:10.209] vallicechunk_n.jpg
[LOG 15:11:10.209] vallicechunk_s.jpg
[LOG 15:11:10.209] vallstone_d.jpg
[LOG 15:11:10.209] vallstone_e.jpg
[LOG 15:11:10.209] vallstone_n.jpg
[LOG 15:11:10.209] vallstone_s.jpg
[LOG 15:11:10.209] vallcryovolcano.prefab
[LOG 15:11:10.209] vallicechunk.prefab
[LOG 15:11:10.209] vallstone.prefab
[LOG 15:11:10.209] vfx_spark.mat
[LOG 15:11:10.209] vfx_welding_flare.mat
[LOG 15:11:10.209] cometdustmaterial.mat
[LOG 15:11:10.209] cometgeysermat.mat
[LOG 15:11:10.218] GetTypesOfModulesImplementingInterface2: Found 69 types with IPartModuleAdjuster interface in 8 assemblies.
[LOG 15:11:10.226] GetSubclassesOfParentClass: Found 0 types with ModuleActiveRadiator parent in 8 assemblies.
[LOG 15:11:10.234] GetSubclassesOfParentClass: Found 0 types with ModuleAlternator parent in 8 assemblies.
[LOG 15:11:10.240] GetSubclassesOfParentClass: Found 1 types with ModuleControlSurface parent in 8 assemblies.
[LOG 15:11:10.247] GetSubclassesOfParentClass: Found 0 types with ModuleDataTransmitter parent in 8 assemblies.
[LOG 15:11:10.253] GetSubclassesOfParentClass: Found 0 types with ModuleDeployableSolarPanel parent in 8 assemblies.
[LOG 15:11:10.259] GetSubclassesOfParentClass: Found 1 types with ModuleEngines parent in 8 assemblies.
[LOG 15:11:10.265] GetSubclassesOfParentClass: Found 0 types with ModuleGenerator parent in 8 assemblies.
[LOG 15:11:10.273] GetSubclassesOfParentClass: Found 0 types with ModuleGimbal parent in 8 assemblies.
[LOG 15:11:10.280] GetSubclassesOfParentClass: Found 2 types with ModuleLiftingSurface parent in 8 assemblies.
[LOG 15:11:10.287] GetSubclassesOfParentClass: Found 0 types with ModuleLight parent in 8 assemblies.
[LOG 15:11:10.294] GetSubclassesOfParentClass: Found 0 types with ModuleReactionWheel parent in 8 assemblies.
[LOG 15:11:10.300] GetSubclassesOfParentClass: Found 0 types with ModuleSAS parent in 8 assemblies.
[LOG 15:11:10.306] GetSubclassesOfParentClass: Found 0 types with ModuleWheelBrakes parent in 8 assemblies.
[LOG 15:11:10.312] GetSubclassesOfParentClass: Found 1 types with ModuleWheelMotor parent in 8 assemblies.
[LOG 15:11:10.312] GetSubclassesOfParentClass: Using cached results for ModuleActiveRadiator
[LOG 15:11:10.318] GetSubclassesOfParentClass: Found 0 types with ModuleAnchoredDecoupler parent in 8 assemblies.
[LOG 15:11:10.323] GetSubclassesOfParentClass: Found 0 types with ModuleCargoBay parent in 8 assemblies.
[LOG 15:11:10.324] GetSubclassesOfParentClass: Using cached results for ModuleControlSurface
[LOG 15:11:10.324] GetSubclassesOfParentClass: Using cached results for ModuleDataTransmitter
[LOG 15:11:10.330] GetSubclassesOfParentClass: Found 0 types with ModuleDecouple parent in 8 assemblies.
[LOG 15:11:10.335] GetSubclassesOfParentClass: Found 4 types with ModuleDeployablePart parent in 8 assemblies.
[LOG 15:11:10.341] GetSubclassesOfParentClass: Found 0 types with ModuleDockingNode parent in 8 assemblies.
[LOG 15:11:10.341] GetSubclassesOfParentClass: Using cached results for ModuleEngines
[LOG 15:11:10.347] GetSubclassesOfParentClass: Found 0 types with CModuleFuelLine parent in 8 assemblies.
[LOG 15:11:10.353] GetSubclassesOfParentClass: Found 0 types with ModuleGPS parent in 8 assemblies.
[LOG 15:11:10.359] GetSubclassesOfParentClass: Found 0 types with ModuleGrappleNode parent in 8 assemblies.
[LOG 15:11:10.359] GetSubclassesOfParentClass: Using cached results for ModuleGrappleNode
[LOG 15:11:10.365] GetSubclassesOfParentClass: Found 0 types with ModuleKerbNetAccess parent in 8 assemblies.
[LOG 15:11:10.365] GetSubclassesOfParentClass: Using cached results for ModuleLight
[LOG 15:11:10.365] GetSubclassesOfParentClass: Using cached results for ModuleLight
[LOG 15:11:10.371] GetSubclassesOfParentClass: Found 0 types with ModuleProbeControlPoint parent in 8 assemblies.
[LOG 15:11:10.377] GetSubclassesOfParentClass: Found 1 types with ModuleRCS parent in 8 assemblies.
[LOG 15:11:10.377] GetSubclassesOfParentClass: Using cached results for ModuleRCS
[LOG 15:11:10.377] GetSubclassesOfParentClass: Using cached results for ModuleReactionWheel
[LOG 15:11:10.377] GetSubclassesOfParentClass: Using cached results for ModuleReactionWheel
[LOG 15:11:10.383] GetSubclassesOfParentClass: Found 0 types with ModuleResourceIntake parent in 8 assemblies.
[LOG 15:11:10.389] GetSubclassesOfParentClass: Found 0 types with ModuleScienceExperiment parent in 8 assemblies.
[LOG 15:11:10.395] GetSubclassesOfParentClass: Found 0 types with ModuleToggleCrossfeed parent in 8 assemblies.
[LOG 15:11:10.400] GetSubclassesOfParentClass: Found 0 types with ModuleWheelDeployment parent in 8 assemblies.
[LOG 15:11:10.434] ExpansionsLoader: Expansions loaded in 9.966s
[LOG 15:11:10.434] Loading Systems: Elapsed time is 26.39268s
[LOG 15:11:13.757] [AddonLoader]: Instantiating addon 'KSPCFFastLoaderPSystemSetup' from assembly 'KSPCommunityFixes'
[LOG 15:11:14.077] [Agent]: Found 19 agent mentality types
[LOG 15:11:14.079] [AgentList]: 31 agents parsed and loaded.
[LOG 15:11:14.115] [UIMasterController]: HideUI
[LOG 15:11:14.202] [CelestialBody]: Kerbin's solar day length is 1d, 0h, 0m long. sidereal day length is 5h, 59m, 9s long
[LOG 15:11:19.939] [UIMasterController]: HideUI
[LOG 15:11:19.946] [HighLogic]: =========================== Scene Change : From LOADING to MAINMENU =====================
[LOG 15:11:20.497] [AddonLoader]: Instantiating addon 'ContractDefs' from assembly 'KSP'
[LOG 15:11:20.526] [AddonLoader]: Instantiating addon 'KSPCFFastLoaderReport' from assembly 'KSPCommunityFixes'
[LOG 15:11:20.553] [UIMasterController]: ShowUI
[LOG 15:11:20.815] [GameParameters]: Loaded custom parameter class CommNetParams.
[LOG 15:11:20.816] [GameParameters]: Loaded custom parameter class MissionParamsGeneral.
[LOG 15:11:20.816] [GameParameters]: Loaded custom parameter class MissionParamsFacilities.
[LOG 15:11:20.817] [GameParameters]: Loaded custom parameter class MissionParamsExtras.
[LOG 15:11:20.817] [GameParameters]: Loaded custom parameter class AdvancedParams.
[LOG 15:11:20.839] [ReflectionUtil]: Found 40 types with UpgradeModule attribute in 8 assemblies.
[LOG 15:11:20.856] [KSPCF:FastLoader] Intel(R) Core(TM) i7-4790K CPU @ 4.00GHz | 32687 MB | NVIDIA GeForce GTX 1060 6GB (6029 MB)
Total loading time to main menu : 40.211s
- Configs and assemblies loaded in 5.090s
- Configs reload done in 1.091s
- Configs translated in 0.017s
- 2331 assets loaded in 3.463s :
  - 86 audio assets (79.689 MiB) in 0.582s, 136.882 MiB/s
  - 1618 texture assets (1.293 GiB) in 2.292s, 577.712 MiB/s
  - 626 model assets (64.41 MiB) in 0.586s, 109.884 MiB/s
- Asset bundles loaded in 0.488s
- GameDatabase (configs, resources, traits, upgrades...) loaded in 0.067s
- Built-in parts copied in 0.021s
- Part and internal configs extracted in 0.001s
- 483 parts and 1927 modules compiled in 6.948s
  - 4.0 modules/part, 14.386 ms/part, 3.606 ms/module
  - PartIcon compilation : 1.105s
- 27 internal spaces and 56 props compiled in 0.227s
- 2 DLC (Making History, Breaking Ground) loaded in 10.003s
- Planetary system loaded in 7.476s
[LOG 15:11:20.856] Texture queries : 1709, slow path : 1 (0.06 %)
[LOG 15:11:20.861] [ModuleManager] Total loading Time = 35.372s
[LOG 15:11:20.903] [ScenarioTypes]: List Created 23 scenario types loaded from 8 loaded assemblies.
[WRN 15:11:20.911] File 'D:/KSP-Dev/KSP_x64_Data/../Missions/MissionScoreInfo.cfg' does not exist
[LOG 15:11:20.914] [ApplicationLauncher] Awake False
[LOG 15:11:20.914] [ApplicationLauncher] SpawnSimpleLayout: VerticalTopDown
[LOG 15:11:20.928] [UiApp] Awake: 
[LOG 15:11:20.929] [ApplicationLauncher] OnSceneLoadedGUIReady: scene MAINMENU ShouldBeVisible() True ShouldBeOnTop() True iIsPositionedAtTop True
[LOG 15:11:20.949] [UIApp] Adding  to Application Launcher
[LOG 15:11:20.953] [ApplicationLauncher] SetHidden: 
[LOG 15:11:20.958] [MessageSystem] OnAppInitialized
[LOG 15:11:20.959] [MessageSystem] Reposition 0.0406321 28645
[LOG 15:11:29.571] [KSPUpgradePipeline]: claude (1.12.5) is up to date.
[LOG 15:11:29.580] [ExperienceSystem]: Found 0 trait types
[LOG 15:11:29.587] [ExperienceSystem]: Found 20 effect types
[LOG 15:11:29.618] [ScenarioTypes]: List Created 23 scenario types loaded from 8 loaded assemblies.
[LOG 15:11:29.635] Game State Saved to saves/claude/persistent
[LOG 15:11:29.646] [MessageSystem] Load Messages
[LOG 15:11:29.648] [UIMasterController]: HideUI
[LOG 15:11:29.650] [HighLogic]: =========================== Scene Change : From MAINMENU to SPACECENTER =====================
[LOG 15:11:29.972] [AddonLoader]: Instantiating addon 'CustomConfigsManager' from assembly 'ModuleManager'
[LOG 15:11:32.900] [UIMasterController]: ShowUI
[LOG 15:11:33.193] [SceneLoadSpeedBoost] Save loaded from disk in 1ms
[LOG 15:11:33.204] GetSubclassesOfParentClass: Found 7 types with AlarmTypeBase parent in 8 assemblies.
[LOG 15:11:33.212] Loading Depletion Nodes
[LOG 15:11:33.212] DepNodeCount:  0
[LOG 15:11:33.212] Loading Biome Nodes
[LOG 15:11:33.212] BiomeNodeCount:  0
[LOG 15:11:33.212] Loading Planet Nodes
[LOG 15:11:33.212] PlanetNodeCount:  0
[LOG 15:11:33.227] [ScenarioDestructibles]: Loading... 0 objects registered
[LOG 15:11:33.311] [AsteroidSpawner]: New object found near Kerbin: Ast. ASR-940!
[LOG 15:11:33.349] [UiApp] Awake: KSPedia
[LOG 15:11:33.349] [UiApp] Awake: Missions App
[LOG 15:11:33.349] [UiApp] Awake: AlarmClock
[LOG 15:11:33.350] [GenericAppFrame] Reposition 0 31786
[LOG 15:11:33.350] [ApplicationLauncher] OnSceneLoadedGUIReady: scene SPACECENTER ShouldBeVisible() True ShouldBeOnTop() False iIsPositionedAtTop True
[LOG 15:11:33.350] [ApplicationLauncher] SpawnSimpleLayout: HorizontalRightLeft
[LOG 15:11:33.353] [ApplicationLauncher] SetVisible: 
[LOG 15:11:33.397] [UIApp] OnDestroy: Contracts
[LOG 15:11:33.404] [MessageSystem] Reposition 0.02 31787
[LOG 15:11:33.404] [GenericAppFrame] Reposition 0.02 31787
[LOG 15:11:33.404] [GenericAppFrame] Reposition 0.02 31787
[LOG 15:11:33.534] [UIApp] Adding AlarmClock to Application Launcher
[LOG 15:11:33.536] [UIApp] Adding Missions App to Application Launcher
[LOG 15:11:33.562] [GenericAppFrame] Reposition 0.0937615 31793
[LOG 15:11:33.566] [MissionsApp] OnAppStarted(): id: -383392
[LOG 15:11:33.566] MissionsApp does not execute in this game mode, destroying this instance
[LOG 15:11:33.566] [UIApp] OnDestroy: Missions App
[LOG 15:11:33.577] [UIApp] Adding KSPedia to Application Launcher
[LOG 15:11:34.137] Game Paused!
[LOG 15:11:34.139] [UIMasterController]: ShowUI
[LOG 15:11:37.190] [KSPUpgradePipeline]: claude (1.12.5) is up to date.
[LOG 15:11:37.199] [ScenarioTypes]: List Created 23 scenario types loaded from 8 loaded assemblies.
[LOG 15:11:37.199] [MessageSystem] Load Messages
[LOG 15:11:37.203] [UIMasterController]: HideUI
[LOG 15:11:37.211] [HighLogic]: =========================== Scene Change : From SPACECENTER to FLIGHT =====================
[LOG 15:11:37.213] Game Unpaused!
[LOG 15:11:37.505] [UIApp] OnDestroy: AlarmClock
[LOG 15:11:37.507] [UIApp] OnDestroy: KSPedia
[LOG 15:11:37.512] [KSPCF:MemoryLeaks] Removed a onPlanetariumTargetChange callback owned by a destroyed Assembly-CSharp:CommNetVessel instance
[LOG 15:11:37.521] [KSPCF:MemoryLeaks] Leaving scene "SpaceCenter", cleaned 5 memory leaks in 0.013s. GameEvents callbacks : 471. Allocated memory : 654.402 MiB (managed heap), 2.189 GiB (unmanaged)
[LOG 15:11:37.532] UICanvasPrefabSpawner FlightUI spawning Flight
[LOG 15:11:37.565] UICanvasPrefabSpawner FlightUI spawning VesselLabels
[LOG 15:11:37.565] [UiApp] Awake: ResourceDisplay
[LOG 15:11:37.654] [AddonLoader]: Instantiating addon 'AeroGUI' from assembly 'KSP'
[LOG 15:11:37.668] [PlanetariumCamera]: Focus: Kerbin
[LOG 15:11:37.669] [UIMasterController]: HideUI
[LOG 15:11:37.977] [UIMasterController]: HideUI
[LOG 15:11:37.977] ------------------- initializing flight mode... ------------------
[LOG 15:11:37.979] GetSubclassesOfParentClass: Using cached results for AlarmTypeBase
[LOG 15:11:37.979] Loading Depletion Nodes
[LOG 15:11:37.979] DepNodeCount:  0
[LOG 15:11:37.979] Loading Biome Nodes
[LOG 15:11:37.979] BiomeNodeCount:  0
[LOG 15:11:37.979] Loading Planet Nodes
[LOG 15:11:37.979] PlanetNodeCount:  0
[LOG 15:11:37.981] [ScenarioDestructibles]: Loading... 0 objects registered
[LOG 15:11:38.006] Target vessel index: 1  vessel count: 3
[LOG 15:11:38.007] [FLIGHT GLOBALS]: Switching To Vessel Vaisseau sans nom ---------------------- 
[LOG 15:11:38.009] setting new dominant body: Mun
FlightGlobals.mainBody: Mun
[LOG 15:11:38.010] Reference Frame: Rotating
[WRN 15:11:38.020] [Part]: Cannot have ModuleCargoPart and ModuleInventoryPart on same Part [Vaisseau sans nom (unloaded)'. Removed ModuleCargoPart
[LOG 15:11:38.042] Camera Mode: AUTO
[LOG 15:11:41.449] all systems started
[LOG 15:11:41.450] [UIMasterController]: ShowUI
[LOG 15:11:41.574] [AsteroidSpawner]: No new objects this time. (Odds are 1:2)
[LOG 15:11:41.695] [UiApp] Awake: CurrencyWidgetsApp
[LOG 15:11:41.696] [UiApp] Awake: ResourceDisplay
[LOG 15:11:41.696] [UiApp] Awake: KSPedia
[LOG 15:11:41.696] [UiApp] Awake: Missions App
[LOG 15:11:41.696] [UiApp] Awake: DeltaVApp
[LOG 15:11:41.696] [UiApp] Awake: ActionGroupsApp
[LOG 15:11:41.696] [UiApp] Awake: Construction
[LOG 15:11:41.696] [UiApp] Awake: Cargo
[LOG 15:11:41.696] [UiApp] Awake: AlarmClock
[LOG 15:11:41.696] [UiApp] Awake: ManeuverTool
[LOG 15:11:41.696] [ApplicationLauncher] OnSceneLoadedGUIReady: scene FLIGHT ShouldBeVisible() True ShouldBeOnTop() True iIsPositionedAtTop False
[LOG 15:11:41.696] [ApplicationLauncher] SpawnSimpleLayout: VerticalTopDown
[LOG 15:11:41.699] [KnowledgeBase] OnAppLauncherReady 32476
[LOG 15:11:41.716] [UIApp] OnDestroy: Contracts
[LOG 15:11:41.792] [FlightIntegrator]: Reloaded drag cube for zeroed cube root part mk1pod.v2 (Vaisseau sans nom) on vessel Vaisseau sans nom
[LOG 15:11:41.806] [MessageSystem] Reposition 0.02 32477
[LOG 15:11:41.806] [GenericAppFrame] Reposition 0.02 32477
[LOG 15:11:41.806] [GenericAppFrame] Reposition 0.02 32477
[LOG 15:11:41.899] [PlanetariumCamera]: Focus: Vaisseau sans nom
[LOG 15:11:41.924] [UIApp] Adding ResourceDisplay to Application Launcher
[LOG 15:11:41.925] [UIApp] Adding ResourceDisplay to Application Launcher
[LOG 15:11:41.935] [ResourceDisplay] OnAppStarted(): id: -418008
[LOG 15:11:41.935] [GenericAppFrame] Reposition 0.135609 32481
[LOG 15:11:41.936] [ResourceDisplay] OnAppStarted(): id: 264296
[LOG 15:11:41.936] ResourceDisplay already exist, destroying this instance
[LOG 15:11:41.936] [UIApp] OnDestroy: ResourceDisplay
[LOG 15:11:41.950] [UIApp] Adding AlarmClock to Application Launcher
[LOG 15:11:41.951] [UIApp] Adding ActionGroupsApp to Application Launcher
[LOG 15:11:41.952] [UIApp] Adding Missions App to Application Launcher
[LOG 15:11:41.954] CURRENCY WIDGET False False False
[LOG 15:11:41.955] [UIApp] OnDestroy: CurrencyWidgetsApp
[LOG 15:11:41.976] [GenericAppFrame] Reposition 0.1640126 32483
[LOG 15:11:41.979] [ActionGroupsApp] OnAppStarted(): id: -418032
[LOG 15:11:41.980] [GenericAppFrame] Reposition 0.1640126 32483
[LOG 15:11:41.981] [UIApp] Adding DeltaVApp to Application Launcher
[LOG 15:11:41.982] [MissionsApp] OnAppStarted(): id: -418020
[LOG 15:11:41.982] MissionsApp does not execute in this game mode, destroying this instance
[LOG 15:11:41.982] [UIApp] OnDestroy: Missions App
[LOG 15:11:41.994] [GenericAppFrame] Reposition 0.1922006 32484
[LOG 15:11:42.005] [UIApp] Adding Cargo to Application Launcher
[LOG 15:11:42.006] [UIApp] Adding Construction to Application Launcher
[LOG 15:11:42.008] [UIApp] Adding KSPedia to Application Launcher
[WRN 15:11:42.039] HighlightingSystem : Framebuffer depth data is not available and can't be used to occlude highlighting. Highlighting occluders enabled.
[LOG 15:11:42.054] [UIApp] Adding ManeuverTool to Application Launcher
[LOG 15:11:42.056] [ApplicationLauncher] SetHidden: 
[LOG 15:11:42.076] [GenericAppFrame] Reposition 0.2648621 32487
[LOG 15:11:42.085] [ManeuverTool]: Found 1 transfer types
[LOG 15:11:42.146] Flight State Captured
[LOG 15:11:42.150] Saving Achievements Tree...
[LOG 15:11:42.150] Saving Achievements Tree...
[LOG 15:11:42.150] Saving Achievements Tree...
[LOG 15:11:42.153] [MessageSystem] Save Messages
[LOG 15:11:42.165] Game State Saved as persistent
[LOG 15:11:42.350] Unpacking Vaisseau sans nom
[LOG 15:11:42.363] [UIMasterController]: ShowUI
[LOG 15:11:56.890] [Comet Manager]:Generated Comet Type:short
[LOG 15:11:56.896] [CometSpawner]: New object found near Kerbin
[LOG 15:11:56.979] [CometManager]: Generated Dust Tail Color: #0 = RGBA(0.991, 0.943, 0.743, 0.031)
[LOG 15:11:56.980] [CometManager]: Generated Ion Tail Color: #1 = RGBA(0.045, 0.182, 0.868, 0.451)
[LOG 15:12:09.832] [PQSBench] BENCH reset
[LOG 15:12:11.928] [AsteroidSpawner]: New object found near Kerbin: Ast. UHC-948!
[LOG 15:12:26.955] [AsteroidSpawner]: No new objects this time. (Odds are 1:2)
[LOG 15:12:41.983] [AsteroidSpawner]: New object found near Kerbin: Ast. DOT-089!
[LOG 15:13:20.098] [PQSBench] BENCH begin;vertexPlacementPatchedBy=com.github.lhervier.ksp.stockquadcache;quadBuildPatchedBy=com.github.lhervier.ksp.pqsbench+com.github.lhervier.ksp.stockquadcache
[LOG 15:13:20.099] [PQSBench] BENCH machine;cpu=Intel(R) Core(TM) i7-4790K CPU @ 4.00GHz;logicalCores=8;memoryMb=32687;gpu=NVIDIA GeForce GTX 1060 6GB;os=Windows 10  (10.0.0) 64bit
[LOG 15:13:20.099] [PQSBench] BENCH run;save=claude (SANDBOX);vessel=Vaisseau sans nom;body=Mun;terrainPreset=High;terrainPresetIndex=2;verticesPerQuad=225;utStart=54.68;utEnd=124.80;utSpan=70.12;realSeconds=70.26;altitudeStart=4999.9;altitude=4999.8;speed=554.4;quads=1811;topLevelQuads=704
[LOG 15:13:20.099] [PQSBench] BENCH sphere;name=Mun;radius=200000;minLevel=2;maxLevel=9;highestLevelUnder=6250;subdivisionOffAbove=20000000;maxAnglePerSample=9.204E-005;speedCapAt60Fps=1104
[LOG 15:13:20.101] [PQSBench] BENCH colliders;name=Mun;maxLevelOffset=0;lowestLevelWithCollider=9
[LOG 15:13:20.101] [PQSBench] BENCH calibration;quads=22;roundsPerQuad=8;verticesPerFormula=39600;stockNsPerVertex=290.6;installedNsPerVertex=203.3;differenceNsPerVertex=-87.4;harnessNsPerVertex=5.1;stockRawNsPerVertex=295.7;installedRawNsPerVertex=208.3
[LOG 15:13:20.101] [PQSBench] BENCH end
[LOG 15:13:22.853] Game Paused!
[LOG 15:13:22.854] [UIMasterController]: ShowUI
[LOG 15:13:23.481] Flight State Captured
[LOG 15:13:23.481] Saving Achievements Tree...
[LOG 15:13:23.481] Saving Achievements Tree...
[LOG 15:13:23.481] Saving Achievements Tree...
[LOG 15:13:23.481] [MessageSystem] Save Messages
[LOG 15:13:23.495] Game State Saved to saves/claude/persistent
[LOG 15:13:23.505] [UIMasterController]: HideUI
[LOG 15:13:23.516] [HighLogic]: =========================== Scene Change : From FLIGHT to MAINMENU =====================
[LOG 15:13:24.049] [UIApp] OnDestroy: ActionGroupsApp
[LOG 15:13:24.050] [UIApp] OnDestroy: ManeuverTool
[LOG 15:13:24.051] [UIApp] OnDestroy: DeltaVApp
[LOG 15:13:24.051] [UIApp] OnDestroy: KSPedia
[LOG 15:13:24.051] KbApp.OnDestroy Vessel Info
[LOG 15:13:24.054] KbApp.OnDestroy NullName
[LOG 15:13:24.054] [UIApp] OnDestroy: ResourceDisplay
[LOG 15:13:24.059] [UIApp] OnDestroy: AlarmClock
[LOG 15:13:24.061] KbApp.OnDestroy Planet Resources
[LOG 15:13:24.061] [UIApp] OnDestroy: Cargo
[LOG 15:13:24.061] KbApp.OnDestroy Planet Info
[LOG 15:13:24.061] KbApp.OnDestroy Vessel Crew
[LOG 15:13:24.061] [UIApp] OnDestroy: Construction
[LOG 15:13:24.061] KbApp.OnDestroy Unowned Info
[LOG 15:13:24.063] KbApp.OnDestroy Planet Parameters
[LOG 15:13:24.063] [KSPCF:MemoryLeaks] Removed a OnMapExited callback owned by a destroyed Assembly-CSharp:NavBallToggle instance
[LOG 15:13:24.063] [KSPCF:MemoryLeaks] Removed a OnGameSettingsApplied callback owned by a destroyed Assembly-CSharp:VesselAutopilotUI instance
[LOG 15:13:24.064] [KSPCF:MemoryLeaks] Removed a onPartActionUICreate callback owned by a destroyed Assembly-CSharp:ModuleInventoryPart instance
[LOG 15:13:24.064] [KSPCF:MemoryLeaks] Removed a onModuleInventoryChanged callback owned by a destroyed Assembly-CSharp:ModuleInventoryPart instance
[LOG 15:13:24.066] [KSPCF:MemoryLeaks] Removed a OnDestructibleLoaded callback owned by a destroyed Assembly-CSharp:RunwayCollisionHandler instance
[LOG 15:13:24.066] [KSPCF:MemoryLeaks] Removed a OnClick callback owned by a destroyed Assembly-CSharp:EVAConstructionModeEditor instance
[LOG 15:13:24.066] [KSPCF:MemoryLeaks] Removed a TimingManager.Instance.timing5.onLateUpdate callback owned by a destroyed Assembly-CSharp:MapView instance
[LOG 15:13:24.066] [KSPCF:MemoryLeaks] Leaving scene "Flight", cleaned 23 memory leaks in 0.003s. GameEvents callbacks : 869. Allocated memory : 670.965 MiB (managed heap), 2.178 GiB (unmanaged)
[LOG 15:13:24.198] [UIMasterController]: ShowUI
[LOG 15:13:24.520] [ScenarioTypes]: List Created 23 scenario types loaded from 8 loaded assemblies.
[WRN 15:13:24.525] File 'D:/KSP-Dev/KSP_x64_Data/../Missions/MissionScoreInfo.cfg' does not exist
[LOG 15:13:24.525] [ApplicationLauncher] OnSceneLoadedGUIReady: scene MAINMENU ShouldBeVisible() True ShouldBeOnTop() True iIsPositionedAtTop True
[LOG 15:13:24.526] [ApplicationLauncher] SetHidden: 
[LOG 15:13:24.530] [MessageSystem] Reposition 0.02 43286
[LOG 15:13:24.530] [GenericAppFrame] Reposition 0.02 43286
[LOG 15:13:24.530] [GenericAppFrame] Reposition 0.02 43286
[LOG 15:13:31.831] [UIApp] OnDestroy: 
