[LOG 11:24:42.984] ******* Log Initiated for Kerbal Space Program - 1.12.5.3190 (WindowsPlayer x64) fr-fr *******
Kerbal Space Program - 1.12.5.3190 (WindowsPlayer x64) fr-fr


OS: Windows 10  (10.0.0) 64bit
CPU: Intel(R) Core(TM) i7-4790K CPU @ 4.00GHz (8)
RAM: 32687
GPU: NVIDIA GeForce GTX 1060 6GB (6029MB)
SM: 50 (Direct3D 11.0 [level 11.1])
RT Formats: ARGB32, Depth, ARGBHalf, Shadowmap, RGB565, ARGB4444, ARGB1555, Default, ARGB2101010, DefaultHDR, ARGB64, ARGBFloat, RGFloat, RGHalf, RFloat, RHalf, R8, ARGBInt, RGInt, RInt, BGRA32, RGB111110Float, RG32, RGBAUShort, RG16, BGRA10101010_XR, BGR101010_XR, R16


Log started: Mon, Sep 14, 2026 11:24:43


[LOG 11:24:43.004] ActionCanvas MASK: 3458764513820540928
[LOG 11:24:43.005] AppCanvas MASK: 3458764513820540928
[LOG 11:24:43.007] MainCanvas MASK: 3458764513820540928
[LOG 11:24:44.259] Load(Assembly): /ModuleManager.4.2.3
[LOG 11:24:44.260] AssemblyLoader: Loading assembly at D:\KSP-Dev\GameData\ModuleManager.4.2.3.dll
[LOG 11:24:44.284] AssemblyLoader: KSPAssembly 'ModuleManager' V2.5.0
[LOG 11:24:44.284] Load(Assembly): 000_Harmony/0Harmony
[LOG 11:24:44.284] AssemblyLoader: Loading assembly at D:\KSP-Dev\GameData\000_Harmony\0Harmony.dll
[LOG 11:24:44.286] Load(Assembly): 000_Harmony/HarmonyInstallChecker
[LOG 11:24:44.286] AssemblyLoader: Loading assembly at D:\KSP-Dev\GameData\000_Harmony\HarmonyInstallChecker.dll
[LOG 11:24:44.287] AssemblyLoader: KSPAssembly 'HarmonyKSP' V1.0.0
[LOG 11:24:44.287] Load(Assembly): KSPCommunityFixes/Plugins/0_MultipleModuleInPartAPI
[LOG 11:24:44.287] AssemblyLoader: Loading assembly at D:\KSP-Dev\GameData\KSPCommunityFixes\Plugins\0_MultipleModuleInPartAPI.dll
[LOG 11:24:44.288] AssemblyLoader: KSPAssembly 'MultipleModulePartAPI' V1.0.0
[LOG 11:24:44.288] Load(Assembly): KSPCommunityFixes/Plugins/KSPCommunityFixes
[LOG 11:24:44.288] AssemblyLoader: Loading assembly at D:\KSP-Dev\GameData\KSPCommunityFixes\Plugins\KSPCommunityFixes.dll
[LOG 11:24:44.298] AssemblyLoader: KSPAssembly 'KSPCommunityFixes' V1.41.1
[LOG 11:24:44.298] AssemblyLoader: KSPAssemblyDependency 'HarmonyKSP' V1.0.0
[LOG 11:24:44.298] AssemblyLoader: KSPAssemblyDependency 'ModuleManager' V1.0.0
[LOG 11:24:44.298] AssemblyLoader: KSPAssemblyDependency 'MultipleModulePartAPI' V1.0.0
[LOG 11:24:44.298] Load(Assembly): PQSBenchMod/PQSBenchMod
[LOG 11:24:44.298] AssemblyLoader: Loading assembly at D:\KSP-Dev\GameData\PQSBenchMod\PQSBenchMod.dll
[LOG 11:24:44.300] Load(Assembly): StockQuadCacheMod/StockQuadCacheMod
[LOG 11:24:44.300] AssemblyLoader: Loading assembly at D:\KSP-Dev\GameData\StockQuadCacheMod\StockQuadCacheMod.dll
[LOG 11:24:44.302] AssemblyLoader: Loading assemblies
[LOG 11:24:44.393] VesselModules: Found VesselModule of type AxisGroupsModule with order 999
[LOG 11:24:44.436] VesselModules: Found VesselModule of type CometVessel with order 999
[LOG 11:24:44.438] VesselModules: Found VesselModule of type SuspensionLoadBalancer with order 999
[LOG 11:24:44.440] VesselModules: Found VesselModule of type FlightIntegrator with order 0
[LOG 11:24:44.443] VesselModules: Found VesselModule of type CommNetVessel with order 999
[LOG 11:24:44.447] VesselModules: Found 5 VesselModule types
[LOG 11:24:44.454] 
************************************************************************

Environment Info
Win32NT 7FFFFFFFFFFFFFFF  Args: KSP_x64.exe 

Mod DLLs found:
Stock assembly: Assembly-CSharp v0.0.0.0
ModuleManager v4.2.3.0
0Harmony v2.2.1.0
HarmonyInstallChecker v2.2.1.0
0_MultipleModuleInPartAPI v1.0.0.0 / v1.0.0+7969fdc50bf4e350193abe5ba2e89533b12ca02f
KSPCommunityFixes v1.41.0.0 / v1.41.1+7969fdc50bf4e350193abe5ba2e89533b12ca02f / v1.41.1.0
PQSBenchMod v0.1.0.0 / v0.1.0+597c733dc9db39116734bf208dca3e0ddd62d8dd
StockQuadCacheMod v0.1.0.0 / v0.1.0+aa01661d4ef5967e0d7046813ac61b5ad46f81dd

Folders and files in GameData:
000_Harmony
KSPCommunityFixes
PQSBenchMod
Stock folder: Squad

Stock folder: SquadExpansion

StockQuadCacheMod
ModuleManager.4.2.3.dll
ModuleManager.ConfigCache
ModuleManager.ConfigSHA
ModuleManager.Physics
ModuleManager.TechTree

************************************************************************

[LOG 11:24:44.474] [AddonLoader]: Instantiating addon 'ModuleManager' from assembly 'ModuleManager'
[LOG 11:24:44.486] [ModuleManager] Adding post patch to the loading screen 4
[LOG 11:24:44.489] [ModuleManager] Patching started on a new thread, all output will be directed to D:\KSP-Dev\Logs\ModuleManager\ModuleManager.log
[LOG 11:24:44.492] [AddonLoader]: Instantiating addon 'HarmonyInstallChecker' from assembly 'HarmonyKSP'
[LOG 11:24:44.493] [AddonLoader]: Instantiating addon 'KSPCommunityFixes' from assembly 'KSPCommunityFixes'
[LOG 11:24:44.495] [AddonLoader]: Instantiating addon 'NoIVA' from assembly 'KSPCommunityFixes'
[LOG 11:24:44.496] [AddonLoader]: Instantiating addon 'ConfigNodePerf' from assembly 'KSPCommunityFixes'
[LOG 11:24:44.735] [AddonLoader]: Instantiating addon 'KSPCFFastLoader' from assembly 'KSPCommunityFixes'
[LOG 11:24:44.737] [KSPCF] Injecting FastLoader...
[LOG 11:24:44.761] [KSPCommunityFixes] Patch GameDatabasePerf applied.
[LOG 11:24:44.860] [AddonLoader]: Instantiating addon 'ReflectionTypeLoadExceptionHandler' from assembly 'KSPCommunityFixes'
[LOG 11:24:44.863] [AddonLoader]: Instantiating addon 'PQSBenchMod' from assembly 'PQSBenchMod'
[LOG 11:24:44.863] [AddonLoader]: Instantiating addon 'StockQuadCacheMod' from assembly 'StockQuadCacheMod'
[LOG 11:24:45.967] [KSPCF] Taking over stock loader. An exception will follow, this is intended.
[EXC 11:24:45.971] Exception: Terminating stock loader coroutine, this is intended and not an error
	KSPCommunityFixes.Performance.KSPCFFastLoader.GameDatabase_SetupMainLoaders_Prefix () (at <62bb7f5420994f409a34377c091e8538>:0)
	(wrapper dynamic-method) GameDatabase.GameDatabase.SetupMainLoaders_Patch1(GameDatabase)
	GameDatabase+<LoadObjects>d__90.MoveNext () (at <4b449f2841f84227adfaad3149c8fdba>:0)
	UnityEngine.SetupCoroutine.InvokeMoveNext (System.Collections.IEnumerator enumerator, System.IntPtr returnValueAddress) (at <12e76cd50cc64cf19e759e981cb725af>:0)
	UnityEngine.DebugLogHandler:LogException(Exception, Object)
	ModuleManager.UnityLogHandle.InterceptLogHandler:LogException(Exception, Object)
	UnityEngine.MonoBehaviour:StartCoroutine(IEnumerator)
	<CreateDatabase>d__71:MoveNext()
	UnityEngine.MonoBehaviour:StartCoroutine(IEnumerator)
	GameDatabase:StartLoad()
	<LoadSystems>d__11:MoveNext()
	UnityEngine.MonoBehaviour:StartCoroutine(IEnumerator)
	LoadingScreen:Start()
[LOG 11:24:46.044] [PQSBench] Measuring, benchMode Calibrate. Alt+F8 dumps what has been recorded, Alt+F7 throws it away.
[LOG 11:24:46.085] [StockQuadCache] Version 0.1.0.0 installed, log level Info
[LOG 11:24:46.225] Preloading Asset Bundle Definitions
[LOG 11:24:46.621] Load Audio: Squad/Alarms/Sounds/Chirps
[LOG 11:24:46.643] Load Audio: Squad/Alarms/Sounds/Classic
[LOG 11:24:46.643] Load Audio: Squad/Alarms/Sounds/ClockTower
[LOG 11:24:46.643] Load Audio: Squad/Alarms/Sounds/ComputerGlass1
[LOG 11:24:46.643] Load Audio: Squad/Alarms/Sounds/ComputerGlass2
[LOG 11:24:46.644] Load Audio: Squad/Alarms/Sounds/ComputerShort
[LOG 11:24:46.644] Load Audio: Squad/Alarms/Sounds/ComputerTriad
[LOG 11:24:46.644] Load Audio: Squad/Alarms/Sounds/DoorBell
[LOG 11:24:46.644] Load Audio: Squad/Alarms/Sounds/Glass
[LOG 11:24:46.644] Load Audio: Squad/Alarms/Sounds/Klaxon
[LOG 11:24:46.644] Load Audio: Squad/Alarms/Sounds/Mobile
[LOG 11:24:46.644] Load Audio: Squad/Alarms/Sounds/Morning
[LOG 11:24:46.645] Load Audio: Squad/Alarms/Sounds/OldClock
[LOG 11:24:46.645] Load Audio: Squad/Alarms/Sounds/OldHorn
[LOG 11:24:46.645] Load Audio: Squad/Alarms/Sounds/Ripple
[LOG 11:24:46.645] Load Audio: Squad/Sounds/editorLoop01
[LOG 11:24:46.645] Load Audio: Squad/Sounds/elev_loop
[LOG 11:24:46.645] Load Audio: Squad/Sounds/elev_start
[LOG 11:24:46.645] Load Audio: Squad/Sounds/elev_stop
[LOG 11:24:46.645] Load Audio: Squad/Sounds/fireworks_explosion_2
[LOG 11:24:46.646] Load Audio: Squad/Sounds/fireworks_explosion_3
[LOG 11:24:46.646] Load Audio: Squad/Sounds/fireworks_explosion_4
[LOG 11:24:46.646] Load Audio: Squad/Sounds/fireworks_launch_boom
[LOG 11:24:46.646] Load Audio: Squad/Sounds/fireworks_only_crackle_crackle_1
[LOG 11:24:46.646] Load Audio: Squad/Sounds/fireworks_only_crackle_dragon_1
[LOG 11:24:47.137] Load Audio: Squad/Sounds/fireworks_only_crackle_palm_1
[LOG 11:24:47.137] Load Audio: Squad/Sounds/fireworks_whistle
[LOG 11:24:47.137] Load Audio: Squad/Sounds/ksp1_banana_V2_01
[LOG 11:24:47.137] Load Audio: Squad/Sounds/ksp1_banana_V2_04
[LOG 11:24:47.137] Load Audio: Squad/Sounds/ksp1_banana_V2_05
[LOG 11:24:47.138] Load Audio: Squad/Sounds/ksp1_golf_swing_normal
[LOG 11:24:47.138] Load Audio: Squad/Sounds/ksp1_ground_anchor_v2_1
[LOG 11:24:47.138] Load Audio: Squad/Sounds/ksp1_strunts_disconnect_v3_pitched2
[LOG 11:24:47.138] Load Audio: Squad/Sounds/repairKit_repair1
[LOG 11:24:47.138] Load Audio: Squad/Sounds/repairKit_repair2
[LOG 11:24:47.138] Load Audio: Squad/Sounds/sound_ambience_nature
[LOG 11:24:47.139] Load Audio: Squad/Sounds/sound_click_flick
[LOG 11:24:47.139] Load Audio: Squad/Sounds/sound_click_latch
[LOG 11:24:47.139] Load Audio: Squad/Sounds/sound_click_sharp
[LOG 11:24:47.139] Load Audio: Squad/Sounds/sound_click_tick
[LOG 11:24:47.139] Load Audio: Squad/Sounds/sound_click_tock
[LOG 11:24:47.139] Load Audio: Squad/Sounds/sound_decoupler_fire
[LOG 11:24:47.140] Load Audio: Squad/Sounds/sound_delete_bin
[LOG 11:24:47.140] Load Audio: Squad/Sounds/sound_explosion_debris1
[LOG 11:24:47.140] Load Audio: Squad/Sounds/sound_explosion_debris2
[LOG 11:24:47.140] Load Audio: Squad/Sounds/sound_explosion_large
[LOG 11:24:47.140] Load Audio: Squad/Sounds/sound_rocket_mini
[LOG 11:24:47.140] Load Audio: Squad/Sounds/sound_rocket_spurts
[LOG 11:24:47.140] Load Audio: Squad/Sounds/sound_servomotor
[LOG 11:24:47.140] Load Audio: Squad/Sounds/sound_tab_extend
[LOG 11:24:47.149] Load Audio: Squad/Sounds/sound_tab_retreat
[LOG 11:24:47.149] Load Audio: SquadExpansion/Serenity/Sounds/robo_arm_large_end
[LOG 11:24:47.149] Load Audio: SquadExpansion/Serenity/Sounds/robo_arm_large_motor_00
[LOG 11:24:47.150] Load Audio: SquadExpansion/Serenity/Sounds/robo_arm_large_scan
[LOG 11:24:47.150] Load Audio: SquadExpansion/Serenity/Sounds/robo_arm_large_start
[LOG 11:24:47.150] Load Audio: SquadExpansion/Serenity/Sounds/robo_arm_medium_end
[LOG 11:24:47.150] Load Audio: SquadExpansion/Serenity/Sounds/robo_arm_medium_motor_00
[LOG 11:24:47.150] Load Audio: SquadExpansion/Serenity/Sounds/robo_arm_medium_scan
[LOG 11:24:47.150] Load Audio: SquadExpansion/Serenity/Sounds/robo_arm_medium_start
[LOG 11:24:47.150] Load Audio: SquadExpansion/Serenity/Sounds/robo_arm_small_end
[LOG 11:24:47.151] Load Audio: SquadExpansion/Serenity/Sounds/robo_arm_small_motor_00
[LOG 11:24:47.151] Load Audio: SquadExpansion/Serenity/Sounds/robo_arm_small_scan
[LOG 11:24:47.151] Load Audio: SquadExpansion/Serenity/Sounds/robo_arm_small_start
[LOG 11:24:47.151] Load Audio: SquadExpansion/Serenity/Sounds/sfx_cryoVolcano_burst
[LOG 11:24:47.151] Load Audio: SquadExpansion/Serenity/Sounds/sfx_cryoVolcano_idle
[LOG 11:24:47.151] Load Audio: SquadExpansion/Serenity/Sounds/sfx_deployable_booster_antena_end
[LOG 11:24:47.152] Load Audio: SquadExpansion/Serenity/Sounds/sfx_deployable_booster_antena_start
[LOG 11:24:47.152] Load Audio: SquadExpansion/Serenity/Sounds/sfx_deployable_central_station_end
[LOG 11:24:47.152] Load Audio: SquadExpansion/Serenity/Sounds/sfx_deployable_central_station_loop
[LOG 11:24:47.152] Load Audio: SquadExpansion/Serenity/Sounds/sfx_deployable_central_station_start
[LOG 11:24:47.152] Load Audio: SquadExpansion/Serenity/Sounds/sfx_deployable_detector_end
[LOG 11:24:47.152] Load Audio: SquadExpansion/Serenity/Sounds/sfx_deployable_detector_start
[LOG 11:24:47.153] Load Audio: SquadExpansion/Serenity/Sounds/sfx_deployable_GoObEd_end
[LOG 11:24:47.153] Load Audio: SquadExpansion/Serenity/Sounds/sfx_deployable_GoObEd_loop
[LOG 11:24:47.153] Load Audio: SquadExpansion/Serenity/Sounds/sfx_deployable_GoObEd_start
[LOG 11:24:47.191] Load Audio: SquadExpansion/Serenity/Sounds/sfx_deployable_rtg_end
[LOG 11:24:47.191] Load Audio: SquadExpansion/Serenity/Sounds/sfx_deployable_rtg_start
[LOG 11:24:47.192] Load Audio: SquadExpansion/Serenity/Sounds/sfx_deployable_seismometer_end
[LOG 11:24:47.192] Load Audio: SquadExpansion/Serenity/Sounds/sfx_deployable_seismometer_start
[LOG 11:24:47.192] Load Audio: SquadExpansion/Serenity/Sounds/sfx_deployable_solar_panel_end
[LOG 11:24:47.192] Load Audio: SquadExpansion/Serenity/Sounds/sfx_deployable_solar_panel_start
[LOG 11:24:47.192] Load Audio: SquadExpansion/Serenity/Sounds/sfx_deployable_weather_station_end
[LOG 11:24:47.193] Load Audio: SquadExpansion/Serenity/Sounds/sfx_deployable_weather_station_loop
[LOG 11:24:47.193] Load Audio: SquadExpansion/Serenity/Sounds/sfx_deployable_weather_station_start
[LOG 11:24:47.193] Load Audio: SquadExpansion/Serenity/Sounds/sfx_geyser_burst
[LOG 11:24:47.193] Load Audio: SquadExpansion/Serenity/Sounds/sfx_geyser_idle
[LOG 11:24:47.214] Load DDS texture: KSPCommunityFixes/MMPatches/StockTweaks/Icons/Clamp-O-Tron
[LOG 11:24:47.219] Load TRUECOLOR texture: KSPCommunityFixes/MMPatches/StockTweaks/Icons/Clamp-O-Tron_scaled
[LOG 11:24:47.219] Load DDS texture: KSPCommunityFixes/MMPatches/StockTweaks/Icons/FreeFallParachutes
[LOG 11:24:47.219] Load TRUECOLOR texture: KSPCommunityFixes/MMPatches/StockTweaks/Icons/FreeFallParachutes_scaled
[LOG 11:24:47.220] Load DDS texture: KSPCommunityFixes/MMPatches/StockTweaks/Icons/LightYearTireCompany
[LOG 11:24:47.220] Load TRUECOLOR texture: KSPCommunityFixes/MMPatches/StockTweaks/Icons/LightYearTireCompany_scaled
[LOG 11:24:47.220] Load DDS texture: KSPCommunityFixes/MMPatches/StockTweaks/Icons/StratusCorporation
[LOG 11:24:47.220] Load TRUECOLOR texture: KSPCommunityFixes/MMPatches/StockTweaks/Icons/StratusCorporation_scaled
[LOG 11:24:47.221] Load DDS texture: Squad/Agencies/C7AerospaceDivision
[LOG 11:24:47.221] Load TRUECOLOR texture: Squad/Agencies/C7AerospaceDivision_scaled
[LOG 11:24:47.221] Load DDS texture: Squad/Agencies/DinkelsteinKermansConstructionEmporium
[LOG 11:24:47.221] Load TRUECOLOR texture: Squad/Agencies/DinkelsteinKermansConstructionEmporium_scaled
[LOG 11:24:47.222] Load DDS texture: Squad/Agencies/ExperimentalEngineering
[LOG 11:24:47.222] Load TRUECOLOR texture: Squad/Agencies/ExperimentalEngineering_scaled
[LOG 11:24:47.222] Load DDS texture: Squad/Agencies/FlooydResearchLab
[LOG 11:24:47.223] Load TRUECOLOR texture: Squad/Agencies/FlooydResearchLab_scaled
[LOG 11:24:47.223] Load DDS texture: Squad/Agencies/GoliathNationalProducts
[LOG 11:24:47.223] Load TRUECOLOR texture: Squad/Agencies/GoliathNationalProducts_scaled
[LOG 11:24:47.223] Load DDS texture: Squad/Agencies/IntegratedIntegrals
[LOG 11:24:47.223] Load TRUECOLOR texture: Squad/Agencies/IntegratedIntegrals_scaled
[LOG 11:24:47.224] Load DDS texture: Squad/Agencies/IonicSymphonicProtonicElectronics
[LOG 11:24:47.224] Load TRUECOLOR texture: Squad/Agencies/IonicSymphonicProtonicElectronics_scaled
[LOG 11:24:47.224] Load DDS texture: Squad/Agencies/JebsJunkyard
[LOG 11:24:47.225] Load TRUECOLOR texture: Squad/Agencies/JebsJunkyard_scaled
[LOG 11:24:47.225] Load DDS texture: Squad/Agencies/KerbalMotion
[LOG 11:24:47.225] Load TRUECOLOR texture: Squad/Agencies/KerbalMotion_scaled
[LOG 11:24:47.225] Load DDS texture: Squad/Agencies/KerbinWorldFirstRecordKeepingSociety
[LOG 11:24:47.226] Load TRUECOLOR texture: Squad/Agencies/KerbinWorldFirstRecordKeepingSociety_scaled
[LOG 11:24:47.226] Load DDS texture: Squad/Agencies/Kerbodyne
[LOG 11:24:47.226] Load TRUECOLOR texture: Squad/Agencies/Kerbodyne_scaled
[LOG 11:24:47.226] Load DDS texture: Squad/Agencies/Kerlington
[LOG 11:24:47.227] Load TRUECOLOR texture: Squad/Agencies/Kerlington_scaled
[LOG 11:24:47.227] Load DDS texture: Squad/Agencies/MaxoConstructionToys
[LOG 11:24:47.227] Load TRUECOLOR texture: Squad/Agencies/MaxoConstructionToys_scaled
[LOG 11:24:47.227] Load DDS texture: Squad/Agencies/MovingPartsExpertsGroup
[LOG 11:24:47.228] Load TRUECOLOR texture: Squad/Agencies/MovingPartsExpertsGroup_scaled
[LOG 11:24:47.228] Load DDS texture: Squad/Agencies/OMBDemolition
[LOG 11:24:47.228] Load TRUECOLOR texture: Squad/Agencies/OMBDemolition_scaled
[LOG 11:24:47.229] Load DDS texture: Squad/Agencies/PeriapsisCo
[LOG 11:24:47.229] Load TRUECOLOR texture: Squad/Agencies/PeriapsisCo_scaled
[LOG 11:24:47.230] Load DDS texture: Squad/Agencies/Probodobodyne
[LOG 11:24:47.230] Load TRUECOLOR texture: Squad/Agencies/Probodobodyne_scaled
[LOG 11:24:47.230] Load DDS texture: Squad/Agencies/R&D
[LOG 11:24:47.231] Load TRUECOLOR texture: Squad/Agencies/R&D_scaled
[LOG 11:24:47.231] Load DDS texture: Squad/Agencies/ReactionSystemsLtd
[LOG 11:24:47.231] Load TRUECOLOR texture: Squad/Agencies/ReactionSystemsLtd_scaled
[LOG 11:24:47.231] Load DDS texture: Squad/Agencies/Rockomax
[LOG 11:24:47.232] Load TRUECOLOR texture: Squad/Agencies/Rockomax_scaled
[LOG 11:24:47.232] Load DDS texture: Squad/Agencies/Rokea
[LOG 11:24:47.232] Load TRUECOLOR texture: Squad/Agencies/Rokea_scaled
[LOG 11:24:47.232] Load DDS texture: Squad/Agencies/SeansCannery
[LOG 11:24:47.233] Load TRUECOLOR texture: Squad/Agencies/SeansCannery_scaled
[LOG 11:24:47.233] Load DDS texture: Squad/Agencies/SteadlerEngineeringCorps
[LOG 11:24:47.233] Load TRUECOLOR texture: Squad/Agencies/SteadlerEngineeringCorps_scaled
[LOG 11:24:47.233] Load DDS texture: Squad/Agencies/StrutCo
[LOG 11:24:47.234] Load TRUECOLOR texture: Squad/Agencies/StrutCo_scaled
[LOG 11:24:47.234] Load DDS texture: Squad/Agencies/Vac-Co
[LOG 11:24:47.234] Load TRUECOLOR texture: Squad/Agencies/Vac-Co_scaled
[LOG 11:24:47.234] Load DDS texture: Squad/Agencies/WinterOwl
[LOG 11:24:47.235] Load TRUECOLOR texture: Squad/Agencies/WinterOwl_scaled
[LOG 11:24:47.238] Load DDS texture: Squad/Agencies/ZaltonicElectronics
[LOG 11:24:47.238] Load TRUECOLOR texture: Squad/Agencies/ZaltonicElectronics_scaled
[LOG 11:24:47.239] Load Cached PNG Texture: Squad/Alarms/Icons/ap
[LOG 11:24:47.239] Load Cached PNG Texture: Squad/Alarms/Icons/default
[LOG 11:24:47.240] Load Cached PNG Texture: Squad/Alarms/Icons/maneuver
[LOG 11:24:47.240] Load Cached PNG Texture: Squad/Alarms/Icons/pe
[LOG 11:24:47.240] Load Cached PNG Texture: Squad/Alarms/Icons/raw
[LOG 11:24:47.240] Load Cached PNG Texture: Squad/Alarms/Icons/soi
[LOG 11:24:47.240] Load Cached PNG Texture: Squad/Alarms/Icons/xfer
[LOG 11:24:47.240] Load DDS texture: Squad/Contracts/Icons/balloon
[LOG 11:24:47.240] Load DDS texture: Squad/Contracts/Icons/custom
[LOG 11:24:47.240] Load DDS texture: Squad/Contracts/Icons/default
[LOG 11:24:47.240] Load DDS texture: Squad/Contracts/Icons/dish
[LOG 11:24:47.241] Load DDS texture: Squad/Contracts/Icons/eva
[LOG 11:24:47.241] Load DDS texture: Squad/Contracts/Icons/gravity
[LOG 11:24:47.241] Load Cached PNG Texture: Squad/Contracts/Icons/ksc
[LOG 11:24:47.241] Load DDS texture: Squad/Contracts/Icons/launchsite
[LOG 11:24:47.241] Load DDS texture: Squad/Contracts/Icons/marker
[LOG 11:24:47.241] Load DDS texture: Squad/Contracts/Icons/pressure
[LOG 11:24:47.241] Load DDS texture: Squad/Contracts/Icons/report
[LOG 11:24:47.241] Load DDS texture: Squad/Contracts/Icons/runway
[LOG 11:24:47.242] Load DDS texture: Squad/Contracts/Icons/sample
[LOG 11:24:47.242] Load DDS texture: Squad/Contracts/Icons/seismic
[LOG 11:24:47.242] Load DDS texture: Squad/Contracts/Icons/thermometer
[LOG 11:24:47.242] Load DDS texture: Squad/Contracts/Icons/vessel
[LOG 11:24:47.242] Load Cached PNG Texture: Squad/Flags/09
[LOG 11:24:47.242] Load Cached PNG Texture: Squad/Flags/blorbs
[LOG 11:24:47.242] Load Cached PNG Texture: Squad/Flags/bullseye
[LOG 11:24:47.242] Load Cached PNG Texture: Squad/Flags/capsule
[LOG 11:24:47.243] Load Cached PNG Texture: Squad/Flags/circles
[LOG 11:24:47.243] Load Cached PNG Texture: Squad/Flags/default
[LOG 11:24:47.243] Load Cached PNG Texture: Squad/Flags/hexagon
[LOG 11:24:47.243] Load Cached PNG Texture: Squad/Flags/hexagonCircles
[LOG 11:24:47.243] Load Cached PNG Texture: Squad/Flags/kerbal1
[LOG 11:24:47.243] Load Cached PNG Texture: Squad/Flags/kerbal2
[LOG 11:24:47.243] Load Cached PNG Texture: Squad/Flags/kerbin
[LOG 11:24:47.244] Load Cached PNG Texture: Squad/Flags/kerbinmunflag
[LOG 11:24:47.244] Load Cached PNG Texture: Squad/Flags/line
[LOG 11:24:47.245] Load Cached PNG Texture: Squad/Flags/minimalistic
[LOG 11:24:47.246] Load Cached PNG Texture: Squad/Flags/orbit
[LOG 11:24:47.246] Load Cached PNG Texture: Squad/Flags/orbs
[LOG 11:24:47.246] Load Cached PNG Texture: Squad/Flags/retro
[LOG 11:24:47.247] Load Cached PNG Texture: Squad/Flags/rings
[LOG 11:24:47.247] Load Cached PNG Texture: Squad/Flags/rocketScience
[LOG 11:24:47.247] Load Cached PNG Texture: Squad/Flags/satellite
[LOG 11:24:47.247] Load Cached PNG Texture: Squad/Flags/Sentinel_Flag
[LOG 11:24:47.247] Load Cached PNG Texture: Squad/Flags/spheres
[LOG 11:24:47.248] Load Cached PNG Texture: Squad/Flags/squadLogo
[LOG 11:24:47.248] Load Cached PNG Texture: Squad/Flags/squadLogo2
[LOG 11:24:47.252] Load Cached PNG Texture: Squad/Flags/stripes
[LOG 11:24:47.252] Load Cached PNG Texture: Squad/Flags/trees
[LOG 11:24:47.253] Load Cached PNG Texture: Squad/Flags/trippy
[LOG 11:24:47.253] Load Cached PNG Texture: Squad/FlagsAgency/esa_dark_blue
[LOG 11:24:47.253] Load Cached PNG Texture: Squad/FlagsAgency/NASA
[LOG 11:24:47.253] Load Cached PNG Texture: Squad/FlagsAgency/uk_space_agency
[LOG 11:24:47.253] Load Cached PNG Texture: Squad/FlagsOrganization/B612_Foundation_flag
[LOG 11:24:47.254] Load Cached PNG Texture: Squad/FlagsOrganization/electron
[LOG 11:24:47.254] Load Cached PNG Texture: Squad/FlagsOrganization/ESA_Arianespace
[LOG 11:24:47.254] Load Cached PNG Texture: Squad/FlagsOrganization/rocketlab
[LOG 11:24:47.254] Load DDS texture: Squad/FX/DiamondBlue
[LOG 11:24:47.254] Load DDS texture: Squad/FX/FlameBlueOrange
[LOG 11:24:47.254] Load DDS texture: Squad/FX/FlamePurple
[LOG 11:24:47.254] Load DDS texture: Squad/FX/FlameRed
[LOG 11:24:47.254] Load DDS texture: Squad/FX/FlameRedOrange
[LOG 11:24:47.254] Load DDS texture: Squad/FX/Monoprop
[LOG 11:24:47.255] Load DDS texture: Squad/FX/plasma2
[LOG 11:24:47.255] Load DDS texture: Squad/FX/rocketplume2
[LOG 11:24:47.255] Load DDS texture: Squad/FX/shockDiamond2
[LOG 11:24:47.255] Load DDS texture: Squad/FX/smokepuff1
[LOG 11:24:47.255] Load DDS texture: Squad/Interiors/Administration/AdminBuilding_Lvl1
[LOG 11:24:47.263] Load DDS texture: Squad/Interiors/Administration/AdminBuilding_Lvl2
[LOG 11:24:47.267] Load DDS texture: Squad/Interiors/Administration/AdminBuilding_Lvl3
[LOG 11:24:47.274] Load DDS texture: Squad/MenuProps/MunOrBust
[LOG 11:24:47.276] Load Cached PNG Texture: Squad/Missions/Banners/Fail/default
[LOG 11:24:47.278] Load PNG texture: Squad/Missions/Banners/Menu/default
[WRN 11:24:47.285] Texture isn't eligible for DXT compression, width and height must be multiples of 4
[LOG 11:24:47.285] Load Cached PNG Texture: Squad/Missions/Banners/Success/default
[LOG 11:24:47.285] Load PNG texture: Squad/Missions/ESA-BepiColombo/Banners/Fail/ESA_MB_Fail_01
[WRN 11:24:47.289] Texture isn't eligible for DXT compression, width and height must be multiples of 4
[LOG 11:24:47.289] Load PNG texture: Squad/Missions/ESA-BepiColombo/Banners/Menu/ESA_MB_Select_01
[WRN 11:24:47.293] Texture isn't eligible for DXT compression, width and height must be multiples of 4
[LOG 11:24:47.293] Load PNG texture: Squad/Missions/ESA-BepiColombo/Banners/Success/ESA_MB_Success_01
[WRN 11:24:47.298] Texture isn't eligible for DXT compression, width and height must be multiples of 4
[LOG 11:24:47.298] Load PNG texture: Squad/Missions/ESA-BepiColombo-Short/Banners/Fail/ESA_MB_Fail_01
[WRN 11:24:47.302] Texture isn't eligible for DXT compression, width and height must be multiples of 4
[LOG 11:24:47.302] Load PNG texture: Squad/Missions/ESA-BepiColombo-Short/Banners/Menu/ESA_MB_Select_01
[WRN 11:24:47.307] Texture isn't eligible for DXT compression, width and height must be multiples of 4
[LOG 11:24:47.307] Load PNG texture: Squad/Missions/ESA-BepiColombo-Short/Banners/Success/ESA_MB_Success_01
[WRN 11:24:47.314] Texture isn't eligible for DXT compression, width and height must be multiples of 4
[LOG 11:24:47.315] Load PNG texture: Squad/Missions/ESA-Rosetta/Banners/Fail/ESA_MB_Fail_02
[WRN 11:24:47.323] Texture isn't eligible for DXT compression, width and height must be multiples of 4
[LOG 11:24:47.323] Load PNG texture: Squad/Missions/ESA-Rosetta/Banners/Menu/ESA_MB_Select_02
[WRN 11:24:47.326] Texture isn't eligible for DXT compression, width and height must be multiples of 4
[LOG 11:24:47.326] Load PNG texture: Squad/Missions/ESA-Rosetta/Banners/Success/ESA_MB_Success_02
[WRN 11:24:47.331] Texture isn't eligible for DXT compression, width and height must be multiples of 4
[LOG 11:24:47.331] Load Cached PNG Texture: Squad/PartList/SimpleIcons/ablator
[LOG 11:24:47.331] Load Cached PNG Texture: Squad/PartList/SimpleIcons/active_radiator
[LOG 11:24:47.331] Load Cached PNG Texture: Squad/PartList/SimpleIcons/asteroid_drill
[LOG 11:24:47.331] Load Cached PNG Texture: Squad/PartList/SimpleIcons/cargo_part
[LOG 11:24:47.331] Load Cached PNG Texture: Squad/PartList/SimpleIcons/comet_drill
[LOG 11:24:47.331] Load Cached PNG Texture: Squad/PartList/SimpleIcons/core_heat
[LOG 11:24:47.331] Load Cached PNG Texture: Squad/PartList/SimpleIcons/cs_main
[LOG 11:24:47.331] Load Cached PNG Texture: Squad/PartList/SimpleIcons/cs_mk2
[LOG 11:24:47.331] Load Cached PNG Texture: Squad/PartList/SimpleIcons/cs_mk3
[LOG 11:24:47.332] Load Cached PNG Texture: Squad/PartList/SimpleIcons/cs_size0
[LOG 11:24:47.332] Load Cached PNG Texture: Squad/PartList/SimpleIcons/cs_size1
[LOG 11:24:47.332] Load Cached PNG Texture: Squad/PartList/SimpleIcons/cs_size1p5
[LOG 11:24:47.332] Load Cached PNG Texture: Squad/PartList/SimpleIcons/cs_size2
[LOG 11:24:47.332] Load Cached PNG Texture: Squad/PartList/SimpleIcons/cs_size3
[LOG 11:24:47.332] Load Cached PNG Texture: Squad/PartList/SimpleIcons/cs_size4
[LOG 11:24:47.332] Load Cached PNG Texture: Squad/PartList/SimpleIcons/cs_surface
[LOG 11:24:47.332] Load Cached PNG Texture: Squad/PartList/SimpleIcons/custom_built_fairing
[LOG 11:24:47.332] Load Cached PNG Texture: Squad/PartList/SimpleIcons/deployable_antenna
[LOG 11:24:47.332] Load Cached PNG Texture: Squad/PartList/SimpleIcons/deployable_comms_part
[LOG 11:24:47.332] Load Cached PNG Texture: Squad/PartList/SimpleIcons/deployable_ground_part
[LOG 11:24:47.332] Load Cached PNG Texture: Squad/PartList/SimpleIcons/deployable_part
[LOG 11:24:47.332] Load Cached PNG Texture: Squad/PartList/SimpleIcons/deployable_radiator
[LOG 11:24:47.333] Load Cached PNG Texture: Squad/PartList/SimpleIcons/deployed_science_control_unit
[LOG 11:24:47.333] Load Cached PNG Texture: Squad/PartList/SimpleIcons/deployed_science_experiment
[LOG 11:24:47.333] Load Cached PNG Texture: Squad/PartList/SimpleIcons/deployed_science_part
[LOG 11:24:47.333] Load Cached PNG Texture: Squad/PartList/SimpleIcons/enviro_sensor
[LOG 11:24:47.333] Load Cached PNG Texture: Squad/PartList/SimpleIcons/experience_management
[LOG 11:24:47.333] Load Cached PNG Texture: Squad/PartList/SimpleIcons/fuels_monopropellant
[LOG 11:24:47.333] Load Cached PNG Texture: Squad/PartList/SimpleIcons/fuels_ore
[LOG 11:24:47.333] Load Cached PNG Texture: Squad/PartList/SimpleIcons/fuels_oxidizer
[LOG 11:24:47.333] Load Cached PNG Texture: Squad/PartList/SimpleIcons/fuels_solidfuel
[LOG 11:24:47.333] Load Cached PNG Texture: Squad/PartList/SimpleIcons/fuels_xenongas
[LOG 11:24:47.333] Load Cached PNG Texture: Squad/PartList/SimpleIcons/inventory_part
[LOG 11:24:47.334] Load Cached PNG Texture: Squad/PartList/SimpleIcons/kerbnet_access
[LOG 11:24:47.334] Load Cached PNG Texture: Squad/PartList/SimpleIcons/number1
[LOG 11:24:47.334] Load Cached PNG Texture: Squad/PartList/SimpleIcons/number2
[LOG 11:24:47.334] Load Cached PNG Texture: Squad/PartList/SimpleIcons/number3
[LOG 11:24:47.334] Load Cached PNG Texture: Squad/PartList/SimpleIcons/number4
[LOG 11:24:47.334] Load Cached PNG Texture: Squad/PartList/SimpleIcons/number5
[LOG 11:24:47.334] Load Cached PNG Texture: Squad/PartList/SimpleIcons/number6
[LOG 11:24:47.334] Load Cached PNG Texture: Squad/PartList/SimpleIcons/number7
[LOG 11:24:47.334] Load Cached PNG Texture: Squad/PartList/SimpleIcons/number8
[LOG 11:24:47.334] Load Cached PNG Texture: Squad/PartList/SimpleIcons/number9
[LOG 11:24:47.334] Load Cached PNG Texture: Squad/PartList/SimpleIcons/probe_control_unit
[LOG 11:24:47.334] Load Cached PNG Texture: Squad/PartList/SimpleIcons/R&D_node_icon_advaerodynamics
[LOG 11:24:47.334] Load Cached PNG Texture: Squad/PartList/SimpleIcons/R&D_node_icon_advancedmotors
[LOG 11:24:47.334] Load Cached PNG Texture: Squad/PartList/SimpleIcons/R&D_node_icon_advconstruction
[LOG 11:24:47.335] Load Cached PNG Texture: Squad/PartList/SimpleIcons/R&D_node_icon_advelectrics
[LOG 11:24:47.335] Load Cached PNG Texture: Squad/PartList/SimpleIcons/R&D_node_icon_advexploration
[LOG 11:24:47.335] Load Cached PNG Texture: Squad/PartList/SimpleIcons/R&D_node_icon_advflightcontrol
[LOG 11:24:47.335] Load Cached PNG Texture: Squad/PartList/SimpleIcons/R&D_node_icon_advlanding
[LOG 11:24:47.335] Load Cached PNG Texture: Squad/PartList/SimpleIcons/R&D_node_icon_advmetalworks
[LOG 11:24:47.335] Load Cached PNG Texture: Squad/PartList/SimpleIcons/R&D_node_icon_advrocketry
[LOG 11:24:47.335] Load Cached PNG Texture: Squad/PartList/SimpleIcons/R&D_node_icon_advsciencetech
[LOG 11:24:47.335] Load Cached PNG Texture: Squad/PartList/SimpleIcons/R&D_node_icon_advunmanned
[LOG 11:24:47.335] Load Cached PNG Texture: Squad/PartList/SimpleIcons/R&D_node_icon_aerodynamicsystems
[LOG 11:24:47.335] Load Cached PNG Texture: Squad/PartList/SimpleIcons/R&D_node_icon_aerospacetech
[LOG 11:24:47.335] Load Cached PNG Texture: Squad/PartList/SimpleIcons/R&D_node_icon_automation
[LOG 11:24:47.336] Load Cached PNG Texture: Squad/PartList/SimpleIcons/R&D_node_icon_basicprobes
[LOG 11:24:47.336] Load Cached PNG Texture: Squad/PartList/SimpleIcons/R&D_node_icon_basicrocketry
[LOG 11:24:47.336] Load Cached PNG Texture: Squad/PartList/SimpleIcons/R&D_node_icon_composites
[LOG 11:24:47.336] Load Cached PNG Texture: Squad/PartList/SimpleIcons/R&D_node_icon_electrics
[LOG 11:24:47.336] Load Cached PNG Texture: Squad/PartList/SimpleIcons/R&D_node_icon_electronics
[LOG 11:24:47.336] Load Cached PNG Texture: Squad/PartList/SimpleIcons/R&D_node_icon_evatech
[LOG 11:24:47.336] Load Cached PNG Texture: Squad/PartList/SimpleIcons/R&D_node_icon_experimentalaerodynamics
[LOG 11:24:47.336] Load Cached PNG Texture: Squad/PartList/SimpleIcons/R&D_node_icon_experimentalelectrics
[LOG 11:24:47.336] Load Cached PNG Texture: Squad/PartList/SimpleIcons/R&D_node_icon_experimentalmotors
[LOG 11:24:47.336] Load Cached PNG Texture: Squad/PartList/SimpleIcons/R&D_node_icon_experimentalrocketry
[LOG 11:24:47.336] Load Cached PNG Texture: Squad/PartList/SimpleIcons/R&D_node_icon_experimentalscience
[LOG 11:24:47.336] Load Cached PNG Texture: Squad/PartList/SimpleIcons/R&D_node_icon_fieldscience
[LOG 11:24:47.336] Load Cached PNG Texture: Squad/PartList/SimpleIcons/R&D_node_icon_flightcontrol
[LOG 11:24:47.337] Load Cached PNG Texture: Squad/PartList/SimpleIcons/R&D_node_icon_fuelsystems
[LOG 11:24:47.337] Load Cached PNG Texture: Squad/PartList/SimpleIcons/R&D_node_icon_generalconstruction
[LOG 11:24:47.337] Load Cached PNG Texture: Squad/PartList/SimpleIcons/R&D_node_icon_generalrocketry
[LOG 11:24:47.337] Load Cached PNG Texture: Squad/PartList/SimpleIcons/R&D_node_icon_generic
[LOG 11:24:47.337] Load Cached PNG Texture: Squad/PartList/SimpleIcons/R&D_node_icon_heavierrocketry
[LOG 11:24:47.337] Load Cached PNG Texture: Squad/PartList/SimpleIcons/R&D_node_icon_heavyaerodynamics
[LOG 11:24:47.337] Load Cached PNG Texture: Squad/PartList/SimpleIcons/R&D_node_icon_heavyrocketry
[LOG 11:24:47.337] Load Cached PNG Texture: Squad/PartList/SimpleIcons/R&D_node_icon_highaltitudeflight
[LOG 11:24:47.337] Load Cached PNG Texture: Squad/PartList/SimpleIcons/R&D_node_icon_highaltitudepropulsion
[LOG 11:24:47.337] Load Cached PNG Texture: Squad/PartList/SimpleIcons/R&D_node_icon_hypersonicflight
[LOG 11:24:47.337] Load Cached PNG Texture: Squad/PartList/SimpleIcons/R&D_node_icon_ionpropulsion
[LOG 11:24:47.337] Load Cached PNG Texture: Squad/PartList/SimpleIcons/R&D_node_icon_landing
[LOG 11:24:47.338] Load Cached PNG Texture: Squad/PartList/SimpleIcons/R&D_node_icon_largecontrol
[LOG 11:24:47.338] Load Cached PNG Texture: Squad/PartList/SimpleIcons/R&D_node_icon_largeelectrics
[LOG 11:24:47.338] Load Cached PNG Texture: Squad/PartList/SimpleIcons/R&D_node_icon_largeprobes
[LOG 11:24:47.338] Load Cached PNG Texture: Squad/PartList/SimpleIcons/R&D_node_icon_metamaterials
[LOG 11:24:47.338] Load Cached PNG Texture: Squad/PartList/SimpleIcons/R&D_node_icon_nanolathing
[LOG 11:24:47.338] Load Cached PNG Texture: Squad/PartList/SimpleIcons/R&D_node_icon_nuclearpropulsion
[LOG 11:24:47.338] Load Cached PNG Texture: Squad/PartList/SimpleIcons/R&D_node_icon_precisionengineering
[LOG 11:24:47.338] Load Cached PNG Texture: Squad/PartList/SimpleIcons/R&D_node_icon_robotics
[LOG 11:24:47.338] Load Cached PNG Texture: Squad/PartList/SimpleIcons/R&D_node_icon_sciencetech
[LOG 11:24:47.338] Load Cached PNG Texture: Squad/PartList/SimpleIcons/R&D_node_icon_specializedconstruction
[LOG 11:24:47.338] Load Cached PNG Texture: Squad/PartList/SimpleIcons/R&D_node_icon_specializedcontrol
[LOG 11:24:47.338] Load Cached PNG Texture: Squad/PartList/SimpleIcons/R&D_node_icon_specializedelectrics
[LOG 11:24:47.338] Load Cached PNG Texture: Squad/PartList/SimpleIcons/R&D_node_icon_stability
[LOG 11:24:47.339] Load Cached PNG Texture: Squad/PartList/SimpleIcons/R&D_node_icon_start
[LOG 11:24:47.339] Load Cached PNG Texture: Squad/PartList/SimpleIcons/R&D_node_icon_supersonicflight
[LOG 11:24:47.339] Load Cached PNG Texture: Squad/PartList/SimpleIcons/R&D_node_icon_survivability
[LOG 11:24:47.339] Load Cached PNG Texture: Squad/PartList/SimpleIcons/R&D_node_icon_unmannedtech
[LOG 11:24:47.339] Load Cached PNG Texture: Squad/PartList/SimpleIcons/R&D_node_icon_veryheavyrocketry
[LOG 11:24:47.339] Load Cached PNG Texture: Squad/PartList/SimpleIcons/rcsfx
[LOG 11:24:47.339] Load Cached PNG Texture: Squad/PartList/SimpleIcons/RDicon_aerospaceTech2
[LOG 11:24:47.339] Load Cached PNG Texture: Squad/PartList/SimpleIcons/RDicon_commandmodules
[LOG 11:24:47.339] Load Cached PNG Texture: Squad/PartList/SimpleIcons/RDicon_fuelSystems-advanced
[LOG 11:24:47.339] Load Cached PNG Texture: Squad/PartList/SimpleIcons/RDicon_fuelSystems-highPerformance
[LOG 11:24:47.339] Load Cached PNG Texture: Squad/PartList/SimpleIcons/RDicon_largeVolumeContainment
[LOG 11:24:47.339] Load Cached PNG Texture: Squad/PartList/SimpleIcons/RDicon_miniaturization
[LOG 11:24:47.339] Load Cached PNG Texture: Squad/PartList/SimpleIcons/RDicon_propulsion-precision
[LOG 11:24:47.340] Load Cached PNG Texture: Squad/PartList/SimpleIcons/RDicon_propulsionSystems
[LOG 11:24:47.340] Load Cached PNG Texture: Squad/PartList/SimpleIcons/RDicon_telescope
[LOG 11:24:47.340] Load Cached PNG Texture: Squad/PartList/SimpleIcons/robotic_controller
[LOG 11:24:47.340] Load Cached PNG Texture: Squad/PartList/SimpleIcons/robotic_rotation_servo
[LOG 11:24:47.340] Load Cached PNG Texture: Squad/PartList/SimpleIcons/robotic_servo_hinge
[LOG 11:24:47.340] Load Cached PNG Texture: Squad/PartList/SimpleIcons/robotic_servo_piston
[LOG 11:24:47.340] Load Cached PNG Texture: Squad/PartList/SimpleIcons/robotic_servo_rotor
[LOG 11:24:47.340] Load Cached PNG Texture: Squad/PartList/SimpleIcons/scanner_arm
[LOG 11:24:47.340] Load Cached PNG Texture: Squad/PartList/SimpleIcons/variant
[LOG 11:24:47.340] Load Cached PNG Texture: Squad/Parts/@thumbs/adapterSmallMiniShort_icon0
[LOG 11:24:47.341] Load Cached PNG Texture: Squad/Parts/@thumbs/adapterSmallMiniShort_icon1
[LOG 11:24:47.341] Load Cached PNG Texture: Squad/Parts/@thumbs/adapterSmallMiniTall_icon0
[LOG 11:24:47.341] Load Cached PNG Texture: Squad/Parts/@thumbs/adapterSmallMiniTall_icon1
[LOG 11:24:47.341] Load Cached PNG Texture: Squad/Parts/@thumbs/AdvancedCanard_icon
[LOG 11:24:47.341] Load Cached PNG Texture: Squad/Parts/@thumbs/advSasModule_icon
[LOG 11:24:47.341] Load Cached PNG Texture: Squad/Parts/@thumbs/airbrake1_icon
[LOG 11:24:47.341] Load Cached PNG Texture: Squad/Parts/@thumbs/airScoop_icon
[LOG 11:24:47.341] Load Cached PNG Texture: Squad/Parts/@thumbs/avionicsNoseCone_icon
[LOG 11:24:47.341] Load Cached PNG Texture: Squad/Parts/@thumbs/basicFin_icon
[LOG 11:24:47.341] Load Cached PNG Texture: Squad/Parts/@thumbs/batteryBankMini_icon
[LOG 11:24:47.342] Load Cached PNG Texture: Squad/Parts/@thumbs/batteryBank_icon
[LOG 11:24:47.342] Load Cached PNG Texture: Squad/Parts/@thumbs/batteryPack_icon
[LOG 11:24:47.342] Load Cached PNG Texture: Squad/Parts/@thumbs/cargoContainer_icon
[LOG 11:24:47.342] Load Cached PNG Texture: Squad/Parts/@thumbs/CargoStorageUnit_icon
[LOG 11:24:47.342] Load Cached PNG Texture: Squad/Parts/@thumbs/CircularIntake_icon
[LOG 11:24:47.342] Load Cached PNG Texture: Squad/Parts/@thumbs/commDish_icon
[LOG 11:24:47.342] Load Cached PNG Texture: Squad/Parts/@thumbs/Decoupler.0_icon0
[LOG 11:24:47.342] Load Cached PNG Texture: Squad/Parts/@thumbs/Decoupler.0_icon1
[LOG 11:24:47.342] Load Cached PNG Texture: Squad/Parts/@thumbs/Decoupler.1_icon0
[LOG 11:24:47.342] Load Cached PNG Texture: Squad/Parts/@thumbs/Decoupler.1_icon1
[LOG 11:24:47.342] Load Cached PNG Texture: Squad/Parts/@thumbs/dockingPort1_icon
[LOG 11:24:47.343] Load Cached PNG Texture: Squad/Parts/@thumbs/dockingPort2_icon
[LOG 11:24:47.343] Load Cached PNG Texture: Squad/Parts/@thumbs/dockingPort3_icon
[LOG 11:24:47.343] Load Cached PNG Texture: Squad/Parts/@thumbs/domeLight1_icon0
[LOG 11:24:47.343] Load Cached PNG Texture: Squad/Parts/@thumbs/domeLight1_icon1
[LOG 11:24:47.343] Load Cached PNG Texture: Squad/Parts/@thumbs/elevon2_icon
[LOG 11:24:47.343] Load Cached PNG Texture: Squad/Parts/@thumbs/elevon3_icon
[LOG 11:24:47.343] Load Cached PNG Texture: Squad/Parts/@thumbs/elevon5_icon
[LOG 11:24:47.343] Load Cached PNG Texture: Squad/Parts/@thumbs/evaChute_icon
[LOG 11:24:47.343] Load Cached PNG Texture: Squad/Parts/@thumbs/evaCylinder_icon
[LOG 11:24:47.343] Load Cached PNG Texture: Squad/Parts/@thumbs/evaJetpack_icon
[LOG 11:24:47.344] Load Cached PNG Texture: Squad/Parts/@thumbs/evaRepairKit_icon
[LOG 11:24:47.344] Load Cached PNG Texture: Squad/Parts/@thumbs/evaScienceKit_icon
[LOG 11:24:47.344] Load Cached PNG Texture: Squad/Parts/@thumbs/externalTankCapsule_icon0
[LOG 11:24:47.344] Load Cached PNG Texture: Squad/Parts/@thumbs/externalTankCapsule_icon1
[LOG 11:24:47.344] Load Cached PNG Texture: Squad/Parts/@thumbs/externalTankRound_icon0
[LOG 11:24:47.344] Load Cached PNG Texture: Squad/Parts/@thumbs/externalTankRound_icon1
[LOG 11:24:47.344] Load Cached PNG Texture: Squad/Parts/@thumbs/externalTankToroid_icon0
[LOG 11:24:47.344] Load Cached PNG Texture: Squad/Parts/@thumbs/externalTankToroid_icon1
[LOG 11:24:47.344] Load Cached PNG Texture: Squad/Parts/@thumbs/fireworksLauncherBig_icon
[LOG 11:24:47.345] Load Cached PNG Texture: Squad/Parts/@thumbs/fireworksLauncherSmall_icon
[LOG 11:24:47.345] Load Cached PNG Texture: Squad/Parts/@thumbs/foldingRadMed_icon
[LOG 11:24:47.345] Load Cached PNG Texture: Squad/Parts/@thumbs/foldingRadSmall_icon
[LOG 11:24:47.345] Load Cached PNG Texture: Squad/Parts/@thumbs/FuelCellArray_icon
[LOG 11:24:47.345] Load Cached PNG Texture: Squad/Parts/@thumbs/FuelCell_icon
[LOG 11:24:47.345] Load Cached PNG Texture: Squad/Parts/@thumbs/fuelTankSmallFlat_icon0
[LOG 11:24:47.345] Load Cached PNG Texture: Squad/Parts/@thumbs/fuelTankSmallFlat_icon1
[LOG 11:24:47.345] Load Cached PNG Texture: Squad/Parts/@thumbs/fuelTankSmallFlat_icon2
[LOG 11:24:47.345] Load Cached PNG Texture: Squad/Parts/@thumbs/fuelTankSmallFlat_icon3
[LOG 11:24:47.345] Load Cached PNG Texture: Squad/Parts/@thumbs/fuelTankSmall_icon0
[LOG 11:24:47.345] Load Cached PNG Texture: Squad/Parts/@thumbs/fuelTankSmall_icon1
[LOG 11:24:47.345] Load Cached PNG Texture: Squad/Parts/@thumbs/fuelTankSmall_icon2
[LOG 11:24:47.345] Load Cached PNG Texture: Squad/Parts/@thumbs/fuelTankSmall_icon3
[LOG 11:24:47.346] Load Cached PNG Texture: Squad/Parts/@thumbs/GearFixed_icon
[LOG 11:24:47.346] Load Cached PNG Texture: Squad/Parts/@thumbs/GearFree_icon
[LOG 11:24:47.346] Load Cached PNG Texture: Squad/Parts/@thumbs/GearSmall_icon
[LOG 11:24:47.346] Load Cached PNG Texture: Squad/Parts/@thumbs/GooExperiment_icon
[LOG 11:24:47.346] Load Cached PNG Texture: Squad/Parts/@thumbs/groundAnchor_icon
[LOG 11:24:47.346] Load Cached PNG Texture: Squad/Parts/@thumbs/groundLight1_icon
[LOG 11:24:47.346] Load Cached PNG Texture: Squad/Parts/@thumbs/groundLight2_icon
[LOG 11:24:47.346] Load Cached PNG Texture: Squad/Parts/@thumbs/HeatShield0_icon
[LOG 11:24:47.347] Load Cached PNG Texture: Squad/Parts/@thumbs/HeatShield1_icon
[LOG 11:24:47.347] Load Cached PNG Texture: Squad/Parts/@thumbs/HECS2.ProbeCore_icon
[LOG 11:24:47.347] Load Cached PNG Texture: Squad/Parts/@thumbs/HighGainAntenna5.v2_icon
[LOG 11:24:47.347] Load Cached PNG Texture: Squad/Parts/@thumbs/HighGainAntenna5_icon
[LOG 11:24:47.347] Load Cached PNG Texture: Squad/Parts/@thumbs/HighGainAntenna_icon
[LOG 11:24:47.347] Load Cached PNG Texture: Squad/Parts/@thumbs/IntakeRadialLong_icon
[LOG 11:24:47.347] Load Cached PNG Texture: Squad/Parts/@thumbs/ionEngine_icon
[LOG 11:24:47.347] Load Cached PNG Texture: Squad/Parts/@thumbs/ksp.r.largeBatteryPack_icon
[LOG 11:24:47.347] Load Cached PNG Texture: Squad/Parts/@thumbs/ladder1_icon
[LOG 11:24:47.348] Load Cached PNG Texture: Squad/Parts/@thumbs/landingLeg1-2_icon
[LOG 11:24:47.348] Load Cached PNG Texture: Squad/Parts/@thumbs/landingLeg1_icon
[LOG 11:24:47.348] Load Cached PNG Texture: Squad/Parts/@thumbs/LgRadialSolarPanel_icon
[LOG 11:24:47.349] Load Cached PNG Texture: Squad/Parts/@thumbs/linearRcs_icon
[LOG 11:24:47.349] Load Cached PNG Texture: Squad/Parts/@thumbs/liquidEngine3.v2_icon0
[LOG 11:24:47.349] Load Cached PNG Texture: Squad/Parts/@thumbs/liquidEngine3.v2_icon1
[LOG 11:24:47.350] Load Cached PNG Texture: Squad/Parts/@thumbs/liquidEngine3.v2_icon2
[LOG 11:24:47.350] Load Cached PNG Texture: Squad/Parts/@thumbs/liquidEngineMini.v2_icon0
[LOG 11:24:47.350] Load Cached PNG Texture: Squad/Parts/@thumbs/liquidEngineMini.v2_icon1
[LOG 11:24:47.350] Load Cached PNG Texture: Squad/Parts/@thumbs/liquidEngineMini.v2_icon2
[LOG 11:24:47.350] Load Cached PNG Texture: Squad/Parts/@thumbs/longAntenna_icon
[LOG 11:24:47.350] Load Cached PNG Texture: Squad/Parts/@thumbs/Magnetometer_icon
[LOG 11:24:47.350] Load Cached PNG Texture: Squad/Parts/@thumbs/mediumDishAntenna_icon
[LOG 11:24:47.350] Load Cached PNG Texture: Squad/Parts/@thumbs/microEngine.v2_icon0
[LOG 11:24:47.350] Load Cached PNG Texture: Squad/Parts/@thumbs/microEngine.v2_icon1
[LOG 11:24:47.351] Load Cached PNG Texture: Squad/Parts/@thumbs/MiniDrill_icon
[LOG 11:24:47.351] Load Cached PNG Texture: Squad/Parts/@thumbs/miniFuelTank_icon
[LOG 11:24:47.351] Load Cached PNG Texture: Squad/Parts/@thumbs/miniFuselage_icon
[LOG 11:24:47.351] Load Cached PNG Texture: Squad/Parts/@thumbs/miniIntake_icon
[LOG 11:24:47.351] Load Cached PNG Texture: Squad/Parts/@thumbs/miniJetEngine_icon
[LOG 11:24:47.351] Load Cached PNG Texture: Squad/Parts/@thumbs/miniLandingLeg_icon
[LOG 11:24:47.351] Load Cached PNG Texture: Squad/Parts/@thumbs/Mite_icon
[LOG 11:24:47.351] Load Cached PNG Texture: Squad/Parts/@thumbs/mk1pod.v2_icon0
[LOG 11:24:47.352] Load Cached PNG Texture: Squad/Parts/@thumbs/mk2DroneCore_icon
[LOG 11:24:47.352] Load Cached PNG Texture: Squad/Parts/@thumbs/MpoProbe_icon
[LOG 11:24:47.352] Load Cached PNG Texture: Squad/Parts/@thumbs/navLight1_icon0
[LOG 11:24:47.352] Load Cached PNG Texture: Squad/Parts/@thumbs/navLight1_icon1
[LOG 11:24:47.352] Load Cached PNG Texture: Squad/Parts/@thumbs/noseCone_icon0
[LOG 11:24:47.352] Load Cached PNG Texture: Squad/Parts/@thumbs/noseCone_icon1
[LOG 11:24:47.352] Load Cached PNG Texture: Squad/Parts/@thumbs/noseCone_icon2
[LOG 11:24:47.352] Load Cached PNG Texture: Squad/Parts/@thumbs/omsEngine_icon
[LOG 11:24:47.352] Load Cached PNG Texture: Squad/Parts/@thumbs/OrbitalScanner_icon
[LOG 11:24:47.356] Load Cached PNG Texture: Squad/Parts/@thumbs/parachuteDrogue_icon
[LOG 11:24:47.356] Load Cached PNG Texture: Squad/Parts/@thumbs/parachuteLarge_icon
[LOG 11:24:47.358] Load Cached PNG Texture: Squad/Parts/@thumbs/parachuteRadial_icon
[LOG 11:24:47.358] Load Cached PNG Texture: Squad/Parts/@thumbs/parachuteSingle_icon
[LOG 11:24:47.359] Load Cached PNG Texture: Squad/Parts/@thumbs/probeCoreCube_icon
[LOG 11:24:47.359] Load Cached PNG Texture: Squad/Parts/@thumbs/probeCoreHex.v2_icon
[LOG 11:24:47.359] Load Cached PNG Texture: Squad/Parts/@thumbs/probeCoreOcto.v2_icon
[LOG 11:24:47.359] Load Cached PNG Texture: Squad/Parts/@thumbs/probeCoreOcto2.v2_icon
[LOG 11:24:47.359] Load Cached PNG Texture: Squad/Parts/@thumbs/probeCoreSphere.v2_icon
[LOG 11:24:47.359] Load Cached PNG Texture: Squad/Parts/@thumbs/probeStackLarge_icon
[LOG 11:24:47.359] Load Cached PNG Texture: Squad/Parts/@thumbs/probeStackSmall_icon
[LOG 11:24:47.359] Load Cached PNG Texture: Squad/Parts/@thumbs/R8winglet_icon
[LOG 11:24:47.359] Load Cached PNG Texture: Squad/Parts/@thumbs/radialDecoupler1-2_icon
[LOG 11:24:47.359] Load Cached PNG Texture: Squad/Parts/@thumbs/radialDecoupler2_icon
[LOG 11:24:47.359] Load Cached PNG Texture: Squad/Parts/@thumbs/radialDecoupler_icon
[LOG 11:24:47.360] Load Cached PNG Texture: Squad/Parts/@thumbs/radialDrogue_icon
[LOG 11:24:47.360] Load Cached PNG Texture: Squad/Parts/@thumbs/radialEngineMini.v2_icon0
[LOG 11:24:47.360] Load Cached PNG Texture: Squad/Parts/@thumbs/radialEngineMini.v2_icon1
[LOG 11:24:47.360] Load Cached PNG Texture: Squad/Parts/@thumbs/radialLiquidEngine1-2_icon
[LOG 11:24:47.360] Load Cached PNG Texture: Squad/Parts/@thumbs/RadialOreTank_icon
[LOG 11:24:47.360] Load Cached PNG Texture: Squad/Parts/@thumbs/radialRCSTank_icon
[LOG 11:24:47.360] Load Cached PNG Texture: Squad/Parts/@thumbs/radPanelEdge_icon
[LOG 11:24:47.360] Load Cached PNG Texture: Squad/Parts/@thumbs/radPanelLg_icon
[LOG 11:24:47.361] Load Cached PNG Texture: Squad/Parts/@thumbs/radPanelSm_icon
[LOG 11:24:47.361] Load Cached PNG Texture: Squad/Parts/@thumbs/RCSblock.01.small_icon0
[LOG 11:24:47.361] Load Cached PNG Texture: Squad/Parts/@thumbs/RCSblock.01.small_icon1
[LOG 11:24:47.361] Load Cached PNG Texture: Squad/Parts/@thumbs/RCSblock.01.small_icon2
[LOG 11:24:47.361] Load Cached PNG Texture: Squad/Parts/@thumbs/RCSblock.01.small_icon3
[LOG 11:24:47.361] Load Cached PNG Texture: Squad/Parts/@thumbs/RCSblock.01.small_icon4
[LOG 11:24:47.361] Load Cached PNG Texture: Squad/Parts/@thumbs/RCSBlock.v2_icon
[LOG 11:24:47.361] Load Cached PNG Texture: Squad/Parts/@thumbs/RCSBlock.v2_icon0
[LOG 11:24:47.361] Load Cached PNG Texture: Squad/Parts/@thumbs/RCSBlock.v2_icon1
[LOG 11:24:47.361] Load Cached PNG Texture: Squad/Parts/@thumbs/RCSBlock.v2_icon2
[LOG 11:24:47.362] Load Cached PNG Texture: Squad/Parts/@thumbs/RCSBlock.v2_icon3
[LOG 11:24:47.362] Load Cached PNG Texture: Squad/Parts/@thumbs/RCSBlock.v2_icon4
[LOG 11:24:47.362] Load Cached PNG Texture: Squad/Parts/@thumbs/RCSFuelTank_icon
[LOG 11:24:47.362] Load Cached PNG Texture: Squad/Parts/@thumbs/RCSLinearSmall_icon
[LOG 11:24:47.362] Load Cached PNG Texture: Squad/Parts/@thumbs/rcsTankMini_icon
[LOG 11:24:47.362] Load Cached PNG Texture: Squad/Parts/@thumbs/RelayAntenna5_icon
[LOG 11:24:47.362] Load Cached PNG Texture: Squad/Parts/@thumbs/ReleaseValve_icon
[LOG 11:24:47.362] Load Cached PNG Texture: Squad/Parts/@thumbs/roverBody.v2_icon0
[LOG 11:24:47.362] Load Cached PNG Texture: Squad/Parts/@thumbs/roverBody.v2_icon1
[LOG 11:24:47.362] Load Cached PNG Texture: Squad/Parts/@thumbs/roverBody.v2_icon2
[LOG 11:24:47.362] Load Cached PNG Texture: Squad/Parts/@thumbs/roverWheel1_icon
[LOG 11:24:47.362] Load Cached PNG Texture: Squad/Parts/@thumbs/roverWheel2_icon
[LOG 11:24:47.362] Load Cached PNG Texture: Squad/Parts/@thumbs/rtg_icon
[LOG 11:24:47.363] Load Cached PNG Texture: Squad/Parts/@thumbs/sasModule_icon
[LOG 11:24:47.363] Load Cached PNG Texture: Squad/Parts/@thumbs/science.module_icon
[LOG 11:24:47.363] Load Cached PNG Texture: Squad/Parts/@thumbs/ScienceBox_icon
[LOG 11:24:47.363] Load Cached PNG Texture: Squad/Parts/@thumbs/seatExternalCmd_icon
[LOG 11:24:47.363] Load Cached PNG Texture: Squad/Parts/@thumbs/sensorAccelerometer_icon
[LOG 11:24:47.363] Load Cached PNG Texture: Squad/Parts/@thumbs/sensorAtmosphere_icon
[LOG 11:24:47.363] Load Cached PNG Texture: Squad/Parts/@thumbs/sensorBarometer_icon
[LOG 11:24:47.363] Load Cached PNG Texture: Squad/Parts/@thumbs/sensorGravimeter_icon
[LOG 11:24:47.363] Load Cached PNG Texture: Squad/Parts/@thumbs/sensorThermometer_icon
[LOG 11:24:47.363] Load Cached PNG Texture: Squad/Parts/@thumbs/Separator.0_icon0
[LOG 11:24:47.363] Load Cached PNG Texture: Squad/Parts/@thumbs/Separator.0_icon1
[LOG 11:24:47.364] Load Cached PNG Texture: Squad/Parts/@thumbs/Separator.1_icon0
[LOG 11:24:47.364] Load Cached PNG Texture: Squad/Parts/@thumbs/Separator.1_icon1
[LOG 11:24:47.364] Load Cached PNG Texture: Squad/Parts/@thumbs/sepMotor1_icon
[LOG 11:24:47.364] Load Cached PNG Texture: Squad/Parts/@thumbs/ServiceBay.125.v2_icon
[LOG 11:24:47.364] Load Cached PNG Texture: Squad/Parts/@thumbs/shockConeIntake_icon
[LOG 11:24:47.374] Load Cached PNG Texture: Squad/Parts/@thumbs/Shrimp_icon
[LOG 11:24:47.374] Load Cached PNG Texture: Squad/Parts/@thumbs/smallCargoContainer_icon
[LOG 11:24:47.374] Load Cached PNG Texture: Squad/Parts/@thumbs/smallClaw_icon0
[LOG 11:24:47.375] Load Cached PNG Texture: Squad/Parts/@thumbs/smallClaw_icon1
[LOG 11:24:47.375] Load Cached PNG Texture: Squad/Parts/@thumbs/smallCtrlSrf_icon
[LOG 11:24:47.375] Load Cached PNG Texture: Squad/Parts/@thumbs/SmallGearBay_icon
[LOG 11:24:47.375] Load Cached PNG Texture: Squad/Parts/@thumbs/smallHardpoint_icon
[LOG 11:24:47.375] Load Cached PNG Texture: Squad/Parts/@thumbs/smallRadialEngine.v2_icon0
[LOG 11:24:47.375] Load Cached PNG Texture: Squad/Parts/@thumbs/smallRadialEngine.v2_icon1
[LOG 11:24:47.375] Load Cached PNG Texture: Squad/Parts/@thumbs/solarPanelOX10C_icon
[LOG 11:24:47.375] Load Cached PNG Texture: Squad/Parts/@thumbs/solarPanelOX10L_icon
[LOG 11:24:47.375] Load Cached PNG Texture: Squad/Parts/@thumbs/solarPanels1_icon
[LOG 11:24:47.375] Load Cached PNG Texture: Squad/Parts/@thumbs/solarPanels2_icon
[LOG 11:24:47.375] Load Cached PNG Texture: Squad/Parts/@thumbs/solarPanels3_icon
[LOG 11:24:47.375] Load Cached PNG Texture: Squad/Parts/@thumbs/solarPanels4_icon
[LOG 11:24:47.375] Load Cached PNG Texture: Squad/Parts/@thumbs/solarPanels5_icon
[LOG 11:24:47.376] Load Cached PNG Texture: Squad/Parts/@thumbs/solarPanelSP10C_icon
[LOG 11:24:47.376] Load Cached PNG Texture: Squad/Parts/@thumbs/solarPanelSP10L_icon
[LOG 11:24:47.376] Load Cached PNG Texture: Squad/Parts/@thumbs/spotLight1_icon
[LOG 11:24:47.376] Load Cached PNG Texture: Squad/Parts/@thumbs/spotLight2_icon
[LOG 11:24:47.376] Load Cached PNG Texture: Squad/Parts/@thumbs/spotLight3_icon0
[LOG 11:24:47.376] Load Cached PNG Texture: Squad/Parts/@thumbs/spotLight3_icon1
[LOG 11:24:47.376] Load Cached PNG Texture: Squad/Parts/@thumbs/stackPoint1_icon
[LOG 11:24:47.376] Load Cached PNG Texture: Squad/Parts/@thumbs/StandardCtrlSrf_icon
[LOG 11:24:47.376] Load Cached PNG Texture: Squad/Parts/@thumbs/standardNoseCone_icon
[LOG 11:24:47.376] Load Cached PNG Texture: Squad/Parts/@thumbs/stripLight1_icon0
[LOG 11:24:47.376] Load Cached PNG Texture: Squad/Parts/@thumbs/stripLight1_icon1
[LOG 11:24:47.376] Load Cached PNG Texture: Squad/Parts/@thumbs/structuralIBeam1_icon
[LOG 11:24:47.376] Load Cached PNG Texture: Squad/Parts/@thumbs/structuralIBeam3_icon
[LOG 11:24:47.376] Load Cached PNG Texture: Squad/Parts/@thumbs/structuralMiniNode_icon
[LOG 11:24:47.377] Load Cached PNG Texture: Squad/Parts/@thumbs/structuralPanel1_icon
[LOG 11:24:47.377] Load Cached PNG Texture: Squad/Parts/@thumbs/structuralPanel2_icon
[LOG 11:24:47.377] Load Cached PNG Texture: Squad/Parts/@thumbs/structuralWing4_icon
[LOG 11:24:47.377] Load Cached PNG Texture: Squad/Parts/@thumbs/strutCube_icon
[LOG 11:24:47.377] Load Cached PNG Texture: Squad/Parts/@thumbs/strutOcto_icon
[LOG 11:24:47.377] Load Cached PNG Texture: Squad/Parts/@thumbs/SurfaceScanner_icon
[LOG 11:24:47.377] Load Cached PNG Texture: Squad/Parts/@thumbs/SurfAntenna_icon
[LOG 11:24:47.377] Load Cached PNG Texture: Squad/Parts/@thumbs/telescopicLadderBay_icon
[LOG 11:24:47.377] Load Cached PNG Texture: Squad/Parts/@thumbs/telescopicLadder_icon
[LOG 11:24:47.377] Load Cached PNG Texture: Squad/Parts/@thumbs/toroidalAerospike_icon
[LOG 11:24:47.377] Load Cached PNG Texture: Squad/Parts/@thumbs/trussAdapter_icon
[LOG 11:24:47.377] Load Cached PNG Texture: Squad/Parts/@thumbs/trussPiece1x_icon
[LOG 11:24:47.377] Load Cached PNG Texture: Squad/Parts/@thumbs/trussPiece3x_icon
[LOG 11:24:47.378] Load Cached PNG Texture: Squad/Parts/@thumbs/vernierEngine_icon
[LOG 11:24:47.378] Load Cached PNG Texture: Squad/Parts/@thumbs/wheelMed_icon
[LOG 11:24:47.378] Load Cached PNG Texture: Squad/Parts/@thumbs/wingConnector4_icon
[LOG 11:24:47.378] Load Cached PNG Texture: Squad/Parts/@thumbs/wingConnector5_icon
[LOG 11:24:47.378] Load Cached PNG Texture: Squad/Parts/@thumbs/winglet3_icon
[LOG 11:24:47.378] Load Cached PNG Texture: Squad/Parts/@thumbs/winglet_icon
[LOG 11:24:47.378] Load Cached PNG Texture: Squad/Parts/@thumbs/wingShuttleElevon1_icon
[LOG 11:24:47.378] Load Cached PNG Texture: Squad/Parts/@thumbs/xenonTankLarge_icon
[LOG 11:24:47.382] Load Cached PNG Texture: Squad/Parts/@thumbs/xenonTankRadial_icon
[LOG 11:24:47.383] Load Cached PNG Texture: Squad/Parts/@thumbs/xenonTank_icon
[LOG 11:24:47.383] Load DDS texture: Squad/Parts/Aero/aerodynamicNoseCone/Rockomax_Adapters_diffuse
[LOG 11:24:47.384] Load DDS texture: Squad/Parts/Aero/aerodynamicNoseCone/Rockomax_Adapters_normal
[LOG 11:24:47.384] Load DDS texture: Squad/Parts/Aero/airbrake/airbrake
[LOG 11:24:47.384] Load DDS texture: Squad/Parts/Aero/airIntakeRadialXM-G50/RadialIntake
[LOG 11:24:47.384] Load DDS texture: Squad/Parts/Aero/airlinerWings/AirlinerWings
[LOG 11:24:47.390] Load DDS texture: Squad/Parts/Aero/airplaneFins/AirplaneFins
[LOG 11:24:47.396] Load DDS texture: Squad/Parts/Aero/basicFin/BasicFin
[LOG 11:24:47.396] Load DDS texture: Squad/Parts/Aero/circularIntake/CircluarIntakes
[LOG 11:24:47.396] Load DDS texture: Squad/Parts/Aero/circularIntake/CircluarIntakes_Heat
[LOG 11:24:47.398] Load DDS texture: Squad/Parts/Aero/cones/Assets/Cones
[LOG 11:24:47.398] Load DDS texture: Squad/Parts/Aero/cones/Assets/ConesDiffuse
[LOG 11:24:47.400] Load DDS texture: Squad/Parts/Aero/cones/Assets/ConesDiffuse_Orange
[LOG 11:24:47.403] Load DDS texture: Squad/Parts/Aero/cones/Assets/ConesDiffuse_White
[LOG 11:24:47.405] Load DDS texture: Squad/Parts/Aero/cones/Assets/ConesHeat
[LOG 11:24:47.408] Load DDS texture: Squad/Parts/Aero/cones/Assets/ConesHeat_Orange
[LOG 11:24:47.413] Load DDS texture: Squad/Parts/Aero/cones/Assets/ConesHeat_White
[LOG 11:24:47.414] Load DDS texture: Squad/Parts/Aero/cones/Assets/Cones_Heat
[LOG 11:24:47.415] Load Cached PNG Texture: Squad/Parts/Aero/cones/Assets/rocketNoseCones_O
[LOG 11:24:47.425] Load Cached PNG Texture: Squad/Parts/Aero/cones/Assets/rocketNoseCones_O_Normal
[LOG 11:24:47.426] Load DDS texture: Squad/Parts/Aero/cones/Assets/rocketNoseCones_W
[LOG 11:24:47.434] Load DDS texture: Squad/Parts/Aero/cones/Assets/Rockomax_Adapters_diffuse
[LOG 11:24:47.434] Load DDS texture: Squad/Parts/Aero/cones/Assets/Rockomax_Adapters_normal
[LOG 11:24:47.435] Load DDS texture: Squad/Parts/Aero/fairings/AutoTruss
[LOG 11:24:47.435] Load DDS texture: Squad/Parts/Aero/fairings/FairingBase
[LOG 11:24:47.435] Load DDS texture: Squad/Parts/Aero/fairings/FairingBaseNormals
[LOG 11:24:47.436] Load DDS texture: Squad/Parts/Aero/fairings/FairingBaseNormals_bw
[LOG 11:24:47.436] Load DDS texture: Squad/Parts/Aero/fairings/FairingBaseNormals_goldSilver
[LOG 11:24:47.437] Load DDS texture: Squad/Parts/Aero/fairings/FairingBaseNormals_orange
[LOG 11:24:47.437] Load Cached PNG Texture: Squad/Parts/Aero/fairings/FairingBase_black
[LOG 11:24:47.441] Load DDS texture: Squad/Parts/Aero/fairings/FairingBase_bw
[LOG 11:24:47.443] Load DDS texture: Squad/Parts/Aero/fairings/FairingBase_goldDiffuse
[LOG 11:24:47.443] Load DDS texture: Squad/Parts/Aero/fairings/FairingBase_goldSpecular
[LOG 11:24:47.444] Load DDS texture: Squad/Parts/Aero/fairings/FairingBase_orange
[LOG 11:24:47.445] Load DDS texture: Squad/Parts/Aero/fairings/FairingBase_silverDiffuse
[LOG 11:24:47.446] Load DDS texture: Squad/Parts/Aero/fairings/FairingBase_silverSpecular
[LOG 11:24:47.446] Load DDS texture: Squad/Parts/Aero/fairings/fairingsCap
[LOG 11:24:47.447] Load DDS texture: Squad/Parts/Aero/fairings/FairingsMat_silverSpecular
[LOG 11:24:47.456] Load DDS texture: Squad/Parts/Aero/fairings/fairings_diff
[LOG 11:24:47.461] Load DDS texture: Squad/Parts/Aero/fairings/fairings_diff_grey
[LOG 11:24:47.462] Load DDS texture: Squad/Parts/Aero/fairings/fairings_diff_orange
[LOG 11:24:47.464] Load DDS texture: Squad/Parts/Aero/fairings/fairings_grey_normals
[LOG 11:24:47.465] Load DDS texture: Squad/Parts/Aero/fairings/fairings_normals
[LOG 11:24:47.466] Load DDS texture: Squad/Parts/Aero/fairings/fairings_normals_silver
[LOG 11:24:47.469] Load DDS texture: Squad/Parts/Aero/fairings/fairings_orange_normals
[LOG 11:24:47.470] Load DDS texture: Squad/Parts/Aero/fairings/fairings_silverDiffuse
[LOG 11:24:47.474] Load DDS texture: Squad/Parts/Aero/HeatShield/Fairing
[LOG 11:24:47.474] Load DDS texture: Squad/Parts/Aero/HeatShield/heatshield
[LOG 11:24:47.475] Load DDS texture: Squad/Parts/Aero/InflatableHeatShield/HeatShield
[LOG 11:24:47.476] Load DDS texture: Squad/Parts/Aero/InflatableHeatShield/HeatShieldFairing
[LOG 11:24:47.476] Load DDS texture: Squad/Parts/Aero/InflatableHeatShield/HeatShield_NRM
[LOG 11:24:47.485] Load DDS texture: Squad/Parts/Aero/intakeRadialLong/Radial_long
[LOG 11:24:47.487] Load DDS texture: Squad/Parts/Aero/miniIntake/SmallIntake
[LOG 11:24:47.487] Load DDS texture: Squad/Parts/Aero/ramAirIntake/RampIntake
[LOG 11:24:47.487] Load DDS texture: Squad/Parts/Aero/ramAirIntake/RampIntake_Heat
[LOG 11:24:47.488] Load DDS texture: Squad/Parts/Aero/shuttleWings/ShuttleWings
[LOG 11:24:47.497] Load DDS texture: Squad/Parts/Aero/wingletAV-R8/model000
[LOG 11:24:47.497] Load DDS texture: Squad/Parts/Aero/wingletAV-R8/model001
[LOG 11:24:47.497] Load DDS texture: Squad/Parts/Aero/wingletAV-T1/model000
[LOG 11:24:47.497] Load DDS texture: Squad/Parts/Aero/wingletAV-T1/model001
[LOG 11:24:47.497] Load DDS texture: Squad/Parts/Aero/wingletDeltaDeluxe/model000
[LOG 11:24:47.498] Load DDS texture: Squad/Parts/Aero/wings/Wings
[LOG 11:24:47.499] Load DDS texture: Squad/Parts/Cargo/CargoContainers/cargoContainer_diff
[LOG 11:24:47.499] Load DDS texture: Squad/Parts/Cargo/CargoContainers/smallCargoContainer_diffuse
[LOG 11:24:47.500] Load DDS texture: Squad/Parts/Cargo/CargoContainers/smallCargoContainer_nrm
[LOG 11:24:47.500] Load DDS texture: Squad/Parts/Cargo/CargoContainers/smallCargoContainer_specular
[LOG 11:24:47.500] Load DDS texture: Squad/Parts/Cargo/Cylinder/EVAcylinder_diffuse
[LOG 11:24:47.500] Load DDS texture: Squad/Parts/Cargo/Cylinder/EVAcylinder_nrm
[LOG 11:24:47.501] Load DDS texture: Squad/Parts/Cargo/GroundAnchor/groundAnchor_diffuse
[LOG 11:24:47.501] Load DDS texture: Squad/Parts/Cargo/GroundAnchor/groundAnchor_nrm
[LOG 11:24:47.502] Load DDS texture: Squad/Parts/Cargo/Jetpack/EVAjetpack
[LOG 11:24:47.507] Load DDS texture: Squad/Parts/Cargo/Jetpack/EVAjetpackEmmisive
[LOG 11:24:47.508] Load DDS texture: Squad/Parts/Cargo/Jetpack/EVAjetpackNRM
[LOG 11:24:47.511] Load DDS texture: Squad/Parts/Cargo/Parachute/backpack_Diff
[LOG 11:24:47.517] Load DDS texture: Squad/Parts/Cargo/Parachute/backpack_NM
[LOG 11:24:47.529] Load DDS texture: Squad/Parts/Cargo/RepairKit/RepairKit_Diffuse
[LOG 11:24:47.539] Load DDS texture: Squad/Parts/Cargo/RepairKit/RepairKit_Normal
[LOG 11:24:47.540] Load DDS texture: Squad/Parts/Cargo/ScienceKit/ExperimentKit_Material_Diffuse
[LOG 11:24:47.542] Load DDS texture: Squad/Parts/Cargo/ScienceKit/ExperimentKit_Material_Emissive
[LOG 11:24:47.543] Load DDS texture: Squad/Parts/Cargo/ScienceKit/ExperimentKit_Material_Normal
[LOG 11:24:47.545] Load DDS texture: Squad/Parts/Cargo/StorageUnits/Assets/Cargo_Material_Diffuse
[LOG 11:24:47.551] Load DDS texture: Squad/Parts/Cargo/StorageUnits/Assets/Cargo_Material_Normal
[LOG 11:24:47.558] Load DDS texture: Squad/Parts/Command/advancedSasModuleLarge/model000
[LOG 11:24:47.560] Load DDS texture: Squad/Parts/Command/advancedSasModuleLarge/model001
[LOG 11:24:47.560] Load DDS texture: Squad/Parts/Command/cupola/cupola_Emissive
[LOG 11:24:47.561] Load DDS texture: Squad/Parts/Command/cupola/ksp_l_cupola_diff
[LOG 11:24:47.561] Load DDS texture: Squad/Parts/Command/cupola/ksp_l_cupola_normal
[LOG 11:24:47.563] Load DDS texture: Squad/Parts/Command/cupola/window
[LOG 11:24:47.564] Load DDS texture: Squad/Parts/Command/externalCommandSeat/model000
[LOG 11:24:47.566] Load DDS texture: Squad/Parts/Command/hitchhikerStorageContainer/cabin
[LOG 11:24:47.568] Load DDS texture: Squad/Parts/Command/hitchhikerStorageContainer/cabin_Illum
[LOG 11:24:47.568] Load DDS texture: Squad/Parts/Command/hitchhikerStorageContainer/cabin_n
[LOG 11:24:47.570] Load DDS texture: Squad/Parts/Command/hitchhikerStorageContainer/window
[LOG 11:24:47.571] Load DDS texture: Squad/Parts/Command/inlineAdvancedStabilizer/model000
[LOG 11:24:47.571] Load DDS texture: Squad/Parts/Command/inlineAdvancedStabilizer/model001
[LOG 11:24:47.571] Load DDS texture: Squad/Parts/Command/inlineReactionWheel/model000
[LOG 11:24:47.571] Load DDS texture: Squad/Parts/Command/inlineReactionWheel/model001
[LOG 11:24:47.571] Load DDS texture: Squad/Parts/Command/inlineReactionWheel/model002
[LOG 11:24:47.571] Load DDS texture: Squad/Parts/Command/Mk1-2Pod/mk 1-2 external shell Variant-Hatch
[LOG 11:24:47.574] Load DDS texture: Squad/Parts/Command/Mk1-3Pod/M1-3 Pod
[LOG 11:24:47.576] Load DDS texture: Squad/Parts/Command/Mk1-3Pod/M1-3 Pod_GLOW
[LOG 11:24:47.576] Load DDS texture: Squad/Parts/Command/mk1Cockpits/GLOW
[LOG 11:24:47.577] Load DDS texture: Squad/Parts/Command/mk1Cockpits/Mk1Cockpit
[LOG 11:24:47.580] Load DDS texture: Squad/Parts/Command/mk1LanderCan/ksp_s_landerCan_diff
[LOG 11:24:47.581] Load DDS texture: Squad/Parts/Command/mk1LanderCan/ksp_s_landerCan_normal
[LOG 11:24:47.581] Load DDS texture: Squad/Parts/Command/mk1LanderCan/ksp_s_landerCan_psd_illum
[LOG 11:24:47.582] Load DDS texture: Squad/Parts/Command/mk1pod/outer shell
[LOG 11:24:47.582] Load DDS texture: Squad/Parts/Command/mk1pod_v2/Mk1_v2
[LOG 11:24:47.583] Load DDS texture: Squad/Parts/Command/mk1pod_v2/Mk1_v2_GLOW
[LOG 11:24:47.584] Load DDS texture: Squad/Parts/Command/mk1pod_v2/Mk1_v2_GW
[LOG 11:24:47.586] Load DDS texture: Squad/Parts/Command/mk1pod_v2/Mk1_v2_N
[LOG 11:24:47.588] Load DDS texture: Squad/Parts/Command/mk1pod_v2/Mk1_v2_W
[LOG 11:24:47.589] Load DDS texture: Squad/Parts/Command/mk1pod_v2/Mk1_v2_W_N
[LOG 11:24:47.590] Load DDS texture: Squad/Parts/Command/mk2CockpitInline/Cockpit_inline_A
[LOG 11:24:47.591] Load DDS texture: Squad/Parts/Command/mk2CockpitInline/Cockpit_inline_Emissive
[LOG 11:24:47.591] Load DDS texture: Squad/Parts/Command/mk2CockpitInline/Cockpit_inline_normal
[LOG 11:24:47.592] Load DDS texture: Squad/Parts/Command/mk2CockpitStandard/Cockpit
[LOG 11:24:47.594] Load DDS texture: Squad/Parts/Command/mk2CockpitStandard/Cockpit_Lum
[LOG 11:24:47.595] Load DDS texture: Squad/Parts/Command/mk2CockpitStandard/Cockpit_NRM
[LOG 11:24:47.597] Load DDS texture: Squad/Parts/Command/mk2DroneCore/mk2Dronecore
[LOG 11:24:47.597] Load DDS texture: Squad/Parts/Command/mk2LanderCan/Illum
[LOG 11:24:47.598] Load DDS texture: Squad/Parts/Command/mk2LanderCan/ladder
[LOG 11:24:47.598] Load DDS texture: Squad/Parts/Command/mk2LanderCan/outershell
[LOG 11:24:47.599] Load DDS texture: Squad/Parts/Command/mk2LanderCan/outershell_n
[LOG 11:24:47.599] Load DDS texture: Squad/Parts/Command/mk2LanderCan/window
[LOG 11:24:47.599] Load DDS texture: Squad/Parts/Command/mk2LanderCan_v2/Mk2Can
[LOG 11:24:47.614] Load DDS texture: Squad/Parts/Command/mk2LanderCan_v2/Mk2Can_glow
[LOG 11:24:47.620] Load DDS texture: Squad/Parts/Command/mk3CockpitShuttle/Mk3CockpitShuttle
[LOG 11:24:47.622] Load DDS texture: Squad/Parts/Command/mk3CockpitShuttle/Mk3CockpitShuttle_LUM
[LOG 11:24:47.622] Load DDS texture: Squad/Parts/Command/MpoProbe/MpoProbe_diffuse
[LOG 11:24:47.623] Load DDS texture: Squad/Parts/Command/MpoProbe/MpoProbe_nrm
[LOG 11:24:47.631] Load DDS texture: Squad/Parts/Command/MpoProbe/MpoProbe_specular
[LOG 11:24:47.631] Load DDS texture: Squad/Parts/Command/MtmStage/mtmStage_diffuse
[LOG 11:24:47.634] Load DDS texture: Squad/Parts/Command/MtmStage/mtmStage_nrm
[LOG 11:24:47.635] Load DDS texture: Squad/Parts/Command/MtmStage/mtmStage_specular
[LOG 11:24:47.637] Load DDS texture: Squad/Parts/Command/probeCoreCube/QBE_New_diffuse
[LOG 11:24:47.638] Load Cached PNG Texture: Squad/Parts/Command/probeCoreCube/QBE_New_NRM
[LOG 11:24:47.641] Load DDS texture: Squad/Parts/Command/probeCoreCube/QBE_New_specular
[LOG 11:24:47.641] Load DDS texture: Squad/Parts/Command/probeCoreHex/ksp_m_hexProbe_diff
[LOG 11:24:47.644] Load DDS texture: Squad/Parts/Command/probeCoreHex/ksp_m_hexProbe_normal
[LOG 11:24:47.644] Load DDS texture: Squad/Parts/Command/probeCoreHex_v2/hecsDiffuse
[LOG 11:24:47.645] Load DDS texture: Squad/Parts/Command/probeCoreHex_v2/hecsNormal
[LOG 11:24:47.647] Load DDS texture: Squad/Parts/Command/probeCoreOcto2_v2/octoDiffuse
[LOG 11:24:47.648] Load DDS texture: Squad/Parts/Command/probeCoreOcto2_v2/octoNormal
[LOG 11:24:47.648] Load DDS texture: Squad/Parts/Command/probeCoreOcto2_v2/octoSpecular
[LOG 11:24:47.648] Load DDS texture: Squad/Parts/Command/probeCoreOcto_v2/octoDiffuse
[LOG 11:24:47.648] Load DDS texture: Squad/Parts/Command/probeCoreOcto_v2/octoNormal
[LOG 11:24:47.648] Load DDS texture: Squad/Parts/Command/probeCoreOcto_v2/octoSpecular
[LOG 11:24:47.649] Load DDS texture: Squad/Parts/Command/probeRoverBody/model000
[LOG 11:24:47.649] Load DDS texture: Squad/Parts/Command/probeRoverBody/model001
[LOG 11:24:47.649] Load DDS texture: Squad/Parts/Command/probeRoverBody_v2/probeRoverBody_v2_gold_diffuse
[LOG 11:24:47.653] Load Cached PNG Texture: Squad/Parts/Command/probeRoverBody_v2/probeRoverBody_v2_gold_NRM
[LOG 11:24:47.654] Load DDS texture: Squad/Parts/Command/probeRoverBody_v2/probeRoverBody_v2_gold_specular
[LOG 11:24:47.656] Load DDS texture: Squad/Parts/Command/probeRoverBody_v2/probeRoverBody_v2_silver_diffuse
[LOG 11:24:47.657] Load Cached PNG Texture: Squad/Parts/Command/probeRoverBody_v2/probeRoverBody_v2_silver_NRM
[LOG 11:24:47.661] Load DDS texture: Squad/Parts/Command/probeRoverBody_v2/probeRoverBody_v2_silver_specular
[LOG 11:24:47.662] Load DDS texture: Squad/Parts/Command/probeRoverBody_v2/QBE_New_diffuse
[LOG 11:24:47.662] Load DDS texture: Squad/Parts/Command/probeRoverBody_v2/QBE_New_NRM
[LOG 11:24:47.664] Load DDS texture: Squad/Parts/Command/probeRoverBody_v2/QBE_New_specular
[LOG 11:24:47.664] Load DDS texture: Squad/Parts/Command/probeStackLarge/model000
[LOG 11:24:47.664] Load DDS texture: Squad/Parts/Command/probeStackLarge/model001
[LOG 11:24:47.665] Load DDS texture: Squad/Parts/Command/probeStackSmall/model000
[LOG 11:24:47.666] Load DDS texture: Squad/Parts/Command/probeStackSmall/model001
[LOG 11:24:47.668] Load DDS texture: Squad/Parts/Command/probeStackSphere_v2/probeStackSphere_diffuse
[LOG 11:24:47.669] Load DDS texture: Squad/Parts/Command/probeStackSphere_v2/probeStackSphere_normal
[LOG 11:24:47.671] Load DDS texture: Squad/Parts/Command/probeStackSphere_v2/probeStackSphere_specular
[LOG 11:24:47.678] Load Cached PNG Texture: Squad/Parts/CompoundParts/@thumbs/fuelLine_icon0
[LOG 11:24:47.680] Load Cached PNG Texture: Squad/Parts/CompoundParts/@thumbs/fuelLine_icon1
[LOG 11:24:47.681] Load Cached PNG Texture: Squad/Parts/CompoundParts/@thumbs/strutConnector_icon0
[LOG 11:24:47.681] Load Cached PNG Texture: Squad/Parts/CompoundParts/@thumbs/strutConnector_icon1
[LOG 11:24:47.681] Load DDS texture: Squad/Parts/CompoundParts/FuelLine/FTX-2 External Fuel Duct
[LOG 11:24:47.681] Load DDS texture: Squad/Parts/CompoundParts/FuelLine/FTX-2 External Fuel Duct_ESA
[LOG 11:24:47.681] Load DDS texture: Squad/Parts/CompoundParts/strutConnector/EAS-4 Strut Connector
[LOG 11:24:47.681] Load DDS texture: Squad/Parts/CompoundParts/strutConnector/EAS-4 Strut Connector_white
[LOG 11:24:47.681] Load DDS texture: Squad/Parts/Coupling/Assets/Decouplers
[LOG 11:24:47.684] Load DDS texture: Squad/Parts/Coupling/Assets/Decouplers_N
[LOG 11:24:47.687] Load DDS texture: Squad/Parts/Coupling/Assets/Decouplers_whiteYellow
[LOG 11:24:47.690] Load DDS texture: Squad/Parts/Coupling/Assets/Decouplers_whiteYellow_N
[LOG 11:24:47.693] Load DDS texture: Squad/Parts/Electrical/10CSolarPanels/assets/circularSolarPanel_diffuse
[LOG 11:24:47.696] Load DDS texture: Squad/Parts/Electrical/10CSolarPanels/assets/circularSolarPanel_nrm
[LOG 11:24:47.696] Load DDS texture: Squad/Parts/Electrical/10LSolarPanels/assets/retractableSolarPanel_diffuse
[LOG 11:24:47.699] Load DDS texture: Squad/Parts/Electrical/10LSolarPanels/assets/retractableSolarPanel_nrm
[LOG 11:24:47.700] Load DDS texture: Squad/Parts/Electrical/1x6ShroudSolarPanels/model000
[LOG 11:24:47.701] Load DDS texture: Squad/Parts/Electrical/1x6ShroudSolarPanels/model001
[LOG 11:24:47.706] Load DDS texture: Squad/Parts/Electrical/1x6ShroudSolarPanels/model002
[LOG 11:24:47.706] Load DDS texture: Squad/Parts/Electrical/1x6SolarPanels/model000
[LOG 11:24:47.706] Load DDS texture: Squad/Parts/Electrical/1x6SolarPanels/model001
[LOG 11:24:47.706] Load DDS texture: Squad/Parts/Electrical/1x6SolarPanels/model002
[LOG 11:24:47.709] Load DDS texture: Squad/Parts/Electrical/3x2ShroudSolarPanels/model000
[LOG 11:24:47.709] Load DDS texture: Squad/Parts/Electrical/3x2ShroudSolarPanels/model001
[LOG 11:24:47.709] Load DDS texture: Squad/Parts/Electrical/3x2ShroudSolarPanels/model002
[LOG 11:24:47.709] Load DDS texture: Squad/Parts/Electrical/3x2SolarPanels/model000
[LOG 11:24:47.709] Load DDS texture: Squad/Parts/Electrical/3x2SolarPanels/model001
[LOG 11:24:47.709] Load DDS texture: Squad/Parts/Electrical/3x2SolarPanels/model002
[LOG 11:24:47.710] Load DDS texture: Squad/Parts/Electrical/gigantorXlSolarArray/panel
[LOG 11:24:47.710] Load DDS texture: Squad/Parts/Electrical/radialFlatSolarPanel/model000
[LOG 11:24:47.710] Load DDS texture: Squad/Parts/Electrical/RTG/model000
[LOG 11:24:47.710] Load DDS texture: Squad/Parts/Electrical/z-100Battery/model000
[LOG 11:24:47.710] Load DDS texture: Squad/Parts/Electrical/z-1kBattery/model000
[LOG 11:24:47.710] Load DDS texture: Squad/Parts/Electrical/z-1kBattery/model001
[LOG 11:24:47.710] Load DDS texture: Squad/Parts/Electrical/z-200Battery/ksp_m_batteryPack_diff
[LOG 11:24:47.710] Load DDS texture: Squad/Parts/Electrical/z-400Battery/model000
[LOG 11:24:47.710] Load DDS texture: Squad/Parts/Electrical/z-4kBattery/ksp_l_batteryPack_diff
[LOG 11:24:47.711] Load DDS texture: Squad/Parts/Electrical/z-4kBattery/ksp_l_batteryPack_normal
[LOG 11:24:47.711] Load DDS texture: Squad/Parts/Engine/ionEngine/model000
[LOG 11:24:47.711] Load DDS texture: Squad/Parts/Engine/jetEngines/Jet Engines
[LOG 11:24:47.712] Load DDS texture: Squad/Parts/Engine/jetEngines/Jet_Heat
[LOG 11:24:47.713] Load DDS texture: Squad/Parts/Engine/liquidEngine24-77/engine
[LOG 11:24:47.713] Load DDS texture: Squad/Parts/Engine/liquidEngine24-77_v2/Twitch
[LOG 11:24:47.718] Load DDS texture: Squad/Parts/Engine/liquidEngine24-77_v2/Twitch_G
[LOG 11:24:47.718] Load DDS texture: Squad/Parts/Engine/liquidEngine24-77_v2/Twitch_GLOW
[LOG 11:24:47.719] Load DDS texture: Squad/Parts/Engine/liquidEngine48-7S/ksp_m_liquidEngine_diff
[LOG 11:24:47.719] Load DDS texture: Squad/Parts/Engine/liquidEngine48-7S_v2/Spark
[LOG 11:24:47.720] Load DDS texture: Squad/Parts/Engine/liquidEngine48-7S_v2/Spark_Glow
[LOG 11:24:47.720] Load DDS texture: Squad/Parts/Engine/liquidEngineAerospike/Aerospike
[LOG 11:24:47.722] Load DDS texture: Squad/Parts/Engine/liquidEngineAerospike/Aerospike_Heat
[LOG 11:24:47.722] Load DDS texture: Squad/Parts/Engine/liquidEngineLV-1_v2/Assets/Ant_and_Spider_diffuse
[LOG 11:24:47.723] Load DDS texture: Squad/Parts/Engine/liquidEngineLV-1_v2/Assets/Ant_and_Spider_emissive
[LOG 11:24:47.723] Load DDS texture: Squad/Parts/Engine/liquidEngineLV-1_v2/Assets/Ant_and_Spider_normal
[LOG 11:24:47.735] Load DDS texture: Squad/Parts/Engine/liquidEngineLV-1_v2/Assets/Ant_and_Spider_specular
[LOG 11:24:47.735] Load DDS texture: Squad/Parts/Engine/liquidEngineLV-909_v2/Terrier
[LOG 11:24:47.736] Load DDS texture: Squad/Parts/Engine/liquidEngineLV-909_v2/TerrierFairing
[LOG 11:24:47.736] Load DDS texture: Squad/Parts/Engine/liquidEngineLV-909_v2/Terrier_glow
[LOG 11:24:47.738] Load DDS texture: Squad/Parts/Engine/liquidEngineLV-N/model000
[LOG 11:24:47.738] Load DDS texture: Squad/Parts/Engine/liquidEngineLV-N/model001
[LOG 11:24:47.738] Load DDS texture: Squad/Parts/Engine/liquidEngineLV-N/model002
[LOG 11:24:47.738] Load DDS texture: Squad/Parts/Engine/liquidEngineLV-N/model003
[LOG 11:24:47.755] Load DDS texture: Squad/Parts/Engine/liquidEngineLV-T30/model000
[LOG 11:24:47.755] Load DDS texture: Squad/Parts/Engine/liquidEngineLV-T30/model001
[LOG 11:24:47.756] Load DDS texture: Squad/Parts/Engine/liquidEngineLV-T30/model002
[LOG 11:24:47.756] Load DDS texture: Squad/Parts/Engine/liquidEngineLV-T30_v2/Engine_Emissive
[LOG 11:24:47.763] Load DDS texture: Squad/Parts/Engine/liquidEngineLV-T30_v2/Engine_Normal
[LOG 11:24:47.771] Load DDS texture: Squad/Parts/Engine/liquidEngineLV-T30_v2/Fairing
[LOG 11:24:47.772] Load DDS texture: Squad/Parts/Engine/liquidEngineLV-T30_v2/Reliant_v2-shroud_Diffuse
[LOG 11:24:47.780] Load DDS texture: Squad/Parts/Engine/liquidEngineLV-T30_v2/Reliant_v2_Diffuse
[LOG 11:24:47.786] Load DDS texture: Squad/Parts/Engine/liquidEngineLV-T45/model000
[LOG 11:24:47.787] Load DDS texture: Squad/Parts/Engine/liquidEngineLV-T45/model001
[LOG 11:24:47.787] Load DDS texture: Squad/Parts/Engine/liquidEngineLV-T45/model002
[LOG 11:24:47.788] Load DDS texture: Squad/Parts/Engine/liquidEngineLV-T45/model003
[LOG 11:24:47.791] Load DDS texture: Squad/Parts/Engine/liquidEngineLV-T45_v2/Engine_Emissive
[LOG 11:24:47.797] Load DDS texture: Squad/Parts/Engine/liquidEngineLV-T45_v2/Fairing
[LOG 11:24:47.798] Load DDS texture: Squad/Parts/Engine/liquidEngineLV-T45_v2/Swivel_v2_Diffuse
[LOG 11:24:47.803] Load DDS texture: Squad/Parts/Engine/liquidEngineLV-T45_v2/Swivel_v2_Normal
[LOG 11:24:47.812] Load DDS texture: Squad/Parts/Engine/liquidEngineMainsail_v2/mainsail_diffuse
[LOG 11:24:47.819] Load DDS texture: Squad/Parts/Engine/liquidEngineMainsail_v2/mainsail_emissive
[LOG 11:24:47.823] Load DDS texture: Squad/Parts/Engine/liquidEngineMainsail_v2/mainsail_nrm
[LOG 11:24:47.831] Load DDS texture: Squad/Parts/Engine/liquidEngineMainsail_v2/mainsail_specular
[LOG 11:24:47.844] Load DDS texture: Squad/Parts/Engine/liquidEngineMainsail_v2/Shroud
[LOG 11:24:47.848] Load DDS texture: Squad/Parts/Engine/liquidEngineMk55/Thud
[LOG 11:24:47.852] Load DDS texture: Squad/Parts/Engine/liquidEngineMk55/Thud_Heat
[LOG 11:24:47.852] Load DDS texture: Squad/Parts/Engine/liquidEnginePoodle_v2/poodle
[LOG 11:24:47.852] Load DDS texture: Squad/Parts/Engine/liquidEnginePoodle_v2/PoodleShroud
[LOG 11:24:47.853] Load DDS texture: Squad/Parts/Engine/liquidEnginePoodle_v2/poodle_Glow
[LOG 11:24:47.856] Load DDS texture: Squad/Parts/Engine/liquidEnginePoodle_v2/Poodle_SingleBell_Poodle_Diffuse
[LOG 11:24:47.857] Load DDS texture: Squad/Parts/Engine/liquidEnginePoodle_v2/Poodle_SingleBell_Poodle_Emissive
[LOG 11:24:47.859] Load DDS texture: Squad/Parts/Engine/liquidEnginePoodle_v2/Poodle_SingleBell_Poodle_Normal
[LOG 11:24:47.860] Load DDS texture: Squad/Parts/Engine/liquidEngineSkipper_v2/Shroud
[LOG 11:24:47.860] Load DDS texture: Squad/Parts/Engine/liquidEngineSkipper_v2/skipper_v2_diffuse
[LOG 11:24:47.867] Load DDS texture: Squad/Parts/Engine/liquidEngineSkipper_v2/skipper_v2_emissive
[LOG 11:24:47.877] Load DDS texture: Squad/Parts/Engine/liquidEngineSkipper_v2/skipper_v2_normal
[LOG 11:24:47.901] Load DDS texture: Squad/Parts/Engine/liquidEngineSSME/SSME
[LOG 11:24:47.902] Load DDS texture: Squad/Parts/Engine/liquidEngineSSME/SSME_GLOW
[LOG 11:24:47.902] Load DDS texture: Squad/Parts/Engine/liquidEngineSSME/SSME_NRM
[LOG 11:24:47.902] Load DDS texture: Squad/Parts/Engine/MassiveSRB/solid_booster_cm
[LOG 11:24:47.903] Load DDS texture: Squad/Parts/Engine/MassiveSRB/solid_booster_cm_esa
[LOG 11:24:47.908] Load DDS texture: Squad/Parts/Engine/MassiveSRB/solid_booster_em
[LOG 11:24:47.909] Load DDS texture: Squad/Parts/Engine/MassiveSRB/solid_booster_nm
[LOG 11:24:47.914] Load DDS texture: Squad/Parts/Engine/miniJet/SmallJet
[LOG 11:24:47.914] Load DDS texture: Squad/Parts/Engine/OMSEngine/Puff_diffuse
[LOG 11:24:47.914] Load DDS texture: Squad/Parts/Engine/OMSEngine/Puff_emissive
[LOG 11:24:47.915] Load DDS texture: Squad/Parts/Engine/OMSEngine/Puff_normal
[LOG 11:24:47.915] Load DDS texture: Squad/Parts/Engine/OMSEngine/Puff_specular
[LOG 11:24:47.915] Load DDS texture: Squad/Parts/Engine/rapierEngine/rapierDiffuse
[LOG 11:24:47.915] Load DDS texture: Squad/Parts/Engine/rapierEngine/rapieremit
[LOG 11:24:47.915] Load DDS texture: Squad/Parts/Engine/Size1_SRBs/SRB_O
[LOG 11:24:47.915] Load DDS texture: Squad/Parts/Engine/Size1_SRBs/SRB_W
[LOG 11:24:47.916] Load DDS texture: Squad/Parts/Engine/Size1_SRBs/SRB_Y
[LOG 11:24:47.917] Load DDS texture: Squad/Parts/Engine/Size2LFB/Size2LFBEmissive
[LOG 11:24:47.917] Load DDS texture: Squad/Parts/Engine/Size2LFB/twin_nozzle_booster_cm
[LOG 11:24:47.919] Load DDS texture: Squad/Parts/Engine/Size2LFB/twin_nozzle_booster_nm
[LOG 11:24:47.920] Load DDS texture: Squad/Parts/Engine/Size2LFB_v2/Size2LFBEmissive
[LOG 11:24:47.920] Load DDS texture: Squad/Parts/Engine/Size2LFB_v2/twin_nozzle_booster_cm
[LOG 11:24:47.925] Load DDS texture: Squad/Parts/Engine/Size2LFB_v2/twin_nozzle_booster_nm
[LOG 11:24:47.927] Load DDS texture: Squad/Parts/Engine/Size3AdvancedEngine/decoupler_and_adaptor_cm
[LOG 11:24:47.931] Load DDS texture: Squad/Parts/Engine/Size3AdvancedEngine/Size3AdvancedEngineDiffuse
[LOG 11:24:47.932] Load DDS texture: Squad/Parts/Engine/Size3AdvancedEngine/Size3AdvancedEngineEmissive
[LOG 11:24:47.932] Load DDS texture: Squad/Parts/Engine/Size3AdvancedEngine/Size3AdvancedEngineNormal
[LOG 11:24:47.932] Load DDS texture: Squad/Parts/Engine/Size3EngineCluster/ClusterEngineEmit
[LOG 11:24:47.932] Load DDS texture: Squad/Parts/Engine/Size3EngineCluster/four_nozzle_engine_cm
[LOG 11:24:47.935] Load DDS texture: Squad/Parts/Engine/Size3EngineCluster/four_nozzle_engine_nm
[LOG 11:24:47.936] Load DDS texture: Squad/Parts/Engine/solidBoosterBACC/model000
[LOG 11:24:47.938] Load DDS texture: Squad/Parts/Engine/solidBoosterBACC/model001
[LOG 11:24:47.940] Load DDS texture: Squad/Parts/Engine/solidBoosterBACC/model002
[LOG 11:24:47.946] Load DDS texture: Squad/Parts/Engine/solidBoosterRT-5/RT5
[LOG 11:24:47.946] Load DDS texture: Squad/Parts/Engine/solidBoosterS2-17/solidBoosterS2-17_diffuse
[LOG 11:24:47.958] Load DDS texture: Squad/Parts/Engine/solidBoosterS2-17/solidBoosterS2-17_emissive
[LOG 11:24:47.976] Load DDS texture: Squad/Parts/Engine/solidBoosterS2-17/solidBoosterS2-17_normal
[LOG 11:24:47.992] Load DDS texture: Squad/Parts/Engine/solidBoosterS2-33/solidBoosterS2-33_diffuse
[LOG 11:24:48.022] Load DDS texture: Squad/Parts/Engine/solidBoosterS2-33/solidBoosterS2-33_emissive
[LOG 11:24:48.068] Load DDS texture: Squad/Parts/Engine/solidBoosterS2-33/solidBoosterS2-33_normal
[LOG 11:24:48.118] Load DDS texture: Squad/Parts/Engine/solidBoosterSep/model000
[LOG 11:24:48.118] Load DDS texture: Squad/Parts/Engine/solidBoosterSep/motor
[LOG 11:24:48.118] Load DDS texture: Squad/Parts/Engine/SolidBoostersF/Assets/SolidBoosterF3S0_diffuse
[LOG 11:24:48.119] Load DDS texture: Squad/Parts/Engine/SolidBoostersF/Assets/SolidBoosterF3S0_emissive
[LOG 11:24:48.119] Load DDS texture: Squad/Parts/Engine/SolidBoostersF/Assets/SolidBoosterF3S0_normal
[LOG 11:24:48.119] Load DDS texture: Squad/Parts/FuelTank/adapterTanks/Mk3Adapters
[LOG 11:24:48.123] Load DDS texture: Squad/Parts/FuelTank/drainTankFTE-1/fuelValve_diffuse
[LOG 11:24:48.123] Load DDS texture: Squad/Parts/FuelTank/drainTankFTE-1/fuelValve_nrm
[LOG 11:24:48.124] Load DDS texture: Squad/Parts/FuelTank/FoilTanks/RadialTanks
[LOG 11:24:48.126] Load DDS texture: Squad/Parts/FuelTank/FoilTanks/RadialTanksGold_specular
[LOG 11:24:48.133] Load DDS texture: Squad/Parts/FuelTank/FoilTanks/RadialTanksSilver_specular
[LOG 11:24:48.134] Load DDS texture: Squad/Parts/FuelTank/FoilTanks/RadialTanks_N
[LOG 11:24:48.135] Load DDS texture: Squad/Parts/FuelTank/FoilTanks/RadialTanks_silver
[LOG 11:24:48.137] Load DDS texture: Squad/Parts/FuelTank/fuelTankOscarB/model000
[LOG 11:24:48.137] Load DDS texture: Squad/Parts/FuelTank/fuelTankOscarB/model001
[LOG 11:24:48.137] Load DDS texture: Squad/Parts/FuelTank/fuelTankOscarB/tank
[LOG 11:24:48.138] Load DDS texture: Squad/Parts/FuelTank/fuelTankOscarB/tank_n
[LOG 11:24:48.138] Load DDS texture: Squad/Parts/FuelTank/miniFuselage/Fuselage
[LOG 11:24:48.140] Load DDS texture: Squad/Parts/FuelTank/mk2Adapters/mk2adapters1m
[LOG 11:24:48.145] Load DDS texture: Squad/Parts/FuelTank/mk2FuselageLong/mk2Fuselage
[LOG 11:24:48.147] Load DDS texture: Squad/Parts/FuelTank/mk2FuselageShort/mk2FuselageShort
[LOG 11:24:48.152] Load DDS texture: Squad/Parts/FuelTank/mk3Fuselage/Mk3Fuselage
[LOG 11:24:48.154] Load DDS texture: Squad/Parts/FuelTank/mk3Fuselage/Mk3Fuselage_LUM
[LOG 11:24:48.155] Load DDS texture: Squad/Parts/FuelTank/RCSFuelTankR1/RCSFuelTankR1_01
[LOG 11:24:48.155] Load DDS texture: Squad/Parts/FuelTank/RCSFuelTankR1/RCSFuelTankR1_02
[LOG 11:24:48.156] Load DDS texture: Squad/Parts/FuelTank/RCSFuelTankR1/RCSFuelTankR1_N
[LOG 11:24:48.157] Load DDS texture: Squad/Parts/FuelTank/RCSFuelTankR10/ksp_m_rcsTank_diff
[LOG 11:24:48.158] Load DDS texture: Squad/Parts/FuelTank/RCSFuelTankR10/ksp_m_rcsTank_normal
[LOG 11:24:48.158] Load DDS texture: Squad/Parts/FuelTank/RCSFuelTankR25/FL-R25 RCS Fuel Tank_D
[LOG 11:24:48.158] Load DDS texture: Squad/Parts/FuelTank/RCSFuelTankR25/FL-R25 RCS Fuel Tank_N
[LOG 11:24:48.159] Load DDS texture: Squad/Parts/FuelTank/RCSTankRadial/model000
[LOG 11:24:48.159] Load DDS texture: Squad/Parts/FuelTank/RCStankRadialLong/ksp_r_rcsCylTank_diff
[LOG 11:24:48.161] Load DDS texture: Squad/Parts/FuelTank/RockomaxTanks/Assets/rockomax_16 [AlbedoM] BW
[LOG 11:24:48.166] Load DDS texture: Squad/Parts/FuelTank/RockomaxTanks/Assets/rockomax_16 [AlbedoM] ESA
[LOG 11:24:48.172] Load DDS texture: Squad/Parts/FuelTank/RockomaxTanks/Assets/rockomax_16 [AlbedoM] O
[LOG 11:24:48.181] Load DDS texture: Squad/Parts/FuelTank/RockomaxTanks/Assets/rockomax_16 [Normal] BW
[LOG 11:24:48.188] Load DDS texture: Squad/Parts/FuelTank/RockomaxTanks/Assets/rockomax_16 [Normal]ESA
[LOG 11:24:48.196] Load DDS texture: Squad/Parts/FuelTank/RockomaxTanks/Assets/rockomax_16 [Normal]O
[LOG 11:24:48.211] Load DDS texture: Squad/Parts/FuelTank/RockomaxTanks/Assets/rockomax_32 [AlbedoM] ESA
[LOG 11:24:48.212] Load DDS texture: Squad/Parts/FuelTank/RockomaxTanks/Assets/rockomax_32 [Normal]ESA
[LOG 11:24:48.215] Load DDS texture: Squad/Parts/FuelTank/Size1_Tanks/125Tanks_BW
[LOG 11:24:48.217] Load DDS texture: Squad/Parts/FuelTank/Size1_Tanks/125Tanks_D
[LOG 11:24:48.220] Load DDS texture: Squad/Parts/FuelTank/Size1_Tanks/125Tanks_N
[LOG 11:24:48.223] Load DDS texture: Squad/Parts/FuelTank/Size1_Tanks/125Tanks_O
[LOG 11:24:48.228] Load DDS texture: Squad/Parts/FuelTank/Size1_Tanks/125Tanks_W
[LOG 11:24:48.231] Load DDS texture: Squad/Parts/FuelTank/Size3Tanks/fueltTanks_cm
[LOG 11:24:48.233] Load Cached PNG Texture: Squad/Parts/FuelTank/Size3Tanks/Size3Tanks
[LOG 11:24:48.236] Load Cached PNG Texture: Squad/Parts/FuelTank/Size3Tanks/Size3Tanks_Norm
[LOG 11:24:48.238] Load Cached PNG Texture: Squad/Parts/FuelTank/Size3Tanks/Size3Tanks_Orange
[LOG 11:24:48.240] Load Cached PNG Texture: Squad/Parts/FuelTank/Size3Tanks/Size3Tanks_Orange_Norm
[LOG 11:24:48.242] Load DDS texture: Squad/Parts/FuelTank/xenonTank/model000
[LOG 11:24:48.242] Load DDS texture: Squad/Parts/FuelTank/xenonTank/model001
[LOG 11:24:48.244] Load DDS texture: Squad/Parts/FuelTank/xenonTankLarge/tank
[LOG 11:24:48.245] Load DDS texture: Squad/Parts/FuelTank/xenonTankRadial/ksp_r_xenonTank_diff
[LOG 11:24:48.245] Load DDS texture: Squad/Parts/Misc/AsteroidDay/CamSat
[LOG 11:24:48.247] Load DDS texture: Squad/Parts/Misc/AsteroidDay/CamSat_glow
[LOG 11:24:48.247] Load DDS texture: Squad/Parts/Misc/AsteroidDay/CamSat_N_NRM
[LOG 11:24:48.250] Load DDS texture: Squad/Parts/Misc/AsteroidDay/default
[LOG 11:24:48.251] Load DDS texture: Squad/Parts/Misc/AsteroidDay/hecsDiffuse
[LOG 11:24:48.251] Load DDS texture: Squad/Parts/Misc/AsteroidDay/hecsNormal
[LOG 11:24:48.251] Load DDS texture: Squad/Parts/Misc/AsteroidDay/hecsSpecular
[LOG 11:24:48.251] Load DDS texture: Squad/Parts/Misc/AsteroidDay/JumboHexProbe
[LOG 11:24:48.251] Load DDS texture: Squad/Parts/Misc/AsteroidDay/JumboHexProbe_NORM_NRM
[LOG 11:24:48.252] Load DDS texture: Squad/Parts/Resources/FuelCell/FCLamp
[LOG 11:24:48.252] Load DDS texture: Squad/Parts/Resources/FuelCell/FuelCellRack
[LOG 11:24:48.252] Load DDS texture: Squad/Parts/Resources/FuelCell/fuellcell
[LOG 11:24:48.253] Load DDS texture: Squad/Parts/Resources/ISRU/Processor_Large
[LOG 11:24:48.253] Load DDS texture: Squad/Parts/Resources/LargeTank/ksp_l_resourceContainer_diff
[LOG 11:24:48.254] Load DDS texture: Squad/Parts/Resources/LargeTank/ksp_l_resourceContainer_norm
[LOG 11:24:48.255] Load DDS texture: Squad/Parts/Resources/MiniDrill/DustParticle
[LOG 11:24:48.255] Load DDS texture: Squad/Parts/Resources/MiniDrill/ksp_r_rockProbe_diff
[LOG 11:24:48.256] Load DDS texture: Squad/Parts/Resources/MiniDrill/RockParticle
[LOG 11:24:48.256] Load DDS texture: Squad/Parts/Resources/MiniISRU/ksp_s_processorSmall_diff
[LOG 11:24:48.257] Load DDS texture: Squad/Parts/Resources/OrbitalScanner/detector
[LOG 11:24:48.257] Load DDS texture: Squad/Parts/Resources/RadialDrill/DustParticle
[LOG 11:24:48.257] Load DDS texture: Squad/Parts/Resources/RadialDrill/RockParticle
[LOG 11:24:48.257] Load DDS texture: Squad/Parts/Resources/RadialDrill/TriBitDrill
[LOG 11:24:48.258] Load DDS texture: Squad/Parts/Resources/RadialTank/ksp_r_resourceContainer_psd_2
[LOG 11:24:48.258] Load DDS texture: Squad/Parts/Resources/SmallTank/ksp_s_resourceContainer_diff
[LOG 11:24:48.258] Load DDS texture: Squad/Parts/Resources/SmallTank/ksp_s_resourceContainer_normal
[LOG 11:24:48.260] Load DDS texture: Squad/Parts/Resources/SurfaceScanner/ksp_r_samplerAir_diff
[LOG 11:24:48.262] Load DDS texture: Squad/Parts/Resources/SurveyScanner/dish
[LOG 11:24:48.263] Load DDS texture: Squad/Parts/Resources/SurveyScanner/dish_n
[LOG 11:24:48.264] Load DDS texture: Squad/Parts/Science/AtmosphereSensor/ksp_r_hydroscoop_diff
[LOG 11:24:48.265] Load DDS texture: Squad/Parts/Science/GooExperiment/GooExperiment
[LOG 11:24:48.266] Load DDS texture: Squad/Parts/Science/LargeCrewedLab/Large_Crewed_Lab
[LOG 11:24:48.267] Load DDS texture: Squad/Parts/Science/LargeCrewedLab/Large_Crewed_Lab_glow
[LOG 11:24:48.271] Load DDS texture: Squad/Parts/Science/LargeCrewedLab/window
[LOG 11:24:48.271] Load DDS texture: Squad/Parts/Science/Magnetometer/Magnetometer_diffuse
[LOG 11:24:48.271] Load DDS texture: Squad/Parts/Science/Magnetometer/Magnetometer_nrm
[LOG 11:24:48.272] Load DDS texture: Squad/Parts/Science/MaterialBay/science_module_small
[LOG 11:24:48.272] Load DDS texture: Squad/Parts/Science/MaterialBay/science_module_small_emit
[LOG 11:24:48.273] Load DDS texture: Squad/Parts/Science/MaterialBay/science_module_small_nrm
[LOG 11:24:48.274] Load DDS texture: Squad/Parts/Science/MaterialBay/wires
[LOG 11:24:48.274] Load DDS texture: Squad/Parts/Science/ScienceBox/Container
[LOG 11:24:48.274] Load DDS texture: Squad/Parts/Science/sensorAccelerometer/model000
[LOG 11:24:48.274] Load DDS texture: Squad/Parts/Science/sensorBarometer/model000
[LOG 11:24:48.274] Load DDS texture: Squad/Parts/Science/sensorGravimeter/model000
[LOG 11:24:48.274] Load DDS texture: Squad/Parts/Science/sensorThermometer/model000
[LOG 11:24:48.274] Load DDS texture: Squad/Parts/Structural/FLAdapters/Assets/FLA-Adapters_diffuse
[LOG 11:24:48.277] Load DDS texture: Squad/Parts/Structural/FLAdapters/Assets/FLA-Adapters_diffuse_O
[LOG 11:24:48.278] Load DDS texture: Squad/Parts/Structural/FLAdapters/Assets/FLA-Adapters_normal
[LOG 11:24:48.279] Load DDS texture: Squad/Parts/Structural/FLAdapters/Assets/FLA-Adapters_normal_O
[LOG 11:24:48.281] Load DDS texture: Squad/Parts/Structural/mk1Parts/Mk1Structural
[LOG 11:24:48.284] Load DDS texture: Squad/Parts/Structural/mk1Parts/Mk1StructuralHeat
[LOG 11:24:48.285] Load Cached PNG Texture: Squad/Parts/Structural/mk1Parts/@thumbs/MK1Fuselage_icon
[LOG 11:24:48.285] Load DDS texture: Squad/Parts/Structural/Size3To2Adapter_v2/Size2to3_BW_Diffuse
[LOG 11:24:48.292] Load DDS texture: Squad/Parts/Structural/Size3To2Adapter_v2/Size2to3_DUMMY_NRM
[LOG 11:24:48.294] Load DDS texture: Squad/Parts/Structural/Size3To2Adapter_v2/Size2to3_O_Diffuse
[LOG 11:24:48.303] Load DDS texture: Squad/Parts/Structural/Size3To2Adapter_v2/Size2to3_W_Diffuse
[LOG 11:24:48.310] Load DDS texture: Squad/Parts/Structural/Size3To2Adapter_v2/Size2to3_W_NRM
[LOG 11:24:48.318] Load DDS texture: Squad/Parts/Structural/stackAdapters/Assets/stackAdapters_diffuse
[LOG 11:24:48.318] Load DDS texture: Squad/Parts/Structural/stackAdapters/Assets/stackAdapters_diffuse_Dark
[LOG 11:24:48.319] Load DDS texture: Squad/Parts/Structural/stackAdapters/Assets/stackAdapters_diffuse_Orange
[LOG 11:24:48.321] Load DDS texture: Squad/Parts/Structural/stackAdapters/Assets/stackAdapters_normal
[LOG 11:24:48.322] Load DDS texture: Squad/Parts/Structural/stackAdapters/Assets/stackAdapters_normal_Orange
[LOG 11:24:48.323] Load DDS texture: Squad/Parts/Structural/stationHub/model000
[LOG 11:24:48.323] Load DDS texture: Squad/Parts/Structural/stationHub/model001
[LOG 11:24:48.323] Load DDS texture: Squad/Parts/Structural/structuralIBeam200/model000
[LOG 11:24:48.323] Load DDS texture: Squad/Parts/Structural/structuralIBeam200Pocket/model000
[LOG 11:24:48.323] Load DDS texture: Squad/Parts/Structural/structuralIBeam650/model000
[LOG 11:24:48.324] Load DDS texture: Squad/Parts/Structural/structuralMicronode/model000
[LOG 11:24:48.324] Load DDS texture: Squad/Parts/Structural/structuralPanel1x1/model000
[LOG 11:24:48.324] Load DDS texture: Squad/Parts/Structural/structuralPanel1x1/model001
[LOG 11:24:48.324] Load DDS texture: Squad/Parts/Structural/structuralPanel2x2/model000
[LOG 11:24:48.324] Load DDS texture: Squad/Parts/Structural/structuralPanel2x2/model001
[LOG 11:24:48.324] Load DDS texture: Squad/Parts/Structural/structuralPylons/Pylons
[LOG 11:24:48.325] Load DDS texture: Squad/Parts/Structural/strutCubicOcto/cubestrut
[LOG 11:24:48.325] Load DDS texture: Squad/Parts/Structural/strutOcto/model000
[LOG 11:24:48.325] Load DDS texture: Squad/Parts/Structural/trussGirderAdapter/model000
[LOG 11:24:48.325] Load DDS texture: Squad/Parts/Structural/trussGirderAdapter/model001
[LOG 11:24:48.325] Load DDS texture: Squad/Parts/Structural/trussGirderL/model000
[LOG 11:24:48.325] Load DDS texture: Squad/Parts/Structural/trussGirderXL/model000
[LOG 11:24:48.326] Load DDS texture: Squad/Parts/Thermal/FoldingRadiators/radiator
[LOG 11:24:48.326] Load DDS texture: Squad/Parts/Thermal/FoldingRadiators/radiator_N_NRM
[LOG 11:24:48.326] Load DDS texture: Squad/Parts/Thermal/RadiatorPanels/radPanel
[LOG 11:24:48.328] Load DDS texture: Squad/Parts/Thermal/RadiatorPanels/radPanel_N_NRM
[LOG 11:24:48.330] Load DDS texture: Squad/Parts/Utility/commDish88-88/comm_dish_array
[LOG 11:24:48.331] Load DDS texture: Squad/Parts/Utility/commDish88-88/comm_dish_v2_diff
[LOG 11:24:48.331] Load DDS texture: Squad/Parts/Utility/commDish88-88/model000
[LOG 11:24:48.332] Load DDS texture: Squad/Parts/Utility/commsAntennaDTS-M1/mediumDishAntenna
[LOG 11:24:48.333] Load DDS texture: Squad/Parts/Utility/commsAntennaDTS-M1/mediumDishAntenna_Emit
[LOG 11:24:48.333] Load DDS texture: Squad/Parts/Utility/commsDish16/model000
[LOG 11:24:48.333] Load DDS texture: Squad/Parts/Utility/decouplerRadialHDM/model000
[LOG 11:24:48.333] Load DDS texture: Squad/Parts/Utility/decouplerRadialTT-38K/model000
[LOG 11:24:48.333] Load DDS texture: Squad/Parts/Utility/decouplerRadialTT-38K/model001
[LOG 11:24:48.333] Load DDS texture: Squad/Parts/Utility/decouplerRadialTT-70/model000
[LOG 11:24:48.333] Load DDS texture: Squad/Parts/Utility/DirectAntennas/MiniAntenna
[LOG 11:24:48.334] Load DDS texture: Squad/Parts/Utility/dockingPort/Arrow Pointer
[LOG 11:24:48.334] Load DDS texture: Squad/Parts/Utility/dockingPort/DockingPorts_Clampotron_Diffuse
[LOG 11:24:48.346] Load DDS texture: Squad/Parts/Utility/dockingPort/DockingPorts_Clampotron_Emissive
[LOG 11:24:48.349] Load DDS texture: Squad/Parts/Utility/dockingPort/DockingPorts_Clampotron_Normal
[LOG 11:24:48.361] Load DDS texture: Squad/Parts/Utility/dockingPortInline/Arrow Pointer
[LOG 11:24:48.364] Load DDS texture: Squad/Parts/Utility/dockingPortInline/ClampotronLinear_ClampotronLinear_Diffuse
[LOG 11:24:48.372] Load DDS texture: Squad/Parts/Utility/dockingPortInline/ClampotronLinear_ClampotronLinear_Emissive
[LOG 11:24:48.377] Load DDS texture: Squad/Parts/Utility/dockingPortInline/ClampotronLinear_ClampotronLinear_Normal
[LOG 11:24:48.383] Load DDS texture: Squad/Parts/Utility/dockingPortInline/DockingPorts_Clampotron_Diffuse
[LOG 11:24:48.390] Load DDS texture: Squad/Parts/Utility/dockingPortInline/DockingPorts_Clampotron_Emissive
[LOG 11:24:48.391] Load DDS texture: Squad/Parts/Utility/dockingPortInline/DockingPorts_Clampotron_Normal
[LOG 11:24:48.398] Load DDS texture: Squad/Parts/Utility/dockingPortJr/Arrow Pointer
[LOG 11:24:48.399] Load DDS texture: Squad/Parts/Utility/dockingPortJr/DockingPorts_ClampotronJR_Diffuse
[LOG 11:24:48.399] Load DDS texture: Squad/Parts/Utility/dockingPortJr/DockingPorts_ClampotronJR_Normal
[LOG 11:24:48.400] Load DDS texture: Squad/Parts/Utility/dockingPortJr/model000
[LOG 11:24:48.400] Load DDS texture: Squad/Parts/Utility/dockingPortShielded/Arrow Pointer
[LOG 11:24:48.400] Load DDS texture: Squad/Parts/Utility/dockingPortShielded/Clamp-O-Tron Shielded Docking Port_ClampotronShielded_Diffuse
[LOG 11:24:48.406] Load DDS texture: Squad/Parts/Utility/dockingPortShielded/Clamp-O-Tron Shielded Docking Port_ClampotronShielded_Normal
[LOG 11:24:48.416] Load DDS texture: Squad/Parts/Utility/dockingPortShielded/DockingPorts_Clampotron_Diffuse
[LOG 11:24:48.422] Load DDS texture: Squad/Parts/Utility/dockingPortShielded/DockingPorts_Clampotron_Emissive
[LOG 11:24:48.424] Load DDS texture: Squad/Parts/Utility/dockingPortShielded/DockingPorts_Clampotron_Normal
[LOG 11:24:48.434] Load DDS texture: Squad/Parts/Utility/dockingPortSr/Arrow Pointer
[LOG 11:24:48.434] Load DDS texture: Squad/Parts/Utility/dockingPortSr/ClampotronSr_ClampotronSr_Diffuse
[LOG 11:24:48.440] Load DDS texture: Squad/Parts/Utility/dockingPortSr/ClampotronSr_ClampotronSr_Diffuse_gray
[LOG 11:24:48.449] Load DDS texture: Squad/Parts/Utility/dockingPortSr/ClampotronSr_ClampotronSr_Emissive
[LOG 11:24:48.450] Load DDS texture: Squad/Parts/Utility/dockingPortSr/ClampotronSr_ClampotronSr_Normal
[LOG 11:24:48.456] Load Cached PNG Texture: Squad/Parts/Utility/Fireworks/Assets/fireworks_launcher_big 1
[LOG 11:24:48.461] Load Cached PNG Texture: Squad/Parts/Utility/Fireworks/Assets/fireworks_launcher_big
[LOG 11:24:48.468] Load Cached PNG Texture: Squad/Parts/Utility/flags/backgroundTextures/dark_background
[LOG 11:24:48.468] Load Cached PNG Texture: Squad/Parts/Utility/flags/backgroundTextures/orange_background
[LOG 11:24:48.468] Load Cached PNG Texture: Squad/Parts/Utility/flags/backgroundTextures/white_background
[LOG 11:24:48.468] Load DDS texture: Squad/Parts/Utility/GrapplingDevice/grabberDiffuse
[LOG 11:24:48.469] Load DDS texture: Squad/Parts/Utility/GrapplingDevice/grabberDiffuse_dark
[LOG 11:24:48.470] Load DDS texture: Squad/Parts/Utility/GrapplingDevice/grabberNRM
[LOG 11:24:48.471] Load DDS texture: Squad/Parts/Utility/GrapplingDevice/window
[LOG 11:24:48.471] Load DDS texture: Squad/Parts/Utility/ladderRadial/model000
[LOG 11:24:48.471] Load DDS texture: Squad/Parts/Utility/ladderTelescopic/model000
[LOG 11:24:48.472] Load DDS texture: Squad/Parts/Utility/ladderTelescopic/model001
[LOG 11:24:48.473] Load DDS texture: Squad/Parts/Utility/ladderTelescopic/model002
[LOG 11:24:48.474] Load DDS texture: Squad/Parts/Utility/ladderTelescopicBay/model000
[LOG 11:24:48.474] Load DDS texture: Squad/Parts/Utility/ladderTelescopicBay/model001
[LOG 11:24:48.476] Load DDS texture: Squad/Parts/Utility/landingLegLT-1/ksp_r_landingStrut_diff
[LOG 11:24:48.476] Load DDS texture: Squad/Parts/Utility/landingLegLT-2/landingLeg
[LOG 11:24:48.476] Load DDS texture: Squad/Parts/Utility/landingLegLT-5/leg
[LOG 11:24:48.476] Load DDS texture: Squad/Parts/Utility/landingLegLT-5/model000
[LOG 11:24:48.476] Load DDS texture: Squad/Parts/Utility/launchClamp1/model000
[LOG 11:24:48.476] Load DDS texture: Squad/Parts/Utility/launchClamp1/model001
[LOG 11:24:48.476] Load DDS texture: Squad/Parts/Utility/launchEscapeSystem/LES_Diffuse
[LOG 11:24:48.478] Load DDS texture: Squad/Parts/Utility/Lights/Assets/Lights_Attacheable_Lights_Diffuse
[LOG 11:24:48.478] Load DDS texture: Squad/Parts/Utility/Lights/Assets/Lights_Attacheable_Lights_Diffuse_white
[LOG 11:24:48.478] Load DDS texture: Squad/Parts/Utility/Lights/Assets/Lights_Attacheable_Lights_Emissive
[LOG 11:24:48.478] Load DDS texture: Squad/Parts/Utility/Lights/Assets/Lights_Attacheable_Lights_Normal
[LOG 11:24:48.478] Load DDS texture: Squad/Parts/Utility/Lights/Assets/Lights_Rectangle_Light_Diffuse
[LOG 11:24:48.486] Load DDS texture: Squad/Parts/Utility/Lights/Assets/Lights_Rectangle_Light_Diffuse_white
[LOG 11:24:48.497] Load DDS texture: Squad/Parts/Utility/Lights/Assets/Lights_Rectangle_Light_Emissive
[LOG 11:24:48.508] Load DDS texture: Squad/Parts/Utility/Lights/Assets/Lights_Rectangle_Light_Normal
[LOG 11:24:48.514] Load DDS texture: Squad/Parts/Utility/Lights/Assets/Lights_Worklights_Diffuse
[LOG 11:24:48.515] Load DDS texture: Squad/Parts/Utility/Lights/Assets/Lights_Worklights_Emissive
[LOG 11:24:48.516] Load DDS texture: Squad/Parts/Utility/Lights/Assets/Lights_Worklights_Normal
[LOG 11:24:48.517] Load DDS texture: Squad/Parts/Utility/Lights/Assets/Spotlight_Attacheable_Lights_Diffuse
[LOG 11:24:48.517] Load DDS texture: Squad/Parts/Utility/Lights/Assets/Spotlight_Attacheable_Lights_Diffuse_white
[LOG 11:24:48.517] Load DDS texture: Squad/Parts/Utility/Lights/Assets/Spotlight_Attacheable_Lights_Emissive
[LOG 11:24:48.517] Load DDS texture: Squad/Parts/Utility/Lights/Assets/Spotlight_Attacheable_Lights_Normal
[LOG 11:24:48.518] Load DDS texture: Squad/Parts/Utility/linearVernorRCS/Assets/linear_vernor_diffuse
[LOG 11:24:48.518] Load DDS texture: Squad/Parts/Utility/linearVernorRCS/Assets/linear_vernor_emissive
[LOG 11:24:48.518] Load DDS texture: Squad/Parts/Utility/linearVernorRCS/Assets/linear_vernor_normalDummy
[LOG 11:24:48.518] Load DDS texture: Squad/Parts/Utility/linearVernorRCS/Assets/linear_vernor_specular
[LOG 11:24:48.518] Load DDS texture: Squad/Parts/Utility/mk2CargoBay/mk2CargoBay
[LOG 11:24:48.519] Load DDS texture: Squad/Parts/Utility/mk2CrewCabin/mk2CrewCabin
[LOG 11:24:48.519] Load DDS texture: Squad/Parts/Utility/mk2CrewCabin/mk2CrewCabin_LUM
[LOG 11:24:48.519] Load DDS texture: Squad/Parts/Utility/mk2DockingPort/Arrow Pointer
[LOG 11:24:48.519] Load DDS texture: Squad/Parts/Utility/mk2DockingPort/Mk2Clampotron_Caps_Diffuse
[LOG 11:24:48.519] Load DDS texture: Squad/Parts/Utility/mk2DockingPort/Mk2Clampotron_Caps_Emmisive
[LOG 11:24:48.519] Load DDS texture: Squad/Parts/Utility/mk2DockingPort/Mk2Clampotron_Caps_Normal
[LOG 11:24:48.520] Load DDS texture: Squad/Parts/Utility/mk2DockingPort/Mk2Clampotron_Mk2Clampotron_Diffuse
[LOG 11:24:48.526] Load DDS texture: Squad/Parts/Utility/mk2DockingPort/Mk2Clampotron_Mk2Clampotron_Emissive
[LOG 11:24:48.527] Load DDS texture: Squad/Parts/Utility/mk2DockingPort/Mk2Clampotron_Mk2Clampotron_Normal
[LOG 11:24:48.534] Load DDS texture: Squad/Parts/Utility/mk2DockingPort/mk2DockingPort
[LOG 11:24:48.535] Load DDS texture: Squad/Parts/Utility/mk3CargoBay/Mk3CargoBay
[LOG 11:24:48.535] Load DDS texture: Squad/Parts/Utility/parachuteMk1/model000
[LOG 11:24:48.536] Load DDS texture: Squad/Parts/Utility/parachuteMk1/model001
[LOG 11:24:48.536] Load DDS texture: Squad/Parts/Utility/parachuteMk12-R/model000
[LOG 11:24:48.536] Load DDS texture: Squad/Parts/Utility/parachuteMk12-R/model001
[LOG 11:24:48.537] Load DDS texture: Squad/Parts/Utility/parachuteMk16-XL/model000
[LOG 11:24:48.539] Load DDS texture: Squad/Parts/Utility/parachuteMk16-XL/model001
[LOG 11:24:48.539] Load DDS texture: Squad/Parts/Utility/parachuteMk2-R/model000
[LOG 11:24:48.541] Load DDS texture: Squad/Parts/Utility/parachuteMk2-R/model001
[LOG 11:24:48.541] Load DDS texture: Squad/Parts/Utility/parachuteMk25/model000
[LOG 11:24:48.542] Load DDS texture: Squad/Parts/Utility/parachuteMk25/model001
[LOG 11:24:48.542] Load DDS texture: Squad/Parts/Utility/radialAttachmentPoint/model000
[LOG 11:24:48.542] Load DDS texture: Squad/Parts/Utility/radialAttachmentPoint/model001
[LOG 11:24:48.542] Load DDS texture: Squad/Parts/Utility/rcsBlockRV-105_v2/rcsBlock_diffuse
[LOG 11:24:48.542] Load DDS texture: Squad/Parts/Utility/rcsBlockRV-105_v2/rcsThrusterBlock_normal
[LOG 11:24:48.543] Load DDS texture: Squad/Parts/Utility/rcsBlockRV-105_v2/rcsThruster_emissive
[LOG 11:24:48.543] Load DDS texture: Squad/Parts/Utility/rcsBlockRV-105_v2/rcsThruster_specular
[LOG 11:24:48.543] Load DDS texture: Squad/Parts/Utility/rcsBlockRV-105_v2/RCS_Block_Diffuse
[LOG 11:24:48.543] Load DDS texture: Squad/Parts/Utility/rcsBlockRV-105_v2/RCS_Block_Emissive
[LOG 11:24:48.543] Load DDS texture: Squad/Parts/Utility/rcsBlockRV-105_v2/RCS_Block_Normal
[LOG 11:24:48.543] Load DDS texture: Squad/Parts/Utility/rcsBlockRV-105_v2/RCS_Block_Specular
[LOG 11:24:48.544] Load DDS texture: Squad/Parts/Utility/rcsSmallLinear/Assets/RCS_Linear_Base_Diffuse
[LOG 11:24:48.544] Load DDS texture: Squad/Parts/Utility/rcsSmallLinear/Assets/RCS_Linear_Diffuse
[LOG 11:24:48.544] Load DDS texture: Squad/Parts/Utility/rcsSmallLinear/Assets/RCS_Linear_Emissive
[LOG 11:24:48.544] Load DDS texture: Squad/Parts/Utility/rcsSmallLinear/Assets/RCS_Linear_Normal
[LOG 11:24:48.544] Load DDS texture: Squad/Parts/Utility/rcsSmallLinear/Assets/RCS_Linear_Specular
[LOG 11:24:48.544] Load DDS texture: Squad/Parts/Utility/RelayAntennas/DishAntenna
[LOG 11:24:48.545] Load DDS texture: Squad/Parts/Utility/RelayAntennas/MiniAntenna
[LOG 11:24:48.545] Load DDS texture: Squad/Parts/Utility/rockomaxAdapters/Assets/Rockomax_Adapters_diffuse
[LOG 11:24:48.545] Load DDS texture: Squad/Parts/Utility/rockomaxAdapters/Assets/Rockomax_Adapters_diffuse_O
[LOG 11:24:48.547] Load DDS texture: Squad/Parts/Utility/rockomaxAdapters/Assets/Rockomax_Adapters_diffuse_W
[LOG 11:24:48.549] Load DDS texture: Squad/Parts/Utility/rockomaxAdapters/Assets/Rockomax_Adapters_normal
[LOG 11:24:48.551] Load DDS texture: Squad/Parts/Utility/rockomaxAdapters/Assets/Rockomax_Adapters_normal_O
[LOG 11:24:48.553] Load DDS texture: Squad/Parts/Utility/ServiceBay/ServiceBay
[LOG 11:24:48.553] Load Cached PNG Texture: Squad/Parts/Utility/ServiceBay_v2/Assets/Scratch
[LOG 11:24:48.554] Load Cached PNG Texture: Squad/Parts/Utility/ServiceBay_v2/Assets/ServiceBay_bump
[LOG 11:24:48.555] Load Cached PNG Texture: Squad/Parts/Utility/ServiceBay_v2/Assets/ServiceBay_v2
[LOG 11:24:48.557] Load DDS texture: Squad/Parts/Utility/smallClaw/grabberSmallDiffuse
[LOG 11:24:48.557] Load DDS texture: Squad/Parts/Utility/smallClaw/grabberSmallDiffuseDark
[LOG 11:24:48.557] Load DDS texture: Squad/Parts/Utility/smallClaw/grabberSmallNRM
[LOG 11:24:48.557] Load DDS texture: Squad/Parts/Utility/smallClaw/window
[LOG 11:24:48.557] Load DDS texture: Squad/Parts/Utility/spotLightMk1/light1
[LOG 11:24:48.557] Load DDS texture: Squad/Parts/Utility/spotLightMk1/light1_em
[LOG 11:24:48.557] Load DDS texture: Squad/Parts/Utility/spotLightMk1_v2/spotLightMk1_Diffuse
[LOG 11:24:48.557] Load DDS texture: Squad/Parts/Utility/spotLightMk1_v2/spotLightMk1_Diffuse_white
[LOG 11:24:48.558] Load DDS texture: Squad/Parts/Utility/spotLightMk1_v2/spotLightMk1_Emissive
[LOG 11:24:48.558] Load DDS texture: Squad/Parts/Utility/spotLightMk1_v2/spotLightMk1_Normal
[LOG 11:24:48.558] Load DDS texture: Squad/Parts/Utility/spotLightMk2/light2
[LOG 11:24:48.558] Load DDS texture: Squad/Parts/Utility/spotLightMk2/light2_em
[LOG 11:24:48.558] Load DDS texture: Squad/Parts/Utility/spotLightMk2_v2/spotLightMk2_Diffuse
[LOG 11:24:48.558] Load DDS texture: Squad/Parts/Utility/spotLightMk2_v2/spotLightMk2_Diffuse_white
[LOG 11:24:48.559] Load DDS texture: Squad/Parts/Utility/spotLightMk2_v2/spotLightMk2_Emissive
[LOG 11:24:48.559] Load DDS texture: Squad/Parts/Utility/spotLightMk2_v2/spotLightMk2_Normal
[LOG 11:24:48.560] Load DDS texture: Squad/Parts/Utility/stackCouplers/Assets/stackCouplersDiffuse
[LOG 11:24:48.561] Load DDS texture: Squad/Parts/Utility/stackCouplers/Assets/stackCouplersDiffuse_Dark
[LOG 11:24:48.562] Load DDS texture: Squad/Parts/Utility/stackCouplers/Assets/stackCouplersDiffuse_Orange
[LOG 11:24:48.564] Load DDS texture: Squad/Parts/Utility/stackCouplers/Assets/stackCouplers_NRM
[LOG 11:24:48.565] Load DDS texture: Squad/Parts/Utility/stackCouplers/Assets/stackCouplers_Orange_NRM
[LOG 11:24:48.566] Load DDS texture: Squad/Parts/Wheel/LandingGear/Flare
[LOG 11:24:48.566] Load DDS texture: Squad/Parts/Wheel/LandingGear/LandingGear
[LOG 11:24:48.567] Load DDS texture: Squad/Parts/Wheel/LandingGear/LandingGear_Emissive
[LOG 11:24:48.567] Load DDS texture: Squad/Parts/Wheel/roverWheelM1/model000
[LOG 11:24:48.567] Load DDS texture: Squad/Parts/Wheel/roverWheelM1/roverwheel1
[LOG 11:24:48.568] Load DDS texture: Squad/Parts/Wheel/roverWheelS2/model000
[LOG 11:24:48.568] Load DDS texture: Squad/Parts/Wheel/roverWheelS2/model001
[LOG 11:24:48.568] Load DDS texture: Squad/Parts/Wheel/roverWheelS2/roverwheel2
[LOG 11:24:48.568] Load DDS texture: Squad/Parts/Wheel/roverWheelS2/roverwheel2_n
[LOG 11:24:48.568] Load DDS texture: Squad/Parts/Wheel/roverWheelTR-2L/ksp_r_medWheel_diff
[LOG 11:24:48.569] Load DDS texture: Squad/Parts/Wheel/roverWheelTR-2L/ksp_r_medWheel_normal
[LOG 11:24:48.570] Load DDS texture: Squad/Parts/Wheel/roverWheelTR-2L/ksp_r_medWheel_wheel_diff
[LOG 11:24:48.571] Load DDS texture: Squad/Parts/Wheel/roverWheelTR-2L/ksp_r_medWheel_wheel_normal
[LOG 11:24:48.575] Load DDS texture: Squad/Parts/Wheel/roverWheelXL3/mount
[LOG 11:24:48.577] Load DDS texture: Squad/Parts/Wheel/roverWheelXL3/mount_n
[LOG 11:24:48.577] Load DDS texture: Squad/Parts/Wheel/roverWheelXL3/wheel
[LOG 11:24:48.577] Load DDS texture: Squad/Parts/Wheel/roverWheelXL3/wheel_n
[LOG 11:24:48.577] Load DDS texture: Squad/Props/AltimeterThreeHands/model000
[LOG 11:24:48.578] Load DDS texture: Squad/Props/AltimeterThreeHands/model001
[LOG 11:24:48.578] Load DDS texture: Squad/Props/AtmosphereDepth/model000
[LOG 11:24:48.578] Load DDS texture: Squad/Props/AtmosphereDepth/model001
[LOG 11:24:48.579] Load DDS texture: Squad/Props/AxisIndicator/model000
[LOG 11:24:48.579] Load DDS texture: Squad/Props/buttonsGeneric/ButtonsAndSwitches
[LOG 11:24:48.579] Load DDS texture: Squad/Props/ButtonSquare/model000
[LOG 11:24:48.579] Load DDS texture: Squad/Props/circularButton/model000
[LOG 11:24:48.583] Load DDS texture: Squad/Props/Compass/model000
[LOG 11:24:48.588] Load DDS texture: Squad/Props/directionalKnob/model000
[LOG 11:24:48.593] Load DDS texture: Squad/Props/directionalKnob2/model000
[LOG 11:24:48.593] Load DDS texture: Squad/Props/IndicatorPanel/model000
[LOG 11:24:48.593] Load DDS texture: Squad/Props/IndicatorPanel/model001
[LOG 11:24:48.594] Load DDS texture: Squad/Props/IVANavBall/Arrows8dir
[LOG 11:24:48.594] Load DDS texture: Squad/Props/IVANavBall/IVANavBall
[LOG 11:24:48.594] Load DDS texture: Squad/Props/IVANavBall/IVANavBall_Glow
[LOG 11:24:48.594] Load DDS texture: Squad/Props/IVANavBall/ManeuverNode_vectors
[LOG 11:24:48.594] Load DDS texture: Squad/Props/IVANavBall/navball2
[LOG 11:24:48.594] Load DDS texture: Squad/Props/IVANavBall/navBall_DV_IVA
[LOG 11:24:48.594] Load DDS texture: Squad/Props/IVANavBall/navBall_vectors_IVA
[LOG 11:24:48.594] Load Cached PNG Texture: Squad/Props/IVANavBallNoBase/Arrows8dir
[LOG 11:24:48.594] Load Cached PNG Texture: Squad/Props/IVANavBallNoBase/IVANavBall
[LOG 11:24:48.594] Load Cached PNG Texture: Squad/Props/IVANavBallNoBase/ManeuverNode_vectors
[LOG 11:24:48.596] Load Cached PNG Texture: Squad/Props/IVANavBallNoBase/navball2
[LOG 11:24:48.596] Load Cached PNG Texture: Squad/Props/IVANavBallNoBase/navBall_DV_IVA
[LOG 11:24:48.599] Load Cached PNG Texture: Squad/Props/IVANavBallNoBase/navBall_vectors_IVA
[LOG 11:24:48.599] Load DDS texture: Squad/Props/ledPanelSpeed/circularButton
[LOG 11:24:48.599] Load DDS texture: Squad/Props/ledPanelSpeed/ledPanel
[LOG 11:24:48.599] Load DDS texture: Squad/Props/Monitor/Emissives
[LOG 11:24:48.599] Load DDS texture: Squad/Props/Monitor/Emissives_glow
[LOG 11:24:48.599] Load DDS texture: Squad/Props/Monitor/Monitor
[LOG 11:24:48.599] Load DDS texture: Squad/Props/NavBall/GaugeGee
[LOG 11:24:48.599] Load DDS texture: Squad/Props/NavBall/GaugeThrottle
[LOG 11:24:48.599] Load DDS texture: Squad/Props/NavBall/model000
[LOG 11:24:48.599] Load DDS texture: Squad/Props/NavBall/model001
[LOG 11:24:48.601] Load DDS texture: Squad/Props/NavBall/model002
[LOG 11:24:48.602] Load DDS texture: Squad/Props/NavBall/model003
[LOG 11:24:48.603] Load DDS texture: Squad/Props/PropsGeneric/propsGeneric
[LOG 11:24:48.603] Load DDS texture: Squad/Props/pullSwitch/model000
[LOG 11:24:48.603] Load DDS texture: Squad/Props/pullSwitch/model001
[LOG 11:24:48.603] Load DDS texture: Squad/Props/radarAltitude/model000
[LOG 11:24:48.603] Load DDS texture: Squad/Props/squareButton/model000
[LOG 11:24:48.604] Load DDS texture: Squad/Props/standingSwitch/model000
[LOG 11:24:48.604] Load DDS texture: Squad/Props/standingSwitch/model001
[LOG 11:24:48.604] Load DDS texture: Squad/Props/switch/model000
[LOG 11:24:48.604] Load DDS texture: Squad/Props/switchGuard/model000
[LOG 11:24:48.604] Load DDS texture: Squad/Props/switchWithGuards/model000
[LOG 11:24:48.604] Load DDS texture: Squad/Props/switchWithGuards/model001
[LOG 11:24:48.604] Load DDS texture: Squad/Props/switchWithGuards/model002
[LOG 11:24:48.604] Load DDS texture: Squad/Props/throttle/model000
[LOG 11:24:48.604] Load DDS texture: Squad/Props/throttle/model001
[LOG 11:24:48.605] Load DDS texture: Squad/Props/VSI/model000
[LOG 11:24:48.605] Load DDS texture: Squad/Spaces/crewCabinInternals/model000
[LOG 11:24:48.605] Load DDS texture: Squad/Spaces/crewCabinInternals/model001
[LOG 11:24:48.612] Load DDS texture: Squad/Spaces/crewCabinInternals/model002
[LOG 11:24:48.612] Load DDS texture: Squad/Spaces/crewCabinInternals/model003
[LOG 11:24:48.612] Load DDS texture: Squad/Spaces/crewCabinInternals/model004
[LOG 11:24:48.612] Load DDS texture: Squad/Spaces/crewCabinInternals/model005
[LOG 11:24:48.613] Load DDS texture: Squad/Spaces/cupolaInternal/ksp_l_cupola_internal_diff
[LOG 11:24:48.620] Load DDS texture: Squad/Spaces/cupolaInternal/ksp_l_cupola_internal_normal
[LOG 11:24:48.626] Load DDS texture: Squad/Spaces/cupolaInternal/ksp_l_cupola_internal_windows_alpha
[LOG 11:24:48.627] Load DDS texture: Squad/Spaces/cupolaInternal/pilot Seat
[LOG 11:24:48.629] Load DDS texture: Squad/Spaces/GenericSpace1/model000
[LOG 11:24:48.629] Load DDS texture: Squad/Spaces/GenericSpace1/model001
[LOG 11:24:48.630] Load DDS texture: Squad/Spaces/GenericSpace1/model002
[LOG 11:24:48.631] Load DDS texture: Squad/Spaces/GenericSpace1/model003
[LOG 11:24:48.632] Load DDS texture: Squad/Spaces/GenericSpace1/model004
[LOG 11:24:48.634] Load DDS texture: Squad/Spaces/GenericSpace1/model005
[LOG 11:24:48.635] Load DDS texture: Squad/Spaces/GenericSpace3/model000
[LOG 11:24:48.636] Load DDS texture: Squad/Spaces/GenericSpace3/model001
[LOG 11:24:48.640] Load DDS texture: Squad/Spaces/GenericSpace3/model002
[LOG 11:24:48.640] Load DDS texture: Squad/Spaces/GenericSpace3/model003
[LOG 11:24:48.643] Load DDS texture: Squad/Spaces/GenericSpace3/model004
[LOG 11:24:48.646] Load DDS texture: Squad/Spaces/GenericSpace3/model005
[LOG 11:24:48.647] Load DDS texture: Squad/Spaces/GenericSpace3/model006
[LOG 11:24:48.648] Load DDS texture: Squad/Spaces/GenericSpace3/model007
[LOG 11:24:48.648] Load DDS texture: Squad/Spaces/landerCabinInternals/model000
[LOG 11:24:48.649] Load DDS texture: Squad/Spaces/landerCabinInternals/model001
[LOG 11:24:48.650] Load DDS texture: Squad/Spaces/landerCabinInternals/model002
[LOG 11:24:48.651] Load DDS texture: Squad/Spaces/landerCabinInternals/model003
[LOG 11:24:48.659] Load DDS texture: Squad/Spaces/landerCabinInternals/model004
[LOG 11:24:48.661] Load DDS texture: Squad/Spaces/landerCabinInternals/model005
[LOG 11:24:48.661] Load DDS texture: Squad/Spaces/landerCabinInternals/model006
[LOG 11:24:48.662] Load DDS texture: Squad/Spaces/landerCabinInternals/model007
[LOG 11:24:48.662] Load DDS texture: Squad/Spaces/landerCabinSmallInternal/ksp_s_landerCan_internal_diff
[LOG 11:24:48.669] Load DDS texture: Squad/Spaces/landerCabinSmallInternal/ksp_s_landerCan_internal_normal
[LOG 11:24:48.679] Load DDS texture: Squad/Spaces/landerCabinSmallInternal/ksp_s_landerCan_internal_window_alpha
[LOG 11:24:48.680] Load DDS texture: Squad/Spaces/landerCabinSmallInternal/pilot Seat
[LOG 11:24:48.683] Load DDS texture: Squad/Spaces/LargeCrewedLabInternals/Glass
[LOG 11:24:48.683] Load DDS texture: Squad/Spaces/LargeCrewedLabInternals/MPL_Int
[LOG 11:24:48.688] Load DDS texture: Squad/Spaces/LargeCrewedLabInternals/MPL_Int_n_NRM
[LOG 11:24:48.689] Load DDS texture: Squad/Spaces/Mk1-3/Mk1_3_IvaProps_Diffuse
[LOG 11:24:48.695] Load DDS texture: Squad/Spaces/Mk1-3/Mk1_3_IvaProps_Normal
[LOG 11:24:48.701] Load DDS texture: Squad/Spaces/Mk1-3/Mk1_3_IvaShell_Diffuse
[LOG 11:24:48.707] Load DDS texture: Squad/Spaces/Mk1-3/Mk1_3_IvaShell_Emissive
[LOG 11:24:48.713] Load DDS texture: Squad/Spaces/Mk1-3/Mk1_3_IvaShell_Normal
[LOG 11:24:48.721] Load DDS texture: Squad/Spaces/Mk1-3/pilot Seat
[LOG 11:24:48.721] Load DDS texture: Squad/Spaces/mk1CabinInternal/Cabin_Lightmap
[LOG 11:24:48.722] Load DDS texture: Squad/Spaces/mk1CabinInternal/CockpitGeneric
[LOG 11:24:48.722] Load DDS texture: Squad/Spaces/mk1CabinInternal/CockpitGeneric_NRM
[LOG 11:24:48.722] Load DDS texture: Squad/Spaces/mk1CockpitInternal/CockpitGeneric
[LOG 11:24:48.722] Load DDS texture: Squad/Spaces/mk1CockpitInternal/CockpitGeneric_NRM
[LOG 11:24:48.722] Load DDS texture: Squad/Spaces/mk1CockpitInternal/IVAMAP
[LOG 11:24:48.723] Load DDS texture: Squad/Spaces/mk1CockpitInternal/Windows
[LOG 11:24:48.723] Load DDS texture: Squad/Spaces/mk1InlineInternal/Canopy
[LOG 11:24:48.724] Load DDS texture: Squad/Spaces/mk1InlineInternal/CockpitGeneric
[LOG 11:24:48.724] Load DDS texture: Squad/Spaces/mk1InlineInternal/CockpitGeneric_NRM
[LOG 11:24:48.724] Load DDS texture: Squad/Spaces/mk1InlineInternal/Mk1Inline_Lightmap
[LOG 11:24:48.725] Load DDS texture: Squad/Spaces/mk1PodCockpit/model000
[LOG 11:24:48.726] Load DDS texture: Squad/Spaces/mk1PodCockpit/model001
[LOG 11:24:48.727] Load DDS texture: Squad/Spaces/mk1PodCockpit/model002
[LOG 11:24:48.730] Load DDS texture: Squad/Spaces/mk1PodCockpit/model003
[LOG 11:24:48.731] Load DDS texture: Squad/Spaces/mk1PodCockpit/model004
[LOG 11:24:48.734] Load DDS texture: Squad/Spaces/mk1PodCockpit/model005
[LOG 11:24:48.735] Load DDS texture: Squad/Spaces/mk1PodCockpit/model006
[LOG 11:24:48.736] Load DDS texture: Squad/Spaces/mk1PodCockpit/model007
[LOG 11:24:48.736] Load DDS texture: Squad/Spaces/mk1pod_IVA/mk1pod_iva_props_diffuse
[LOG 11:24:48.742] Load DDS texture: Squad/Spaces/mk1pod_IVA/mk1pod_iva_props_emissive
[LOG 11:24:48.743] Load DDS texture: Squad/Spaces/mk1pod_IVA/mk1pod_iva_props_normal
[LOG 11:24:48.749] Load DDS texture: Squad/Spaces/mk1pod_IVA/mk1pod_iva_shell_diffuse
[LOG 11:24:48.758] Load DDS texture: Squad/Spaces/mk1pod_IVA/mk1pod_iva_shell_normal
[LOG 11:24:48.764] Load MBM texture: Squad/Spaces/mk1pod_IVA/pilot Seat
[LOG 11:24:48.812] Load DDS texture: Squad/Spaces/mk2CockpitStandardInternal/CargoBagA
[LOG 11:24:48.813] Load DDS texture: Squad/Spaces/mk2CockpitStandardInternal/Mk2StandardIVA
[LOG 11:24:48.813] Load DDS texture: Squad/Spaces/mk2CockpitStandardInternal/Pilotseat
[LOG 11:24:48.813] Load DDS texture: Squad/Spaces/mk2CockpitStandardInternal/Windows
[LOG 11:24:48.813] Load DDS texture: Squad/Spaces/Mk2CrewCabinInternal/CargoBagA
[LOG 11:24:48.813] Load DDS texture: Squad/Spaces/Mk2CrewCabinInternal/Glass
[LOG 11:24:48.814] Load DDS texture: Squad/Spaces/Mk2CrewCabinInternal/Mk2StandardIVA
[LOG 11:24:48.814] Load DDS texture: Squad/Spaces/Mk2CrewCabinInternal/Pilotseat
[LOG 11:24:48.814] Load DDS texture: Squad/Spaces/mk2InlineInternal/CockpitGeneric
[LOG 11:24:48.815] Load DDS texture: Squad/Spaces/mk2InlineInternal/CockpitGeneric_NRM
[LOG 11:24:48.815] Load DDS texture: Squad/Spaces/mk2InlineInternal/Mk2InlineLightmap
[LOG 11:24:48.816] Load DDS texture: Squad/Spaces/mk2InlineInternal/propsGeneric
[LOG 11:24:48.817] Load DDS texture: Squad/Spaces/mk2LanderCanInternal/mk2LanderCan_props_diffuse
[LOG 11:24:48.822] Load DDS texture: Squad/Spaces/mk2LanderCanInternal/mk2LanderCan_props_normal
[LOG 11:24:48.828] Load DDS texture: Squad/Spaces/mk2LanderCanInternal/mk2LanderCan_shell_diffuse
[LOG 11:24:48.834] Load DDS texture: Squad/Spaces/mk2LanderCanInternal/mk2LanderCan_shell_normal
[LOG 11:24:48.840] Load MBM texture: Squad/Spaces/mk2LanderCanInternal/pilot Seat
[LOG 11:24:48.886] Load DDS texture: Squad/Spaces/MK3CockpitInternal/Glass
[LOG 11:24:48.887] Load DDS texture: Squad/Spaces/MK3CockpitInternal/Mk2StandardIVA
[LOG 11:24:48.888] Load DDS texture: Squad/Spaces/MK3_CrewCab_Int/Glass
[LOG 11:24:48.890] Load DDS texture: Squad/Spaces/MK3_CrewCab_Int/GlassMK3CC
[LOG 11:24:48.890] Load DDS texture: Squad/Spaces/MK3_CrewCab_Int/Mk2StandardIVA
[LOG 11:24:48.891] Load DDS texture: Squad/Spaces/MK3_CrewCab_Int/MK3_CrewCab_Int
[LOG 11:24:48.891] Load DDS texture: Squad/Spaces/MK3_CrewCab_Int/MK3_CrewCab_Int_n
[LOG 11:24:48.891] Load DDS texture: Squad/Spaces/MK3_CrewCab_Int/Pilotseat
[LOG 11:24:48.891] Load DDS texture: Squad/Spaces/Placeholder/PlaceholderIVA
[LOG 11:24:48.891] Load DDS texture: Squad/Spaces/PodCockpit/model000
[LOG 11:24:48.892] Load DDS texture: Squad/Spaces/PodCockpit/model001
[LOG 11:24:48.893] Load DDS texture: Squad/Spaces/PodCockpit/model002
[LOG 11:24:48.894] Load DDS texture: Squad/Spaces/PodCockpit/model003
[LOG 11:24:48.895] Load DDS texture: Squad/Spaces/PodCockpit/model004
[LOG 11:24:48.896] Load DDS texture: Squad/Spaces/PodCockpit/model005
[LOG 11:24:48.897] Load DDS texture: Squad/Spaces/PodCockpit/model006
[LOG 11:24:48.898] Load DDS texture: Squad/Spaces/PodCockpit/model007
[LOG 11:24:48.898] Load DDS texture: Squad/Spaces/sharedAssets/CockpitGeneric
[LOG 11:24:48.899] Load DDS texture: Squad/Spaces/sharedAssets/CockpitGeneric_NRM
[LOG 11:24:48.900] Load Cached PNG Texture: Squad/Strategies/Icons/AggressiveNegotiations
[LOG 11:24:48.901] Load Cached PNG Texture: Squad/Strategies/Icons/AppreciationCampaign
[LOG 11:24:48.901] Load Cached PNG Texture: Squad/Strategies/Icons/BailOutGrant
[LOG 11:24:48.901] Load Cached PNG Texture: Squad/Strategies/Icons/FundraisingCampaign
[LOG 11:24:48.901] Load Cached PNG Texture: Squad/Strategies/Icons/LeadershipInitiative
[LOG 11:24:48.901] Load Cached PNG Texture: Squad/Strategies/Icons/OpenSourceTechProgram
[LOG 11:24:48.903] Load Cached PNG Texture: Squad/Strategies/Icons/OutsourcedResearch
[LOG 11:24:48.903] Load Cached PNG Texture: Squad/Strategies/Icons/PatentsLicensing
[LOG 11:24:48.903] Load Cached PNG Texture: Squad/Strategies/Icons/RecoveryTransponderFitting
[LOG 11:24:48.903] Load Cached PNG Texture: Squad/Strategies/Icons/ResearchRightsSellOut
[LOG 11:24:48.903] Load Cached PNG Texture: Squad/Strategies/Icons/UnpaidResearchProgram
[LOG 11:24:48.903] Load Cached PNG Texture: Squad/Tutorials/ChuteColors
[LOG 11:24:48.903] Load DDS texture: Squad/Tutorials/EditorCoM
[LOG 11:24:48.903] Load Cached PNG Texture: Squad/Tutorials/EditorSnap
[LOG 11:24:48.904] Load Cached PNG Texture: Squad/Tutorials/EditorSnap4x
[LOG 11:24:48.904] Load Cached PNG Texture: Squad/Tutorials/EditorSymm
[LOG 11:24:48.904] Load Cached PNG Texture: Squad/Tutorials/StagingStack
[LOG 11:24:48.904] Load PNG texture: Squad/Tutorials/YPRDiagram
[WRN 11:24:48.905] Texture isn't eligible for DXT compression, width and height must be multiples of 4
[LOG 11:24:48.905] Load Cached PNG Texture: SquadExpansion/MakingHistory/Banners/Fail/default
[LOG 11:24:48.906] Load Cached PNG Texture: SquadExpansion/MakingHistory/Banners/Fail/fail01
[LOG 11:24:48.906] Load Cached PNG Texture: SquadExpansion/MakingHistory/Banners/Fail/fail02
[LOG 11:24:48.906] Load PNG texture: SquadExpansion/MakingHistory/Banners/Menu/default
[WRN 11:24:48.909] Texture isn't eligible for DXT compression, width and height must be multiples of 4
[LOG 11:24:48.909] Load PNG texture: SquadExpansion/MakingHistory/Banners/Menu/MBanner_01
[WRN 11:24:48.913] Texture isn't eligible for DXT compression, width and height must be multiples of 4
[LOG 11:24:48.913] Load PNG texture: SquadExpansion/MakingHistory/Banners/Menu/MBanner_02
[WRN 11:24:48.917] Texture isn't eligible for DXT compression, width and height must be multiples of 4
[LOG 11:24:48.917] Load PNG texture: SquadExpansion/MakingHistory/Banners/Menu/MBanner_03
[WRN 11:24:48.920] Texture isn't eligible for DXT compression, width and height must be multiples of 4
[LOG 11:24:48.924] Load Cached PNG Texture: SquadExpansion/MakingHistory/Banners/Success/default
[LOG 11:24:48.924] Load Cached PNG Texture: SquadExpansion/MakingHistory/Banners/Success/success01
[LOG 11:24:48.924] Load Cached PNG Texture: SquadExpansion/MakingHistory/Banners/Success/success02
[LOG 11:24:48.924] Load Cached PNG Texture: SquadExpansion/MakingHistory/Missions/Acapello 13/Banners/Fail/fail01
[LOG 11:24:48.924] Load PNG texture: SquadExpansion/MakingHistory/Missions/Acapello 13/Banners/Menu/Mun
[WRN 11:24:48.927] Texture isn't eligible for DXT compression, width and height must be multiples of 4
[LOG 11:24:48.927] Load Cached PNG Texture: SquadExpansion/MakingHistory/Missions/Acapello 13/Banners/Success/success01
[LOG 11:24:48.927] Load Cached PNG Texture: SquadExpansion/MakingHistory/Missions/Acapello 15/Banners/Fail/default
[LOG 11:24:48.927] Load Cached PNG Texture: SquadExpansion/MakingHistory/Missions/Acapello 15/Banners/Fail/fail02
[LOG 11:24:48.927] Load PNG texture: SquadExpansion/MakingHistory/Missions/Acapello 15/Banners/Menu/default
[WRN 11:24:48.930] Texture isn't eligible for DXT compression, width and height must be multiples of 4
[LOG 11:24:48.939] Load Cached PNG Texture: SquadExpansion/MakingHistory/Missions/Acapello 15/Banners/Success/default
[LOG 11:24:48.939] Load Cached PNG Texture: SquadExpansion/MakingHistory/Missions/Blue Mun/Banners/Fail/fail01
[LOG 11:24:48.939] Load PNG texture: SquadExpansion/MakingHistory/Missions/Blue Mun/Banners/Menu/default
[WRN 11:24:48.941] Texture isn't eligible for DXT compression, width and height must be multiples of 4
[LOG 11:24:48.941] Load Cached PNG Texture: SquadExpansion/MakingHistory/Missions/Blue Mun/Banners/Success/success02
[LOG 11:24:48.942] Load Cached PNG Texture: SquadExpansion/MakingHistory/Missions/Dawn of the Space Age/Banners/Fail/default
[LOG 11:24:48.942] Load PNG texture: SquadExpansion/MakingHistory/Missions/Dawn of the Space Age/Banners/Menu/default
[WRN 11:24:48.945] Texture isn't eligible for DXT compression, width and height must be multiples of 4
[LOG 11:24:48.945] Load Cached PNG Texture: SquadExpansion/MakingHistory/Missions/Dawn of the Space Age/Banners/Success/default
[LOG 11:24:48.945] Load Cached PNG Texture: SquadExpansion/MakingHistory/Missions/Meet Me in Zero G/Banners/Fail/default
[LOG 11:24:48.945] Load Cached PNG Texture: SquadExpansion/MakingHistory/Missions/Meet Me in Zero G/Banners/Fail/fail01
[LOG 11:24:48.945] Load PNG texture: SquadExpansion/MakingHistory/Missions/Meet Me in Zero G/Banners/Menu/default
[WRN 11:24:48.948] Texture isn't eligible for DXT compression, width and height must be multiples of 4
[LOG 11:24:48.948] Load Cached PNG Texture: SquadExpansion/MakingHistory/Missions/Meet Me in Zero G/Banners/Success/default
[LOG 11:24:48.950] Load Cached PNG Texture: SquadExpansion/MakingHistory/Missions/Meet Me in Zero G/Banners/Success/success02
[LOG 11:24:48.950] Load Cached PNG Texture: SquadExpansion/MakingHistory/Missions/Munar 1/Banners/Fail/default
[LOG 11:24:48.950] Load Cached PNG Texture: SquadExpansion/MakingHistory/Missions/Munar 1/Banners/Fail/fail02
[LOG 11:24:48.950] Load PNG texture: SquadExpansion/MakingHistory/Missions/Munar 1/Banners/Menu/default
[WRN 11:24:48.953] Texture isn't eligible for DXT compression, width and height must be multiples of 4
[LOG 11:24:48.953] Load Cached PNG Texture: SquadExpansion/MakingHistory/Missions/Munar 1/Banners/Success/default
[LOG 11:24:48.955] Load Cached PNG Texture: SquadExpansion/MakingHistory/Missions/Munar 1/Banners/Success/success01
[LOG 11:24:48.956] Load Cached PNG Texture: SquadExpansion/MakingHistory/Missions/Sally-Hut 1/Banners/Fail/default
[LOG 11:24:48.956] Load Cached PNG Texture: SquadExpansion/MakingHistory/Missions/Sally-Hut 1/Banners/Fail/fail01
[LOG 11:24:48.956] Load Cached PNG Texture: SquadExpansion/MakingHistory/Missions/Sally-Hut 1/Banners/Menu/bannerSatellite
[LOG 11:24:48.956] Load Cached PNG Texture: SquadExpansion/MakingHistory/Missions/Sally-Hut 1/Banners/Success/default
[LOG 11:24:48.956] Load Cached PNG Texture: SquadExpansion/MakingHistory/Missions/Sally-Hut 1/Banners/Success/success02
[LOG 11:24:48.956] Load Cached PNG Texture: SquadExpansion/MakingHistory/Missions/To the Mun Via Minmus/Banners/Fail/fail02
[LOG 11:24:48.956] Load PNG texture: SquadExpansion/MakingHistory/Missions/To the Mun Via Minmus/Banners/Menu/MissionBannerKerbin
[WRN 11:24:48.959] Texture isn't eligible for DXT compression, width and height must be multiples of 4
[LOG 11:24:48.959] Load Cached PNG Texture: SquadExpansion/MakingHistory/Missions/To the Mun Via Minmus/Banners/Success/success01
[LOG 11:24:48.960] Load Cached PNG Texture: SquadExpansion/MakingHistory/Missions/Trouble in the Void/Banners/Fail/fail01
[LOG 11:24:48.960] Load PNG texture: SquadExpansion/MakingHistory/Missions/Trouble in the Void/Banners/Menu/default
[WRN 11:24:48.962] Texture isn't eligible for DXT compression, width and height must be multiples of 4
[LOG 11:24:48.962] Load Cached PNG Texture: SquadExpansion/MakingHistory/Missions/Trouble in the Void/Banners/Success/success02
[LOG 11:24:48.963] Load Cached PNG Texture: SquadExpansion/MakingHistory/Missions/Ziggy Kerman and the Spiders from Duna/Banners/Fail/fail02
[LOG 11:24:48.963] Load Cached PNG Texture: SquadExpansion/MakingHistory/Missions/Ziggy Kerman and the Spiders from Duna/Banners/Menu/bannerSatellite
[LOG 11:24:48.963] Load Cached PNG Texture: SquadExpansion/MakingHistory/Missions/Ziggy Kerman and the Spiders from Duna/Banners/Success/success01
[LOG 11:24:48.963] Load Cached PNG Texture: SquadExpansion/MakingHistory/Parts/@thumbs/Decoupler.1p5_icon0
[LOG 11:24:48.963] Load Cached PNG Texture: SquadExpansion/MakingHistory/Parts/@thumbs/Decoupler.1p5_icon1
[LOG 11:24:48.963] Load Cached PNG Texture: SquadExpansion/MakingHistory/Parts/@thumbs/EquiTriangle0_icon0
[LOG 11:24:48.963] Load Cached PNG Texture: SquadExpansion/MakingHistory/Parts/@thumbs/EquiTriangle0_icon1
[LOG 11:24:48.963] Load Cached PNG Texture: SquadExpansion/MakingHistory/Parts/@thumbs/EquiTriangle0_icon2
[LOG 11:24:48.963] Load Cached PNG Texture: SquadExpansion/MakingHistory/Parts/@thumbs/EquiTriangle0_icon3
[LOG 11:24:48.963] Load Cached PNG Texture: SquadExpansion/MakingHistory/Parts/@thumbs/EquiTriangle1p5_icon0
[LOG 11:24:48.963] Load Cached PNG Texture: SquadExpansion/MakingHistory/Parts/@thumbs/EquiTriangle1p5_icon1
[LOG 11:24:48.964] Load Cached PNG Texture: SquadExpansion/MakingHistory/Parts/@thumbs/EquiTriangle1p5_icon2
[LOG 11:24:48.964] Load Cached PNG Texture: SquadExpansion/MakingHistory/Parts/@thumbs/EquiTriangle1p5_icon3
[LOG 11:24:48.964] Load Cached PNG Texture: SquadExpansion/MakingHistory/Parts/@thumbs/EquiTriangle1_icon0
[LOG 11:24:48.964] Load Cached PNG Texture: SquadExpansion/MakingHistory/Parts/@thumbs/EquiTriangle1_icon1
[LOG 11:24:48.964] Load Cached PNG Texture: SquadExpansion/MakingHistory/Parts/@thumbs/EquiTriangle1_icon2
[LOG 11:24:48.964] Load Cached PNG Texture: SquadExpansion/MakingHistory/Parts/@thumbs/EquiTriangle1_icon3
[LOG 11:24:48.964] Load Cached PNG Texture: SquadExpansion/MakingHistory/Parts/@thumbs/EquiTriangle2_icon0
[LOG 11:24:48.964] Load Cached PNG Texture: SquadExpansion/MakingHistory/Parts/@thumbs/EquiTriangle2_icon1
[LOG 11:24:48.965] Load Cached PNG Texture: SquadExpansion/MakingHistory/Parts/@thumbs/EquiTriangle2_icon2
[LOG 11:24:48.965] Load Cached PNG Texture: SquadExpansion/MakingHistory/Parts/@thumbs/EquiTriangle2_icon3
[LOG 11:24:48.965] Load Cached PNG Texture: SquadExpansion/MakingHistory/Parts/@thumbs/HeatShield1p5_icon
[LOG 11:24:48.965] Load Cached PNG Texture: SquadExpansion/MakingHistory/Parts/@thumbs/InflatableAirlock_icon
[LOG 11:24:48.965] Load Cached PNG Texture: SquadExpansion/MakingHistory/Parts/@thumbs/LiquidEngineRV-1_icon
[LOG 11:24:48.966] Load Cached PNG Texture: SquadExpansion/MakingHistory/Parts/@thumbs/monopropMiniSphere_icon
[LOG 11:24:48.966] Load Cached PNG Texture: SquadExpansion/MakingHistory/Parts/@thumbs/Panel0_icon0
[LOG 11:24:48.966] Load Cached PNG Texture: SquadExpansion/MakingHistory/Parts/@thumbs/Panel0_icon1
[LOG 11:24:48.966] Load Cached PNG Texture: SquadExpansion/MakingHistory/Parts/@thumbs/Panel0_icon2
[LOG 11:24:48.966] Load Cached PNG Texture: SquadExpansion/MakingHistory/Parts/@thumbs/Panel0_icon3
[LOG 11:24:48.966] Load Cached PNG Texture: SquadExpansion/MakingHistory/Parts/@thumbs/Panel1p5_icon0
[LOG 11:24:48.966] Load Cached PNG Texture: SquadExpansion/MakingHistory/Parts/@thumbs/Panel1p5_icon1
[LOG 11:24:48.966] Load Cached PNG Texture: SquadExpansion/MakingHistory/Parts/@thumbs/Panel1p5_icon2
[LOG 11:24:48.966] Load Cached PNG Texture: SquadExpansion/MakingHistory/Parts/@thumbs/Panel1p5_icon3
[LOG 11:24:48.966] Load Cached PNG Texture: SquadExpansion/MakingHistory/Parts/@thumbs/Panel1_icon0
[LOG 11:24:48.966] Load Cached PNG Texture: SquadExpansion/MakingHistory/Parts/@thumbs/Panel1_icon1
[LOG 11:24:48.966] Load Cached PNG Texture: SquadExpansion/MakingHistory/Parts/@thumbs/Panel1_icon2
[LOG 11:24:48.966] Load Cached PNG Texture: SquadExpansion/MakingHistory/Parts/@thumbs/Panel1_icon3
[LOG 11:24:48.967] Load Cached PNG Texture: SquadExpansion/MakingHistory/Parts/@thumbs/roverWheelM1-F_icon0
[LOG 11:24:48.967] Load Cached PNG Texture: SquadExpansion/MakingHistory/Parts/@thumbs/roverWheelM1-F_icon1
[LOG 11:24:48.967] Load Cached PNG Texture: SquadExpansion/MakingHistory/Parts/@thumbs/Separator.1p5_icon0
[LOG 11:24:48.967] Load Cached PNG Texture: SquadExpansion/MakingHistory/Parts/@thumbs/Separator.1p5_icon1
[LOG 11:24:48.967] Load Cached PNG Texture: SquadExpansion/MakingHistory/Parts/@thumbs/Size1p5.Strut.Decoupler_icon0
[LOG 11:24:48.967] Load Cached PNG Texture: SquadExpansion/MakingHistory/Parts/@thumbs/Size1p5.Strut.Decoupler_icon1
[LOG 11:24:48.967] Load Cached PNG Texture: SquadExpansion/MakingHistory/Parts/@thumbs/Size1to0ServiceModule_icon
[LOG 11:24:48.967] Load Cached PNG Texture: SquadExpansion/MakingHistory/Parts/@thumbs/Triangle0_icon0
[LOG 11:24:48.967] Load Cached PNG Texture: SquadExpansion/MakingHistory/Parts/@thumbs/Triangle0_icon1
[LOG 11:24:48.967] Load Cached PNG Texture: SquadExpansion/MakingHistory/Parts/@thumbs/Triangle0_icon2
[LOG 11:24:48.967] Load Cached PNG Texture: SquadExpansion/MakingHistory/Parts/@thumbs/Triangle0_icon3
[LOG 11:24:48.967] Load Cached PNG Texture: SquadExpansion/MakingHistory/Parts/@thumbs/Triangle1p5_icon0
[LOG 11:24:48.967] Load Cached PNG Texture: SquadExpansion/MakingHistory/Parts/@thumbs/Triangle1p5_icon1
[LOG 11:24:48.968] Load Cached PNG Texture: SquadExpansion/MakingHistory/Parts/@thumbs/Triangle1p5_icon2
[LOG 11:24:48.968] Load Cached PNG Texture: SquadExpansion/MakingHistory/Parts/@thumbs/Triangle1p5_icon3
[LOG 11:24:48.968] Load Cached PNG Texture: SquadExpansion/MakingHistory/Parts/@thumbs/Triangle1_icon0
[LOG 11:24:48.968] Load Cached PNG Texture: SquadExpansion/MakingHistory/Parts/@thumbs/Triangle1_icon1
[LOG 11:24:48.968] Load Cached PNG Texture: SquadExpansion/MakingHistory/Parts/@thumbs/Triangle1_icon2
[LOG 11:24:48.968] Load Cached PNG Texture: SquadExpansion/MakingHistory/Parts/@thumbs/Triangle1_icon3
[LOG 11:24:48.968] Load Cached PNG Texture: SquadExpansion/MakingHistory/Parts/@thumbs/Triangle2_icon0
[LOG 11:24:48.968] Load Cached PNG Texture: SquadExpansion/MakingHistory/Parts/@thumbs/Triangle2_icon1
[LOG 11:24:48.968] Load Cached PNG Texture: SquadExpansion/MakingHistory/Parts/@thumbs/Triangle2_icon2
[LOG 11:24:48.968] Load Cached PNG Texture: SquadExpansion/MakingHistory/Parts/@thumbs/Triangle2_icon3
[LOG 11:24:48.968] Load Cached PNG Texture: SquadExpansion/MakingHistory/Parts/@thumbs/Tube1_icon0
[LOG 11:24:48.968] Load Cached PNG Texture: SquadExpansion/MakingHistory/Parts/@thumbs/Tube1_icon1
[LOG 11:24:48.968] Load Cached PNG Texture: SquadExpansion/MakingHistory/Parts/@thumbs/Tube1_icon2
[LOG 11:24:48.968] Load Cached PNG Texture: SquadExpansion/MakingHistory/Parts/@thumbs/Tube1_icon3
[LOG 11:24:48.968] Load Cached PNG Texture: SquadExpansion/MakingHistory/Parts/@thumbs/Tube1_icon4
[LOG 11:24:48.969] Load Cached PNG Texture: SquadExpansion/MakingHistory/Parts/Aero/protectiveRocketNoseMk5A/s1p5_cone
[LOG 11:24:48.969] Load Cached PNG Texture: SquadExpansion/MakingHistory/Parts/Aero/protectiveRocketNoseMk5A/s1p5_cone_Orange
[LOG 11:24:48.969] Load DDS texture: SquadExpansion/MakingHistory/Parts/Coupling/Assets/airlock
[LOG 11:24:48.970] Load DDS texture: SquadExpansion/MakingHistory/Parts/Coupling/Assets/airlock_N
[LOG 11:24:48.970] Load DDS texture: SquadExpansion/MakingHistory/Parts/Coupling/Assets/EnginePlate
[LOG 11:24:48.970] Load DDS texture: SquadExpansion/MakingHistory/Parts/Coupling/Assets/Size1_5_Decoupler_grey
[LOG 11:24:48.970] Load DDS texture: SquadExpansion/MakingHistory/Parts/Coupling/Assets/Size1_5_Decoupler_orange
[LOG 11:24:48.970] Load DDS texture: SquadExpansion/MakingHistory/Parts/Engine/Assets/KE-1
[LOG 11:24:48.972] Load DDS texture: SquadExpansion/MakingHistory/Parts/Engine/Assets/KE-1_BASE
[LOG 11:24:48.975] Load DDS texture: SquadExpansion/MakingHistory/Parts/Engine/Assets/LV-T87
[LOG 11:24:48.975] Load DDS texture: SquadExpansion/MakingHistory/Parts/Engine/Assets/LV-T91
[LOG 11:24:48.976] Load DDS texture: SquadExpansion/MakingHistory/Parts/Engine/Assets/RE-I2
[LOG 11:24:48.979] Load DDS texture: SquadExpansion/MakingHistory/Parts/Engine/Assets/RE-J10
[LOG 11:24:48.980] Load DDS texture: SquadExpansion/MakingHistory/Parts/Engine/Assets/RE-J10_N
[LOG 11:24:48.981] Load DDS texture: SquadExpansion/MakingHistory/Parts/Engine/Assets/RK-7
[LOG 11:24:48.985] Load DDS texture: SquadExpansion/MakingHistory/Parts/Engine/Assets/RK-7_N
[LOG 11:24:48.998] Load DDS texture: SquadExpansion/MakingHistory/Parts/Engine/solidBoosterTHK/SolidBoosterS2-17_emissive
[LOG 11:24:49.003] Load DDS texture: SquadExpansion/MakingHistory/Parts/Engine/solidBoosterTHK/solidBoosterTHK_diffuse
[LOG 11:24:49.009] Load DDS texture: SquadExpansion/MakingHistory/Parts/FuelTank/Assets/Size1p5_02
[LOG 11:24:49.010] Load DDS texture: SquadExpansion/MakingHistory/Parts/FuelTank/Assets/Size1p5_02_ALT01
[LOG 11:24:49.011] Load DDS texture: SquadExpansion/MakingHistory/Parts/FuelTank/Assets/Size1p5_02_ALT02
[LOG 11:24:49.012] Load DDS texture: SquadExpansion/MakingHistory/Parts/FuelTank/Assets/Size1p5_02_ALT02_normal
[LOG 11:24:49.013] Load DDS texture: SquadExpansion/MakingHistory/Parts/FuelTank/Assets/Size1p5_mono
[LOG 11:24:49.014] Load DDS texture: SquadExpansion/MakingHistory/Parts/FuelTank/Assets/Size1p5_mono_2
[LOG 11:24:49.015] Load DDS texture: SquadExpansion/MakingHistory/Parts/FuelTank/Assets/Size1p5_mono_N
[LOG 11:24:49.017] Load DDS texture: SquadExpansion/MakingHistory/Parts/FuelTank/Assets/Size1_5_TankAdapters
[LOG 11:24:49.018] Load DDS texture: SquadExpansion/MakingHistory/Parts/FuelTank/Assets/Size1_5_TankAdapters_ALT01
[LOG 11:24:49.019] Load DDS texture: SquadExpansion/MakingHistory/Parts/FuelTank/Assets/Size1_5_TankAdapters_ALT02
[LOG 11:24:49.021] Load DDS texture: SquadExpansion/MakingHistory/Parts/FuelTank/Assets/Size1_5_TankAdapters_ALT02nm
[LOG 11:24:49.021] Load DDS texture: SquadExpansion/MakingHistory/Parts/FuelTank/Assets/Size1_5_TankAdapters_N
[LOG 11:24:49.023] Load DDS texture: SquadExpansion/MakingHistory/Parts/FuelTank/Assets/Size1_5_Tanks
[LOG 11:24:49.023] Load DDS texture: SquadExpansion/MakingHistory/Parts/FuelTank/Assets/Size1_5_Tanks_ALT02
[LOG 11:24:49.029] Load DDS texture: SquadExpansion/MakingHistory/Parts/FuelTank/Assets/Size1_5_Tanks_ALT02_nm
[LOG 11:24:49.035] Load DDS texture: SquadExpansion/MakingHistory/Parts/FuelTank/Assets/Size1_5_Tanks_grey
[LOG 11:24:49.035] Load DDS texture: SquadExpansion/MakingHistory/Parts/FuelTank/Assets/Size4_Tanks
[LOG 11:24:49.045] Load DDS texture: SquadExpansion/MakingHistory/Parts/FuelTank/Assets/Size4_Tanks_N
[LOG 11:24:49.057] Load DDS texture: SquadExpansion/MakingHistory/Parts/Ground/Assets/RoverWheel
[LOG 11:24:49.065] Load DDS texture: SquadExpansion/MakingHistory/Parts/Ground/Assets/RoverWheelG
[LOG 11:24:49.065] Load DDS texture: SquadExpansion/MakingHistory/Parts/Payload/Assets/Size1to0ServiceBay
[LOG 11:24:49.065] Load DDS texture: SquadExpansion/MakingHistory/Parts/Payload/Assets/Size1to0ServiceBay_n
[LOG 11:24:49.071] Load DDS texture: SquadExpansion/MakingHistory/Parts/Payload/Assets/SM18_diffuse
[LOG 11:24:49.081] Load Cached PNG Texture: SquadExpansion/MakingHistory/Parts/Payload/Assets/SM18_NRM
[LOG 11:24:49.087] Load DDS texture: SquadExpansion/MakingHistory/Parts/Payload/Assets/SM18_specular
[LOG 11:24:49.097] Load DDS texture: SquadExpansion/MakingHistory/Parts/Payload/Assets/SM25_diffuse
[LOG 11:24:49.097] Load DDS texture: SquadExpansion/MakingHistory/Parts/Payload/Assets/SM25_normals
[LOG 11:24:49.099] Load DDS texture: SquadExpansion/MakingHistory/Parts/Pods/Assets/KV1
[LOG 11:24:49.100] Load DDS texture: SquadExpansion/MakingHistory/Parts/Pods/Assets/KV1_GLOW
[LOG 11:24:49.101] Load DDS texture: SquadExpansion/MakingHistory/Parts/Pods/Assets/KV2
[LOG 11:24:49.102] Load DDS texture: SquadExpansion/MakingHistory/Parts/Pods/Assets/KV3
[LOG 11:24:49.103] Load DDS texture: SquadExpansion/MakingHistory/Parts/Pods/Assets/Mk2Pod
[LOG 11:24:49.105] Load DDS texture: SquadExpansion/MakingHistory/Parts/Pods/Assets/Mk2Pod_GLOW
[LOG 11:24:49.106] Load DDS texture: SquadExpansion/MakingHistory/Parts/Pods/Assets/Mk2Pod_n
[LOG 11:24:49.106] Load DDS texture: SquadExpansion/MakingHistory/Parts/Pods/Assets/Size1_5_Lander
[LOG 11:24:49.107] Load DDS texture: SquadExpansion/MakingHistory/Parts/Pods/Assets/Size1_5_Lander_GLOW
[LOG 11:24:49.108] Load DDS texture: SquadExpansion/MakingHistory/Parts/SharedAssets/Shrouds
[LOG 11:24:49.111] Load DDS texture: SquadExpansion/MakingHistory/Parts/SharedAssets/Shrouds_N
[LOG 11:24:49.112] Load DDS texture: SquadExpansion/MakingHistory/Parts/Structural/Assets/NormalMap
[LOG 11:24:49.116] Load DDS texture: SquadExpansion/MakingHistory/Parts/Structural/Assets/Panels
[LOG 11:24:49.119] Load DDS texture: SquadExpansion/MakingHistory/Parts/Structural/Assets/Panels_Dark_D
[LOG 11:24:49.122] Load DDS texture: SquadExpansion/MakingHistory/Parts/Structural/Assets/Panels_Gold_D
[LOG 11:24:49.125] Load Cached PNG Texture: SquadExpansion/MakingHistory/Parts/Structural/Assets/Panels_Gold_NRM
[LOG 11:24:49.130] Load DDS texture: SquadExpansion/MakingHistory/Parts/Structural/Assets/Panels_Gold_S
[LOG 11:24:49.132] Load DDS texture: SquadExpansion/MakingHistory/Parts/Structural/Assets/Panels_Silver_D
[LOG 11:24:49.136] Load DDS texture: SquadExpansion/MakingHistory/Parts/Structural/Assets/Panels_Silver_S
[LOG 11:24:49.139] Load Cached PNG Texture: SquadExpansion/MakingHistory/Ships/@thumbs/VAB/Acapello
[LOG 11:24:49.139] Load Cached PNG Texture: SquadExpansion/MakingHistory/Ships/@thumbs/VAB/Beta Centaurus
[LOG 11:24:49.139] Load Cached PNG Texture: SquadExpansion/MakingHistory/Ships/@thumbs/VAB/Goliath II HLV
[LOG 11:24:49.139] Load Cached PNG Texture: SquadExpansion/MakingHistory/Ships/@thumbs/VAB/Muna 1
[LOG 11:24:49.139] Load Cached PNG Texture: SquadExpansion/MakingHistory/Ships/@thumbs/VAB/Sally-Hut 1
[LOG 11:24:49.141] Load Cached PNG Texture: SquadExpansion/MakingHistory/Ships/@thumbs/VAB/SWM-94 Communications Satellite
[LOG 11:24:49.141] Load Cached PNG Texture: SquadExpansion/MakingHistory/Ships/@thumbs/VAB/Valshkod 2
[LOG 11:24:49.141] Load DDS texture: SquadExpansion/MakingHistory/Spaces/KVPods/airlock
[LOG 11:24:49.142] Load DDS texture: SquadExpansion/MakingHistory/Spaces/KVPods/airlock_N
[LOG 11:24:49.142] Load DDS texture: SquadExpansion/MakingHistory/Spaces/KVPods/KV1_Props_Diffuse
[LOG 11:24:49.148] Load DDS texture: SquadExpansion/MakingHistory/Spaces/KVPods/KV1_Props_Normal
[LOG 11:24:49.154] Load DDS texture: SquadExpansion/MakingHistory/Spaces/KVPods/KV1_Shell_Diffuse
[LOG 11:24:49.160] Load DDS texture: SquadExpansion/MakingHistory/Spaces/KVPods/KV1_Shell_Emissive
[LOG 11:24:49.165] Load DDS texture: SquadExpansion/MakingHistory/Spaces/KVPods/KV1_Shell_Normal
[LOG 11:24:49.171] Load DDS texture: SquadExpansion/MakingHistory/Spaces/KVPods/KV1_Vzor_Diffuse
[LOG 11:24:49.172] Load DDS texture: SquadExpansion/MakingHistory/Spaces/KVPods/KV2_Props_Diffuse
[LOG 11:24:49.179] Load DDS texture: SquadExpansion/MakingHistory/Spaces/KVPods/KV2_Props_Emissive
[LOG 11:24:49.184] Load DDS texture: SquadExpansion/MakingHistory/Spaces/KVPods/KV2_Props_Normal
[LOG 11:24:49.191] Load DDS texture: SquadExpansion/MakingHistory/Spaces/KVPods/KV2_Shell_Diffuse
[LOG 11:24:49.198] Load DDS texture: SquadExpansion/MakingHistory/Spaces/KVPods/KV2_Shell_Normal
[LOG 11:24:49.204] Load DDS texture: SquadExpansion/MakingHistory/Spaces/KVPods/KV3_Props_Diffuse
[LOG 11:24:49.209] Load DDS texture: SquadExpansion/MakingHistory/Spaces/KVPods/KV3_Props_Normal
[LOG 11:24:49.214] Load DDS texture: SquadExpansion/MakingHistory/Spaces/KVPods/KV3_Shell_Diffuse
[LOG 11:24:49.218] Load DDS texture: SquadExpansion/MakingHistory/Spaces/KVPods/KV3_Shell_Normal
[LOG 11:24:49.223] Load DDS texture: SquadExpansion/MakingHistory/Spaces/KVPods/motor
[LOG 11:24:49.224] Load DDS texture: SquadExpansion/MakingHistory/Spaces/KVPods/pilot Seat
[LOG 11:24:49.224] Load DDS texture: SquadExpansion/MakingHistory/Spaces/MEM/PANELS_AO
[LOG 11:24:49.233] Load DDS texture: SquadExpansion/MakingHistory/Spaces/MEM/PANELS_EMISSIVE
[LOG 11:24:49.239] Load DDS texture: SquadExpansion/MakingHistory/Spaces/MEM/PANELS_NORMAL
[LOG 11:24:49.246] Load DDS texture: SquadExpansion/MakingHistory/Spaces/MEM/pilot Seat
[LOG 11:24:49.247] Load DDS texture: SquadExpansion/MakingHistory/Spaces/MEM/propsGeneric
[LOG 11:24:49.248] Load DDS texture: SquadExpansion/MakingHistory/Spaces/MEM/PROPS_AO
[LOG 11:24:49.253] Load DDS texture: SquadExpansion/MakingHistory/Spaces/MEM/PROPS_EMISSIVE
[LOG 11:24:49.253] Load DDS texture: SquadExpansion/MakingHistory/Spaces/MEM/PROPS_NORMAL
[LOG 11:24:49.258] Load DDS texture: SquadExpansion/MakingHistory/Spaces/Mk2Pod/DIfuse_controlboard
[LOG 11:24:49.264] Load DDS texture: SquadExpansion/MakingHistory/Spaces/Mk2Pod/Normal_controlbard
[LOG 11:24:49.274] Load DDS texture: SquadExpansion/MakingHistory/Spaces/Mk2Pod/Outershell_Base_Color
[LOG 11:24:49.280] Load DDS texture: SquadExpansion/MakingHistory/Spaces/Mk2Pod/Outershell_Normal
[LOG 11:24:49.290] Load DDS texture: SquadExpansion/MakingHistory/Spaces/Mk2Pod/pilot Seat
[LOG 11:24:49.290] Load Cached PNG Texture: SquadExpansion/Serenity/Parts/@thumbs/controller1000_icon
[LOG 11:24:49.291] Load Cached PNG Texture: SquadExpansion/Serenity/Parts/@thumbs/DeployedCentralStation_icon
[LOG 11:24:49.291] Load Cached PNG Texture: SquadExpansion/Serenity/Parts/@thumbs/DeployedGoExOb_icon
[LOG 11:24:49.291] Load Cached PNG Texture: SquadExpansion/Serenity/Parts/@thumbs/DeployedIONExp_icon
[LOG 11:24:49.291] Load Cached PNG Texture: SquadExpansion/Serenity/Parts/@thumbs/DeployedRTG_icon
[LOG 11:24:49.291] Load Cached PNG Texture: SquadExpansion/Serenity/Parts/@thumbs/DeployedSatDish_icon
[LOG 11:24:49.292] Load Cached PNG Texture: SquadExpansion/Serenity/Parts/@thumbs/DeployedSeismicSensor_icon
[LOG 11:24:49.292] Load Cached PNG Texture: SquadExpansion/Serenity/Parts/@thumbs/DeployedSolarPanel_icon
[LOG 11:24:49.292] Load Cached PNG Texture: SquadExpansion/Serenity/Parts/@thumbs/DeployedWeatherStn_icon
[LOG 11:24:49.292] Load Cached PNG Texture: SquadExpansion/Serenity/Parts/@thumbs/FanShroud.01_icon0
[LOG 11:24:49.292] Load Cached PNG Texture: SquadExpansion/Serenity/Parts/@thumbs/FanShroud.01_icon1
[LOG 11:24:49.292] Load Cached PNG Texture: SquadExpansion/Serenity/Parts/@thumbs/FanShroud.02_icon0
[LOG 11:24:49.293] Load Cached PNG Texture: SquadExpansion/Serenity/Parts/@thumbs/FanShroud.02_icon1
[LOG 11:24:49.293] Load Cached PNG Texture: SquadExpansion/Serenity/Parts/@thumbs/hinge.01.s_icon0
[LOG 11:24:49.293] Load Cached PNG Texture: SquadExpansion/Serenity/Parts/@thumbs/hinge.01.s_icon1
[LOG 11:24:49.293] Load Cached PNG Texture: SquadExpansion/Serenity/Parts/@thumbs/hinge.01_icon0
[LOG 11:24:49.294] Load Cached PNG Texture: SquadExpansion/Serenity/Parts/@thumbs/hinge.01_icon1
[LOG 11:24:49.294] Load Cached PNG Texture: SquadExpansion/Serenity/Parts/@thumbs/hinge.03.s_icon0
[LOG 11:24:49.294] Load Cached PNG Texture: SquadExpansion/Serenity/Parts/@thumbs/hinge.03.s_icon1
[LOG 11:24:49.298] Load Cached PNG Texture: SquadExpansion/Serenity/Parts/@thumbs/hinge.03_icon0
[LOG 11:24:49.298] Load Cached PNG Texture: SquadExpansion/Serenity/Parts/@thumbs/hinge.03_icon1
[LOG 11:24:49.298] Load Cached PNG Texture: SquadExpansion/Serenity/Parts/@thumbs/largeFanBlade_icon0
[LOG 11:24:49.298] Load Cached PNG Texture: SquadExpansion/Serenity/Parts/@thumbs/largeFanBlade_icon1
[LOG 11:24:49.298] Load Cached PNG Texture: SquadExpansion/Serenity/Parts/@thumbs/largePropeller_icon0
[LOG 11:24:49.298] Load Cached PNG Texture: SquadExpansion/Serenity/Parts/@thumbs/largePropeller_icon1
[LOG 11:24:49.298] Load Cached PNG Texture: SquadExpansion/Serenity/Parts/@thumbs/lGripPad_icon0
[LOG 11:24:49.299] Load Cached PNG Texture: SquadExpansion/Serenity/Parts/@thumbs/lGripPad_icon1
[LOG 11:24:49.299] Load Cached PNG Texture: SquadExpansion/Serenity/Parts/@thumbs/lGripStrip_icon
[LOG 11:24:49.299] Load Cached PNG Texture: SquadExpansion/Serenity/Parts/@thumbs/mediumFanBlade_icon0
[LOG 11:24:49.299] Load Cached PNG Texture: SquadExpansion/Serenity/Parts/@thumbs/mediumFanBlade_icon1
[LOG 11:24:49.299] Load Cached PNG Texture: SquadExpansion/Serenity/Parts/@thumbs/mediumPropeller_icon0
[LOG 11:24:49.299] Load Cached PNG Texture: SquadExpansion/Serenity/Parts/@thumbs/mediumPropeller_icon1
[LOG 11:24:49.299] Load Cached PNG Texture: SquadExpansion/Serenity/Parts/@thumbs/mGripPad_icon0
[LOG 11:24:49.299] Load Cached PNG Texture: SquadExpansion/Serenity/Parts/@thumbs/mGripPad_icon1
[LOG 11:24:49.299] Load Cached PNG Texture: SquadExpansion/Serenity/Parts/@thumbs/noseconeTiny_icon
[LOG 11:24:49.299] Load Cached PNG Texture: SquadExpansion/Serenity/Parts/@thumbs/noseconeVS_icon
[LOG 11:24:49.300] Load Cached PNG Texture: SquadExpansion/Serenity/Parts/@thumbs/piston.01_icon0
[LOG 11:24:49.300] Load Cached PNG Texture: SquadExpansion/Serenity/Parts/@thumbs/piston.01_icon1
[LOG 11:24:49.300] Load Cached PNG Texture: SquadExpansion/Serenity/Parts/@thumbs/piston.02_icon0
[LOG 11:24:49.300] Load Cached PNG Texture: SquadExpansion/Serenity/Parts/@thumbs/piston.02_icon1
[LOG 11:24:49.300] Load Cached PNG Texture: SquadExpansion/Serenity/Parts/@thumbs/piston.03_icon0
[LOG 11:24:49.300] Load Cached PNG Texture: SquadExpansion/Serenity/Parts/@thumbs/piston.03_icon1
[LOG 11:24:49.302] Load Cached PNG Texture: SquadExpansion/Serenity/Parts/@thumbs/piston.04_icon0
[LOG 11:24:49.303] Load Cached PNG Texture: SquadExpansion/Serenity/Parts/@thumbs/piston.04_icon1
[LOG 11:24:49.307] Load Cached PNG Texture: SquadExpansion/Serenity/Parts/@thumbs/RobotArmScanner.S1_icon
[LOG 11:24:49.308] Load Cached PNG Texture: SquadExpansion/Serenity/Parts/@thumbs/RobotArmScanner.S2_icon
[LOG 11:24:49.308] Load Cached PNG Texture: SquadExpansion/Serenity/Parts/@thumbs/RobotArmScanner.S3_icon
[LOG 11:24:49.308] Load Cached PNG Texture: SquadExpansion/Serenity/Parts/@thumbs/rotor.01s_icon0
[LOG 11:24:49.308] Load Cached PNG Texture: SquadExpansion/Serenity/Parts/@thumbs/rotor.01s_icon1
[LOG 11:24:49.308] Load Cached PNG Texture: SquadExpansion/Serenity/Parts/@thumbs/rotor.01_icon0
[LOG 11:24:49.308] Load Cached PNG Texture: SquadExpansion/Serenity/Parts/@thumbs/rotor.01_icon1
[LOG 11:24:49.309] Load Cached PNG Texture: SquadExpansion/Serenity/Parts/@thumbs/rotor.02s_icon0
[LOG 11:24:49.309] Load Cached PNG Texture: SquadExpansion/Serenity/Parts/@thumbs/rotor.02s_icon1
[LOG 11:24:49.309] Load Cached PNG Texture: SquadExpansion/Serenity/Parts/@thumbs/rotor.02_icon0
[LOG 11:24:49.309] Load Cached PNG Texture: SquadExpansion/Serenity/Parts/@thumbs/rotor.02_icon1
[LOG 11:24:49.309] Load Cached PNG Texture: SquadExpansion/Serenity/Parts/@thumbs/RotorEngine.02_icon
[LOG 11:24:49.309] Load Cached PNG Texture: SquadExpansion/Serenity/Parts/@thumbs/rotoServo.00_icon0
[LOG 11:24:49.309] Load Cached PNG Texture: SquadExpansion/Serenity/Parts/@thumbs/rotoServo.00_icon1
[LOG 11:24:49.309] Load Cached PNG Texture: SquadExpansion/Serenity/Parts/@thumbs/rotoServo.02_icon0
[LOG 11:24:49.310] Load Cached PNG Texture: SquadExpansion/Serenity/Parts/@thumbs/rotoServo.02_icon1
[LOG 11:24:49.310] Load Cached PNG Texture: SquadExpansion/Serenity/Parts/@thumbs/rotoServo.03_icon0
[LOG 11:24:49.310] Load Cached PNG Texture: SquadExpansion/Serenity/Parts/@thumbs/rotoServo.03_icon1
[LOG 11:24:49.310] Load Cached PNG Texture: SquadExpansion/Serenity/Parts/@thumbs/sGripPad_icon0
[LOG 11:24:49.310] Load Cached PNG Texture: SquadExpansion/Serenity/Parts/@thumbs/sGripPad_icon1
[LOG 11:24:49.310] Load Cached PNG Texture: SquadExpansion/Serenity/Parts/@thumbs/sGripStrip_icon
[LOG 11:24:49.310] Load Cached PNG Texture: SquadExpansion/Serenity/Parts/@thumbs/smallFanBlade_icon0
[LOG 11:24:49.310] Load Cached PNG Texture: SquadExpansion/Serenity/Parts/@thumbs/smallFanBlade_icon1
[LOG 11:24:49.310] Load Cached PNG Texture: SquadExpansion/Serenity/Parts/@thumbs/smallHeliBlade_icon0
[LOG 11:24:49.310] Load Cached PNG Texture: SquadExpansion/Serenity/Parts/@thumbs/smallHeliBlade_icon1
[LOG 11:24:49.310] Load Cached PNG Texture: SquadExpansion/Serenity/Parts/@thumbs/smallPropeller_icon0
[LOG 11:24:49.310] Load Cached PNG Texture: SquadExpansion/Serenity/Parts/@thumbs/smallPropeller_icon1
[LOG 11:24:49.311] Load DDS texture: SquadExpansion/Serenity/Parts/Aero/Assets/copterBlades_diffuse
[LOG 11:24:49.311] Load DDS texture: SquadExpansion/Serenity/Parts/Aero/Assets/shroudsDiffuse_color
[LOG 11:24:49.311] Load DDS texture: SquadExpansion/Serenity/Parts/Aero/Assets/shroudsDiffuse_plain
[LOG 11:24:49.311] Load Cached PNG Texture: SquadExpansion/Serenity/Parts/DeployedScience/MockupTexture
[LOG 11:24:49.311] Load DDS texture: SquadExpansion/Serenity/Parts/DeployedScience/Assets/centralStation_diffuse
[LOG 11:24:49.311] Load DDS texture: SquadExpansion/Serenity/Parts/DeployedScience/Assets/centralStation_emissive
[LOG 11:24:49.337] Load DDS texture: SquadExpansion/Serenity/Parts/DeployedScience/Assets/GenericParts_diffuse
[LOG 11:24:49.343] Load DDS texture: SquadExpansion/Serenity/Parts/DeployedScience/Assets/GenericParts_emissive
[LOG 11:24:49.344] Load DDS texture: SquadExpansion/Serenity/Parts/DeployedScience/Assets/GenericParts_normal
[LOG 11:24:49.345] Load DDS texture: SquadExpansion/Serenity/Parts/DeployedScience/Assets/goex_diffuse
[LOG 11:24:49.349] Load DDS texture: SquadExpansion/Serenity/Parts/DeployedScience/Assets/goex_specMapped
[LOG 11:24:49.359] Load DDS texture: SquadExpansion/Serenity/Parts/DeployedScience/Assets/Grid
[LOG 11:24:49.359] Load DDS texture: SquadExpansion/Serenity/Parts/DeployedScience/Assets/IonExperiment_diffuse
[LOG 11:24:49.360] Load DDS texture: SquadExpansion/Serenity/Parts/DeployedScience/Assets/RTGCask_diffuse
[LOG 11:24:49.361] Load DDS texture: SquadExpansion/Serenity/Parts/DeployedScience/Assets/satDish_diffuse
[LOG 11:24:49.362] Load Cached PNG Texture: SquadExpansion/Serenity/Parts/DeployedScience/Assets/Scratch
[LOG 11:24:49.362] Load DDS texture: SquadExpansion/Serenity/Parts/DeployedScience/Assets/Screen2
[LOG 11:24:49.363] Load DDS texture: SquadExpansion/Serenity/Parts/DeployedScience/Assets/Screen3
[LOG 11:24:49.363] Load DDS texture: SquadExpansion/Serenity/Parts/DeployedScience/Assets/ScreenReadout
[LOG 11:24:49.363] Load DDS texture: SquadExpansion/Serenity/Parts/DeployedScience/Assets/seismicSensor_diffuse
[LOG 11:24:49.364] Load DDS texture: SquadExpansion/Serenity/Parts/DeployedScience/Assets/seismicSensor_nrm
[LOG 11:24:49.365] Load DDS texture: SquadExpansion/Serenity/Parts/DeployedScience/Assets/seismicSensor_specularMapped
[LOG 11:24:49.371] Load DDS texture: SquadExpansion/Serenity/Parts/DeployedScience/Assets/SolarGraph
[LOG 11:24:49.371] Load DDS texture: SquadExpansion/Serenity/Parts/DeployedScience/Assets/solarPanel_diffuse
[LOG 11:24:49.371] Load DDS texture: SquadExpansion/Serenity/Parts/DeployedScience/Assets/Waveleght3
[LOG 11:24:49.371] Load DDS texture: SquadExpansion/Serenity/Parts/DeployedScience/Assets/Wavelenght
[LOG 11:24:49.372] Load DDS texture: SquadExpansion/Serenity/Parts/DeployedScience/Assets/Wavelenght2
[LOG 11:24:49.372] Load DDS texture: SquadExpansion/Serenity/Parts/DeployedScience/Assets/wavelenght4
[LOG 11:24:49.372] Load DDS texture: SquadExpansion/Serenity/Parts/DeployedScience/Assets/wavelenght5
[LOG 11:24:49.372] Load DDS texture: SquadExpansion/Serenity/Parts/DeployedScience/Assets/WeatherStation [Normal]
[LOG 11:24:49.399] Load DDS texture: SquadExpansion/Serenity/Parts/DeployedScience/Assets/Weather_Station_diffuse
[LOG 11:24:49.410] Load DDS texture: SquadExpansion/Serenity/Parts/DeployedScience/Assets/Weather_Station_normal
[LOG 11:24:49.416] Load DDS texture: SquadExpansion/Serenity/Parts/Propellers/Assets/blade_diffuse
[LOG 11:24:49.417] Load DDS texture: SquadExpansion/Serenity/Parts/Propellers/Assets/copterBlades_diffuse
[LOG 11:24:49.418] Load DDS texture: SquadExpansion/Serenity/Parts/Propellers/Assets/fan_diffuse
[LOG 11:24:49.418] Load DDS texture: SquadExpansion/Serenity/Parts/Robotics/Assets/hinges-03-s_diffuse_Color
[LOG 11:24:49.418] Load DDS texture: SquadExpansion/Serenity/Parts/Robotics/Assets/hinges-03_diffuse_color
[LOG 11:24:49.419] Load DDS texture: SquadExpansion/Serenity/Parts/Robotics/Assets/hinges-03_diffuse_plain
[LOG 11:24:49.419] Load DDS texture: SquadExpansion/Serenity/Parts/Robotics/Assets/hinges_diffuse
[LOG 11:24:49.419] Load DDS texture: SquadExpansion/Serenity/Parts/Robotics/Assets/Hinge_diffuse_G-00_Color
[LOG 11:24:49.419] Load DDS texture: SquadExpansion/Serenity/Parts/Robotics/Assets/Hinge_diffuse_G-11_Color
[LOG 11:24:49.419] Load DDS texture: SquadExpansion/Serenity/Parts/Robotics/Assets/Hinge_diffuse_G-11_plain
[LOG 11:24:49.420] Load DDS texture: SquadExpansion/Serenity/Parts/Robotics/Assets/Hinge_normal
[LOG 11:24:49.420] Load DDS texture: SquadExpansion/Serenity/Parts/Robotics/Assets/RotorEngine_02_diffuse
[LOG 11:24:49.420] Load DDS texture: SquadExpansion/Serenity/Parts/Robotics/Assets/RotorEngine_03_diffuse
[LOG 11:24:49.422] Load DDS texture: SquadExpansion/Serenity/Parts/Robotics/Assets/RotorEngine_03_normal
[LOG 11:24:49.423] Load DDS texture: SquadExpansion/Serenity/Parts/Robotics/Assets/Rotor_01_diffuse_color
[LOG 11:24:49.424] Load DDS texture: SquadExpansion/Serenity/Parts/Robotics/Assets/Rotor_01_diffuse_plain
[LOG 11:24:49.424] Load DDS texture: SquadExpansion/Serenity/Parts/Robotics/Assets/Rotor_01_normal
[LOG 11:24:49.424] Load DDS texture: SquadExpansion/Serenity/Parts/Robotics/Assets/Rotor_01_specular_D
[LOG 11:24:49.424] Load DDS texture: SquadExpansion/Serenity/Parts/Robotics/Assets/Rotor_02_diffuse_color
[LOG 11:24:49.425] Load DDS texture: SquadExpansion/Serenity/Parts/Robotics/Assets/Rotor_03_diffuse_color
[LOG 11:24:49.427] Load DDS texture: SquadExpansion/Serenity/Parts/Robotics/Assets/Rotor_03_diffuse_plain
[LOG 11:24:49.427] Load DDS texture: SquadExpansion/Serenity/Parts/Robotics/Assets/Rotor_03_normal
[LOG 11:24:49.428] Load DDS texture: SquadExpansion/Serenity/Parts/Robotics/Assets/rotoServos_diffuse_color
[LOG 11:24:49.429] Load DDS texture: SquadExpansion/Serenity/Parts/Robotics/Assets/rotoServos_diffuse_plain
[LOG 11:24:49.431] Load DDS texture: SquadExpansion/Serenity/Parts/Robotics/Assets/rotoServos_nrm
[LOG 11:24:49.432] Load DDS texture: SquadExpansion/Serenity/Parts/Robotics/Controllers/roboController_diffuse
[LOG 11:24:49.433] Load DDS texture: SquadExpansion/Serenity/Parts/Robotics/Controllers/roboController_emissive
[LOG 11:24:49.433] Load Cached PNG Texture: SquadExpansion/Serenity/Parts/Science/RobotArmScanner/Assets/DrillBits
[LOG 11:24:49.433] Load DDS texture: SquadExpansion/Serenity/Parts/Science/RobotArmScanner/Assets/DustParticle
[WRN 11:24:49.433] Duplicate PNG texture 'SquadExpansion/Serenity/Parts/Science/RobotArmScanner/Assets/DustParticle' with extension 'png' won't be loaded
[LOG 11:24:49.433] Load DDS texture: SquadExpansion/Serenity/Parts/Science/RobotArmScanner/Assets/GenericParts_diffuse
[LOG 11:24:49.439] Load DDS texture: SquadExpansion/Serenity/Parts/Science/RobotArmScanner/Assets/GenericParts_normal
[LOG 11:24:49.446] Load DDS texture: SquadExpansion/Serenity/Parts/Science/RobotArmScanner/Assets/ROCArm3_diffuse
[LOG 11:24:49.452] Load DDS texture: SquadExpansion/Serenity/Parts/Science/RobotArmScanner/Assets/ROCArm3_normal
[LOG 11:24:49.458] Load DDS texture: SquadExpansion/Serenity/Parts/Science/RobotArmScanner/Assets/ROCArm_2_diffuse
[LOG 11:24:49.461] Load DDS texture: SquadExpansion/Serenity/Parts/Science/RobotArmScanner/Assets/ROCArm_2_normal
[LOG 11:24:49.466] Load Cached PNG Texture: SquadExpansion/Serenity/Parts/Science/RobotArmScanner/Assets/Scratch
[LOG 11:24:49.466] Load DDS texture: SquadExpansion/Serenity/Parts/Science/RobotArmScanner/Assets/SmallArm_diffuse
[LOG 11:24:49.467] Load DDS texture: SquadExpansion/Serenity/Parts/Science/RobotArmScanner/Assets/SmallArm_normal
[LOG 11:24:49.468] Load DDS texture: SquadExpansion/Serenity/Parts/Structural/gripPads/Assets/gripPads_diffuse
[LOG 11:24:49.469] Load DDS texture: SquadExpansion/Serenity/Parts/Structural/gripPads/Assets/gripPads_nrm
[LOG 11:24:49.470] Load Cached PNG Texture: SquadExpansion/Serenity/Ships/@thumbs/SPH/Arrow-E
[LOG 11:24:49.470] Load Cached PNG Texture: SquadExpansion/Serenity/Ships/@thumbs/SPH/Butterfly Rover
[LOG 11:24:49.470] Load Cached PNG Texture: SquadExpansion/Serenity/Ships/@thumbs/SPH/Jeb_s Quadtaxi
[LOG 11:24:49.470] Load Cached PNG Texture: SquadExpansion/Serenity/Ships/@thumbs/SPH/Kerbodyne Rotodyne
[LOG 11:24:49.470] Load Cached PNG Texture: SquadExpansion/Serenity/Ships/@thumbs/SPH/Seahawk
[LOG 11:24:49.470] Load Cached PNG Texture: SquadExpansion/Serenity/Ships/@thumbs/SPH/Val-Thopter
[LOG 11:24:49.472] Load MU model: Squad/FX/afterburner_flame
[LOG 11:24:49.481] Load MU model: Squad/FX/afterburner_shock
[LOG 11:24:49.482] Load MU model: Squad/FX/diamondBlue
[LOG 11:24:49.482] Load MU model: Squad/FX/exhaustFlames_blue
[LOG 11:24:49.603] Load MU model: Squad/FX/hydroLOXFlame
[LOG 11:24:49.604] Load MU model: Squad/FX/IonPlume
[LOG 11:24:49.604] Load MU model: Squad/FX/ks1_Exhaust
[LOG 11:24:49.605] Load MU model: Squad/FX/ks25_Exhaust
[LOG 11:24:49.605] Load MU model: Squad/FX/ksX_Exhaust
[LOG 11:24:49.605] Load MU model: Squad/FX/LES_Thruster
[LOG 11:24:49.606] Load MU model: Squad/FX/Monoprop_big
[LOG 11:24:49.606] Load MU model: Squad/FX/Monoprop_medium
[LOG 11:24:49.606] Load MU model: Squad/FX/Monoprop_small
[LOG 11:24:49.607] Load MU model: Squad/FX/shockExhaust_blue
[LOG 11:24:49.609] Load MU model: Squad/FX/shockExhaust_blue_small
[LOG 11:24:49.609] Load MU model: Squad/FX/shockExhaust_red_small
[LOG 11:24:49.609] Load MU model: Squad/FX/SRB_Large
[LOG 11:24:49.610] Load MU model: Squad/FX/SRB_LargeSparks
[LOG 11:24:49.610] Load MU model: Squad/Parts/Aero/aerodynamicNoseCone/aerodynamicNoseCone
[LOG 11:24:49.614] Load MU model: Squad/Parts/Aero/airbrake/Airbrake
[LOG 11:24:49.615] Load MU model: Squad/Parts/Aero/airIntakeRadialXM-G50/RadialIntake
[LOG 11:24:49.615] Load MU model: Squad/Parts/Aero/airlinerWings/ControlSurface
[LOG 11:24:49.615] Load MU model: Squad/Parts/Aero/airlinerWings/MainWing
[LOG 11:24:49.616] Load MU model: Squad/Parts/Aero/airlinerWings/TailFin
[LOG 11:24:49.619] Load MU model: Squad/Parts/Aero/airplaneFins/AdvCanard
[LOG 11:24:49.619] Load MU model: Squad/Parts/Aero/airplaneFins/Canard
[LOG 11:24:49.619] Load MU model: Squad/Parts/Aero/airplaneFins/Swept
[LOG 11:24:49.620] Load MU model: Squad/Parts/Aero/airplaneFins/TailFin
[LOG 11:24:49.620] Load MU model: Squad/Parts/Aero/basicFin/basicFin
[LOG 11:24:49.620] Load MU model: Squad/Parts/Aero/circularIntake/CircularIntake
[LOG 11:24:49.623] Load MU model: Squad/Parts/Aero/circularIntake/ConeIntake
[LOG 11:24:49.623] Load MU model: Squad/Parts/Aero/cones/Assets/AvioCone
[LOG 11:24:49.624] Load MU model: Squad/Parts/Aero/cones/Assets/ConeA
[LOG 11:24:49.624] Load MU model: Squad/Parts/Aero/cones/Assets/ConeB
[LOG 11:24:49.624] Load MU model: Squad/Parts/Aero/cones/Assets/NCS
[LOG 11:24:49.625] Load MU model: Squad/Parts/Aero/cones/Assets/orangeNoseCone
[LOG 11:24:49.625] Load MU model: Squad/Parts/Aero/cones/Assets/rocketNoseCone
[LOG 11:24:49.628] Load MU model: Squad/Parts/Aero/cones/Assets/rocketNoseCone_v2
[LOG 11:24:49.628] Load MU model: Squad/Parts/Aero/cones/Assets/rocketNoseCone_v3
[LOG 11:24:49.628] Load MU model: Squad/Parts/Aero/cones/Assets/TailA
[LOG 11:24:49.629] Load MU model: Squad/Parts/Aero/cones/Assets/TailB
[LOG 11:24:49.629] Load MU model: Squad/Parts/Aero/cones/Assets/TinyCone
[LOG 11:24:49.629] Load MU model: Squad/Parts/Aero/fairings/AutoTruss
[LOG 11:24:49.630] Load MU model: Squad/Parts/Aero/fairings/fairingSize1
[LOG 11:24:49.630] Load MU model: Squad/Parts/Aero/fairings/fairingSize2
[LOG 11:24:49.630] Load MU model: Squad/Parts/Aero/fairings/fairingSize3
[LOG 11:24:49.630] Load MU model: Squad/Parts/Aero/HeatShield/HeatShield0
[LOG 11:24:49.631] Load MU model: Squad/Parts/Aero/HeatShield/HeatShield1
[LOG 11:24:49.631] Load MU model: Squad/Parts/Aero/HeatShield/HeatShield2
[LOG 11:24:49.631] Load MU model: Squad/Parts/Aero/HeatShield/HeatShield3
[LOG 11:24:49.632] Load MU model: Squad/Parts/Aero/InflatableHeatShield/HeatShield
[LOG 11:24:49.634] Load MU model: Squad/Parts/Aero/intakeRadialLong/IntakeRadial
[LOG 11:24:49.634] Load MU model: Squad/Parts/Aero/miniIntake/SmallIntake
[LOG 11:24:49.634] Load MU model: Squad/Parts/Aero/ramAirIntake/RampIntake
[LOG 11:24:49.635] Load MU model: Squad/Parts/Aero/shuttleWings/ShuttleDeltaWing
[LOG 11:24:49.635] Load MU model: Squad/Parts/Aero/shuttleWings/ShuttleElevonA
[LOG 11:24:49.637] Load MU model: Squad/Parts/Aero/shuttleWings/ShuttleElevonB
[LOG 11:24:49.638] Load MU model: Squad/Parts/Aero/shuttleWings/ShuttleRudder
[LOG 11:24:49.638] Load MU model: Squad/Parts/Aero/shuttleWings/ShuttleStrake
[LOG 11:24:49.638] Load MU model: Squad/Parts/Aero/wingletAV-R8/model
[LOG 11:24:49.638] Load MU model: Squad/Parts/Aero/wingletAV-T1/model
[LOG 11:24:49.639] Load MU model: Squad/Parts/Aero/wingletDeltaDeluxe/model
[LOG 11:24:49.639] Load MU model: Squad/Parts/Aero/wings/connector1
[LOG 11:24:49.639] Load MU model: Squad/Parts/Aero/wings/connector2
[LOG 11:24:49.639] Load MU model: Squad/Parts/Aero/wings/connector3
[LOG 11:24:49.639] Load MU model: Squad/Parts/Aero/wings/connector4
[LOG 11:24:49.640] Load MU model: Squad/Parts/Aero/wings/connector5
[LOG 11:24:49.640] Load MU model: Squad/Parts/Aero/wings/delta
[LOG 11:24:49.640] Load MU model: Squad/Parts/Aero/wings/delta_small
[LOG 11:24:49.640] Load MU model: Squad/Parts/Aero/wings/elevon1
[LOG 11:24:49.640] Load MU model: Squad/Parts/Aero/wings/elevon2
[LOG 11:24:49.640] Load MU model: Squad/Parts/Aero/wings/elevon3
[LOG 11:24:49.640] Load MU model: Squad/Parts/Aero/wings/elevon4
[LOG 11:24:49.641] Load MU model: Squad/Parts/Aero/wings/elevon5
[LOG 11:24:49.641] Load MU model: Squad/Parts/Aero/wings/strake
[LOG 11:24:49.641] Load MU model: Squad/Parts/Aero/wings/structural1
[LOG 11:24:49.641] Load MU model: Squad/Parts/Aero/wings/structural2
[LOG 11:24:49.641] Load MU model: Squad/Parts/Aero/wings/structural3
[LOG 11:24:49.641] Load MU model: Squad/Parts/Aero/wings/structural4
[LOG 11:24:49.642] Load MU model: Squad/Parts/Aero/wings/swept1
[LOG 11:24:49.642] Load MU model: Squad/Parts/Aero/wings/swept2
[LOG 11:24:49.642] Load MU model: Squad/Parts/Cargo/CargoContainers/cargoContainer
[LOG 11:24:49.642] Load MU model: Squad/Parts/Cargo/CargoContainers/smallCargoContainer
[LOG 11:24:49.642] Load MU model: Squad/Parts/Cargo/Cylinder/EVAcylinder
[LOG 11:24:49.643] Load MU model: Squad/Parts/Cargo/GroundAnchor/groundAnchor
[LOG 11:24:49.643] Load MU model: Squad/Parts/Cargo/Jetpack/Jetpack
[LOG 11:24:49.644] Load MU model: Squad/Parts/Cargo/Parachute/Parachute
[LOG 11:24:49.644] Load MU model: Squad/Parts/Cargo/RepairKit/RepairKit
[LOG 11:24:49.662] Load MU model: Squad/Parts/Cargo/ScienceKit/ExperimentKit
[LOG 11:24:49.663] Load MU model: Squad/Parts/Cargo/StorageUnits/Assets/CargoStorageUnit
[LOG 11:24:49.663] Load MU model: Squad/Parts/Cargo/StorageUnits/Assets/ConformalStorageUnit
[LOG 11:24:49.664] Load MU model: Squad/Parts/Command/advancedSasModuleLarge/model
[LOG 11:24:49.664] Load MU model: Squad/Parts/Command/cupola/model
[LOG 11:24:49.665] Load MU model: Squad/Parts/Command/externalCommandSeat/model
[LOG 11:24:49.665] Load MU model: Squad/Parts/Command/hitchhikerStorageContainer/model
[LOG 11:24:49.666] Load MU model: Squad/Parts/Command/inlineAdvancedStabilizer/model
[LOG 11:24:49.666] Load MU model: Squad/Parts/Command/inlineReactionWheel/model
[LOG 11:24:49.666] Load MU model: Squad/Parts/Command/Mk1-3Pod/Mk1-3
[LOG 11:24:49.667] Load MU model: Squad/Parts/Command/mk1Cockpits/Cabin
[LOG 11:24:49.667] Load MU model: Squad/Parts/Command/mk1Cockpits/CockpitInline
[LOG 11:24:49.668] Load MU model: Squad/Parts/Command/mk1Cockpits/CockpitStandard
[LOG 11:24:49.686] Load MU model: Squad/Parts/Command/mk1LanderCan/model
[LOG 11:24:49.687] Load MU model: Squad/Parts/Command/mk1pod_v2/Mk1Pod_v2
[LOG 11:24:49.687] Load MU model: Squad/Parts/Command/mk2CockpitInline/model
[LOG 11:24:49.691] Load MU model: Squad/Parts/Command/mk2CockpitStandard/model
[LOG 11:24:49.691] Load MU model: Squad/Parts/Command/mk2DroneCore/model
[LOG 11:24:49.691] Load MU model: Squad/Parts/Command/mk2LanderCan/model
[LOG 11:24:49.692] Load MU model: Squad/Parts/Command/mk2LanderCan_v2/mk2LanderCan
[LOG 11:24:49.693] Load MU model: Squad/Parts/Command/mk3CockpitShuttle/model
[LOG 11:24:49.693] Load MU model: Squad/Parts/Command/MpoProbe/MpoProbe
[LOG 11:24:49.694] Load MU model: Squad/Parts/Command/MtmStage/MTM_Stage
[LOG 11:24:49.694] Load MU model: Squad/Parts/Command/probeCoreCube/probeCoreCube
[LOG 11:24:49.695] Load MU model: Squad/Parts/Command/probeCoreHex/model
[LOG 11:24:49.695] Load MU model: Squad/Parts/Command/probeCoreHex_v2/model
[LOG 11:24:49.698] Load MU model: Squad/Parts/Command/probeCoreOcto2_v2/probeCoreOcto2_v2
[LOG 11:24:49.698] Load MU model: Squad/Parts/Command/probeCoreOcto_v2/probeCoreOcto_v2
[LOG 11:24:49.698] Load MU model: Squad/Parts/Command/probeRoverBody/model
[LOG 11:24:49.701] Load MU model: Squad/Parts/Command/probeRoverBody_v2/probeRoverBody_v2
[LOG 11:24:49.701] Load MU model: Squad/Parts/Command/probeStackLarge/model
[LOG 11:24:49.701] Load MU model: Squad/Parts/Command/probeStackSmall/model
[LOG 11:24:49.701] Load MU model: Squad/Parts/Command/probeStackSphere_v2/probeStackSphere_v2
[LOG 11:24:49.702] Load MU model: Squad/Parts/CompoundParts/FuelLine/model
[LOG 11:24:49.705] Load MU model: Squad/Parts/CompoundParts/strutConnector/model
[LOG 11:24:49.705] Load MU model: Squad/Parts/Coupling/Assets/Decoupler_0
[LOG 11:24:49.705] Load MU model: Squad/Parts/Coupling/Assets/Decoupler_1
[LOG 11:24:49.706] Load MU model: Squad/Parts/Coupling/Assets/Decoupler_1p5
[LOG 11:24:49.706] Load MU model: Squad/Parts/Coupling/Assets/Decoupler_2
[LOG 11:24:49.706] Load MU model: Squad/Parts/Coupling/Assets/Decoupler_3
[LOG 11:24:49.707] Load MU model: Squad/Parts/Coupling/Assets/Decoupler_4
[LOG 11:24:49.707] Load MU model: Squad/Parts/Coupling/Assets/Separator_0
[LOG 11:24:49.708] Load MU model: Squad/Parts/Coupling/Assets/Separator_1
[LOG 11:24:49.708] Load MU model: Squad/Parts/Coupling/Assets/Separator_1p5
[LOG 11:24:49.709] Load MU model: Squad/Parts/Coupling/Assets/Separator_2
[LOG 11:24:49.709] Load MU model: Squad/Parts/Coupling/Assets/Separator_3
[LOG 11:24:49.709] Load MU model: Squad/Parts/Coupling/Assets/Separator_4
[LOG 11:24:49.710] Load MU model: Squad/Parts/Electrical/10CSolarPanels/assets/OX-10C
[LOG 11:24:49.711] Load MU model: Squad/Parts/Electrical/10CSolarPanels/assets/SP-10C
[LOG 11:24:49.713] Load MU model: Squad/Parts/Electrical/10LSolarPanels/assets/OX-10L
[LOG 11:24:49.715] Load MU model: Squad/Parts/Electrical/10LSolarPanels/assets/SP-10L
[LOG 11:24:49.716] Load MU model: Squad/Parts/Electrical/1x6ShroudSolarPanels/model
[LOG 11:24:49.716] Load MU model: Squad/Parts/Electrical/1x6SolarPanels/model
[LOG 11:24:49.717] Load MU model: Squad/Parts/Electrical/3x2ShroudSolarPanels/model
[LOG 11:24:49.718] Load MU model: Squad/Parts/Electrical/3x2SolarPanels/model
[LOG 11:24:49.718] Load MU model: Squad/Parts/Electrical/gigantorXlSolarArray/model
[LOG 11:24:49.719] Load MU model: Squad/Parts/Electrical/radialFlatSolarPanel/model
[LOG 11:24:49.720] Load MU model: Squad/Parts/Electrical/RTG/model
[LOG 11:24:49.720] Load MU model: Squad/Parts/Electrical/z-100Battery/model
[LOG 11:24:49.720] Load MU model: Squad/Parts/Electrical/z-1kBattery/model
[LOG 11:24:49.720] Load MU model: Squad/Parts/Electrical/z-200Battery/model
[LOG 11:24:49.721] Load MU model: Squad/Parts/Electrical/z-400Battery/model
[LOG 11:24:49.721] Load MU model: Squad/Parts/Electrical/z-4kBattery/model
[LOG 11:24:49.721] Load MU model: Squad/Parts/Engine/ionEngine/model
[LOG 11:24:49.724] Load MU model: Squad/Parts/Engine/jetEngines/turbineInside
[LOG 11:24:49.724] Load MU model: Squad/Parts/Engine/jetEngines/turboFanSize1
[LOG 11:24:49.724] Load MU model: Squad/Parts/Engine/jetEngines/turboFanSize2
[LOG 11:24:49.725] Load MU model: Squad/Parts/Engine/jetEngines/turboJet
[LOG 11:24:49.726] Load MU model: Squad/Parts/Engine/jetEngines/turboRamJet
[LOG 11:24:49.727] Load MU model: Squad/Parts/Engine/liquidEngine24-77/model
[LOG 11:24:49.727] Load MU model: Squad/Parts/Engine/liquidEngine24-77_v2/Twitch_v2
[LOG 11:24:49.727] Load MU model: Squad/Parts/Engine/liquidEngine48-7S_v2/SparkV2
[LOG 11:24:49.728] Load MU model: Squad/Parts/Engine/liquidEngineAerospike/AeroSpike
[LOG 11:24:49.729] Load MU model: Squad/Parts/Engine/liquidEngineLV-1_v2/Assets/Ant
[LOG 11:24:49.729] Load MU model: Squad/Parts/Engine/liquidEngineLV-1_v2/Assets/Spider
[LOG 11:24:49.730] Load MU model: Squad/Parts/Engine/liquidEngineLV-909_v2/TerrierV2
[LOG 11:24:49.731] Load MU model: Squad/Parts/Engine/liquidEngineLV-N/model
[LOG 11:24:49.731] Load MU model: Squad/Parts/Engine/liquidEngineLV-T30/model
[LOG 11:24:49.731] Load MU model: Squad/Parts/Engine/liquidEngineLV-T30_v2/Reliant_v2
[LOG 11:24:49.733] Load MU model: Squad/Parts/Engine/liquidEngineLV-T45/model
[LOG 11:24:49.733] Load MU model: Squad/Parts/Engine/liquidEngineLV-T45_v2/Swivel_v2
[LOG 11:24:49.735] Load MU model: Squad/Parts/Engine/liquidEngineMainsail_v2/liquidEngineMainsail_v2
[LOG 11:24:49.737] Load MU model: Squad/Parts/Engine/liquidEngineMk55/Thud
[LOG 11:24:49.737] Load MU model: Squad/Parts/Engine/liquidEnginePoodle_v2/LqdEnginePoodle_v2
[LOG 11:24:49.740] Load MU model: Squad/Parts/Engine/liquidEngineSkipper_v2/skipper_v2
[LOG 11:24:49.741] Load MU model: Squad/Parts/Engine/liquidEngineSSME/SSME
[LOG 11:24:49.742] Load MU model: Squad/Parts/Engine/MassiveSRB/MassiveSRB
[LOG 11:24:49.742] Load MU model: Squad/Parts/Engine/miniJet/SmallJet
[LOG 11:24:49.743] Load MU model: Squad/Parts/Engine/OMSEngine/Puff_v2
[LOG 11:24:49.743] Load MU model: Squad/Parts/Engine/rapierEngine/rapier
[LOG 11:24:49.744] Load MU model: Squad/Parts/Engine/Size1_SRBs/SRB10
[LOG 11:24:49.744] Load MU model: Squad/Parts/Engine/Size1_SRBs/SRB5
[LOG 11:24:49.745] Load MU model: Squad/Parts/Engine/Size2LFB/Size2LFB
[LOG 11:24:49.745] Load MU model: Squad/Parts/Engine/Size2LFB_v2/Size2LFB_v2
[LOG 11:24:49.747] Load MU model: Squad/Parts/Engine/Size3AdvancedEngine/Size3AdvancedEngine
[LOG 11:24:49.747] Load MU model: Squad/Parts/Engine/Size3EngineCluster/Size3EngineCluster
[LOG 11:24:49.748] Load MU model: Squad/Parts/Engine/solidBoosterBACC/model
[LOG 11:24:49.749] Load MU model: Squad/Parts/Engine/solidBoosterS2-17/solidBoosterS2-17
[LOG 11:24:49.750] Load MU model: Squad/Parts/Engine/solidBoosterS2-33/solidBoosterS2-33
[LOG 11:24:49.750] Load MU model: Squad/Parts/Engine/solidBoosterSep/model
[LOG 11:24:49.751] Load MU model: Squad/Parts/Engine/SolidBoostersF/Assets/SolidBoosterF3S0
[LOG 11:24:49.751] Load MU model: Squad/Parts/Engine/SolidBoostersF/Assets/SolidBoosterFM1
[LOG 11:24:49.752] Load MU model: Squad/Parts/FuelTank/adapterTanks/Mk3-Mk2
[LOG 11:24:49.752] Load MU model: Squad/Parts/FuelTank/adapterTanks/Mk3-Size2
[LOG 11:24:49.753] Load MU model: Squad/Parts/FuelTank/adapterTanks/Mk3-Size2Slant
[LOG 11:24:49.753] Load MU model: Squad/Parts/FuelTank/adapterTanks/ShuttleAdapter
[LOG 11:24:49.754] Load MU model: Squad/Parts/FuelTank/adapterTanks/Size2-Mk2
[LOG 11:24:49.754] Load MU model: Squad/Parts/FuelTank/adapterTanks/Size2-Size1
[LOG 11:24:49.755] Load MU model: Squad/Parts/FuelTank/adapterTanks/Size2-Size1Slant
[LOG 11:24:49.755] Load MU model: Squad/Parts/FuelTank/adapterTanks/Size3-Mk3
[LOG 11:24:49.755] Load MU model: Squad/Parts/FuelTank/drainTankFTE-1/fuelValve
[LOG 11:24:49.755] Load MU model: Squad/Parts/FuelTank/FoilTanks/RadialTank_Capsule
[LOG 11:24:49.756] Load MU model: Squad/Parts/FuelTank/FoilTanks/RadialTank_Round
[LOG 11:24:49.756] Load MU model: Squad/Parts/FuelTank/FoilTanks/ToroidTank
[LOG 11:24:49.756] Load MU model: Squad/Parts/FuelTank/fuelTankOscarB/model
[LOG 11:24:49.757] Load MU model: Squad/Parts/FuelTank/miniFuselage/Fuselage
[LOG 11:24:49.757] Load MU model: Squad/Parts/FuelTank/mk2Adapters/bicoupler
[LOG 11:24:49.757] Load MU model: Squad/Parts/FuelTank/mk2Adapters/long
[LOG 11:24:49.757] Load MU model: Squad/Parts/FuelTank/mk2Adapters/standard
[LOG 11:24:49.758] Load MU model: Squad/Parts/FuelTank/mk2FuselageLong/FuselageLongLFO
[LOG 11:24:49.758] Load MU model: Squad/Parts/FuelTank/mk2FuselageLong/FuselageLongLiquid
[LOG 11:24:49.758] Load MU model: Squad/Parts/FuelTank/mk2FuselageShort/FuselageShortLFO
[LOG 11:24:49.758] Load MU model: Squad/Parts/FuelTank/mk2FuselageShort/FuselageShortLiquid
[LOG 11:24:49.758] Load MU model: Squad/Parts/FuelTank/mk2FuselageShort/FuselageShortMono
[LOG 11:24:49.759] Load MU model: Squad/Parts/FuelTank/mk3Fuselage/CREW
[LOG 11:24:49.759] Load MU model: Squad/Parts/FuelTank/mk3Fuselage/LFO_100
[LOG 11:24:49.759] Load MU model: Squad/Parts/FuelTank/mk3Fuselage/LFO_25
[LOG 11:24:49.759] Load MU model: Squad/Parts/FuelTank/mk3Fuselage/LFO_50
[LOG 11:24:49.760] Load MU model: Squad/Parts/FuelTank/mk3Fuselage/LF_100
[LOG 11:24:49.760] Load MU model: Squad/Parts/FuelTank/mk3Fuselage/LF_25
[LOG 11:24:49.760] Load MU model: Squad/Parts/FuelTank/mk3Fuselage/LF_50
[LOG 11:24:49.760] Load MU model: Squad/Parts/FuelTank/mk3Fuselage/MONO
[LOG 11:24:49.760] Load MU model: Squad/Parts/FuelTank/RCSFuelTankR1/RCSFuelTankR1_01
[LOG 11:24:49.761] Load MU model: Squad/Parts/FuelTank/RCSFuelTankR10/model
[LOG 11:24:49.761] Load MU model: Squad/Parts/FuelTank/RCSFuelTankR25/RCSFuelTankR25
[LOG 11:24:49.762] Load MU model: Squad/Parts/FuelTank/RCSTankRadial/model
[LOG 11:24:49.762] Load MU model: Squad/Parts/FuelTank/RCStankRadialLong/model
[LOG 11:24:49.762] Load MU model: Squad/Parts/FuelTank/RockomaxTanks/Assets/Rockomax16
[LOG 11:24:49.762] Load MU model: Squad/Parts/FuelTank/RockomaxTanks/Assets/Rockomax32
[LOG 11:24:49.762] Load MU model: Squad/Parts/FuelTank/RockomaxTanks/Assets/Rockomax64
[LOG 11:24:49.763] Load MU model: Squad/Parts/FuelTank/RockomaxTanks/Assets/Rockomax8
[LOG 11:24:49.763] Load MU model: Squad/Parts/FuelTank/Size1_Tanks/Size1Tank_01
[LOG 11:24:49.764] Load MU model: Squad/Parts/FuelTank/Size1_Tanks/Size1Tank_02
[LOG 11:24:49.764] Load MU model: Squad/Parts/FuelTank/Size1_Tanks/Size1Tank_03
[LOG 11:24:49.764] Load MU model: Squad/Parts/FuelTank/Size1_Tanks/Size1Tank_04
[LOG 11:24:49.764] Load MU model: Squad/Parts/FuelTank/Size3Tanks/Size3LargeTank
[LOG 11:24:49.765] Load MU model: Squad/Parts/FuelTank/Size3Tanks/Size3MediumTank
[LOG 11:24:49.765] Load MU model: Squad/Parts/FuelTank/Size3Tanks/Size3SmallTank
[LOG 11:24:49.765] Load MU model: Squad/Parts/FuelTank/xenonTank/model
[LOG 11:24:49.765] Load MU model: Squad/Parts/FuelTank/xenonTankLarge/model
[LOG 11:24:49.766] Load MU model: Squad/Parts/FuelTank/xenonTankRadial/model
[LOG 11:24:49.766] Load MU model: Squad/Parts/Misc/AsteroidDay/CamSat
[LOG 11:24:49.766] Load MU model: Squad/Parts/Misc/AsteroidDay/HECS2
[LOG 11:24:49.767] Load MU model: Squad/Parts/Misc/AsteroidDay/HighGainAntenna
[LOG 11:24:49.768] Load MU model: Squad/Parts/Misc/AsteroidDay/LgRadialSolar
[LOG 11:24:49.768] Load MU model: Squad/Parts/Misc/PotatoComet/Cube
[LOG 11:24:49.768] Load MU model: Squad/Parts/Misc/PotatoRoid/Cube
[LOG 11:24:49.768] Load MU model: Squad/Parts/Resources/FuelCell/FuelCell
[LOG 11:24:49.768] Load MU model: Squad/Parts/Resources/FuelCell/FuelCellArray
[LOG 11:24:49.769] Load MU model: Squad/Parts/Resources/ISRU/ISRU
[LOG 11:24:49.770] Load MU model: Squad/Parts/Resources/LargeTank/LargeTank
[LOG 11:24:49.770] Load MU model: Squad/Parts/Resources/MiniDrill/MiniDrill
[LOG 11:24:49.771] Load MU model: Squad/Parts/Resources/MiniISRU/MiniISRU
[LOG 11:24:49.772] Load MU model: Squad/Parts/Resources/OrbitalScanner/OrbitalScanner
[LOG 11:24:49.772] Load MU model: Squad/Parts/Resources/RadialDrill/TriBitDrill
[LOG 11:24:49.775] Load MU model: Squad/Parts/Resources/RadialTank/RadialOreTank
[LOG 11:24:49.775] Load MU model: Squad/Parts/Resources/SmallTank/SmallTank
[LOG 11:24:49.775] Load MU model: Squad/Parts/Resources/SurfaceScanner/SurfaceScanner
[LOG 11:24:49.776] Load MU model: Squad/Parts/Resources/SurveyScanner/SurveyScanner
[LOG 11:24:49.776] Load MU model: Squad/Parts/Science/AtmosphereSensor/model
[LOG 11:24:49.776] Load MU model: Squad/Parts/Science/GooExperiment/GooExperiment
[LOG 11:24:49.776] Load MU model: Squad/Parts/Science/LargeCrewedLab/large_crewed_lab
[LOG 11:24:49.777] Load MU model: Squad/Parts/Science/Magnetometer/Magnetometer
[LOG 11:24:49.782] Load MU model: Squad/Parts/Science/MaterialBay/science_module_small
[LOG 11:24:49.782] Load MU model: Squad/Parts/Science/ScienceBox/ScienceBox
[LOG 11:24:49.783] Load MU model: Squad/Parts/Science/sensorAccelerometer/model
[LOG 11:24:49.783] Load MU model: Squad/Parts/Science/sensorBarometer/model
[LOG 11:24:49.783] Load MU model: Squad/Parts/Science/sensorGravimeter/model
[LOG 11:24:49.783] Load MU model: Squad/Parts/Science/sensorThermometer/model
[LOG 11:24:49.783] Load MU model: Squad/Parts/Structural/FLAdapters/Assets/adapterSmallMiniShort_v2
[LOG 11:24:49.783] Load MU model: Squad/Parts/Structural/FLAdapters/Assets/adapterSmallMiniTall_v2
[LOG 11:24:49.784] Load MU model: Squad/Parts/Structural/mk1Parts/Fuselage
[LOG 11:24:49.784] Load MU model: Squad/Parts/Structural/mk1Parts/IntakeFuselage
[LOG 11:24:49.784] Load MU model: Squad/Parts/Structural/mk1Parts/Nacelle1
[LOG 11:24:49.785] Load MU model: Squad/Parts/Structural/mk1Parts/Nacelle2
[LOG 11:24:49.785] Load MU model: Squad/Parts/Structural/mk1Parts/Structural
[LOG 11:24:49.785] Load MU model: Squad/Parts/Structural/mk1Parts/StructuralHollow
[LOG 11:24:49.785] Load MU model: Squad/Parts/Structural/Size3To2Adapter_v2/Size2to3_v2
[LOG 11:24:49.787] Load MU model: Squad/Parts/Structural/stackAdapters/Assets/adapterLargeSmallBi
[LOG 11:24:49.787] Load MU model: Squad/Parts/Structural/stackAdapters/Assets/adapterLargeSmallQuad
[LOG 11:24:49.787] Load MU model: Squad/Parts/Structural/stackAdapters/Assets/adapterLargeSmallTri
[LOG 11:24:49.788] Load MU model: Squad/Parts/Structural/stationHub/model
[LOG 11:24:49.788] Load MU model: Squad/Parts/Structural/structuralIBeam200/model
[LOG 11:24:49.788] Load MU model: Squad/Parts/Structural/structuralIBeam200Pocket/model
[LOG 11:24:49.789] Load MU model: Squad/Parts/Structural/structuralIBeam650/model
[LOG 11:24:49.789] Load MU model: Squad/Parts/Structural/structuralMicronode/model
[LOG 11:24:49.789] Load MU model: Squad/Parts/Structural/structuralPanel1x1/model
[LOG 11:24:49.789] Load MU model: Squad/Parts/Structural/structuralPanel2x2/model
[LOG 11:24:49.789] Load MU model: Squad/Parts/Structural/structuralPylons/PylonBig
[LOG 11:24:49.789] Load MU model: Squad/Parts/Structural/structuralPylons/PylonSmall
[LOG 11:24:49.789] Load MU model: Squad/Parts/Structural/strutCubicOcto/model
[LOG 11:24:49.790] Load MU model: Squad/Parts/Structural/strutOcto/model
[LOG 11:24:49.790] Load MU model: Squad/Parts/Structural/trussGirderAdapter/model
[LOG 11:24:49.790] Load MU model: Squad/Parts/Structural/trussGirderL/model
[LOG 11:24:49.790] Load MU model: Squad/Parts/Structural/trussGirderXL/model
[LOG 11:24:49.790] Load MU model: Squad/Parts/Thermal/FoldingRadiators/foldingRadLarge
[LOG 11:24:49.796] Load MU model: Squad/Parts/Thermal/FoldingRadiators/foldingRadMed
[LOG 11:24:49.798] Load MU model: Squad/Parts/Thermal/FoldingRadiators/foldingRadSmall
[LOG 11:24:49.800] Load MU model: Squad/Parts/Thermal/RadiatorPanels/radPanelEdge
[LOG 11:24:49.800] Load MU model: Squad/Parts/Thermal/RadiatorPanels/radPanelLg
[LOG 11:24:49.801] Load MU model: Squad/Parts/Thermal/RadiatorPanels/radPanelSm
[LOG 11:24:49.801] Load MU model: Squad/Parts/Utility/commDish88-88/model
[LOG 11:24:49.806] Load MU model: Squad/Parts/Utility/commsAntennaDTS-M1/mediumDishAntenna
[LOG 11:24:49.807] Load MU model: Squad/Parts/Utility/commsDish16/model
[LOG 11:24:49.807] Load MU model: Squad/Parts/Utility/decouplerRadialHDM/model
[LOG 11:24:49.808] Load MU model: Squad/Parts/Utility/decouplerRadialTT-38K/model
[LOG 11:24:49.808] Load MU model: Squad/Parts/Utility/decouplerRadialTT-70/model
[LOG 11:24:49.808] Load MU model: Squad/Parts/Utility/DirectAntennas/HGAntenna
[LOG 11:24:49.809] Load MU model: Squad/Parts/Utility/DirectAntennas/HGAntenna_v2
[LOG 11:24:49.810] Load MU model: Squad/Parts/Utility/DirectAntennas/SurfAntenna
[LOG 11:24:49.810] Load MU model: Squad/Parts/Utility/dockingPort/dockingPort
[LOG 11:24:49.811] Load MU model: Squad/Parts/Utility/dockingPortInline/dockingPortInline
[LOG 11:24:49.811] Load MU model: Squad/Parts/Utility/dockingPortJr/dockingPortJr
[LOG 11:24:49.812] Load MU model: Squad/Parts/Utility/dockingPortShielded/dockingPortShielded
[LOG 11:24:49.813] Load MU model: Squad/Parts/Utility/dockingPortSr/dockingPortSr
[LOG 11:24:49.813] Load MU model: Squad/Parts/Utility/Fireworks/Assets/fireworksLauncherBig
[LOG 11:24:49.814] Load MU model: Squad/Parts/Utility/Fireworks/Assets/fireworksLauncherSmall
[LOG 11:24:49.814] Load MU model: Squad/Parts/Utility/flags/flagFlat/flagFlatMeshes
[LOG 11:24:49.817] Load MU model: Squad/Parts/Utility/flags/flagSize0/flagSize0Meshes
[LOG 11:24:49.819] Load MU model: Squad/Parts/Utility/flags/flagSize1/flagSize1Meshes
[LOG 11:24:49.821] Load MU model: Squad/Parts/Utility/flags/flagSize2/flagSize2Meshes
[LOG 11:24:49.823] Load MU model: Squad/Parts/Utility/flags/flagSize3/flagSize3Meshes
[LOG 11:24:49.824] Load MU model: Squad/Parts/Utility/GrapplingDevice/GrapplingArm
[LOG 11:24:49.829] Load MU model: Squad/Parts/Utility/ladderRadial/model
[LOG 11:24:49.829] Load MU model: Squad/Parts/Utility/ladderTelescopic/model
[LOG 11:24:49.830] Load MU model: Squad/Parts/Utility/ladderTelescopicBay/model
[LOG 11:24:49.832] Load MU model: Squad/Parts/Utility/landingLegLT-1/model
[LOG 11:24:49.833] Load MU model: Squad/Parts/Utility/landingLegLT-2/model
[LOG 11:24:49.833] Load MU model: Squad/Parts/Utility/landingLegLT-5/model
[WRN 11:24:49.835] WheelCollider requires an attached Rigidbody to function.
[WRN 11:24:49.835] WheelCollider requires an attached Rigidbody to function.
[LOG 11:24:49.835] Load MU model: Squad/Parts/Utility/launchClamp1/model
[LOG 11:24:49.836] Load MU model: Squad/Parts/Utility/launchEscapeSystem/LaunchEscapeSystem
[LOG 11:24:49.836] Load MU model: Squad/Parts/Utility/Lights/Assets/light_02
[LOG 11:24:49.837] Load MU model: Squad/Parts/Utility/Lights/Assets/light_03
[LOG 11:24:49.837] Load MU model: Squad/Parts/Utility/Lights/Assets/light_04
[LOG 11:24:49.837] Load MU model: Squad/Parts/Utility/Lights/Assets/light_07
[LOG 11:24:49.838] Load MU model: Squad/Parts/Utility/Lights/Assets/light_08
[LOG 11:24:49.838] Load MU model: Squad/Parts/Utility/Lights/Assets/light_12
[LOG 11:24:49.839] Load MU model: Squad/Parts/Utility/linearVernorRCS/Assets/linearRCS
[LOG 11:24:49.839] Load MU model: Squad/Parts/Utility/linearVernorRCS/Assets/vernorEngine
[LOG 11:24:49.840] Load MU model: Squad/Parts/Utility/mk2CargoBay/BayLarge
[LOG 11:24:49.840] Load MU model: Squad/Parts/Utility/mk2CargoBay/BaySmall
[LOG 11:24:49.841] Load MU model: Squad/Parts/Utility/mk2CrewCabin/model
[LOG 11:24:49.841] Load MU model: Squad/Parts/Utility/mk2DockingPort/mk2Dockingport
[LOG 11:24:49.842] Load MU model: Squad/Parts/Utility/mk3CargoBay/long
[LOG 11:24:49.843] Load MU model: Squad/Parts/Utility/mk3CargoBay/medium
[LOG 11:24:49.843] Load MU model: Squad/Parts/Utility/mk3CargoBay/ramp
[LOG 11:24:49.845] Load MU model: Squad/Parts/Utility/mk3CargoBay/short
[LOG 11:24:49.845] Load MU model: Squad/Parts/Utility/parachuteMk1/model
[LOG 11:24:49.845] Load MU model: Squad/Parts/Utility/parachuteMk12-R/model
[LOG 11:24:49.846] Load MU model: Squad/Parts/Utility/parachuteMk16-XL/model
[LOG 11:24:49.846] Load MU model: Squad/Parts/Utility/parachuteMk2-R/model
[LOG 11:24:49.847] Load MU model: Squad/Parts/Utility/parachuteMk25/model
[LOG 11:24:49.847] Load MU model: Squad/Parts/Utility/radialAttachmentPoint/model
[LOG 11:24:49.847] Load MU model: Squad/Parts/Utility/rcsBlockRV-105_v2/rcsBlock105
[LOG 11:24:49.848] Load MU model: Squad/Parts/Utility/rcsSmallLinear/Assets/RCSLinearSmall
[LOG 11:24:49.849] Load MU model: Squad/Parts/Utility/RelayAntennas/HGAntenna
[LOG 11:24:49.850] Load MU model: Squad/Parts/Utility/RelayAntennas/RA-100
[LOG 11:24:49.850] Load MU model: Squad/Parts/Utility/RelayAntennas/RA-5
[LOG 11:24:49.850] Load MU model: Squad/Parts/Utility/RelayAntennas/RA-50
[LOG 11:24:49.850] Load MU model: Squad/Parts/Utility/rockomaxAdapters/Assets/brandAdapter
[LOG 11:24:49.851] Load MU model: Squad/Parts/Utility/rockomaxAdapters/Assets/brandAdapter02
[LOG 11:24:49.851] Load MU model: Squad/Parts/Utility/ServiceBay_v2/Assets/ServiceBay_125_v2
[LOG 11:24:49.852] Load MU model: Squad/Parts/Utility/ServiceBay_v2/Assets/ServiceBay_250_v2
[LOG 11:24:49.855] Load MU model: Squad/Parts/Utility/smallClaw/smallClaw
[LOG 11:24:49.859] Load MU model: Squad/Parts/Utility/spotLightMk1/model
[LOG 11:24:49.859] Load MU model: Squad/Parts/Utility/spotLightMk1_v2/model
[LOG 11:24:49.860] Load MU model: Squad/Parts/Utility/spotLightMk2/model
[LOG 11:24:49.860] Load MU model: Squad/Parts/Utility/spotLightMk2_v2/model
[LOG 11:24:49.860] Load MU model: Squad/Parts/Utility/stackCouplers/Assets/stackBiCoupler_v2
[LOG 11:24:49.861] Load MU model: Squad/Parts/Utility/stackCouplers/Assets/stackQuadCoupler
[LOG 11:24:49.861] Load MU model: Squad/Parts/Utility/stackCouplers/Assets/stackTriCoupler_v2
[LOG 11:24:49.861] Load MU model: Squad/Parts/Wheel/LandingGear/GearExtraLarge
[WRN 11:24:49.863] WheelCollider requires an attached Rigidbody to function.
[WRN 11:24:49.863] WheelCollider requires an attached Rigidbody to function.
[LOG 11:24:49.864] Load MU model: Squad/Parts/Wheel/LandingGear/GearFixed
[WRN 11:24:49.864] WheelCollider requires an attached Rigidbody to function.
[WRN 11:24:49.864] WheelCollider requires an attached Rigidbody to function.
[LOG 11:24:49.864] Load MU model: Squad/Parts/Wheel/LandingGear/GearFree
[WRN 11:24:49.864] WheelCollider requires an attached Rigidbody to function.
[WRN 11:24:49.864] WheelCollider requires an attached Rigidbody to function.
[LOG 11:24:49.864] Load MU model: Squad/Parts/Wheel/LandingGear/GearLarge
[WRN 11:24:49.864] WheelCollider requires an attached Rigidbody to function.
[WRN 11:24:49.864] WheelCollider requires an attached Rigidbody to function.
[LOG 11:24:49.865] Load MU model: Squad/Parts/Wheel/LandingGear/GearMedium
[WRN 11:24:49.866] WheelCollider requires an attached Rigidbody to function.
[WRN 11:24:49.866] WheelCollider requires an attached Rigidbody to function.
[LOG 11:24:49.866] Load MU model: Squad/Parts/Wheel/LandingGear/GearSmall
[WRN 11:24:49.866] WheelCollider requires an attached Rigidbody to function.
[WRN 11:24:49.866] WheelCollider requires an attached Rigidbody to function.
[LOG 11:24:49.867] Load MU model: Squad/Parts/Wheel/roverWheelM1/model
[WRN 11:24:49.867] WheelCollider requires an attached Rigidbody to function.
[WRN 11:24:49.867] WheelCollider requires an attached Rigidbody to function.
[LOG 11:24:49.867] Load MU model: Squad/Parts/Wheel/roverWheelS2/model
[WRN 11:24:49.867] WheelCollider requires an attached Rigidbody to function.
[WRN 11:24:49.867] WheelCollider requires an attached Rigidbody to function.
[LOG 11:24:49.868] Load MU model: Squad/Parts/Wheel/roverWheelTR-2L/model
[WRN 11:24:49.868] WheelCollider requires an attached Rigidbody to function.
[WRN 11:24:49.869] WheelCollider requires an attached Rigidbody to function.
[LOG 11:24:49.869] Load MU model: Squad/Parts/Wheel/roverWheelXL3/model
[WRN 11:24:49.870] WheelCollider requires an attached Rigidbody to function.
[WRN 11:24:49.870] WheelCollider requires an attached Rigidbody to function.
[LOG 11:24:49.870] Load MU model: Squad/Props/AltimeterThreeHands/model
[LOG 11:24:49.870] Load MU model: Squad/Props/AtmosphereDepth/model
[LOG 11:24:49.871] Load MU model: Squad/Props/AxisIndicator/model
[LOG 11:24:49.871] Load MU model: Squad/Props/buttonsGeneric/circularButton
[LOG 11:24:49.871] Load MU model: Squad/Props/buttonsGeneric/clusterButtons
[LOG 11:24:49.871] Load MU model: Squad/Props/buttonsGeneric/clusterButtons2
[LOG 11:24:49.871] Load MU model: Squad/Props/buttonsGeneric/clusterKnob
[LOG 11:24:49.871] Load MU model: Squad/Props/buttonsGeneric/clusterKnob2
[LOG 11:24:49.871] Load MU model: Squad/Props/buttonsGeneric/clusterMixed
[LOG 11:24:49.872] Load MU model: Squad/Props/buttonsGeneric/clusterSwitches01
[LOG 11:24:49.872] Load MU model: Squad/Props/buttonsGeneric/clusterSwitches02
[LOG 11:24:49.873] Load MU model: Squad/Props/buttonsGeneric/clusterSwitches03
[LOG 11:24:49.873] Load MU model: Squad/Props/buttonsGeneric/clusterSwitches04
[LOG 11:24:49.873] Load MU model: Squad/Props/buttonsGeneric/clusterSwitches05
[LOG 11:24:49.873] Load MU model: Squad/Props/buttonsGeneric/clusterSwitches06
[LOG 11:24:49.873] Load MU model: Squad/Props/buttonsGeneric/clusterSwitches07
[LOG 11:24:49.874] Load MU model: Squad/Props/buttonsGeneric/directionalKnob
[LOG 11:24:49.874] Load MU model: Squad/Props/buttonsGeneric/directionalKnob2
[LOG 11:24:49.874] Load MU model: Squad/Props/buttonsGeneric/pullSwitch
[LOG 11:24:49.874] Load MU model: Squad/Props/buttonsGeneric/squareButton
[LOG 11:24:49.874] Load MU model: Squad/Props/buttonsGeneric/standingSwitch
[LOG 11:24:49.874] Load MU model: Squad/Props/buttonsGeneric/switch
[LOG 11:24:49.874] Load MU model: Squad/Props/buttonsGeneric/switchWithGuards
[LOG 11:24:49.874] Load MU model: Squad/Props/ButtonSquare/model
[LOG 11:24:49.875] Load MU model: Squad/Props/circularButton/model
[LOG 11:24:49.875] Load MU model: Squad/Props/Compass/model
[LOG 11:24:49.875] Load MU model: Squad/Props/directionalKnob/model
[LOG 11:24:49.875] Load MU model: Squad/Props/directionalKnob2/model
[LOG 11:24:49.875] Load MU model: Squad/Props/IndicatorPanel/model
[LOG 11:24:49.875] Load MU model: Squad/Props/IVANavBall/model
[LOG 11:24:49.876] Load MU model: Squad/Props/IVANavBallNoBase/model
[LOG 11:24:49.877] Load MU model: Squad/Props/ledPanelSpeed/model
[LOG 11:24:49.877] Load MU model: Squad/Props/Monitor/MonitorDockingMode
[LOG 11:24:49.877] Load MU model: Squad/Props/NavBall/model
[LOG 11:24:49.877] Load MU model: Squad/Props/PropsGeneric/Button_DockingMode
[LOG 11:24:49.878] Load MU model: Squad/Props/PropsGeneric/CargoBagA
[LOG 11:24:49.880] Load MU model: Squad/Props/PropsGeneric/CargoBagB
[LOG 11:24:49.880] Load MU model: Squad/Props/PropsGeneric/CargoBagC
[LOG 11:24:49.880] Load MU model: Squad/Props/PropsGeneric/Hatch_Plane
[LOG 11:24:49.880] Load MU model: Squad/Props/PropsGeneric/Hatch_Plane_Curve90
[LOG 11:24:49.880] Load MU model: Squad/Props/PropsGeneric/Hatch_Plane_Frame
[LOG 11:24:49.881] Load MU model: Squad/Props/PropsGeneric/Seat_Passenger
[LOG 11:24:49.881] Load MU model: Squad/Props/PropsGeneric/Seat_Pilot
[LOG 11:24:49.881] Load MU model: Squad/Props/PropsGeneric/Seat_Pilot_Helmet
[LOG 11:24:49.881] Load MU model: Squad/Props/PropsGeneric/SideStick
[LOG 11:24:49.881] Load MU model: Squad/Props/pullSwitch/model
[LOG 11:24:49.881] Load MU model: Squad/Props/radarAltitude/model
[LOG 11:24:49.882] Load MU model: Squad/Props/squareButton/model
[LOG 11:24:49.882] Load MU model: Squad/Props/standingSwitch/model
[LOG 11:24:49.882] Load MU model: Squad/Props/switch/model
[LOG 11:24:49.882] Load MU model: Squad/Props/switchGuard/model
[LOG 11:24:49.882] Load MU model: Squad/Props/switchWithGuards/model
[LOG 11:24:49.882] Load MU model: Squad/Props/throttle/model
[LOG 11:24:49.882] Load MU model: Squad/Props/VSI/model
[LOG 11:24:49.883] Load MU model: Squad/Spaces/crewCabinInternals/model
[LOG 11:24:49.884] Load MU model: Squad/Spaces/cupolaInternal/model
[LOG 11:24:49.885] Load MU model: Squad/Spaces/GenericSpace1/model
[LOG 11:24:49.887] Load MU model: Squad/Spaces/GenericSpace3/model
[LOG 11:24:49.889] Load MU model: Squad/Spaces/landerCabinInternals/model
[LOG 11:24:49.891] Load MU model: Squad/Spaces/landerCabinSmallInternal/model
[LOG 11:24:49.892] Load MU model: Squad/Spaces/LargeCrewedLabInternals/Large_Crewed_lab_Int
[LOG 11:24:49.894] Load MU model: Squad/Spaces/Mk1-3/model
[LOG 11:24:49.896] Load MU model: Squad/Spaces/mk1CabinInternal/mk1cabin
[LOG 11:24:49.899] Load MU model: Squad/Spaces/mk1CockpitInternal/Mk1StandardIVA
[LOG 11:24:49.901] Load MU model: Squad/Spaces/mk1InlineInternal/Mk1InlineIVA
[LOG 11:24:49.902] Load MU model: Squad/Spaces/mk1PodCockpit/model
[LOG 11:24:49.903] Load MU model: Squad/Spaces/mk1pod_IVA/mk1pod_IVA
[LOG 11:24:49.904] Load MU model: Squad/Spaces/mk2CockpitStandardInternal/model
[LOG 11:24:49.905] Load MU model: Squad/Spaces/Mk2CrewCabinInternal/MK2_CrewCab_Int
[LOG 11:24:49.906] Load MU model: Squad/Spaces/mk2InlineInternal/mk2InlineIVA
[LOG 11:24:49.908] Load MU model: Squad/Spaces/mk2LanderCanInternal/mk2LanderCanInternal
[LOG 11:24:49.909] Load MU model: Squad/Spaces/MK3CockpitInternal/MK3_Cockpit_Int
[LOG 11:24:49.910] Load MU model: Squad/Spaces/MK3_CrewCab_Int/MK3_CrewCab_Int
[LOG 11:24:49.914] Load MU model: Squad/Spaces/OverlayMasks/CupolaMask
[LOG 11:24:49.914] Load MU model: Squad/Spaces/OverlayMasks/HitchhikerBorder
[LOG 11:24:49.915] Load MU model: Squad/Spaces/OverlayMasks/HitchhikerMask
[LOG 11:24:49.915] Load MU model: Squad/Spaces/OverlayMasks/LargeLabBorder
[LOG 11:24:49.915] Load MU model: Squad/Spaces/OverlayMasks/LargeLabMask
[LOG 11:24:49.915] Load MU model: Squad/Spaces/OverlayMasks/Mk1CabinBorder
[LOG 11:24:49.915] Load MU model: Squad/Spaces/OverlayMasks/Mk1CabinMask
[LOG 11:24:49.915] Load MU model: Squad/Spaces/OverlayMasks/Mk1InlineMask
[LOG 11:24:49.915] Load MU model: Squad/Spaces/OverlayMasks/Mk1InlineMask2
[LOG 11:24:49.915] Load MU model: Squad/Spaces/OverlayMasks/Mk1StandardBorder2
[LOG 11:24:49.915] Load MU model: Squad/Spaces/OverlayMasks/Mk1StandardBorder3
[LOG 11:24:49.916] Load MU model: Squad/Spaces/OverlayMasks/Mk1StandardMask
[LOG 11:24:49.916] Load MU model: Squad/Spaces/OverlayMasks/Mk1StandardMask2
[LOG 11:24:49.916] Load MU model: Squad/Spaces/OverlayMasks/Mk1StandardMask3
[LOG 11:24:49.916] Load MU model: Squad/Spaces/OverlayMasks/Mk2CabinBorder
[LOG 11:24:49.916] Load MU model: Squad/Spaces/OverlayMasks/Mk2CabinMask
[LOG 11:24:49.916] Load MU model: Squad/Spaces/OverlayMasks/Mk2InlineBorder
[LOG 11:24:49.916] Load MU model: Squad/Spaces/OverlayMasks/Mk2InlineMask
[LOG 11:24:49.916] Load MU model: Squad/Spaces/OverlayMasks/Mk2StandardBorder
[LOG 11:24:49.916] Load MU model: Squad/Spaces/OverlayMasks/Mk2StandardMask
[LOG 11:24:49.917] Load MU model: Squad/Spaces/OverlayMasks/Mk3CabinBorder
[LOG 11:24:49.917] Load MU model: Squad/Spaces/OverlayMasks/Mk3CabinMask
[LOG 11:24:49.917] Load MU model: Squad/Spaces/OverlayMasks/Mk3CabinMask2
[LOG 11:24:49.917] Load MU model: Squad/Spaces/OverlayMasks/Mk3ShuttleBorder
[LOG 11:24:49.917] Load MU model: Squad/Spaces/OverlayMasks/Mk3ShuttleMask
[LOG 11:24:49.917] Load MU model: Squad/Spaces/OverlayMasks/Size1LanderBorder
[LOG 11:24:49.917] Load MU model: Squad/Spaces/OverlayMasks/Size1LanderMask
[LOG 11:24:49.917] Load MU model: Squad/Spaces/OverlayMasks/Size1PodBorder
[LOG 11:24:49.917] Load MU model: Squad/Spaces/OverlayMasks/Size1PodMask
[LOG 11:24:49.918] Load MU model: Squad/Spaces/OverlayMasks/Size2LanderBorder
[LOG 11:24:49.918] Load MU model: Squad/Spaces/OverlayMasks/Size2LanderMask
[LOG 11:24:49.918] Load MU model: Squad/Spaces/OverlayMasks/Size2PodBorder
[LOG 11:24:49.918] Load MU model: Squad/Spaces/OverlayMasks/Size2PodMask
[LOG 11:24:49.918] Load MU model: Squad/Spaces/Placeholder/PlaceholderIVA
[LOG 11:24:49.919] Load MU model: Squad/Spaces/PodCockpit/model
[LOG 11:24:49.921] Load MU model: SquadExpansion/MakingHistory/Parts/Aero/protectiveRocketNoseMk5A/Size_1_5_Cone
[LOG 11:24:49.922] Load MU model: SquadExpansion/MakingHistory/Parts/Coupling/Assets/EnginePlate
[LOG 11:24:49.923] Load MU model: SquadExpansion/MakingHistory/Parts/Coupling/Assets/InflatableAirlock
[LOG 11:24:49.924] Load MU model: SquadExpansion/MakingHistory/Parts/Coupling/Assets/Size1_5_Decoupler
[LOG 11:24:49.925] Load MU model: SquadExpansion/MakingHistory/Parts/Engine/Assets/KE-1
[LOG 11:24:49.928] Load MU model: SquadExpansion/MakingHistory/Parts/Engine/Assets/LV-T87
[LOG 11:24:49.930] Load MU model: SquadExpansion/MakingHistory/Parts/Engine/Assets/LV-T91
[LOG 11:24:49.931] Load MU model: SquadExpansion/MakingHistory/Parts/Engine/Assets/RE-I2
[LOG 11:24:49.933] Load MU model: SquadExpansion/MakingHistory/Parts/Engine/Assets/RE-J10
[LOG 11:24:49.933] Load MU model: SquadExpansion/MakingHistory/Parts/Engine/Assets/RK-7
[LOG 11:24:49.935] Load MU model: SquadExpansion/MakingHistory/Parts/Engine/Assets/RV-1
[LOG 11:24:49.935] Load MU model: SquadExpansion/MakingHistory/Parts/Engine/solidBoosterTHK/solidBoosterTHK
[LOG 11:24:49.936] Load MU model: SquadExpansion/MakingHistory/Parts/FuelTank/Assets/MiniMonoTank
[LOG 11:24:49.936] Load MU model: SquadExpansion/MakingHistory/Parts/FuelTank/Assets/Size1_5_Size0_Adapter_01
[LOG 11:24:49.936] Load MU model: SquadExpansion/MakingHistory/Parts/FuelTank/Assets/Size1_5_Size1_Adapter_01
[LOG 11:24:49.936] Load MU model: SquadExpansion/MakingHistory/Parts/FuelTank/Assets/Size1_5_Size1_Adapter_02
[LOG 11:24:49.936] Load MU model: SquadExpansion/MakingHistory/Parts/FuelTank/Assets/Size1_5_Size2_Adapter_01
[LOG 11:24:49.937] Load MU model: SquadExpansion/MakingHistory/Parts/FuelTank/Assets/Size1_5_Tank_01
[LOG 11:24:49.937] Load MU model: SquadExpansion/MakingHistory/Parts/FuelTank/Assets/Size1_5_Tank_02
[LOG 11:24:49.937] Load MU model: SquadExpansion/MakingHistory/Parts/FuelTank/Assets/Size1_5_Tank_03
[LOG 11:24:49.938] Load MU model: SquadExpansion/MakingHistory/Parts/FuelTank/Assets/Size1_5_Tank_04
[LOG 11:24:49.938] Load MU model: SquadExpansion/MakingHistory/Parts/FuelTank/Assets/Size1_5_Tank_05
[LOG 11:24:49.938] Load MU model: SquadExpansion/MakingHistory/Parts/FuelTank/Assets/Size3_Size4_Adapter_01
[LOG 11:24:49.939] Load MU model: SquadExpansion/MakingHistory/Parts/FuelTank/Assets/Size4_EngineAdapter_01
[LOG 11:24:49.939] Load MU model: SquadExpansion/MakingHistory/Parts/FuelTank/Assets/Size4_Tank_01
[LOG 11:24:49.939] Load MU model: SquadExpansion/MakingHistory/Parts/FuelTank/Assets/Size4_Tank_02
[LOG 11:24:49.940] Load MU model: SquadExpansion/MakingHistory/Parts/FuelTank/Assets/Size4_Tank_03
[LOG 11:24:49.940] Load MU model: SquadExpansion/MakingHistory/Parts/FuelTank/Assets/Size4_Tank_04
[LOG 11:24:49.940] Load MU model: SquadExpansion/MakingHistory/Parts/FuelTank/Assets/Size_1p5_Monoprop
[LOG 11:24:49.941] Load MU model: SquadExpansion/MakingHistory/Parts/Ground/Assets/RoverWheel
[WRN 11:24:49.942] WheelCollider requires an attached Rigidbody to function.
[WRN 11:24:49.942] WheelCollider requires an attached Rigidbody to function.
[LOG 11:24:49.942] Load MU model: SquadExpansion/MakingHistory/Parts/Payload/Assets/ServiceModule18
[LOG 11:24:49.942] Load MU model: SquadExpansion/MakingHistory/Parts/Payload/Assets/ServiceModule25
[LOG 11:24:49.943] Load MU model: SquadExpansion/MakingHistory/Parts/Payload/Assets/Size1to0ServiceModule
[LOG 11:24:49.944] Load MU model: SquadExpansion/MakingHistory/Parts/Pods/Assets/Mk2Pod
[LOG 11:24:49.944] Load MU model: SquadExpansion/MakingHistory/Parts/Pods/Assets/RoundPod
[LOG 11:24:49.945] Load MU model: SquadExpansion/MakingHistory/Parts/Pods/Assets/Size1_5_Lander
[LOG 11:24:49.946] Load MU model: SquadExpansion/MakingHistory/Parts/SharedAssets/Shroud1p5x0
[LOG 11:24:49.946] Load MU model: SquadExpansion/MakingHistory/Parts/SharedAssets/Shroud1p5x1
[LOG 11:24:49.946] Load MU model: SquadExpansion/MakingHistory/Parts/SharedAssets/Shroud1p5x2
[LOG 11:24:49.946] Load MU model: SquadExpansion/MakingHistory/Parts/SharedAssets/Shroud1p5x3
[LOG 11:24:49.946] Load MU model: SquadExpansion/MakingHistory/Parts/SharedAssets/Shroud1p5x4
[LOG 11:24:49.946] Load MU model: SquadExpansion/MakingHistory/Parts/SharedAssets/Shroud1x0
[LOG 11:24:49.947] Load MU model: SquadExpansion/MakingHistory/Parts/SharedAssets/Shroud1x1
[LOG 11:24:49.947] Load MU model: SquadExpansion/MakingHistory/Parts/SharedAssets/Shroud1x2
[LOG 11:24:49.947] Load MU model: SquadExpansion/MakingHistory/Parts/SharedAssets/Shroud1x3
[LOG 11:24:49.947] Load MU model: SquadExpansion/MakingHistory/Parts/SharedAssets/Shroud1x4
[LOG 11:24:49.947] Load MU model: SquadExpansion/MakingHistory/Parts/SharedAssets/Shroud2x0
[LOG 11:24:49.947] Load MU model: SquadExpansion/MakingHistory/Parts/SharedAssets/Shroud2x1
[LOG 11:24:49.947] Load MU model: SquadExpansion/MakingHistory/Parts/SharedAssets/Shroud2x2
[LOG 11:24:49.948] Load MU model: SquadExpansion/MakingHistory/Parts/SharedAssets/Shroud2x3
[LOG 11:24:49.948] Load MU model: SquadExpansion/MakingHistory/Parts/SharedAssets/Shroud2x4
[LOG 11:24:49.948] Load MU model: SquadExpansion/MakingHistory/Parts/SharedAssets/Shroud3x0
[LOG 11:24:49.948] Load MU model: SquadExpansion/MakingHistory/Parts/SharedAssets/Shroud3x1
[LOG 11:24:49.948] Load MU model: SquadExpansion/MakingHistory/Parts/SharedAssets/Shroud3x2
[LOG 11:24:49.948] Load MU model: SquadExpansion/MakingHistory/Parts/SharedAssets/Shroud3x3
[LOG 11:24:49.948] Load MU model: SquadExpansion/MakingHistory/Parts/SharedAssets/Shroud3x4
[LOG 11:24:49.948] Load MU model: SquadExpansion/MakingHistory/Parts/SharedAssets/Shroud4x0
[LOG 11:24:49.949] Load MU model: SquadExpansion/MakingHistory/Parts/SharedAssets/Shroud4x1
[LOG 11:24:49.949] Load MU model: SquadExpansion/MakingHistory/Parts/SharedAssets/Shroud4x2
[LOG 11:24:49.949] Load MU model: SquadExpansion/MakingHistory/Parts/SharedAssets/Shroud4x3
[LOG 11:24:49.949] Load MU model: SquadExpansion/MakingHistory/Parts/SharedAssets/Shroud4x4
[LOG 11:24:49.949] Load MU model: SquadExpansion/MakingHistory/Parts/SharedAssets/ShroudCollider0
[LOG 11:24:49.949] Load MU model: SquadExpansion/MakingHistory/Parts/SharedAssets/ShroudCollider1
[LOG 11:24:49.950] Load MU model: SquadExpansion/MakingHistory/Parts/SharedAssets/ShroudCollider1p5
[LOG 11:24:49.950] Load MU model: SquadExpansion/MakingHistory/Parts/SharedAssets/ShroudCollider2
[LOG 11:24:49.950] Load MU model: SquadExpansion/MakingHistory/Parts/SharedAssets/ShroudCollider3
[LOG 11:24:49.950] Load MU model: SquadExpansion/MakingHistory/Parts/SharedAssets/ShroudCollider4
[LOG 11:24:49.951] Load MU model: SquadExpansion/MakingHistory/Parts/Structural/Assets/EquiTriangle0
[LOG 11:24:49.951] Load MU model: SquadExpansion/MakingHistory/Parts/Structural/Assets/EquiTriangle1
[LOG 11:24:49.951] Load MU model: SquadExpansion/MakingHistory/Parts/Structural/Assets/EquiTriangle1p5
[LOG 11:24:49.951] Load MU model: SquadExpansion/MakingHistory/Parts/Structural/Assets/EquiTriangle2
[LOG 11:24:49.951] Load MU model: SquadExpansion/MakingHistory/Parts/Structural/Assets/Panel0
[LOG 11:24:49.952] Load MU model: SquadExpansion/MakingHistory/Parts/Structural/Assets/Panel1
[LOG 11:24:49.952] Load MU model: SquadExpansion/MakingHistory/Parts/Structural/Assets/Panel1p5
[LOG 11:24:49.952] Load MU model: SquadExpansion/MakingHistory/Parts/Structural/Assets/Panel2
[LOG 11:24:49.952] Load MU model: SquadExpansion/MakingHistory/Parts/Structural/Assets/Triangle0
[LOG 11:24:49.952] Load MU model: SquadExpansion/MakingHistory/Parts/Structural/Assets/Triangle1
[LOG 11:24:49.952] Load MU model: SquadExpansion/MakingHistory/Parts/Structural/Assets/Triangle1p5
[LOG 11:24:49.952] Load MU model: SquadExpansion/MakingHistory/Parts/Structural/Assets/Triangle2
[LOG 11:24:49.952] Load MU model: SquadExpansion/MakingHistory/Parts/Utility/flags/flagSize1p5/flagSize1p5Meshes
[LOG 11:24:49.954] Load MU model: SquadExpansion/MakingHistory/Parts/Utility/flags/flagSize4/flagSize4Meshes
[LOG 11:24:49.955] Load MU model: SquadExpansion/MakingHistory/Spaces/KVPods/Airlock_IVA
[LOG 11:24:49.956] Load MU model: SquadExpansion/MakingHistory/Spaces/KVPods/KV1_IVA
[LOG 11:24:49.958] Load MU model: SquadExpansion/MakingHistory/Spaces/KVPods/KV2_IVA
[LOG 11:24:49.960] Load MU model: SquadExpansion/MakingHistory/Spaces/KVPods/KV3_IVA
[LOG 11:24:49.962] Load MU model: SquadExpansion/MakingHistory/Spaces/MEM/MEM_IVA
[LOG 11:24:49.964] Load MU model: SquadExpansion/MakingHistory/Spaces/Mk2Pod/MK2POD_IVA
[LOG 11:24:49.965] Load MU model: SquadExpansion/Serenity/Parts/Aero/Assets/FanShroud_01
[LOG 11:24:49.966] Load MU model: SquadExpansion/Serenity/Parts/Aero/Assets/FanShroud_02
[LOG 11:24:49.966] Load MU model: SquadExpansion/Serenity/Parts/Aero/Assets/FanShroud_03
[LOG 11:24:49.967] Load MU model: SquadExpansion/Serenity/Parts/Aero/Assets/noseconeTiny
[LOG 11:24:49.967] Load MU model: SquadExpansion/Serenity/Parts/Aero/Assets/noseconeVS
[LOG 11:24:49.967] Load MU model: SquadExpansion/Serenity/Parts/DeployedScience/Assets/CentralStation
[LOG 11:24:49.969] Load MU model: SquadExpansion/Serenity/Parts/DeployedScience/Assets/GoExOb
[LOG 11:24:49.972] Load MU model: SquadExpansion/Serenity/Parts/DeployedScience/Assets/IonExperiment
[LOG 11:24:49.973] Load MU model: SquadExpansion/Serenity/Parts/DeployedScience/Assets/RTGCask
[LOG 11:24:49.974] Load MU model: SquadExpansion/Serenity/Parts/DeployedScience/Assets/satDish
[LOG 11:24:49.976] Load MU model: SquadExpansion/Serenity/Parts/DeployedScience/Assets/seismicSensor
[LOG 11:24:49.980] Load MU model: SquadExpansion/Serenity/Parts/DeployedScience/Assets/solarPanel
[LOG 11:24:49.982] Load MU model: SquadExpansion/Serenity/Parts/DeployedScience/Assets/WeatherStation
[LOG 11:24:49.986] Load MU model: SquadExpansion/Serenity/Parts/Propellers/Assets/largeFanBlade
[LOG 11:24:49.986] Load MU model: SquadExpansion/Serenity/Parts/Propellers/Assets/largeHeliBlade
[LOG 11:24:49.986] Load MU model: SquadExpansion/Serenity/Parts/Propellers/Assets/largePropeller
[LOG 11:24:49.986] Load MU model: SquadExpansion/Serenity/Parts/Propellers/Assets/mediumFanBlade
[LOG 11:24:49.986] Load MU model: SquadExpansion/Serenity/Parts/Propellers/Assets/mediumHeliBlade
[LOG 11:24:49.987] Load MU model: SquadExpansion/Serenity/Parts/Propellers/Assets/mediumPropeller
[LOG 11:24:49.987] Load MU model: SquadExpansion/Serenity/Parts/Propellers/Assets/smallFanBlade
[LOG 11:24:49.987] Load MU model: SquadExpansion/Serenity/Parts/Propellers/Assets/smallHeliBlade
[LOG 11:24:49.987] Load MU model: SquadExpansion/Serenity/Parts/Propellers/Assets/smallPropeller
[LOG 11:24:49.987] Load MU model: SquadExpansion/Serenity/Parts/Robotics/Assets/hinge_01
[LOG 11:24:49.988] Load MU model: SquadExpansion/Serenity/Parts/Robotics/Assets/hinge_01_s
[LOG 11:24:49.988] Load MU model: SquadExpansion/Serenity/Parts/Robotics/Assets/hinge_03
[LOG 11:24:49.989] Load MU model: SquadExpansion/Serenity/Parts/Robotics/Assets/hinge_03_s
[LOG 11:24:49.989] Load MU model: SquadExpansion/Serenity/Parts/Robotics/Assets/hinge_04
[LOG 11:24:49.989] Load MU model: SquadExpansion/Serenity/Parts/Robotics/Assets/piston_01
[LOG 11:24:49.990] Load MU model: SquadExpansion/Serenity/Parts/Robotics/Assets/piston_02
[LOG 11:24:49.990] Load MU model: SquadExpansion/Serenity/Parts/Robotics/Assets/piston_03
[LOG 11:24:49.991] Load MU model: SquadExpansion/Serenity/Parts/Robotics/Assets/piston_04
[LOG 11:24:49.992] Load MU model: SquadExpansion/Serenity/Parts/Robotics/Assets/RotorEngine_02
[LOG 11:24:49.993] Load MU model: SquadExpansion/Serenity/Parts/Robotics/Assets/RotorEngine_03
[LOG 11:24:49.994] Load MU model: SquadExpansion/Serenity/Parts/Robotics/Assets/rotor_01
[LOG 11:24:49.994] Load MU model: SquadExpansion/Serenity/Parts/Robotics/Assets/rotor_01s
[LOG 11:24:49.995] Load MU model: SquadExpansion/Serenity/Parts/Robotics/Assets/rotor_02
[LOG 11:24:49.996] Load MU model: SquadExpansion/Serenity/Parts/Robotics/Assets/rotor_02s
[LOG 11:24:49.997] Load MU model: SquadExpansion/Serenity/Parts/Robotics/Assets/rotor_03
[LOG 11:24:49.997] Load MU model: SquadExpansion/Serenity/Parts/Robotics/Assets/rotor_03s
[LOG 11:24:49.998] Load MU model: SquadExpansion/Serenity/Parts/Robotics/Assets/RotoServo_00
[LOG 11:24:49.998] Load MU model: SquadExpansion/Serenity/Parts/Robotics/Assets/RotoServo_02
[LOG 11:24:49.998] Load MU model: SquadExpansion/Serenity/Parts/Robotics/Assets/RotoServo_03
[LOG 11:24:49.999] Load MU model: SquadExpansion/Serenity/Parts/Robotics/Assets/RotoServo_04
[LOG 11:24:49.999] Load MU model: SquadExpansion/Serenity/Parts/Robotics/Controllers/controller1000
[LOG 11:24:49.999] Load MU model: SquadExpansion/Serenity/Parts/Science/RobotArmScanner/Assets/ROCArm_01
[LOG 11:24:50.000] Load MU model: SquadExpansion/Serenity/Parts/Science/RobotArmScanner/Assets/ROCArm_02
[LOG 11:24:50.001] Load MU model: SquadExpansion/Serenity/Parts/Science/RobotArmScanner/Assets/ROCArm_03
[LOG 11:24:50.004] Load MU model: SquadExpansion/Serenity/Parts/Structural/gripPads/Assets/lGripPad
[LOG 11:24:50.005] Load MU model: SquadExpansion/Serenity/Parts/Structural/gripPads/Assets/lGripStrip
[LOG 11:24:50.005] Load MU model: SquadExpansion/Serenity/Parts/Structural/gripPads/Assets/mGripPad
[LOG 11:24:50.005] Load MU model: SquadExpansion/Serenity/Parts/Structural/gripPads/Assets/sGripPad
[LOG 11:24:50.005] Load MU model: SquadExpansion/Serenity/Parts/Structural/gripPads/Assets/sGripStrip
[LOG 11:24:50.006] Loading Asset Bundle Definitions
[LOG 11:24:50.007] AssetLoader: Loading bundle definitions
[LOG 11:24:50.143] AssetLoader: Loaded bundle 'squadcore'
[LOG 11:24:50.144] AssetLoader: Loaded bundle 'squadcorefx'
[LOG 11:24:50.144] AssetLoader: Loaded mod bundle 'kspedia'
[LOG 11:24:50.144] AssetLoader: Loaded mod bundle 'kspedia_actionsets'
[LOG 11:24:50.145] AssetLoader: Loaded mod bundle 'kspedia_aircraft'
[LOG 11:24:50.145] AssetLoader: Loaded mod bundle 'kspedia_aircraftbasics'
[LOG 11:24:50.145] AssetLoader: Loaded mod bundle 'kspedia_aircraftbasicsbalance'
[LOG 11:24:50.146] AssetLoader: Loaded mod bundle 'kspedia_aircraftbasicsbalance2'
[LOG 11:24:50.146] AssetLoader: Loaded mod bundle 'kspedia_aircraftbasicscol'
[LOG 11:24:50.146] AssetLoader: Loaded mod bundle 'kspedia_aircraftbasicscontrol'
[LOG 11:24:50.146] AssetLoader: Loaded mod bundle 'kspedia_aircraftbasicscontrolsurfaces'
[LOG 11:24:50.147] AssetLoader: Loaded mod bundle 'kspedia_aircraftbasicsdrag'
[LOG 11:24:50.147] AssetLoader: Loaded mod bundle 'kspedia_aircraftbasicsengines'
[LOG 11:24:50.147] AssetLoader: Loaded mod bundle 'kspedia_aircraftbasicsforces'
[LOG 11:24:50.147] AssetLoader: Loaded mod bundle 'kspedia_aircraftbasicsintakes'
[LOG 11:24:50.148] AssetLoader: Loaded mod bundle 'kspedia_aircraftbasicslandinggear'
[LOG 11:24:50.148] AssetLoader: Loaded mod bundle 'kspedia_aircraftbasicslift'
[LOG 11:24:50.148] AssetLoader: Loaded mod bundle 'kspedia_axisgroups'
[LOG 11:24:50.149] AssetLoader: Loaded mod bundle 'kspedia_career'
[LOG 11:24:50.149] AssetLoader: Loaded mod bundle 'kspedia_careerbasicscontracts'
[LOG 11:24:50.149] AssetLoader: Loaded mod bundle 'kspedia_careerbasicscrew'
[LOG 11:24:50.149] AssetLoader: Loaded mod bundle 'kspedia_careerbasicscurrencies'
[LOG 11:24:50.150] AssetLoader: Loaded mod bundle 'kspedia_careerbasicsexperience'
[LOG 11:24:50.150] AssetLoader: Loaded mod bundle 'kspedia_careerbasicsfacilities'
[LOG 11:24:50.151] AssetLoader: Loaded mod bundle 'kspedia_careerbasicsstrategies'
[LOG 11:24:50.151] AssetLoader: Loaded mod bundle 'kspedia_careerbasicstechnology'
[LOG 11:24:50.151] AssetLoader: Loaded mod bundle 'kspedia_careerui-ac'
[LOG 11:24:50.152] AssetLoader: Loaded mod bundle 'kspedia_careerui-admin'
[LOG 11:24:50.152] AssetLoader: Loaded mod bundle 'kspedia_careerui-ksc'
[LOG 11:24:50.152] AssetLoader: Loaded mod bundle 'kspedia_careerui-mc'
[LOG 11:24:50.153] AssetLoader: Loaded mod bundle 'kspedia_careerui-sciencearchives'
[LOG 11:24:50.153] AssetLoader: Loaded mod bundle 'kspedia_careerui-techtree'
[LOG 11:24:50.153] AssetLoader: Loaded mod bundle 'kspedia_careerui-ts'
[LOG 11:24:50.154] AssetLoader: Loaded mod bundle 'kspedia_careerui'
[LOG 11:24:50.154] AssetLoader: Loaded mod bundle 'kspedia_cargoapp'
[LOG 11:24:50.155] AssetLoader: Loaded mod bundle 'kspedia_cargomode'
[LOG 11:24:50.155] AssetLoader: Loaded mod bundle 'kspedia_cargosystem-placeableparts'
[LOG 11:24:50.155] AssetLoader: Loaded mod bundle 'kspedia_cargosystem'
[LOG 11:24:50.156] AssetLoader: Loaded mod bundle 'kspedia_chute'
[LOG 11:24:50.156] AssetLoader: Loaded mod bundle 'kspedia_commnet'
[LOG 11:24:50.156] AssetLoader: Loaded mod bundle 'kspedia_commnetbasics'
[LOG 11:24:50.157] AssetLoader: Loaded mod bundle 'kspedia_commnetbuildingeffectivenetworks'
[LOG 11:24:50.157] AssetLoader: Loaded mod bundle 'kspedia_commnetcalculatingrange'
[LOG 11:24:50.157] AssetLoader: Loaded mod bundle 'kspedia_commnetcontrollevels'
[LOG 11:24:50.157] AssetLoader: Loaded mod bundle 'kspedia_commnetcontrollinks'
[LOG 11:24:50.158] AssetLoader: Loaded mod bundle 'kspedia_commnetcontrolpoints'
[LOG 11:24:50.158] AssetLoader: Loaded mod bundle 'kspedia_commnetgui'
[LOG 11:24:50.158] AssetLoader: Loaded mod bundle 'kspedia_commnetgui01'
[LOG 11:24:50.158] AssetLoader: Loaded mod bundle 'kspedia_commnetgui02'
[LOG 11:24:50.159] AssetLoader: Loaded mod bundle 'kspedia_commnetrange'
[LOG 11:24:50.159] AssetLoader: Loaded mod bundle 'kspedia_commnetrelays'
[LOG 11:24:50.159] AssetLoader: Loaded mod bundle 'kspedia_commnetsciencetransmission'
[LOG 11:24:50.159] AssetLoader: Loaded mod bundle 'kspedia_commnetsignalstrength'
[LOG 11:24:50.159] AssetLoader: Loaded mod bundle 'kspedia_commnettransmission'
[LOG 11:24:50.160] AssetLoader: Loaded mod bundle 'kspedia_constructionui-actiongroups'
[LOG 11:24:50.160] AssetLoader: Loaded mod bundle 'kspedia_constructionui-applauncher'
[LOG 11:24:50.160] AssetLoader: Loaded mod bundle 'kspedia_constructionui-crew'
[LOG 11:24:50.161] AssetLoader: Loaded mod bundle 'kspedia_constructionui-engineersreport'
[LOG 11:24:50.161] AssetLoader: Loaded mod bundle 'kspedia_constructionui-gizmos'
[LOG 11:24:50.161] AssetLoader: Loaded mod bundle 'kspedia_constructionui-infos'
[LOG 11:24:50.162] AssetLoader: Loaded mod bundle 'kspedia_constructionui-partdetails'
[LOG 11:24:50.162] AssetLoader: Loaded mod bundle 'kspedia_constructionui-parts'
[LOG 11:24:50.162] AssetLoader: Loaded mod bundle 'kspedia_constructionui-symmetry'
[LOG 11:24:50.162] AssetLoader: Loaded mod bundle 'kspedia_constructionui-vesseldetails'
[LOG 11:24:50.163] AssetLoader: Loaded mod bundle 'kspedia_constructionui'
[LOG 11:24:50.163] AssetLoader: Loaded mod bundle 'kspedia_controls-dockingmode'
[LOG 11:24:50.163] AssetLoader: Loaded mod bundle 'kspedia_controls-editor'
[LOG 11:24:50.164] AssetLoader: Loaded mod bundle 'kspedia_controls-editorgizmos'
[LOG 11:24:50.164] AssetLoader: Loaded mod bundle 'kspedia_controls-eva'
[LOG 11:24:50.164] AssetLoader: Loaded mod bundle 'kspedia_controls-flight'
[LOG 11:24:50.165] AssetLoader: Loaded mod bundle 'kspedia_controls-flightactivities'
[LOG 11:24:50.165] AssetLoader: Loaded mod bundle 'kspedia_controls-flightdirections'
[LOG 11:24:50.165] AssetLoader: Loaded mod bundle 'kspedia_controls-general'
[LOG 11:24:50.165] AssetLoader: Loaded mod bundle 'kspedia_controls-mapandtime'
[LOG 11:24:50.166] AssetLoader: Loaded mod bundle 'kspedia_controls-mouseconstruction'
[LOG 11:24:50.166] AssetLoader: Loaded mod bundle 'kspedia_controls-mouseflight'
[LOG 11:24:50.166] AssetLoader: Loaded mod bundle 'kspedia_controls-rcs'
[LOG 11:24:50.166] AssetLoader: Loaded mod bundle 'kspedia_controls'
[LOG 11:24:50.167] AssetLoader: Loaded mod bundle 'kspedia_eastereggs'
[LOG 11:24:50.167] AssetLoader: Loaded mod bundle 'kspedia_evaconstructionmode'
[LOG 11:24:50.167] AssetLoader: Loaded mod bundle 'kspedia_facilities-ac'
[LOG 11:24:50.167] AssetLoader: Loaded mod bundle 'kspedia_facilities-admin'
[LOG 11:24:50.168] AssetLoader: Loaded mod bundle 'kspedia_facilities-context'
[LOG 11:24:50.168] AssetLoader: Loaded mod bundle 'kspedia_facilities-ksc'
[LOG 11:24:50.168] AssetLoader: Loaded mod bundle 'kspedia_facilities-launchpad'
[LOG 11:24:50.168] AssetLoader: Loaded mod bundle 'kspedia_facilities-mc'
[LOG 11:24:50.169] AssetLoader: Loaded mod bundle 'kspedia_facilities-randd'
[LOG 11:24:50.169] AssetLoader: Loaded mod bundle 'kspedia_facilities-runway'
[LOG 11:24:50.170] AssetLoader: Loaded mod bundle 'kspedia_facilities-sph'
[LOG 11:24:50.170] AssetLoader: Loaded mod bundle 'kspedia_facilities-ts'
[LOG 11:24:50.170] AssetLoader: Loaded mod bundle 'kspedia_facilities-vab'
[LOG 11:24:50.171] AssetLoader: Loaded mod bundle 'kspedia_flightui-altimeter'
[LOG 11:24:50.171] AssetLoader: Loaded mod bundle 'kspedia_flightui-applauncher'
[LOG 11:24:50.171] AssetLoader: Loaded mod bundle 'kspedia_flightui-evaactivities'
[LOG 11:24:50.175] AssetLoader: Loaded mod bundle 'kspedia_flightui-maneuvermodeeditor'
[LOG 11:24:50.175] AssetLoader: Loaded mod bundle 'kspedia_flightui-maneuvermodeeditorcont'
[LOG 11:24:50.175] AssetLoader: Loaded mod bundle 'kspedia_flightui-maneuvermodeorbit'
[LOG 11:24:50.175] AssetLoader: Loaded mod bundle 'kspedia_flightui-maneuvertoolinfo'
[LOG 11:24:50.176] AssetLoader: Loaded mod bundle 'kspedia_flightui-maneuvertoolmain'
[LOG 11:24:50.176] AssetLoader: Loaded mod bundle 'kspedia_flightui-modecontrol'
[LOG 11:24:50.176] AssetLoader: Loaded mod bundle 'kspedia_flightui-navball'
[LOG 11:24:50.177] AssetLoader: Loaded mod bundle 'kspedia_flightui-partrepairs'
[LOG 11:24:50.177] AssetLoader: Loaded mod bundle 'kspedia_flightui-portraits'
[LOG 11:24:50.177] AssetLoader: Loaded mod bundle 'kspedia_flightui-staging'
[LOG 11:24:50.177] AssetLoader: Loaded mod bundle 'kspedia_flightui-timeandaction'
[LOG 11:24:50.178] AssetLoader: Loaded mod bundle 'kspedia_flightui'
[LOG 11:24:50.178] AssetLoader: Loaded mod bundle 'kspedia_heat'
[LOG 11:24:50.178] AssetLoader: Loaded mod bundle 'kspedia_heatactiveradiators'
[LOG 11:24:50.179] AssetLoader: Loaded mod bundle 'kspedia_heatengines'
[LOG 11:24:50.179] AssetLoader: Loaded mod bundle 'kspedia_heatflow'
[LOG 11:24:50.179] AssetLoader: Loaded mod bundle 'kspedia_heatpart'
[LOG 11:24:50.180] AssetLoader: Loaded mod bundle 'kspedia_heatpassiveradiators'
[LOG 11:24:50.180] AssetLoader: Loaded mod bundle 'kspedia_heatshields'
[LOG 11:24:50.180] AssetLoader: Loaded mod bundle 'kspedia_kerbnet'
[LOG 11:24:50.181] AssetLoader: Loaded mod bundle 'kspedia_kerbnetinterface'
[LOG 11:24:50.181] AssetLoader: Loaded mod bundle 'kspedia_kerbnetmodes'
[LOG 11:24:50.181] AssetLoader: Loaded mod bundle 'kspedia_kerbnetwaypoints'
[LOG 11:24:50.182] AssetLoader: Loaded mod bundle 'kspedia_locations'
[LOG 11:24:50.182] AssetLoader: Loaded mod bundle 'kspedia_manual'
[LOG 11:24:50.183] AssetLoader: Loaded mod bundle 'kspedia_mapui-alarmclockcreation'
[LOG 11:24:50.184] AssetLoader: Loaded mod bundle 'kspedia_mapui-alarmclockmain'
[LOG 11:24:50.184] AssetLoader: Loaded mod bundle 'kspedia_mapui-burnindicator'
[LOG 11:24:50.184] AssetLoader: Loaded mod bundle 'kspedia_mapui-dvtoolsflight'
[LOG 11:24:50.185] AssetLoader: Loaded mod bundle 'kspedia_mapui-dvtoolsvab'
[LOG 11:24:50.185] AssetLoader: Loaded mod bundle 'kspedia_mapui-mannodes'
[LOG 11:24:50.185] AssetLoader: Loaded mod bundle 'kspedia_mapui-orbitnodes'
[LOG 11:24:50.186] AssetLoader: Loaded mod bundle 'kspedia_mapui-orbitnodes2'
[LOG 11:24:50.186] AssetLoader: Loaded mod bundle 'kspedia_mapui'
[LOG 11:24:50.187] AssetLoader: Loaded mod bundle 'kspedia_orbitalbasics-atmosphere'
[LOG 11:24:50.187] AssetLoader: Loaded mod bundle 'kspedia_orbitalbasics-gettingbackdown'
[LOG 11:24:50.187] AssetLoader: Loaded mod bundle 'kspedia_orbitalbasics-gettingupthere'
[LOG 11:24:50.188] AssetLoader: Loaded mod bundle 'kspedia_orbitalbasics-gravityturn'
[LOG 11:24:50.188] AssetLoader: Loaded mod bundle 'kspedia_orbitalbasics-orbits'
[LOG 11:24:50.188] AssetLoader: Loaded mod bundle 'kspedia_orbitalbasics-stayingupthere'
[LOG 11:24:50.189] AssetLoader: Loaded mod bundle 'kspedia_orbitalbasics'
[LOG 11:24:50.193] AssetLoader: Loaded mod bundle 'kspedia_orbitaldefinitions-appe'
[LOG 11:24:50.194] AssetLoader: Loaded mod bundle 'kspedia_orbitaldefinitions-dirandinc'
[LOG 11:24:50.194] AssetLoader: Loaded mod bundle 'kspedia_orbitaldefinitions-directions'
[LOG 11:24:50.195] AssetLoader: Loaded mod bundle 'kspedia_orbitaldefinitions-eccentricity'
[LOG 11:24:50.195] AssetLoader: Loaded mod bundle 'kspedia_orbitaldefinitions'
[LOG 11:24:50.196] AssetLoader: Loaded mod bundle 'kspedia_orbitalmaneuvers-adjustinginclination'
[LOG 11:24:50.196] AssetLoader: Loaded mod bundle 'kspedia_orbitalmaneuvers-deltav'
[LOG 11:24:50.196] AssetLoader: Loaded mod bundle 'kspedia_orbitalmaneuvers-efficiency'
[LOG 11:24:50.197] AssetLoader: Loaded mod bundle 'kspedia_orbitalmaneuvers-hohmanntransfer'
[LOG 11:24:50.197] AssetLoader: Loaded mod bundle 'kspedia_orbitalmaneuvers-hohmanntransfer2'
[LOG 11:24:50.198] AssetLoader: Loaded mod bundle 'kspedia_orbitalmaneuvers-orbittypes'
[LOG 11:24:50.198] AssetLoader: Loaded mod bundle 'kspedia_orbitalmaneuvers-radandantirad'
[LOG 11:24:50.198] AssetLoader: Loaded mod bundle 'kspedia_orbitalmaneuvers-shapingup'
[LOG 11:24:50.199] AssetLoader: Loaded mod bundle 'kspedia_orbitalmaneuvers'
[LOG 11:24:50.199] AssetLoader: Loaded mod bundle 'kspedia_planets-dres'
[LOG 11:24:50.200] AssetLoader: Loaded mod bundle 'kspedia_planets-duna'
[LOG 11:24:50.200] AssetLoader: Loaded mod bundle 'kspedia_planets-eeloo'
[LOG 11:24:50.200] AssetLoader: Loaded mod bundle 'kspedia_planets-eve'
[LOG 11:24:50.201] AssetLoader: Loaded mod bundle 'kspedia_planets-jool'
[LOG 11:24:50.201] AssetLoader: Loaded mod bundle 'kspedia_planets-kerbin'
[LOG 11:24:50.201] AssetLoader: Loaded mod bundle 'kspedia_planets-moho'
[LOG 11:24:50.202] AssetLoader: Loaded mod bundle 'kspedia_planets-sun'
[LOG 11:24:50.202] AssetLoader: Loaded mod bundle 'kspedia_planets-system'
[LOG 11:24:50.202] AssetLoader: Loaded mod bundle 'kspedia_resources-asteroidmining'
[LOG 11:24:50.202] AssetLoader: Loaded mod bundle 'kspedia_resources-conversionmanagement'
[LOG 11:24:50.203] AssetLoader: Loaded mod bundle 'kspedia_resources-drilling'
[LOG 11:24:50.203] AssetLoader: Loaded mod bundle 'kspedia_resources-findingit'
[LOG 11:24:50.203] AssetLoader: Loaded mod bundle 'kspedia_resources-findingit2'
[LOG 11:24:50.203] AssetLoader: Loaded mod bundle 'kspedia_resources-storageandconversion'
[LOG 11:24:50.204] AssetLoader: Loaded mod bundle 'kspedia_resources'
[LOG 11:24:50.204] AssetLoader: Loaded mod bundle 'kspedia_rocketry'
[LOG 11:24:50.204] AssetLoader: Loaded mod bundle 'kspedia_rocketryadvanced-fairings'
[LOG 11:24:50.204] AssetLoader: Loaded mod bundle 'kspedia_rocketryadvanced-girders'
[LOG 11:24:50.204] AssetLoader: Loaded mod bundle 'kspedia_rocketryadvanced'
[LOG 11:24:50.205] AssetLoader: Loaded mod bundle 'kspedia_rocketrybasics'
[LOG 11:24:50.205] AssetLoader: Loaded mod bundle 'kspedia_rocketrybasicsaero'
[LOG 11:24:50.205] AssetLoader: Loaded mod bundle 'kspedia_rocketrybasicscentered'
[LOG 11:24:50.206] AssetLoader: Loaded mod bundle 'kspedia_rocketrybasicschutes'
[LOG 11:24:50.206] AssetLoader: Loaded mod bundle 'kspedia_rocketrybasicscontrol'
[LOG 11:24:50.206] AssetLoader: Loaded mod bundle 'kspedia_rocketrybasicsecrecharging'
[LOG 11:24:50.206] AssetLoader: Loaded mod bundle 'kspedia_rocketrybasicsengines'
[LOG 11:24:50.207] AssetLoader: Loaded mod bundle 'kspedia_rocketrybasicsforces'
[LOG 11:24:50.207] AssetLoader: Loaded mod bundle 'kspedia_rocketrybasicshatchesandladders'
[LOG 11:24:50.207] AssetLoader: Loaded mod bundle 'kspedia_rocketrybasicshibernation'
[LOG 11:24:50.207] AssetLoader: Loaded mod bundle 'kspedia_rocketrybasicsresources'
[LOG 11:24:50.207] AssetLoader: Loaded mod bundle 'kspedia_rocketrybasicsservicecontainers'
[LOG 11:24:50.208] AssetLoader: Loaded mod bundle 'kspedia_rocketrybasicsstability'
[LOG 11:24:50.208] AssetLoader: Loaded mod bundle 'kspedia_rocketrybasicsstabilityassist'
[LOG 11:24:50.208] AssetLoader: Loaded mod bundle 'kspedia_rocketrybasicsstaging'
[LOG 11:24:50.208] AssetLoader: Loaded mod bundle 'kspedia_rocketrybasicssymmetry'
[LOG 11:24:50.209] AssetLoader: Loaded mod bundle 'kspedia_science'
[LOG 11:24:50.209] AssetLoader: Loaded mod bundle 'kspedia_sciencedata'
[LOG 11:24:50.209] AssetLoader: Loaded mod bundle 'kspedia_scienceexperiments'
[LOG 11:24:50.209] AssetLoader: Loaded mod bundle 'kspedia_sciencelab'
[LOG 11:24:50.210] AssetLoader: Loaded mod bundle 'kspedia_sciencetransmitted'
[LOG 11:24:50.210] AssetLoader: Loaded mod bundle 'kspedia_spacetravel'
[LOG 11:24:50.210] AssetLoader: Loaded mod bundle 'kspedia_variantswitcher'
[LOG 11:24:50.210] AssetLoader: Loaded mod bundle 'kspfonts'
[LOG 11:24:50.341] AssetLoader: Loaded bundle 'squadcore'
[LOG 11:24:50.341] AssetLoader: Loaded bundle 'squadcorefx'
[LOG 11:24:50.342] AssetLoader: Loaded mod bundle 'kspedia_builder'
[LOG 11:24:50.342] AssetLoader: Loaded mod bundle 'kspedia_buildertoolbar'
[LOG 11:24:50.342] AssetLoader: Loaded mod bundle 'kspedia_canvas'
[LOG 11:24:50.343] AssetLoader: Loaded mod bundle 'kspedia_exportingvalidation'
[LOG 11:24:50.343] AssetLoader: Loaded mod bundle 'kspedia_flight'
[LOG 11:24:50.343] AssetLoader: Loaded mod bundle 'kspedia_flightapp'
[LOG 11:24:50.344] AssetLoader: Loaded mod bundle 'kspedia_gap'
[LOG 11:24:50.345] AssetLoader: Loaded mod bundle 'kspedia_gaptools'
[LOG 11:24:50.345] AssetLoader: Loaded mod bundle 'kspedia_makinghistory'
[LOG 11:24:50.345] AssetLoader: Loaded mod bundle 'kspedia_missionbriefing'
[LOG 11:24:50.345] AssetLoader: Loaded mod bundle 'kspedia_nodedocking'
[LOG 11:24:50.346] AssetLoader: Loaded mod bundle 'kspedia_nodesconnectors'
[LOG 11:24:50.346] AssetLoader: Loaded mod bundle 'kspedia_sap'
[LOG 11:24:50.346] AssetLoader: Loaded mod bundle 'kspedia_sidebar'
[LOG 11:24:50.346] AssetLoader: Loaded mod bundle 'kspedia_testingcheckpoints'
[LOG 11:24:50.347] AssetLoader: Loaded bundle 'makinghistory'
[LOG 11:24:50.347] AssetLoader: Loaded mod bundle 'kspedia_bladecyclic-collective-behaviour'
[LOG 11:24:50.347] AssetLoader: Loaded mod bundle 'kspedia_bladecyclic-collective-controls'
[LOG 11:24:50.347] AssetLoader: Loaded mod bundle 'kspedia_deployedscience-experiments'
[LOG 11:24:50.348] AssetLoader: Loaded mod bundle 'kspedia_deployedscience'
[LOG 11:24:50.348] AssetLoader: Loaded mod bundle 'kspedia_grippads'
[LOG 11:24:50.348] AssetLoader: Loaded mod bundle 'kspedia_layindtracks'
[LOG 11:24:50.349] AssetLoader: Loaded mod bundle 'kspedia_propellers'
[LOG 11:24:50.349] AssetLoader: Loaded mod bundle 'kspedia_propellersaerodynamics'
[LOG 11:24:50.349] AssetLoader: Loaded mod bundle 'kspedia_roboticcontroller'
[LOG 11:24:50.349] AssetLoader: Loaded mod bundle 'kspedia_roboticparts'
[LOG 11:24:50.350] AssetLoader: Loaded mod bundle 'kspedia_surface features-overview'
[LOG 11:24:50.350] AssetLoader: Loaded mod bundle 'kspedia_surface features-roverarmdetails'
[LOG 11:24:50.350] AssetLoader: Loaded mod bundle 'kspedia_trackeditor'
[LOG 11:24:50.351] AssetLoader: Loaded mod bundle 'kspedia_trackeditortoolbar'
[LOG 11:24:50.351] AssetLoader: Loaded mod bundle 'serenity'
[LOG 11:24:50.352] AssetLoader: Finished loading. 226 bundle definitions loaded.
[LOG 11:24:50.353] Compiling Configs:
[LOG 11:24:50.353] Config(PHYSICSGLOBALS) /Physics/PHYSICSGLOBALS
[LOG 11:24:50.353] Config(KSP_COMMUNITY_FIXES) KSPCommunityFixes/Settings/KSP_COMMUNITY_FIXES
[LOG 11:24:50.353] Config(Localization) KSPCommunityFixes/Localization/en-us/Localization
[LOG 11:24:50.353] Config(Localization) KSPCommunityFixes/Localization/fr-fr/Localization
[LOG 11:24:50.353] Config(Localization) KSPCommunityFixes/Localization/ru/Localization
[LOG 11:24:50.353] Config(Localization) KSPCommunityFixes/Localization/zh-cn/Localization
[LOG 11:24:50.353] Config(@PART[*]:HAS[@MODULE[ModuleDockingNodeFixed]]:NEEDS[FixDockingNodes]:FINAL) KSPCommunityFixes/MMPatches/ModSupport/FixDockingNodes/@PART[*]:HAS[@MODULE[ModuleDockingNodeFixed]]:NEEDS[FixDockingNodes]:FINAL
[LOG 11:24:50.354] Config(@PART[*]:HAS[@MODULE[Refunding]]:LAST[999_KSP-Recall]) KSPCommunityFixes/MMPatches/ModSupport/KSPRecall/@PART[*]:HAS[@MODULE[Refunding]]:LAST[999_KSP-Recall]
[LOG 11:24:50.354] Config(@PART[*]:HAS[#hasRefundingOnRecovery[?rue]]:LAST[999_KSP-Recall]) KSPCommunityFixes/MMPatches/ModSupport/KSPRecall/@PART[*]:HAS[#hasRefundingOnRecovery[?rue]]:LAST[999_KSP-Recall]
[LOG 11:24:50.354] Config(@PART[*]:HAS[#hasRefundingOnRecovery]:LAST[999_KSP-Recall]) KSPCommunityFixes/MMPatches/ModSupport/KSPRecall/@PART[*]:HAS[#hasRefundingOnRecovery]:LAST[999_KSP-Recall]
[LOG 11:24:50.354] Config(@KSP-Recall:LAST[999_KSP-Recall]) KSPCommunityFixes/MMPatches/ModSupport/KSPRecall/@KSP-Recall:LAST[999_KSP-Recall]
[LOG 11:24:50.354] Config(@KSP-Recall:HAS[#hasRefundingOnRecovery[?rue]]:LAST[999_KSP-Recall]) KSPCommunityFixes/MMPatches/ModSupport/KSPRecall/@KSP-Recall:HAS[#hasRefundingOnRecovery[?rue]]:LAST[999_KSP-Recall]
[LOG 11:24:50.354] Config(@KSP-Recall:HAS[#hasRefundingOnRecovery]:LAST[999_KSP-Recall]) KSPCommunityFixes/MMPatches/ModSupport/KSPRecall/@KSP-Recall:HAS[#hasRefundingOnRecovery]:LAST[999_KSP-Recall]
[LOG 11:24:50.354] Config(@KSP_COMMUNITY_FIXES:NEEDS[AttachedOnEditor]) KSPCommunityFixes/MMPatches/ModSupport/KSPRecall/@KSP_COMMUNITY_FIXES:NEEDS[AttachedOnEditor]
[LOG 11:24:50.354] Config(@KSP_COMMUNITY_FIXES:NEEDS[UniversalStorage2]) KSPCommunityFixes/MMPatches/ModSupport/UniversalStorage/@KSP_COMMUNITY_FIXES:NEEDS[UniversalStorage2]
[LOG 11:24:50.354] Config(@PART[telescopicLadderBay]:FIRST) KSPCommunityFixes/MMPatches/StockTweaks/LadderToggleableLight/@PART[telescopicLadderBay]:FIRST
[LOG 11:24:50.354] Config(@PART[telescopicLadderBay]:HAS[#LadderToggleableLight[?rue]]:FIRST) KSPCommunityFixes/MMPatches/StockTweaks/LadderToggleableLight/@PART[telescopicLadderBay]:HAS[#LadderToggleableLight[?rue]]:FIRST
[LOG 11:24:50.354] Config(@PART[telescopicLadderBay]:HAS[#LadderToggleableLight]:FIRST) KSPCommunityFixes/MMPatches/StockTweaks/LadderToggleableLight/@PART[telescopicLadderBay]:HAS[#LadderToggleableLight]:FIRST
[LOG 11:24:50.354] Config(@PART[GearSmall]:FIRST) KSPCommunityFixes/MMPatches/StockTweaks/LandingGearLights/@PART[GearSmall]:FIRST
[LOG 11:24:50.354] Config(@PART[SmallGearBay]:FIRST) KSPCommunityFixes/MMPatches/StockTweaks/LandingGearLights/@PART[SmallGearBay]:FIRST
[LOG 11:24:50.354] Config(@PART[sasModule]:FOR[KSPCommunityFixes]) KSPCommunityFixes/MMPatches/StockTweaks/ManufacturerFixes/@PART[sasModule]:FOR[KSPCommunityFixes]
[LOG 11:24:50.354] Config(@PART[xenonTankRadial]:FOR[KSPCommunityFixes]) KSPCommunityFixes/MMPatches/StockTweaks/ManufacturerFixes/@PART[xenonTankRadial]:FOR[KSPCommunityFixes]
[LOG 11:24:50.354] Config(@PART[winglet|fireworksLauncherSmall|fireworksLauncherBig]:FOR[KSPCommunityFixes]) KSPCommunityFixes/MMPatches/StockTweaks/ManufacturerFixes/@PART[winglet|fireworksLauncherSmall|fireworksLauncherBig]:FOR[KSPCommunityFixes]
[LOG 11:24:50.354] Config(@PART[solidBooster_sm_v2|solidBooster_v2]:FOR[KSPCommunityFixes]) KSPCommunityFixes/MMPatches/StockTweaks/ManufacturerFixes/@PART[solidBooster_sm_v2|solidBooster_v2]:FOR[KSPCommunityFixes]
[LOG 11:24:50.354] Config(@PART[ServiceBay_125_v2|ServiceBay_250_v2]:FOR[KSPCommunityFixes]) KSPCommunityFixes/MMPatches/StockTweaks/ManufacturerFixes/@PART[ServiceBay_125_v2|ServiceBay_250_v2]:FOR[KSPCommunityFixes]
[LOG 11:24:50.354] Config(@PART[externalTankCapsule]:FOR[KSPCommunityFixes]) KSPCommunityFixes/MMPatches/StockTweaks/ManufacturerFixes/@PART[externalTankCapsule]:FOR[KSPCommunityFixes]
[LOG 11:24:50.354] Config(@PART[RCSFuelTank|rcsTankMini|RCSTank1-2]:FOR[KSPCommunityFixes]) KSPCommunityFixes/MMPatches/StockTweaks/ManufacturerFixes/@PART[RCSFuelTank|rcsTankMini|RCSTank1-2]:FOR[KSPCommunityFixes]
[LOG 11:24:50.354] Config(@PART[landerCabinSmall]:FOR[KSPCommunityFixes]) KSPCommunityFixes/MMPatches/StockTweaks/ManufacturerFixes/@PART[landerCabinSmall]:FOR[KSPCommunityFixes]
[LOG 11:24:50.354] Config(@PART[dockingPortLateral]:FOR[KSPCommunityFixes]) KSPCommunityFixes/MMPatches/StockTweaks/ManufacturerFixes/@PART[dockingPortLateral]:FOR[KSPCommunityFixes]
[LOG 11:24:50.355] Config(@PART[EnginePlate4]:FOR[KSPCommunityFixes]:NEEDS[SquadExpansion/MakingHistory]) KSPCommunityFixes/MMPatches/StockTweaks/ManufacturerFixes/@PART[EnginePlate4]:FOR[KSPCommunityFixes]:NEEDS[SquadExpansion/MakingHistory]
[LOG 11:24:50.355] Config(@PART[Mk2Pod]:FOR[KSPCommunityFixes]:NEEDS[SquadExpansion/MakingHistory]) KSPCommunityFixes/MMPatches/StockTweaks/ManufacturerFixes/@PART[Mk2Pod]:FOR[KSPCommunityFixes]:NEEDS[SquadExpansion/MakingHistory]
[LOG 11:24:50.355] Config(@PART[evaChute|parachuteSingle|parachuteRadial|radialDrogue|parachuteLarge|parachuteDrogue]:FOR[KSPCommunityFixes]) KSPCommunityFixes/MMPatches/StockTweaks/ManufacturerFixes/@PART[evaChute|parachuteSingle|parachuteRadial|radialDrogue|parachuteLarge|parachuteDrogue]:FOR[KSPCommunityFixes]
[LOG 11:24:50.355] Config(@PART[stackPoint1|dockingPort1|dockingPort2|dockingPort3|dockingPortLarge]:FOR[KSPCommunityFixes]) KSPCommunityFixes/MMPatches/StockTweaks/ManufacturerFixes/@PART[stackPoint1|dockingPort1|dockingPort2|dockingPort3|dockingPortLarge]:FOR[KSPCommunityFixes]
[LOG 11:24:50.355] Config(AGENT) KSPCommunityFixes/MMPatches/StockTweaks/ManufacturerFixes/Clamp-O-Tron
[LOG 11:24:50.355] Config(AGENT) KSPCommunityFixes/MMPatches/StockTweaks/ManufacturerFixes/FreeFall Parachutes
[LOG 11:24:50.355] Config(AGENT) KSPCommunityFixes/MMPatches/StockTweaks/ManufacturerFixes/LightYear Tire Company
[LOG 11:24:50.355] Config(AGENT) KSPCommunityFixes/MMPatches/StockTweaks/ManufacturerFixes/Stratus Corporation
[LOG 11:24:50.355] Config(Localization) KSPCommunityFixes/MMPatches/StockTweaks/ManufacturerFixes/Localization
[LOG 11:24:50.355] Config(AGENT) Squad/Agencies/Agents/C7 Aerospace Division
[LOG 11:24:50.355] Config(AGENT) Squad/Agencies/Agents/Dinkelstein Kerman's Construction Emporium
[LOG 11:24:50.355] Config(AGENT) Squad/Agencies/Agents/Experimental Engineering Group
[LOG 11:24:50.355] Config(AGENT) Squad/Agencies/Agents/FLOOYD Dynamics Research Labs
[LOG 11:24:50.355] Config(AGENT) Squad/Agencies/Agents/Goliath National Products
[LOG 11:24:50.355] Config(AGENT) Squad/Agencies/Agents/Integrated Integrals
[LOG 11:24:50.355] Config(AGENT) Squad/Agencies/Agents/Ionic Symphonic Protonic Electronics
[LOG 11:24:50.355] Config(AGENT) Squad/Agencies/Agents/Jebediah Kerman's Junkyard and Spacecraft Parts Co
[LOG 11:24:50.355] Config(AGENT) Squad/Agencies/Agents/Kerbal Motion LLC
[LOG 11:24:50.355] Config(AGENT) Squad/Agencies/Agents/Kerbin World-Firsts Record-Keeping Society
[LOG 11:24:50.355] Config(AGENT) Squad/Agencies/Agents/Kerbodyne
[LOG 11:24:50.355] Config(AGENT) Squad/Agencies/Agents/Kerlington Model Rockets and Paper Products Inc
[LOG 11:24:50.355] Config(AGENT) Squad/Agencies/Agents/Maxo Construction Toys
[LOG 11:24:50.355] Config(AGENT) Squad/Agencies/Agents/Moving Parts Experts Group
[LOG 11:24:50.355] Config(AGENT) Squad/Agencies/Agents/O.M.B. Demolition Enterprises
[LOG 11:24:50.355] Config(AGENT) Squad/Agencies/Agents/Periapsis Rocket Supplies Co
[LOG 11:24:50.355] Config(AGENT) Squad/Agencies/Agents/Probodobodyne Inc
[LOG 11:24:50.356] Config(AGENT) Squad/Agencies/Agents/Research & Development Department
[LOG 11:24:50.356] Config(AGENT) Squad/Agencies/Agents/Reaction Systems Ltd
[LOG 11:24:50.356] Config(AGENT) Squad/Agencies/Agents/Rockomax Conglomerate
[LOG 11:24:50.356] Config(AGENT) Squad/Agencies/Agents/Rokea Inc
[LOG 11:24:50.356] Config(AGENT) Squad/Agencies/Agents/Sean's Cannery
[LOG 11:24:50.356] Config(AGENT) Squad/Agencies/Agents/STEADLER Engineering Corps
[LOG 11:24:50.356] Config(AGENT) Squad/Agencies/Agents/StrutCo
[LOG 11:24:50.356] Config(AGENT) Squad/Agencies/Agents/Vac-Co Advanced Suction Systems
[LOG 11:24:50.356] Config(AGENT) Squad/Agencies/Agents/WinterOwl Aircraft Emporium
[LOG 11:24:50.356] Config(AGENT) Squad/Agencies/Agents/Zaltonic Electronics
[LOG 11:24:50.356] Config(CONTRACT_CONSTRUCTION_PARTS) Squad/Contracts/constructionContractParts/CONTRACT_CONSTRUCTION_PARTS
[LOG 11:24:50.356] Config(Contracts) Squad/Contracts/Contracts/Contracts
[LOG 11:24:50.356] Config(CONTRACTCRAFT) Squad/Contracts/PrebuiltCraft/prebuiltData/CONTRACTCRAFT
[LOG 11:24:50.356] Config(CONTRACTCRAFT) Squad/Contracts/PrebuiltCraft/OrbitalConstructionContract/orbitalConstructionContractCraft/CONTRACTCRAFT
[LOG 11:24:50.356] Config(CONTRACTCRAFT) Squad/Contracts/PrebuiltCraft/RepairContract/repairContractCraft/CONTRACTCRAFT
[LOG 11:24:50.356] Config(CONTRACTCRAFT) Squad/Contracts/PrebuiltCraft/RoverContract/roverContractCraft/CONTRACTCRAFT
[LOG 11:24:50.356] Config(KEYBOARD_LAYOUT) Squad/Controls/Azerty/#autoLOC_6001233
[LOG 11:24:50.356] Config(PITCH_DOWN) Squad/Controls/Azerty/PITCH_DOWN
[LOG 11:24:50.356] Config(PITCH_UP) Squad/Controls/Azerty/PITCH_UP
[LOG 11:24:50.356] Config(YAW_LEFT) Squad/Controls/Azerty/YAW_LEFT
[LOG 11:24:50.356] Config(YAW_RIGHT) Squad/Controls/Azerty/YAW_RIGHT
[LOG 11:24:50.356] Config(ROLL_LEFT) Squad/Controls/Azerty/ROLL_LEFT
[LOG 11:24:50.356] Config(ROLL_RIGHT) Squad/Controls/Azerty/ROLL_RIGHT
[LOG 11:24:50.356] Config(THROTTLE_UP) Squad/Controls/Azerty/THROTTLE_UP
[LOG 11:24:50.356] Config(THROTTLE_DOWN) Squad/Controls/Azerty/THROTTLE_DOWN
[LOG 11:24:50.356] Config(SAS_HOLD) Squad/Controls/Azerty/SAS_HOLD
[LOG 11:24:50.356] Config(SAS_TOGGLE) Squad/Controls/Azerty/SAS_TOGGLE
[LOG 11:24:50.357] Config(LAUNCH_STAGES) Squad/Controls/Azerty/LAUNCH_STAGES
[LOG 11:24:50.357] Config(Docking_toggleRotLin) Squad/Controls/Azerty/Docking_toggleRotLin
[LOG 11:24:50.357] Config(CAMERA_MODE) Squad/Controls/Azerty/CAMERA_MODE
[LOG 11:24:50.357] Config(CAMERA_NEXT) Squad/Controls/Azerty/CAMERA_NEXT
[LOG 11:24:50.357] Config(PAUSE) Squad/Controls/Azerty/PAUSE
[LOG 11:24:50.357] Config(PRECISION_CTRL) Squad/Controls/Azerty/PRECISION_CTRL
[LOG 11:24:50.357] Config(ZOOM_IN) Squad/Controls/Azerty/ZOOM_IN
[LOG 11:24:50.357] Config(ZOOM_OUT) Squad/Controls/Azerty/ZOOM_OUT
[LOG 11:24:50.357] Config(SCROLL_VIEW_UP) Squad/Controls/Azerty/SCROLL_VIEW_UP
[LOG 11:24:50.357] Config(SCROLL_VIEW_DOWN) Squad/Controls/Azerty/SCROLL_VIEW_DOWN
[LOG 11:24:50.357] Config(SCROLL_ICONS_UP) Squad/Controls/Azerty/SCROLL_ICONS_UP
[LOG 11:24:50.357] Config(SCROLL_ICONS_DOWN) Squad/Controls/Azerty/SCROLL_ICONS_DOWN
[LOG 11:24:50.357] Config(CAMERA_ORBIT_UP) Squad/Controls/Azerty/CAMERA_ORBIT_UP
[LOG 11:24:50.357] Config(CAMERA_ORBIT_DOWN) Squad/Controls/Azerty/CAMERA_ORBIT_DOWN
[LOG 11:24:50.357] Config(CAMERA_ORBIT_LEFT) Squad/Controls/Azerty/CAMERA_ORBIT_LEFT
[LOG 11:24:50.357] Config(CAMERA_ORBIT_RIGHT) Squad/Controls/Azerty/CAMERA_ORBIT_RIGHT
[LOG 11:24:50.357] Config(CAMERA_RESET) Squad/Controls/Azerty/CAMERA_RESET
[LOG 11:24:50.357] Config(CAMERA_MOUSE_TOGGLE) Squad/Controls/Azerty/CAMERA_MOUSE_TOGGLE
[LOG 11:24:50.357] Config(TIME_WARP_INCREASE) Squad/Controls/Azerty/TIME_WARP_INCREASE
[LOG 11:24:50.357] Config(TIME_WARP_DECREASE) Squad/Controls/Azerty/TIME_WARP_DECREASE
[LOG 11:24:50.357] Config(TIME_WARP_STOP) Squad/Controls/Azerty/TIME_WARP_STOP
[LOG 11:24:50.357] Config(MAP_VIEW_TOGGLE) Squad/Controls/Azerty/MAP_VIEW_TOGGLE
[LOG 11:24:50.357] Config(NAVBALL_TOGGLE) Squad/Controls/Azerty/NAVBALL_TOGGLE
[LOG 11:24:50.357] Config(UIMODE_STAGING) Squad/Controls/Azerty/UIMODE_STAGING
[LOG 11:24:50.357] Config(UIMODE_DOCKING) Squad/Controls/Azerty/UIMODE_DOCKING
[LOG 11:24:50.357] Config(TRANSLATE_DOWN) Squad/Controls/Azerty/TRANSLATE_DOWN
[LOG 11:24:50.358] Config(TRANSLATE_UP) Squad/Controls/Azerty/TRANSLATE_UP
[LOG 11:24:50.358] Config(TRANSLATE_LEFT) Squad/Controls/Azerty/TRANSLATE_LEFT
[LOG 11:24:50.358] Config(TRANSLATE_RIGHT) Squad/Controls/Azerty/TRANSLATE_RIGHT
[LOG 11:24:50.358] Config(TRANSLATE_FWD) Squad/Controls/Azerty/TRANSLATE_FWD
[LOG 11:24:50.358] Config(TRANSLATE_BACK) Squad/Controls/Azerty/TRANSLATE_BACK
[LOG 11:24:50.358] Config(RCS_TOGGLE) Squad/Controls/Azerty/RCS_TOGGLE
[LOG 11:24:50.358] Config(FOCUS_NEXT_VESSEL) Squad/Controls/Azerty/FOCUS_NEXT_VESSEL
[LOG 11:24:50.358] Config(FOCUS_PREV_VESSEL) Squad/Controls/Azerty/FOCUS_PREV_VESSEL
[LOG 11:24:50.358] Config(TOGGLE_UI) Squad/Controls/Azerty/TOGGLE_UI
[LOG 11:24:50.358] Config(TOGGLE_STATUS_SCREEN) Squad/Controls/Azerty/TOGGLE_STATUS_SCREEN
[LOG 11:24:50.358] Config(TAKE_SCREENSHOT) Squad/Controls/Azerty/TAKE_SCREENSHOT
[LOG 11:24:50.358] Config(TOGGLE_LABELS) Squad/Controls/Azerty/TOGGLE_LABELS
[LOG 11:24:50.358] Config(TOGGLE_TEMP_GAUGES) Squad/Controls/Azerty/TOGGLE_TEMP_GAUGES
[LOG 11:24:50.358] Config(TOGGLE_TEMP_OVERLAY) Squad/Controls/Azerty/TOGGLE_TEMP_OVERLAY
[LOG 11:24:50.358] Config(TOGGLE_FLIGHT_FORCES) Squad/Controls/Azerty/TOGGLE_FLIGHT_FORCES
[LOG 11:24:50.358] Config(QUICKSAVE) Squad/Controls/Azerty/QUICKSAVE
[LOG 11:24:50.358] Config(QUICKLOAD) Squad/Controls/Azerty/QUICKLOAD
[LOG 11:24:50.358] Config(THROTTLE_CUTOFF) Squad/Controls/Azerty/THROTTLE_CUTOFF
[LOG 11:24:50.358] Config(THROTTLE_FULL) Squad/Controls/Azerty/THROTTLE_FULL
[LOG 11:24:50.358] Config(LANDING_GEAR) Squad/Controls/Azerty/LANDING_GEAR
[LOG 11:24:50.358] Config(HEADLIGHT_TOGGLE) Squad/Controls/Azerty/HEADLIGHT_TOGGLE
[LOG 11:24:50.358] Config(BRAKES) Squad/Controls/Azerty/BRAKES
[LOG 11:24:50.358] Config(TOGGLE_SPACENAV_FLIGHT_CONTROL) Squad/Controls/Azerty/TOGGLE_SPACENAV_FLIGHT_CONTROL
[LOG 11:24:50.358] Config(TOGGLE_SPACENAV_ROLL_LOCK) Squad/Controls/Azerty/TOGGLE_SPACENAV_ROLL_LOCK
[LOG 11:24:50.358] Config(WHEEL_STEER_LEFT) Squad/Controls/Azerty/WHEEL_STEER_LEFT
[LOG 11:24:50.358] Config(WHEEL_STEER_RIGHT) Squad/Controls/Azerty/WHEEL_STEER_RIGHT
[LOG 11:24:50.358] Config(WHEEL_THROTTLE_DOWN) Squad/Controls/Azerty/WHEEL_THROTTLE_DOWN
[LOG 11:24:50.358] Config(WHEEL_THROTTLE_UP) Squad/Controls/Azerty/WHEEL_THROTTLE_UP
[LOG 11:24:50.358] Config(EVA_forward) Squad/Controls/Azerty/EVA_forward
[LOG 11:24:50.358] Config(EVA_back) Squad/Controls/Azerty/EVA_back
[LOG 11:24:50.359] Config(EVA_left) Squad/Controls/Azerty/EVA_left
[LOG 11:24:50.359] Config(EVA_right) Squad/Controls/Azerty/EVA_right
[LOG 11:24:50.359] Config(EVA_yaw_left) Squad/Controls/Azerty/EVA_yaw_left
[LOG 11:24:50.359] Config(EVA_yaw_right) Squad/Controls/Azerty/EVA_yaw_right
[LOG 11:24:50.359] Config(EVA_Pack_forward) Squad/Controls/Azerty/EVA_Pack_forward
[LOG 11:24:50.359] Config(EVA_Pack_back) Squad/Controls/Azerty/EVA_Pack_back
[LOG 11:24:50.359] Config(EVA_Pack_left) Squad/Controls/Azerty/EVA_Pack_left
[LOG 11:24:50.359] Config(EVA_Pack_right) Squad/Controls/Azerty/EVA_Pack_right
[LOG 11:24:50.359] Config(EVA_Pack_up) Squad/Controls/Azerty/EVA_Pack_up
[LOG 11:24:50.359] Config(EVA_Pack_down) Squad/Controls/Azerty/EVA_Pack_down
[LOG 11:24:50.359] Config(EVA_Jump) Squad/Controls/Azerty/EVA_Jump
[LOG 11:24:50.359] Config(EVA_Run) Squad/Controls/Azerty/EVA_Run
[LOG 11:24:50.359] Config(EVA_ToggleMovementMode) Squad/Controls/Azerty/EVA_ToggleMovementMode
[LOG 11:24:50.359] Config(EVA_TogglePack) Squad/Controls/Azerty/EVA_TogglePack
[LOG 11:24:50.359] Config(EVA_Use) Squad/Controls/Azerty/EVA_Use
[LOG 11:24:50.359] Config(EVA_Board) Squad/Controls/Azerty/EVA_Board
[LOG 11:24:50.359] Config(EVA_Orient) Squad/Controls/Azerty/EVA_Orient
[LOG 11:24:50.359] Config(EVA_Lights) Squad/Controls/Azerty/EVA_Lights
[LOG 11:24:50.359] Config(EVA_ChuteDeploy) Squad/Controls/Azerty/EVA_ChuteDeploy
[LOG 11:24:50.359] Config(Editor_pitchUp) Squad/Controls/Azerty/Editor_pitchUp
[LOG 11:24:50.359] Config(Editor_pitchDown) Squad/Controls/Azerty/Editor_pitchDown
[LOG 11:24:50.359] Config(Editor_yawLeft) Squad/Controls/Azerty/Editor_yawLeft
[LOG 11:24:50.359] Config(Editor_yawRight) Squad/Controls/Azerty/Editor_yawRight
[LOG 11:24:50.359] Config(Editor_rollLeft) Squad/Controls/Azerty/Editor_rollLeft
[LOG 11:24:50.359] Config(Editor_rollRight) Squad/Controls/Azerty/Editor_rollRight
[LOG 11:24:50.359] Config(Editor_resetRotation) Squad/Controls/Azerty/Editor_resetRotation
[LOG 11:24:50.359] Config(Editor_modePlace) Squad/Controls/Azerty/Editor_modePlace
[LOG 11:24:50.359] Config(Editor_modeOffset) Squad/Controls/Azerty/Editor_modeOffset
[LOG 11:24:50.360] Config(Editor_modeRotate) Squad/Controls/Azerty/Editor_modeRotate
[LOG 11:24:50.360] Config(Editor_modeRoot) Squad/Controls/Azerty/Editor_modeRoot
[LOG 11:24:50.360] Config(Editor_coordSystem) Squad/Controls/Azerty/Editor_coordSystem
[LOG 11:24:50.360] Config(Editor_toggleSymMethod) Squad/Controls/Azerty/Editor_toggleSymMethod
[LOG 11:24:50.360] Config(Editor_toggleSymMode) Squad/Controls/Azerty/Editor_toggleSymMode
[LOG 11:24:50.360] Config(Editor_toggleAngleSnap) Squad/Controls/Azerty/Editor_toggleAngleSnap
[LOG 11:24:50.360] Config(Editor_fineTweak) Squad/Controls/Azerty/Editor_fineTweak
[LOG 11:24:50.360] Config(Editor_partSearch) Squad/Controls/Azerty/Editor_partSearch
[LOG 11:24:50.360] Config(Editor_zoomScrollModifier) Squad/Controls/Azerty/Editor_zoomScrollModifier
[LOG 11:24:50.360] Config(MODIFIER_KEY) Squad/Controls/Azerty/MODIFIER_KEY
[LOG 11:24:50.360] Config(AbortActionGroup) Squad/Controls/Azerty/AbortActionGroup
[LOG 11:24:50.360] Config(CustomActionGroup1) Squad/Controls/Azerty/CustomActionGroup1
[LOG 11:24:50.360] Config(CustomActionGroup2) Squad/Controls/Azerty/CustomActionGroup2
[LOG 11:24:50.360] Config(CustomActionGroup3) Squad/Controls/Azerty/CustomActionGroup3
[LOG 11:24:50.360] Config(CustomActionGroup4) Squad/Controls/Azerty/CustomActionGroup4
[LOG 11:24:50.360] Config(CustomActionGroup5) Squad/Controls/Azerty/CustomActionGroup5
[LOG 11:24:50.360] Config(CustomActionGroup6) Squad/Controls/Azerty/CustomActionGroup6
[LOG 11:24:50.360] Config(CustomActionGroup7) Squad/Controls/Azerty/CustomActionGroup7
[LOG 11:24:50.360] Config(CustomActionGroup8) Squad/Controls/Azerty/CustomActionGroup8
[LOG 11:24:50.360] Config(CustomActionGroup9) Squad/Controls/Azerty/CustomActionGroup9
[LOG 11:24:50.360] Config(CustomActionGroup10) Squad/Controls/Azerty/CustomActionGroup10
[LOG 11:24:50.360] Config(KEY_MAP) Squad/Controls/Azerty/KEY_MAP
[LOG 11:24:50.360] Config(KEYBOARD_LAYOUT) Squad/Controls/Dvorak/#autoLOC_6001234
[LOG 11:24:50.360] Config(PITCH_DOWN) Squad/Controls/Dvorak/PITCH_DOWN
[LOG 11:24:50.360] Config(PITCH_UP) Squad/Controls/Dvorak/PITCH_UP
[LOG 11:24:50.360] Config(YAW_LEFT) Squad/Controls/Dvorak/YAW_LEFT
[LOG 11:24:50.360] Config(YAW_RIGHT) Squad/Controls/Dvorak/YAW_RIGHT
[LOG 11:24:50.360] Config(ROLL_LEFT) Squad/Controls/Dvorak/ROLL_LEFT
[LOG 11:24:50.360] Config(ROLL_RIGHT) Squad/Controls/Dvorak/ROLL_RIGHT
[LOG 11:24:50.361] Config(THROTTLE_UP) Squad/Controls/Dvorak/THROTTLE_UP
[LOG 11:24:50.361] Config(THROTTLE_DOWN) Squad/Controls/Dvorak/THROTTLE_DOWN
[LOG 11:24:50.361] Config(SAS_HOLD) Squad/Controls/Dvorak/SAS_HOLD
[LOG 11:24:50.361] Config(SAS_TOGGLE) Squad/Controls/Dvorak/SAS_TOGGLE
[LOG 11:24:50.361] Config(LAUNCH_STAGES) Squad/Controls/Dvorak/LAUNCH_STAGES
[LOG 11:24:50.361] Config(Docking_toggleRotLin) Squad/Controls/Dvorak/Docking_toggleRotLin
[LOG 11:24:50.361] Config(CAMERA_MODE) Squad/Controls/Dvorak/CAMERA_MODE
[LOG 11:24:50.361] Config(CAMERA_NEXT) Squad/Controls/Dvorak/CAMERA_NEXT
[LOG 11:24:50.361] Config(PAUSE) Squad/Controls/Dvorak/PAUSE
[LOG 11:24:50.361] Config(PRECISION_CTRL) Squad/Controls/Dvorak/PRECISION_CTRL
[LOG 11:24:50.361] Config(ZOOM_IN) Squad/Controls/Dvorak/ZOOM_IN
[LOG 11:24:50.361] Config(ZOOM_OUT) Squad/Controls/Dvorak/ZOOM_OUT
[LOG 11:24:50.361] Config(SCROLL_VIEW_UP) Squad/Controls/Dvorak/SCROLL_VIEW_UP
[LOG 11:24:50.361] Config(SCROLL_VIEW_DOWN) Squad/Controls/Dvorak/SCROLL_VIEW_DOWN
[LOG 11:24:50.361] Config(SCROLL_ICONS_UP) Squad/Controls/Dvorak/SCROLL_ICONS_UP
[LOG 11:24:50.361] Config(SCROLL_ICONS_DOWN) Squad/Controls/Dvorak/SCROLL_ICONS_DOWN
[LOG 11:24:50.361] Config(CAMERA_ORBIT_UP) Squad/Controls/Dvorak/CAMERA_ORBIT_UP
[LOG 11:24:50.361] Config(CAMERA_ORBIT_DOWN) Squad/Controls/Dvorak/CAMERA_ORBIT_DOWN
[LOG 11:24:50.361] Config(CAMERA_ORBIT_LEFT) Squad/Controls/Dvorak/CAMERA_ORBIT_LEFT
[LOG 11:24:50.361] Config(CAMERA_ORBIT_RIGHT) Squad/Controls/Dvorak/CAMERA_ORBIT_RIGHT
[LOG 11:24:50.361] Config(CAMERA_RESET) Squad/Controls/Dvorak/CAMERA_RESET
[LOG 11:24:50.361] Config(CAMERA_MOUSE_TOGGLE) Squad/Controls/Dvorak/CAMERA_MOUSE_TOGGLE
[LOG 11:24:50.361] Config(TIME_WARP_INCREASE) Squad/Controls/Dvorak/TIME_WARP_INCREASE
[LOG 11:24:50.361] Config(TIME_WARP_DECREASE) Squad/Controls/Dvorak/TIME_WARP_DECREASE
[LOG 11:24:50.361] Config(TIME_WARP_STOP) Squad/Controls/Dvorak/TIME_WARP_STOP
[LOG 11:24:50.361] Config(MAP_VIEW_TOGGLE) Squad/Controls/Dvorak/MAP_VIEW_TOGGLE
[LOG 11:24:50.361] Config(NAVBALL_TOGGLE) Squad/Controls/Dvorak/NAVBALL_TOGGLE
[LOG 11:24:50.362] Config(UIMODE_STAGING) Squad/Controls/Dvorak/UIMODE_STAGING
[LOG 11:24:50.362] Config(UIMODE_DOCKING) Squad/Controls/Dvorak/UIMODE_DOCKING
[LOG 11:24:50.362] Config(TRANSLATE_DOWN) Squad/Controls/Dvorak/TRANSLATE_DOWN
[LOG 11:24:50.362] Config(TRANSLATE_UP) Squad/Controls/Dvorak/TRANSLATE_UP
[LOG 11:24:50.362] Config(TRANSLATE_LEFT) Squad/Controls/Dvorak/TRANSLATE_LEFT
[LOG 11:24:50.362] Config(TRANSLATE_RIGHT) Squad/Controls/Dvorak/TRANSLATE_RIGHT
[LOG 11:24:50.362] Config(TRANSLATE_FWD) Squad/Controls/Dvorak/TRANSLATE_FWD
[LOG 11:24:50.362] Config(TRANSLATE_BACK) Squad/Controls/Dvorak/TRANSLATE_BACK
[LOG 11:24:50.362] Config(RCS_TOGGLE) Squad/Controls/Dvorak/RCS_TOGGLE
[LOG 11:24:50.362] Config(FOCUS_NEXT_VESSEL) Squad/Controls/Dvorak/FOCUS_NEXT_VESSEL
[LOG 11:24:50.362] Config(FOCUS_PREV_VESSEL) Squad/Controls/Dvorak/FOCUS_PREV_VESSEL
[LOG 11:24:50.362] Config(TOGGLE_UI) Squad/Controls/Dvorak/TOGGLE_UI
[LOG 11:24:50.362] Config(TOGGLE_STATUS_SCREEN) Squad/Controls/Dvorak/TOGGLE_STATUS_SCREEN
[LOG 11:24:50.362] Config(TAKE_SCREENSHOT) Squad/Controls/Dvorak/TAKE_SCREENSHOT
[LOG 11:24:50.362] Config(TOGGLE_LABELS) Squad/Controls/Dvorak/TOGGLE_LABELS
[LOG 11:24:50.362] Config(TOGGLE_TEMP_GAUGES) Squad/Controls/Dvorak/TOGGLE_TEMP_GAUGES
[LOG 11:24:50.362] Config(TOGGLE_TEMP_OVERLAY) Squad/Controls/Dvorak/TOGGLE_TEMP_OVERLAY
[LOG 11:24:50.362] Config(TOGGLE_FLIGHT_FORCES) Squad/Controls/Dvorak/TOGGLE_FLIGHT_FORCES
[LOG 11:24:50.362] Config(QUICKSAVE) Squad/Controls/Dvorak/QUICKSAVE
[LOG 11:24:50.362] Config(QUICKLOAD) Squad/Controls/Dvorak/QUICKLOAD
[LOG 11:24:50.362] Config(THROTTLE_CUTOFF) Squad/Controls/Dvorak/THROTTLE_CUTOFF
[LOG 11:24:50.362] Config(THROTTLE_FULL) Squad/Controls/Dvorak/THROTTLE_FULL
[LOG 11:24:50.362] Config(LANDING_GEAR) Squad/Controls/Dvorak/LANDING_GEAR
[LOG 11:24:50.362] Config(HEADLIGHT_TOGGLE) Squad/Controls/Dvorak/HEADLIGHT_TOGGLE
[LOG 11:24:50.362] Config(BRAKES) Squad/Controls/Dvorak/BRAKES
[LOG 11:24:50.362] Config(TOGGLE_SPACENAV_FLIGHT_CONTROL) Squad/Controls/Dvorak/TOGGLE_SPACENAV_FLIGHT_CONTROL
[LOG 11:24:50.362] Config(TOGGLE_SPACENAV_ROLL_LOCK) Squad/Controls/Dvorak/TOGGLE_SPACENAV_ROLL_LOCK
[LOG 11:24:50.362] Config(WHEEL_STEER_LEFT) Squad/Controls/Dvorak/WHEEL_STEER_LEFT
[LOG 11:24:50.362] Config(WHEEL_STEER_RIGHT) Squad/Controls/Dvorak/WHEEL_STEER_RIGHT
[LOG 11:24:50.363] Config(WHEEL_THROTTLE_DOWN) Squad/Controls/Dvorak/WHEEL_THROTTLE_DOWN
[LOG 11:24:50.363] Config(WHEEL_THROTTLE_UP) Squad/Controls/Dvorak/WHEEL_THROTTLE_UP
[LOG 11:24:50.363] Config(EVA_forward) Squad/Controls/Dvorak/EVA_forward
[LOG 11:24:50.363] Config(EVA_back) Squad/Controls/Dvorak/EVA_back
[LOG 11:24:50.363] Config(EVA_left) Squad/Controls/Dvorak/EVA_left
[LOG 11:24:50.363] Config(EVA_right) Squad/Controls/Dvorak/EVA_right
[LOG 11:24:50.363] Config(EVA_yaw_left) Squad/Controls/Dvorak/EVA_yaw_left
[LOG 11:24:50.363] Config(EVA_yaw_right) Squad/Controls/Dvorak/EVA_yaw_right
[LOG 11:24:50.363] Config(EVA_Pack_forward) Squad/Controls/Dvorak/EVA_Pack_forward
[LOG 11:24:50.363] Config(EVA_Pack_back) Squad/Controls/Dvorak/EVA_Pack_back
[LOG 11:24:50.363] Config(EVA_Pack_left) Squad/Controls/Dvorak/EVA_Pack_left
[LOG 11:24:50.363] Config(EVA_Pack_right) Squad/Controls/Dvorak/EVA_Pack_right
[LOG 11:24:50.363] Config(EVA_Pack_up) Squad/Controls/Dvorak/EVA_Pack_up
[LOG 11:24:50.363] Config(EVA_Pack_down) Squad/Controls/Dvorak/EVA_Pack_down
[LOG 11:24:50.363] Config(EVA_Jump) Squad/Controls/Dvorak/EVA_Jump
[LOG 11:24:50.363] Config(EVA_Run) Squad/Controls/Dvorak/EVA_Run
[LOG 11:24:50.363] Config(EVA_ToggleMovementMode) Squad/Controls/Dvorak/EVA_ToggleMovementMode
[LOG 11:24:50.363] Config(EVA_TogglePack) Squad/Controls/Dvorak/EVA_TogglePack
[LOG 11:24:50.363] Config(EVA_Use) Squad/Controls/Dvorak/EVA_Use
[LOG 11:24:50.363] Config(EVA_Board) Squad/Controls/Dvorak/EVA_Board
[LOG 11:24:50.363] Config(EVA_Orient) Squad/Controls/Dvorak/EVA_Orient
[LOG 11:24:50.363] Config(EVA_Lights) Squad/Controls/Dvorak/EVA_Lights
[LOG 11:24:50.363] Config(EVA_ChuteDeploy) Squad/Controls/Dvorak/EVA_ChuteDeploy
[LOG 11:24:50.363] Config(Editor_pitchUp) Squad/Controls/Dvorak/Editor_pitchUp
[LOG 11:24:50.363] Config(Editor_pitchDown) Squad/Controls/Dvorak/Editor_pitchDown
[LOG 11:24:50.363] Config(Editor_yawLeft) Squad/Controls/Dvorak/Editor_yawLeft
[LOG 11:24:50.364] Config(Editor_yawRight) Squad/Controls/Dvorak/Editor_yawRight
[LOG 11:24:50.364] Config(Editor_rollLeft) Squad/Controls/Dvorak/Editor_rollLeft
[LOG 11:24:50.364] Config(Editor_rollRight) Squad/Controls/Dvorak/Editor_rollRight
[LOG 11:24:50.364] Config(Editor_resetRotation) Squad/Controls/Dvorak/Editor_resetRotation
[LOG 11:24:50.364] Config(Editor_modePlace) Squad/Controls/Dvorak/Editor_modePlace
[LOG 11:24:50.364] Config(Editor_modeOffset) Squad/Controls/Dvorak/Editor_modeOffset
[LOG 11:24:50.364] Config(Editor_modeRotate) Squad/Controls/Dvorak/Editor_modeRotate
[LOG 11:24:50.364] Config(Editor_modeRoot) Squad/Controls/Dvorak/Editor_modeRoot
[LOG 11:24:50.364] Config(Editor_coordSystem) Squad/Controls/Dvorak/Editor_coordSystem
[LOG 11:24:50.364] Config(Editor_toggleSymMethod) Squad/Controls/Dvorak/Editor_toggleSymMethod
[LOG 11:24:50.364] Config(Editor_toggleSymMode) Squad/Controls/Dvorak/Editor_toggleSymMode
[LOG 11:24:50.364] Config(Editor_toggleAngleSnap) Squad/Controls/Dvorak/Editor_toggleAngleSnap
[LOG 11:24:50.364] Config(Editor_fineTweak) Squad/Controls/Dvorak/Editor_fineTweak
[LOG 11:24:50.364] Config(Editor_partSearch) Squad/Controls/Dvorak/Editor_partSearch
[LOG 11:24:50.364] Config(Editor_zoomScrollModifier) Squad/Controls/Dvorak/Editor_zoomScrollModifier
[LOG 11:24:50.364] Config(MODIFIER_KEY) Squad/Controls/Dvorak/MODIFIER_KEY
[LOG 11:24:50.364] Config(AbortActionGroup) Squad/Controls/Dvorak/AbortActionGroup
[LOG 11:24:50.364] Config(CustomActionGroup1) Squad/Controls/Dvorak/CustomActionGroup1
[LOG 11:24:50.364] Config(CustomActionGroup2) Squad/Controls/Dvorak/CustomActionGroup2
[LOG 11:24:50.364] Config(CustomActionGroup3) Squad/Controls/Dvorak/CustomActionGroup3
[LOG 11:24:50.364] Config(CustomActionGroup4) Squad/Controls/Dvorak/CustomActionGroup4
[LOG 11:24:50.364] Config(CustomActionGroup5) Squad/Controls/Dvorak/CustomActionGroup5
[LOG 11:24:50.364] Config(CustomActionGroup6) Squad/Controls/Dvorak/CustomActionGroup6
[LOG 11:24:50.364] Config(CustomActionGroup7) Squad/Controls/Dvorak/CustomActionGroup7
[LOG 11:24:50.364] Config(CustomActionGroup8) Squad/Controls/Dvorak/CustomActionGroup8
[LOG 11:24:50.365] Config(CustomActionGroup9) Squad/Controls/Dvorak/CustomActionGroup9
[LOG 11:24:50.365] Config(CustomActionGroup10) Squad/Controls/Dvorak/CustomActionGroup10
[LOG 11:24:50.365] Config(KEY_MAP) Squad/Controls/Dvorak/KEY_MAP
[LOG 11:24:50.365] Config(KEYBOARD_LAYOUT) Squad/Controls/Qwerty/#autoLOC_6001227
[LOG 11:24:50.365] Config(PITCH_DOWN) Squad/Controls/Qwerty/PITCH_DOWN
[LOG 11:24:50.365] Config(PITCH_UP) Squad/Controls/Qwerty/PITCH_UP
[LOG 11:24:50.365] Config(YAW_LEFT) Squad/Controls/Qwerty/YAW_LEFT
[LOG 11:24:50.365] Config(YAW_RIGHT) Squad/Controls/Qwerty/YAW_RIGHT
[LOG 11:24:50.365] Config(ROLL_LEFT) Squad/Controls/Qwerty/ROLL_LEFT
[LOG 11:24:50.365] Config(ROLL_RIGHT) Squad/Controls/Qwerty/ROLL_RIGHT
[LOG 11:24:50.365] Config(THROTTLE_UP) Squad/Controls/Qwerty/THROTTLE_UP
[LOG 11:24:50.365] Config(THROTTLE_DOWN) Squad/Controls/Qwerty/THROTTLE_DOWN
[LOG 11:24:50.365] Config(SAS_HOLD) Squad/Controls/Qwerty/SAS_HOLD
[LOG 11:24:50.365] Config(SAS_TOGGLE) Squad/Controls/Qwerty/SAS_TOGGLE
[LOG 11:24:50.365] Config(LAUNCH_STAGES) Squad/Controls/Qwerty/LAUNCH_STAGES
[LOG 11:24:50.365] Config(Docking_toggleRotLin) Squad/Controls/Qwerty/Docking_toggleRotLin
[LOG 11:24:50.365] Config(CAMERA_MODE) Squad/Controls/Qwerty/CAMERA_MODE
[LOG 11:24:50.365] Config(CAMERA_NEXT) Squad/Controls/Qwerty/CAMERA_NEXT
[LOG 11:24:50.365] Config(PAUSE) Squad/Controls/Qwerty/PAUSE
[LOG 11:24:50.365] Config(PRECISION_CTRL) Squad/Controls/Qwerty/PRECISION_CTRL
[LOG 11:24:50.365] Config(ZOOM_IN) Squad/Controls/Qwerty/ZOOM_IN
[LOG 11:24:50.365] Config(ZOOM_OUT) Squad/Controls/Qwerty/ZOOM_OUT
[LOG 11:24:50.365] Config(SCROLL_VIEW_UP) Squad/Controls/Qwerty/SCROLL_VIEW_UP
[LOG 11:24:50.365] Config(SCROLL_VIEW_DOWN) Squad/Controls/Qwerty/SCROLL_VIEW_DOWN
[LOG 11:24:50.365] Config(SCROLL_ICONS_UP) Squad/Controls/Qwerty/SCROLL_ICONS_UP
[LOG 11:24:50.365] Config(SCROLL_ICONS_DOWN) Squad/Controls/Qwerty/SCROLL_ICONS_DOWN
[LOG 11:24:50.366] Config(CAMERA_ORBIT_UP) Squad/Controls/Qwerty/CAMERA_ORBIT_UP
[LOG 11:24:50.366] Config(CAMERA_ORBIT_DOWN) Squad/Controls/Qwerty/CAMERA_ORBIT_DOWN
[LOG 11:24:50.366] Config(CAMERA_ORBIT_LEFT) Squad/Controls/Qwerty/CAMERA_ORBIT_LEFT
[LOG 11:24:50.366] Config(CAMERA_ORBIT_RIGHT) Squad/Controls/Qwerty/CAMERA_ORBIT_RIGHT
[LOG 11:24:50.366] Config(CAMERA_RESET) Squad/Controls/Qwerty/CAMERA_RESET
[LOG 11:24:50.366] Config(CAMERA_MOUSE_TOGGLE) Squad/Controls/Qwerty/CAMERA_MOUSE_TOGGLE
[LOG 11:24:50.366] Config(TIME_WARP_INCREASE) Squad/Controls/Qwerty/TIME_WARP_INCREASE
[LOG 11:24:50.366] Config(TIME_WARP_DECREASE) Squad/Controls/Qwerty/TIME_WARP_DECREASE
[LOG 11:24:50.366] Config(TIME_WARP_STOP) Squad/Controls/Qwerty/TIME_WARP_STOP
[LOG 11:24:50.366] Config(MAP_VIEW_TOGGLE) Squad/Controls/Qwerty/MAP_VIEW_TOGGLE
[LOG 11:24:50.366] Config(NAVBALL_TOGGLE) Squad/Controls/Qwerty/NAVBALL_TOGGLE
[LOG 11:24:50.366] Config(UIMODE_STAGING) Squad/Controls/Qwerty/UIMODE_STAGING
[LOG 11:24:50.366] Config(UIMODE_DOCKING) Squad/Controls/Qwerty/UIMODE_DOCKING
[LOG 11:24:50.366] Config(TRANSLATE_DOWN) Squad/Controls/Qwerty/TRANSLATE_DOWN
[LOG 11:24:50.366] Config(TRANSLATE_UP) Squad/Controls/Qwerty/TRANSLATE_UP
[LOG 11:24:50.366] Config(TRANSLATE_LEFT) Squad/Controls/Qwerty/TRANSLATE_LEFT
[LOG 11:24:50.366] Config(TRANSLATE_RIGHT) Squad/Controls/Qwerty/TRANSLATE_RIGHT
[LOG 11:24:50.366] Config(TRANSLATE_FWD) Squad/Controls/Qwerty/TRANSLATE_FWD
[LOG 11:24:50.366] Config(TRANSLATE_BACK) Squad/Controls/Qwerty/TRANSLATE_BACK
[LOG 11:24:50.366] Config(RCS_TOGGLE) Squad/Controls/Qwerty/RCS_TOGGLE
[LOG 11:24:50.366] Config(FOCUS_NEXT_VESSEL) Squad/Controls/Qwerty/FOCUS_NEXT_VESSEL
[LOG 11:24:50.366] Config(FOCUS_PREV_VESSEL) Squad/Controls/Qwerty/FOCUS_PREV_VESSEL
[LOG 11:24:50.366] Config(TOGGLE_UI) Squad/Controls/Qwerty/TOGGLE_UI
[LOG 11:24:50.366] Config(TOGGLE_STATUS_SCREEN) Squad/Controls/Qwerty/TOGGLE_STATUS_SCREEN
[LOG 11:24:50.366] Config(TAKE_SCREENSHOT) Squad/Controls/Qwerty/TAKE_SCREENSHOT
[LOG 11:24:50.366] Config(TOGGLE_LABELS) Squad/Controls/Qwerty/TOGGLE_LABELS
[LOG 11:24:50.367] Config(TOGGLE_TEMP_GAUGES) Squad/Controls/Qwerty/TOGGLE_TEMP_GAUGES
[LOG 11:24:50.367] Config(TOGGLE_TEMP_OVERLAY) Squad/Controls/Qwerty/TOGGLE_TEMP_OVERLAY
[LOG 11:24:50.367] Config(TOGGLE_FLIGHT_FORCES) Squad/Controls/Qwerty/TOGGLE_FLIGHT_FORCES
[LOG 11:24:50.367] Config(QUICKSAVE) Squad/Controls/Qwerty/QUICKSAVE
[LOG 11:24:50.367] Config(QUICKLOAD) Squad/Controls/Qwerty/QUICKLOAD
[LOG 11:24:50.367] Config(THROTTLE_CUTOFF) Squad/Controls/Qwerty/THROTTLE_CUTOFF
[LOG 11:24:50.367] Config(THROTTLE_FULL) Squad/Controls/Qwerty/THROTTLE_FULL
[LOG 11:24:50.367] Config(LANDING_GEAR) Squad/Controls/Qwerty/LANDING_GEAR
[LOG 11:24:50.367] Config(HEADLIGHT_TOGGLE) Squad/Controls/Qwerty/HEADLIGHT_TOGGLE
[LOG 11:24:50.367] Config(BRAKES) Squad/Controls/Qwerty/BRAKES
[LOG 11:24:50.367] Config(TOGGLE_SPACENAV_FLIGHT_CONTROL) Squad/Controls/Qwerty/TOGGLE_SPACENAV_FLIGHT_CONTROL
[LOG 11:24:50.367] Config(TOGGLE_SPACENAV_ROLL_LOCK) Squad/Controls/Qwerty/TOGGLE_SPACENAV_ROLL_LOCK
[LOG 11:24:50.367] Config(WHEEL_STEER_LEFT) Squad/Controls/Qwerty/WHEEL_STEER_LEFT
[LOG 11:24:50.367] Config(WHEEL_STEER_RIGHT) Squad/Controls/Qwerty/WHEEL_STEER_RIGHT
[LOG 11:24:50.367] Config(WHEEL_THROTTLE_DOWN) Squad/Controls/Qwerty/WHEEL_THROTTLE_DOWN
[LOG 11:24:50.367] Config(WHEEL_THROTTLE_UP) Squad/Controls/Qwerty/WHEEL_THROTTLE_UP
[LOG 11:24:50.367] Config(EVA_forward) Squad/Controls/Qwerty/EVA_forward
[LOG 11:24:50.367] Config(EVA_back) Squad/Controls/Qwerty/EVA_back
[LOG 11:24:50.367] Config(EVA_left) Squad/Controls/Qwerty/EVA_left
[LOG 11:24:50.367] Config(EVA_right) Squad/Controls/Qwerty/EVA_right
[LOG 11:24:50.367] Config(EVA_yaw_left) Squad/Controls/Qwerty/EVA_yaw_left
[LOG 11:24:50.367] Config(EVA_yaw_right) Squad/Controls/Qwerty/EVA_yaw_right
[LOG 11:24:50.367] Config(EVA_Pack_forward) Squad/Controls/Qwerty/EVA_Pack_forward
[LOG 11:24:50.367] Config(EVA_Pack_back) Squad/Controls/Qwerty/EVA_Pack_back
[LOG 11:24:50.367] Config(EVA_Pack_left) Squad/Controls/Qwerty/EVA_Pack_left
[LOG 11:24:50.367] Config(EVA_Pack_right) Squad/Controls/Qwerty/EVA_Pack_right
[LOG 11:24:50.367] Config(EVA_Pack_up) Squad/Controls/Qwerty/EVA_Pack_up
[LOG 11:24:50.368] Config(EVA_Pack_down) Squad/Controls/Qwerty/EVA_Pack_down
[LOG 11:24:50.368] Config(EVA_Jump) Squad/Controls/Qwerty/EVA_Jump
[LOG 11:24:50.368] Config(EVA_Run) Squad/Controls/Qwerty/EVA_Run
[LOG 11:24:50.368] Config(EVA_ToggleMovementMode) Squad/Controls/Qwerty/EVA_ToggleMovementMode
[LOG 11:24:50.368] Config(EVA_TogglePack) Squad/Controls/Qwerty/EVA_TogglePack
[LOG 11:24:50.368] Config(EVA_Use) Squad/Controls/Qwerty/EVA_Use
[LOG 11:24:50.368] Config(EVA_Board) Squad/Controls/Qwerty/EVA_Board
[LOG 11:24:50.368] Config(EVA_Orient) Squad/Controls/Qwerty/EVA_Orient
[LOG 11:24:50.368] Config(EVA_Lights) Squad/Controls/Qwerty/EVA_Lights
[LOG 11:24:50.368] Config(EVA_ChuteDeploy) Squad/Controls/Qwerty/EVA_ChuteDeploy
[LOG 11:24:50.368] Config(Editor_pitchUp) Squad/Controls/Qwerty/Editor_pitchUp
[LOG 11:24:50.368] Config(Editor_pitchDown) Squad/Controls/Qwerty/Editor_pitchDown
[LOG 11:24:50.368] Config(Editor_yawLeft) Squad/Controls/Qwerty/Editor_yawLeft
[LOG 11:24:50.368] Config(Editor_yawRight) Squad/Controls/Qwerty/Editor_yawRight
[LOG 11:24:50.368] Config(Editor_rollLeft) Squad/Controls/Qwerty/Editor_rollLeft
[LOG 11:24:50.368] Config(Editor_rollRight) Squad/Controls/Qwerty/Editor_rollRight
[LOG 11:24:50.368] Config(Editor_resetRotation) Squad/Controls/Qwerty/Editor_resetRotation
[LOG 11:24:50.368] Config(Editor_modePlace) Squad/Controls/Qwerty/Editor_modePlace
[LOG 11:24:50.368] Config(Editor_modeOffset) Squad/Controls/Qwerty/Editor_modeOffset
[LOG 11:24:50.368] Config(Editor_modeRotate) Squad/Controls/Qwerty/Editor_modeRotate
[LOG 11:24:50.368] Config(Editor_modeRoot) Squad/Controls/Qwerty/Editor_modeRoot
[LOG 11:24:50.368] Config(Editor_coordSystem) Squad/Controls/Qwerty/Editor_coordSystem
[LOG 11:24:50.368] Config(Editor_toggleSymMethod) Squad/Controls/Qwerty/Editor_toggleSymMethod
[LOG 11:24:50.368] Config(Editor_toggleSymMode) Squad/Controls/Qwerty/Editor_toggleSymMode
[LOG 11:24:50.368] Config(Editor_toggleAngleSnap) Squad/Controls/Qwerty/Editor_toggleAngleSnap
[LOG 11:24:50.368] Config(Editor_fineTweak) Squad/Controls/Qwerty/Editor_fineTweak
[LOG 11:24:50.368] Config(Editor_partSearch) Squad/Controls/Qwerty/Editor_partSearch
[LOG 11:24:50.368] Config(Editor_zoomScrollModifier) Squad/Controls/Qwerty/Editor_zoomScrollModifier
[LOG 11:24:50.368] Config(MODIFIER_KEY) Squad/Controls/Qwerty/MODIFIER_KEY
[LOG 11:24:50.368] Config(AbortActionGroup) Squad/Controls/Qwerty/AbortActionGroup
[LOG 11:24:50.369] Config(CustomActionGroup1) Squad/Controls/Qwerty/CustomActionGroup1
[LOG 11:24:50.369] Config(CustomActionGroup2) Squad/Controls/Qwerty/CustomActionGroup2
[LOG 11:24:50.369] Config(CustomActionGroup3) Squad/Controls/Qwerty/CustomActionGroup3
[LOG 11:24:50.369] Config(CustomActionGroup4) Squad/Controls/Qwerty/CustomActionGroup4
[LOG 11:24:50.369] Config(CustomActionGroup5) Squad/Controls/Qwerty/CustomActionGroup5
[LOG 11:24:50.369] Config(CustomActionGroup6) Squad/Controls/Qwerty/CustomActionGroup6
[LOG 11:24:50.369] Config(CustomActionGroup7) Squad/Controls/Qwerty/CustomActionGroup7
[LOG 11:24:50.369] Config(CustomActionGroup8) Squad/Controls/Qwerty/CustomActionGroup8
[LOG 11:24:50.369] Config(CustomActionGroup9) Squad/Controls/Qwerty/CustomActionGroup9
[LOG 11:24:50.369] Config(CustomActionGroup10) Squad/Controls/Qwerty/CustomActionGroup10
[LOG 11:24:50.369] Config(KEY_MAP) Squad/Controls/Qwerty/KEY_MAP
[LOG 11:24:50.369] Config(KEYBOARD_LAYOUT) Squad/Controls/Qwerty_en-GB/#autoLOC_6001228
[LOG 11:24:50.369] Config(KEY_MAP) Squad/Controls/Qwerty_en-GB/KEY_MAP
[LOG 11:24:50.369] Config(KEYBOARD_LAYOUT) Squad/Controls/Qwerty_es-LA/#autoLOC_6001229
[LOG 11:24:50.369] Config(CAMERA_MOUSE_TOGGLE) Squad/Controls/Qwerty_es-LA/CAMERA_MOUSE_TOGGLE
[LOG 11:24:50.369] Config(TIME_WARP_STOP) Squad/Controls/Qwerty_es-LA/TIME_WARP_STOP
[LOG 11:24:50.369] Config(FOCUS_NEXT_VESSEL) Squad/Controls/Qwerty_es-LA/FOCUS_NEXT_VESSEL
[LOG 11:24:50.369] Config(FOCUS_PREV_VESSEL) Squad/Controls/Qwerty_es-LA/FOCUS_PREV_VESSEL
[LOG 11:24:50.369] Config(CAMERA_RESET) Squad/Controls/Qwerty_es-LA/CAMERA_RESET
[LOG 11:24:50.369] Config(Editor_partSearch) Squad/Controls/Qwerty_es-LA/Editor_partSearch
[LOG 11:24:50.369] Config(KEY_MAP) Squad/Controls/Qwerty_es-LA/KEY_MAP
[LOG 11:24:50.369] Config(KEYBOARD_LAYOUT) Squad/Controls/Qwerty_it-IT/#autoLOC_6001230
[LOG 11:24:50.369] Config(FOCUS_NEXT_VESSEL) Squad/Controls/Qwerty_it-IT/FOCUS_NEXT_VESSEL
[LOG 11:24:50.369] Config(FOCUS_PREV_VESSEL) Squad/Controls/Qwerty_it-IT/FOCUS_PREV_VESSEL
[LOG 11:24:50.369] Config(CAMERA_MOUSE_TOGGLE) Squad/Controls/Qwerty_it-IT/CAMERA_MOUSE_TOGGLE
[LOG 11:24:50.369] Config(TIME_WARP_STOP) Squad/Controls/Qwerty_it-IT/TIME_WARP_STOP
[LOG 11:24:50.369] Config(CAMERA_RESET) Squad/Controls/Qwerty_it-IT/CAMERA_RESET
[LOG 11:24:50.369] Config(Editor_partSearch) Squad/Controls/Qwerty_it-IT/Editor_partSearch
[LOG 11:24:50.369] Config(KEY_MAP) Squad/Controls/Qwerty_it-IT/KEY_MAP
[LOG 11:24:50.370] Config(KEYBOARD_LAYOUT) Squad/Controls/Qwerty_ja-JP/#autoLOC_6001231
[LOG 11:24:50.370] Config(FOCUS_NEXT_VESSEL) Squad/Controls/Qwerty_ja-JP/FOCUS_NEXT_VESSEL
[LOG 11:24:50.370] Config(FOCUS_PREV_VESSEL) Squad/Controls/Qwerty_ja-JP/FOCUS_PREV_VESSEL
[LOG 11:24:50.370] Config(PRECISION_CTRL) Squad/Controls/Qwerty_ja-JP/PRECISION_CTRL
[LOG 11:24:50.370] Config(CAMERA_MOUSE_TOGGLE) Squad/Controls/Qwerty_ja-JP/CAMERA_MOUSE_TOGGLE
[LOG 11:24:50.370] Config(Editor_partSearch) Squad/Controls/Qwerty_ja-JP/Editor_partSearch
[LOG 11:24:50.370] Config(CAMERA_RESET) Squad/Controls/Qwerty_ja-JP/CAMERA_RESET
[LOG 11:24:50.370] Config(KEY_MAP) Squad/Controls/Qwerty_ja-JP/KEY_MAP
[LOG 11:24:50.370] Config(KEYBOARD_LAYOUT) Squad/Controls/Qwerty_pt-PT/#autoLOC_6001230
[LOG 11:24:50.370] Config(FOCUS_NEXT_VESSEL) Squad/Controls/Qwerty_pt-PT/FOCUS_NEXT_VESSEL
[LOG 11:24:50.370] Config(FOCUS_PREV_VESSEL) Squad/Controls/Qwerty_pt-PT/FOCUS_PREV_VESSEL
[LOG 11:24:50.370] Config(CAMERA_MOUSE_TOGGLE) Squad/Controls/Qwerty_pt-PT/CAMERA_MOUSE_TOGGLE
[LOG 11:24:50.370] Config(TIME_WARP_STOP) Squad/Controls/Qwerty_pt-PT/TIME_WARP_STOP
[LOG 11:24:50.370] Config(CAMERA_RESET) Squad/Controls/Qwerty_pt-PT/CAMERA_RESET
[LOG 11:24:50.370] Config(Editor_partSearch) Squad/Controls/Qwerty_pt-PT/Editor_partSearch
[LOG 11:24:50.370] Config(KEY_MAP) Squad/Controls/Qwerty_pt-PT/KEY_MAP
[LOG 11:24:50.370] Config(KEYBOARD_LAYOUT) Squad/Controls/Qwertz/#autoLOC_6001232
[LOG 11:24:50.370] Config(PITCH_DOWN) Squad/Controls/Qwertz/PITCH_DOWN
[LOG 11:24:50.370] Config(PITCH_UP) Squad/Controls/Qwertz/PITCH_UP
[LOG 11:24:50.370] Config(YAW_LEFT) Squad/Controls/Qwertz/YAW_LEFT
[LOG 11:24:50.370] Config(YAW_RIGHT) Squad/Controls/Qwertz/YAW_RIGHT
[LOG 11:24:50.370] Config(ROLL_LEFT) Squad/Controls/Qwertz/ROLL_LEFT
[LOG 11:24:50.370] Config(ROLL_RIGHT) Squad/Controls/Qwertz/ROLL_RIGHT
[LOG 11:24:50.370] Config(THROTTLE_UP) Squad/Controls/Qwertz/THROTTLE_UP
[LOG 11:24:50.370] Config(THROTTLE_DOWN) Squad/Controls/Qwertz/THROTTLE_DOWN
[LOG 11:24:50.370] Config(SAS_HOLD) Squad/Controls/Qwertz/SAS_HOLD
[LOG 11:24:50.370] Config(SAS_TOGGLE) Squad/Controls/Qwertz/SAS_TOGGLE
[LOG 11:24:50.370] Config(LAUNCH_STAGES) Squad/Controls/Qwertz/LAUNCH_STAGES
[LOG 11:24:50.370] Config(Docking_toggleRotLin) Squad/Controls/Qwertz/Docking_toggleRotLin
[LOG 11:24:50.371] Config(CAMERA_MODE) Squad/Controls/Qwertz/CAMERA_MODE
[LOG 11:24:50.371] Config(CAMERA_NEXT) Squad/Controls/Qwertz/CAMERA_NEXT
[LOG 11:24:50.371] Config(PAUSE) Squad/Controls/Qwertz/PAUSE
[LOG 11:24:50.371] Config(PRECISION_CTRL) Squad/Controls/Qwertz/PRECISION_CTRL
[LOG 11:24:50.371] Config(ZOOM_IN) Squad/Controls/Qwertz/ZOOM_IN
[LOG 11:24:50.371] Config(ZOOM_OUT) Squad/Controls/Qwertz/ZOOM_OUT
[LOG 11:24:50.371] Config(SCROLL_VIEW_UP) Squad/Controls/Qwertz/SCROLL_VIEW_UP
[LOG 11:24:50.371] Config(SCROLL_VIEW_DOWN) Squad/Controls/Qwertz/SCROLL_VIEW_DOWN
[LOG 11:24:50.371] Config(SCROLL_ICONS_UP) Squad/Controls/Qwertz/SCROLL_ICONS_UP
[LOG 11:24:50.371] Config(SCROLL_ICONS_DOWN) Squad/Controls/Qwertz/SCROLL_ICONS_DOWN
[LOG 11:24:50.371] Config(CAMERA_ORBIT_UP) Squad/Controls/Qwertz/CAMERA_ORBIT_UP
[LOG 11:24:50.371] Config(CAMERA_ORBIT_DOWN) Squad/Controls/Qwertz/CAMERA_ORBIT_DOWN
[LOG 11:24:50.371] Config(CAMERA_ORBIT_LEFT) Squad/Controls/Qwertz/CAMERA_ORBIT_LEFT
[LOG 11:24:50.371] Config(CAMERA_ORBIT_RIGHT) Squad/Controls/Qwertz/CAMERA_ORBIT_RIGHT
[LOG 11:24:50.371] Config(CAMERA_RESET) Squad/Controls/Qwertz/CAMERA_RESET
[LOG 11:24:50.371] Config(CAMERA_MOUSE_TOGGLE) Squad/Controls/Qwertz/CAMERA_MOUSE_TOGGLE
[LOG 11:24:50.371] Config(TIME_WARP_INCREASE) Squad/Controls/Qwertz/TIME_WARP_INCREASE
[LOG 11:24:50.371] Config(TIME_WARP_DECREASE) Squad/Controls/Qwertz/TIME_WARP_DECREASE
[LOG 11:24:50.371] Config(TIME_WARP_STOP) Squad/Controls/Qwertz/TIME_WARP_STOP
[LOG 11:24:50.371] Config(MAP_VIEW_TOGGLE) Squad/Controls/Qwertz/MAP_VIEW_TOGGLE
[LOG 11:24:50.371] Config(NAVBALL_TOGGLE) Squad/Controls/Qwertz/NAVBALL_TOGGLE
[LOG 11:24:50.371] Config(UIMODE_STAGING) Squad/Controls/Qwertz/UIMODE_STAGING
[LOG 11:24:50.371] Config(UIMODE_DOCKING) Squad/Controls/Qwertz/UIMODE_DOCKING
[LOG 11:24:50.371] Config(TRANSLATE_DOWN) Squad/Controls/Qwertz/TRANSLATE_DOWN
[LOG 11:24:50.371] Config(TRANSLATE_UP) Squad/Controls/Qwertz/TRANSLATE_UP
[LOG 11:24:50.371] Config(TRANSLATE_LEFT) Squad/Controls/Qwertz/TRANSLATE_LEFT
[LOG 11:24:50.371] Config(TRANSLATE_RIGHT) Squad/Controls/Qwertz/TRANSLATE_RIGHT
[LOG 11:24:50.371] Config(TRANSLATE_FWD) Squad/Controls/Qwertz/TRANSLATE_FWD
[LOG 11:24:50.371] Config(TRANSLATE_BACK) Squad/Controls/Qwertz/TRANSLATE_BACK
[LOG 11:24:50.371] Config(RCS_TOGGLE) Squad/Controls/Qwertz/RCS_TOGGLE
[LOG 11:24:50.371] Config(FOCUS_NEXT_VESSEL) Squad/Controls/Qwertz/FOCUS_NEXT_VESSEL
[LOG 11:24:50.372] Config(FOCUS_PREV_VESSEL) Squad/Controls/Qwertz/FOCUS_PREV_VESSEL
[LOG 11:24:50.372] Config(TOGGLE_UI) Squad/Controls/Qwertz/TOGGLE_UI
[LOG 11:24:50.372] Config(TOGGLE_STATUS_SCREEN) Squad/Controls/Qwertz/TOGGLE_STATUS_SCREEN
[LOG 11:24:50.372] Config(TAKE_SCREENSHOT) Squad/Controls/Qwertz/TAKE_SCREENSHOT
[LOG 11:24:50.372] Config(TOGGLE_LABELS) Squad/Controls/Qwertz/TOGGLE_LABELS
[LOG 11:24:50.372] Config(TOGGLE_TEMP_GAUGES) Squad/Controls/Qwertz/TOGGLE_TEMP_GAUGES
[LOG 11:24:50.372] Config(TOGGLE_TEMP_OVERLAY) Squad/Controls/Qwertz/TOGGLE_TEMP_OVERLAY
[LOG 11:24:50.372] Config(TOGGLE_FLIGHT_FORCES) Squad/Controls/Qwertz/TOGGLE_FLIGHT_FORCES
[LOG 11:24:50.372] Config(QUICKSAVE) Squad/Controls/Qwertz/QUICKSAVE
[LOG 11:24:50.372] Config(QUICKLOAD) Squad/Controls/Qwertz/QUICKLOAD
[LOG 11:24:50.372] Config(THROTTLE_CUTOFF) Squad/Controls/Qwertz/THROTTLE_CUTOFF
[LOG 11:24:50.372] Config(THROTTLE_FULL) Squad/Controls/Qwertz/THROTTLE_FULL
[LOG 11:24:50.372] Config(LANDING_GEAR) Squad/Controls/Qwertz/LANDING_GEAR
[LOG 11:24:50.372] Config(HEADLIGHT_TOGGLE) Squad/Controls/Qwertz/HEADLIGHT_TOGGLE
[LOG 11:24:50.372] Config(BRAKES) Squad/Controls/Qwertz/BRAKES
[LOG 11:24:50.372] Config(TOGGLE_SPACENAV_FLIGHT_CONTROL) Squad/Controls/Qwertz/TOGGLE_SPACENAV_FLIGHT_CONTROL
[LOG 11:24:50.372] Config(TOGGLE_SPACENAV_ROLL_LOCK) Squad/Controls/Qwertz/TOGGLE_SPACENAV_ROLL_LOCK
[LOG 11:24:50.372] Config(WHEEL_STEER_LEFT) Squad/Controls/Qwertz/WHEEL_STEER_LEFT
[LOG 11:24:50.372] Config(WHEEL_STEER_RIGHT) Squad/Controls/Qwertz/WHEEL_STEER_RIGHT
[LOG 11:24:50.372] Config(WHEEL_THROTTLE_DOWN) Squad/Controls/Qwertz/WHEEL_THROTTLE_DOWN
[LOG 11:24:50.372] Config(WHEEL_THROTTLE_UP) Squad/Controls/Qwertz/WHEEL_THROTTLE_UP
[LOG 11:24:50.372] Config(EVA_forward) Squad/Controls/Qwertz/EVA_forward
[LOG 11:24:50.372] Config(EVA_back) Squad/Controls/Qwertz/EVA_back
[LOG 11:24:50.372] Config(EVA_left) Squad/Controls/Qwertz/EVA_left
[LOG 11:24:50.372] Config(EVA_right) Squad/Controls/Qwertz/EVA_right
[LOG 11:24:50.372] Config(EVA_yaw_left) Squad/Controls/Qwertz/EVA_yaw_left
[LOG 11:24:50.372] Config(EVA_yaw_right) Squad/Controls/Qwertz/EVA_yaw_right
[LOG 11:24:50.372] Config(EVA_Pack_forward) Squad/Controls/Qwertz/EVA_Pack_forward
[LOG 11:24:50.372] Config(EVA_Pack_back) Squad/Controls/Qwertz/EVA_Pack_back
[LOG 11:24:50.372] Config(EVA_Pack_left) Squad/Controls/Qwertz/EVA_Pack_left
[LOG 11:24:50.372] Config(EVA_Pack_right) Squad/Controls/Qwertz/EVA_Pack_right
[LOG 11:24:50.373] Config(EVA_Pack_up) Squad/Controls/Qwertz/EVA_Pack_up
[LOG 11:24:50.373] Config(EVA_Pack_down) Squad/Controls/Qwertz/EVA_Pack_down
[LOG 11:24:50.373] Config(EVA_Jump) Squad/Controls/Qwertz/EVA_Jump
[LOG 11:24:50.373] Config(EVA_Run) Squad/Controls/Qwertz/EVA_Run
[LOG 11:24:50.373] Config(EVA_ToggleMovementMode) Squad/Controls/Qwertz/EVA_ToggleMovementMode
[LOG 11:24:50.373] Config(EVA_TogglePack) Squad/Controls/Qwertz/EVA_TogglePack
[LOG 11:24:50.373] Config(EVA_Use) Squad/Controls/Qwertz/EVA_Use
[LOG 11:24:50.373] Config(EVA_Board) Squad/Controls/Qwertz/EVA_Board
[LOG 11:24:50.373] Config(EVA_Orient) Squad/Controls/Qwertz/EVA_Orient
[LOG 11:24:50.373] Config(EVA_Lights) Squad/Controls/Qwertz/EVA_Lights
[LOG 11:24:50.373] Config(Editor_pitchUp) Squad/Controls/Qwertz/Editor_pitchUp
[LOG 11:24:50.373] Config(Editor_pitchDown) Squad/Controls/Qwertz/Editor_pitchDown
[LOG 11:24:50.373] Config(Editor_yawLeft) Squad/Controls/Qwertz/Editor_yawLeft
[LOG 11:24:50.373] Config(Editor_yawRight) Squad/Controls/Qwertz/Editor_yawRight
[LOG 11:24:50.373] Config(Editor_rollLeft) Squad/Controls/Qwertz/Editor_rollLeft
[LOG 11:24:50.373] Config(Editor_rollRight) Squad/Controls/Qwertz/Editor_rollRight
[LOG 11:24:50.373] Config(Editor_resetRotation) Squad/Controls/Qwertz/Editor_resetRotation
[LOG 11:24:50.373] Config(Editor_modePlace) Squad/Controls/Qwertz/Editor_modePlace
[LOG 11:24:50.373] Config(Editor_modeOffset) Squad/Controls/Qwertz/Editor_modeOffset
[LOG 11:24:50.373] Config(Editor_modeRotate) Squad/Controls/Qwertz/Editor_modeRotate
[LOG 11:24:50.373] Config(Editor_modeRoot) Squad/Controls/Qwertz/Editor_modeRoot
[LOG 11:24:50.373] Config(Editor_coordSystem) Squad/Controls/Qwertz/Editor_coordSystem
[LOG 11:24:50.373] Config(Editor_toggleSymMethod) Squad/Controls/Qwertz/Editor_toggleSymMethod
[LOG 11:24:50.373] Config(Editor_toggleSymMode) Squad/Controls/Qwertz/Editor_toggleSymMode
[LOG 11:24:50.373] Config(Editor_toggleAngleSnap) Squad/Controls/Qwertz/Editor_toggleAngleSnap
[LOG 11:24:50.373] Config(Editor_fineTweak) Squad/Controls/Qwertz/Editor_fineTweak
[LOG 11:24:50.374] Config(Editor_partSearch) Squad/Controls/Qwertz/Editor_partSearch
[LOG 11:24:50.374] Config(Editor_zoomScrollModifier) Squad/Controls/Qwertz/Editor_zoomScrollModifier
[LOG 11:24:50.374] Config(MODIFIER_KEY) Squad/Controls/Qwertz/MODIFIER_KEY
[LOG 11:24:50.374] Config(AbortActionGroup) Squad/Controls/Qwertz/AbortActionGroup
[LOG 11:24:50.374] Config(CustomActionGroup1) Squad/Controls/Qwertz/CustomActionGroup1
[LOG 11:24:50.374] Config(CustomActionGroup2) Squad/Controls/Qwertz/CustomActionGroup2
[LOG 11:24:50.374] Config(CustomActionGroup3) Squad/Controls/Qwertz/CustomActionGroup3
[LOG 11:24:50.374] Config(CustomActionGroup4) Squad/Controls/Qwertz/CustomActionGroup4
[LOG 11:24:50.374] Config(CustomActionGroup5) Squad/Controls/Qwertz/CustomActionGroup5
[LOG 11:24:50.374] Config(CustomActionGroup6) Squad/Controls/Qwertz/CustomActionGroup6
[LOG 11:24:50.374] Config(CustomActionGroup7) Squad/Controls/Qwertz/CustomActionGroup7
[LOG 11:24:50.374] Config(CustomActionGroup8) Squad/Controls/Qwertz/CustomActionGroup8
[LOG 11:24:50.374] Config(CustomActionGroup9) Squad/Controls/Qwertz/CustomActionGroup9
[LOG 11:24:50.374] Config(CustomActionGroup10) Squad/Controls/Qwertz/CustomActionGroup10
[LOG 11:24:50.374] Config(KEY_MAP) Squad/Controls/Qwertz/KEY_MAP
[LOG 11:24:50.374] Config(EXPERIENCE_TRAIT) Squad/Experience/Traits/Pilot
[LOG 11:24:50.374] Config(EXPERIENCE_TRAIT) Squad/Experience/Traits/Engineer
[LOG 11:24:50.374] Config(EXPERIENCE_TRAIT) Squad/Experience/Traits/Scientist
[LOG 11:24:50.374] Config(EXPERIENCE_TRAIT) Squad/Experience/Traits/Tourist
[LOG 11:24:50.374] Config(Localization) Squad/Localization/dictionary/Localization
[LOG 11:24:50.374] Config(MISSIONPACK) Squad/Missions/MissionPacks/squad_ESA
[LOG 11:24:50.374] Config(VARIANTTHEME) Squad/Parts/VariantThemes/White
[LOG 11:24:50.374] Config(VARIANTTHEME) Squad/Parts/VariantThemes/BlackAndWhite
[LOG 11:24:50.374] Config(VARIANTTHEME) Squad/Parts/VariantThemes/GrayAndOrange
[LOG 11:24:50.375] Config(VARIANTTHEME) Squad/Parts/VariantThemes/Dark
[LOG 11:24:50.375] Config(VARIANTTHEME) Squad/Parts/VariantThemes/Gray
[LOG 11:24:50.375] Config(VARIANTTHEME) Squad/Parts/VariantThemes/Orange
[LOG 11:24:50.375] Config(VARIANTTHEME) Squad/Parts/VariantThemes/Gold
[LOG 11:24:50.375] Config(VARIANTTHEME) Squad/Parts/VariantThemes/Bare
[LOG 11:24:50.375] Config(VARIANTTHEME) Squad/Parts/VariantThemes/Shroud
[LOG 11:24:50.375] Config(VARIANTTHEME) Squad/Parts/VariantThemes/GrayAndWhite
[LOG 11:24:50.375] Config(VARIANTTHEME) Squad/Parts/VariantThemes/YellowAndWhite
[LOG 11:24:50.375] Config(VARIANTTHEME) Squad/Parts/VariantThemes/Silver
[LOG 11:24:50.375] Config(VARIANTTHEME) Squad/Parts/VariantThemes/Gray with Stripes
[LOG 11:24:50.375] Config(PART) Squad/Parts/Aero/aerodynamicNoseCone/aerodynamicNoseCone/noseCone
[LOG 11:24:50.375] Config(PART) Squad/Parts/Aero/airbrake/Airbrake/airbrake1
[LOG 11:24:50.375] Config(PART) Squad/Parts/Aero/airIntakeRadialXM-G50/airIntakeRadialXM-G50/airScoop
[LOG 11:24:50.375] Config(PART) Squad/Parts/Aero/airlinerWings/ControlSurface/airlinerCtrlSrf
[LOG 11:24:50.375] Config(PART) Squad/Parts/Aero/airlinerWings/MainWing/airlinerMainWing
[LOG 11:24:50.375] Config(PART) Squad/Parts/Aero/airlinerWings/TailFin/airlinerTailFin
[LOG 11:24:50.375] Config(PART) Squad/Parts/Aero/airplaneFins/advancedCanard/AdvancedCanard
[LOG 11:24:50.375] Config(PART) Squad/Parts/Aero/airplaneFins/standardCanard/CanardController
[LOG 11:24:50.375] Config(PART) Squad/Parts/Aero/airplaneFins/sweptWing/sweptWing
[LOG 11:24:50.375] Config(PART) Squad/Parts/Aero/airplaneFins/tailfin/tailfin
[LOG 11:24:50.375] Config(PART) Squad/Parts/Aero/basicFin/basicFin/basicFin
[LOG 11:24:50.375] Config(PART) Squad/Parts/Aero/circularIntake/circularIntake/CircularIntake
[LOG 11:24:50.375] Config(PART) Squad/Parts/Aero/circularIntake/intakeShockCone/shockConeIntake
[LOG 11:24:50.375] Config(PART) Squad/Parts/Aero/cones/avionicsNoseCone/avionicsNoseCone
[LOG 11:24:50.375] Config(PART) Squad/Parts/Aero/cones/ConeA/pointyNoseConeA
[LOG 11:24:50.375] Config(PART) Squad/Parts/Aero/cones/ConeB/pointyNoseConeB
[LOG 11:24:50.375] Config(PART) Squad/Parts/Aero/cones/noseConeAdapter/noseConeAdapter
[LOG 11:24:50.375] Config(PART) Squad/Parts/Aero/cones/protectiveRocketNoseMk7_v2/rocketNoseCone_v2
[LOG 11:24:50.376] Config(PART) Squad/Parts/Aero/cones/protectiveRocketNoseMk7_v3/rocketNoseCone_v3
[LOG 11:24:50.376] Config(PART) Squad/Parts/Aero/cones/rocketNoseCone_size3/rocketNoseConeSize3
[LOG 11:24:50.376] Config(PART) Squad/Parts/Aero/cones/smallNoseCone/standardNoseCone
[LOG 11:24:50.376] Config(PART) Squad/Parts/Aero/cones/tailConnectorA/airplaneTail
[LOG 11:24:50.376] Config(PART) Squad/Parts/Aero/cones/tailConnectorB/airplaneTailB
[LOG 11:24:50.376] Config(PART) Squad/Parts/Aero/fairings/fairingSize1/fairingSize1
[LOG 11:24:50.376] Config(PART) Squad/Parts/Aero/fairings/fairingSize2/fairingSize2
[LOG 11:24:50.376] Config(PART) Squad/Parts/Aero/fairings/fairingSize3/fairingSize3
[LOG 11:24:50.376] Config(PART) Squad/Parts/Aero/HeatShield/HeatShield0/HeatShield0
[LOG 11:24:50.376] Config(PART) Squad/Parts/Aero/HeatShield/HeatShield1/HeatShield1
[LOG 11:24:50.376] Config(PART) Squad/Parts/Aero/HeatShield/HeatShield2/HeatShield2
[LOG 11:24:50.376] Config(PART) Squad/Parts/Aero/HeatShield/HeatShield3/HeatShield3
[LOG 11:24:50.376] Config(PART) Squad/Parts/Aero/InflatableHeatShield/HeatShield/InflatableHeatShield
[LOG 11:24:50.376] Config(PART) Squad/Parts/Aero/intakeRadialLong/intakeRadialLong/IntakeRadialLong
[LOG 11:24:50.376] Config(PART) Squad/Parts/Aero/miniIntake/SmallIntake/miniIntake
[LOG 11:24:50.376] Config(PART) Squad/Parts/Aero/ramAirIntake/ramAirIntake/ramAirIntake
[LOG 11:24:50.376] Config(PART) Squad/Parts/Aero/shuttleWings/delta/wingShuttleDelta
[LOG 11:24:50.376] Config(PART) Squad/Parts/Aero/shuttleWings/elevon1/wingShuttleElevon1
[LOG 11:24:50.376] Config(PART) Squad/Parts/Aero/shuttleWings/elevon2/wingShuttleElevon2
[LOG 11:24:50.376] Config(PART) Squad/Parts/Aero/shuttleWings/rudder/wingShuttleRudder
[LOG 11:24:50.376] Config(PART) Squad/Parts/Aero/shuttleWings/strake/wingShuttleStrake
[LOG 11:24:50.376] Config(PART) Squad/Parts/Aero/wingletAV-R8/wingletAV-R8/R8winglet
[LOG 11:24:50.376] Config(PART) Squad/Parts/Aero/wingletAV-T1/wingletAV-T1/winglet
[LOG 11:24:50.376] Config(PART) Squad/Parts/Aero/wingletDeltaDeluxe/wingletDeltaDeluxe/winglet3
[LOG 11:24:50.376] Config(PART) Squad/Parts/Aero/wings/connector1/wingConnector
[LOG 11:24:50.377] Config(PART) Squad/Parts/Aero/wings/connector2/wingConnector2
[LOG 11:24:50.377] Config(PART) Squad/Parts/Aero/wings/connector3/wingConnector3
[LOG 11:24:50.377] Config(PART) Squad/Parts/Aero/wings/connector4/wingConnector4
[LOG 11:24:50.377] Config(PART) Squad/Parts/Aero/wings/connector5/wingConnector5
[LOG 11:24:50.377] Config(PART) Squad/Parts/Aero/wings/delta/deltaWing
[LOG 11:24:50.377] Config(PART) Squad/Parts/Aero/wings/delta_small/delta_small
[LOG 11:24:50.377] Config(PART) Squad/Parts/Aero/wings/elevon1/StandardCtrlSrf
[LOG 11:24:50.377] Config(PART) Squad/Parts/Aero/wings/elevon2/elevon2
[LOG 11:24:50.377] Config(PART) Squad/Parts/Aero/wings/elevon3/elevon3
[LOG 11:24:50.377] Config(PART) Squad/Parts/Aero/wings/elevon4/smallCtrlSrf
[LOG 11:24:50.377] Config(PART) Squad/Parts/Aero/wings/elevon5/elevon5
[LOG 11:24:50.377] Config(PART) Squad/Parts/Aero/wings/strake/wingStrake
[LOG 11:24:50.377] Config(PART) Squad/Parts/Aero/wings/structural1/structuralWing
[LOG 11:24:50.377] Config(PART) Squad/Parts/Aero/wings/structural2/structuralWing2
[LOG 11:24:50.377] Config(PART) Squad/Parts/Aero/wings/structural3/structuralWing3
[LOG 11:24:50.377] Config(PART) Squad/Parts/Aero/wings/structural4/structuralWing4
[LOG 11:24:50.377] Config(PART) Squad/Parts/Aero/wings/swept1/sweptWing1
[LOG 11:24:50.377] Config(PART) Squad/Parts/Aero/wings/swept2/sweptWing2
[LOG 11:24:50.377] Config(PART) Squad/Parts/Cargo/CargoContainers/cargoContainer/cargoContainer
[LOG 11:24:50.377] Config(PART) Squad/Parts/Cargo/CargoContainers/smallCargoContainer/smallCargoContainer
[LOG 11:24:50.377] Config(PART) Squad/Parts/Cargo/Cylinder/Cylinder/evaCylinder
[LOG 11:24:50.377] Config(PART) Squad/Parts/Cargo/GroundAnchor/groundAnchor/groundAnchor
[LOG 11:24:50.377] Config(PART) Squad/Parts/Cargo/Jetpack/Jetpack/evaJetpack
[LOG 11:24:50.377] Config(PART) Squad/Parts/Cargo/Parachute/Parachute/evaChute
[LOG 11:24:50.377] Config(PART) Squad/Parts/Cargo/RepairKit/RepairKit/evaRepairKit
[LOG 11:24:50.377] Config(PART) Squad/Parts/Cargo/ScienceKit/evaScienceKit/evaScienceKit
[LOG 11:24:50.377] Config(PART) Squad/Parts/Cargo/StorageUnits/CargoStorageUnit/CargoStorageUnit
[LOG 11:24:50.378] Config(PART) Squad/Parts/Cargo/StorageUnits/ConformalStorageUnit/ConformalStorageUnit
[LOG 11:24:50.378] Config(PART) Squad/Parts/Command/advancedSasModuleLarge/advSasModuleLarge/asasmodule1-2
[LOG 11:24:50.378] Config(PART) Squad/Parts/Command/cupola/cupola/cupola
[LOG 11:24:50.378] Config(PART) Squad/Parts/Command/externalCommandSeat/externalCommandSeat/seatExternalCmd
[LOG 11:24:50.378] Config(PART) Squad/Parts/Command/hitchhikerStorageContainer/hitchikerStorageContainer/crewCabin
[LOG 11:24:50.378] Config(PART) Squad/Parts/Command/inlineAdvancedStabilizer/inlineAdvancedStabilizer/advSasModule
[LOG 11:24:50.378] Config(PART) Squad/Parts/Command/inlineReactionWheel/inlineReactionWheel/sasModule
[LOG 11:24:50.378] Config(PART) Squad/Parts/Command/Mk1-3Pod/mk1-3/mk1-3pod
[LOG 11:24:50.378] Config(PART) Squad/Parts/Command/mk1Cockpits/mk1Cockpit/Mark1Cockpit
[LOG 11:24:50.378] Config(PART) Squad/Parts/Command/mk1Cockpits/mk1CrewCabin/MK1CrewCabin
[LOG 11:24:50.378] Config(PART) Squad/Parts/Command/mk1Cockpits/mk1InlineCockpit/Mark2Cockpit
[LOG 11:24:50.378] Config(PART) Squad/Parts/Command/mk1LanderCan/mk1LanderCan/landerCabinSmall
[LOG 11:24:50.378] Config(PART) Squad/Parts/Command/mk1pod_v2/mk1Pod_v2/mk1pod_v2
[LOG 11:24:50.378] Config(PART) Squad/Parts/Command/mk2CockpitInline/mk2CockpitInline/mk2Cockpit_Inline
[LOG 11:24:50.378] Config(PART) Squad/Parts/Command/mk2CockpitStandard/mk2CockpitStandard/mk2Cockpit_Standard
[LOG 11:24:50.378] Config(PART) Squad/Parts/Command/mk2DroneCore/mk2Dronecore/mk2DroneCore
[LOG 11:24:50.378] Config(PART) Squad/Parts/Command/mk2LanderCan/mk2LanderCan/mk2LanderCabin
[LOG 11:24:50.378] Config(PART) Squad/Parts/Command/mk2LanderCan_v2/mk2LanderCan_v2/mk2LanderCabin_v2
[LOG 11:24:50.378] Config(PART) Squad/Parts/Command/mk3CockpitShuttle/mk3CockpitShuttle/mk3Cockpit_Shuttle
[LOG 11:24:50.378] Config(PART) Squad/Parts/Command/MpoProbe/MpoProbe/MpoProbe
[LOG 11:24:50.378] Config(PART) Squad/Parts/Command/MtmStage/MTM_Stage/MtmStage
[LOG 11:24:50.378] Config(PART) Squad/Parts/Command/probeCoreCube/probeCoreCube/probeCoreCube
[LOG 11:24:50.378] Config(PART) Squad/Parts/Command/probeCoreHex/probeCoreHex/probeCoreHex
[LOG 11:24:50.378] Config(PART) Squad/Parts/Command/probeCoreHex_v2/probeCoreHex_v2/probeCoreHex_v2
[LOG 11:24:50.378] Config(PART) Squad/Parts/Command/probeCoreOcto2_v2/probeCoreOcto2_v2/probeCoreOcto2_v2
[LOG 11:24:50.378] Config(PART) Squad/Parts/Command/probeCoreOcto_v2/probeCoreOcto_v2/probeCoreOcto_v2
[LOG 11:24:50.379] Config(PART) Squad/Parts/Command/probeRoverBody/probeRoverBody/roverBody
[LOG 11:24:50.379] Config(PART) Squad/Parts/Command/probeRoverBody_v2/probeRoverBody_v2/roverBody_v2
[LOG 11:24:50.379] Config(PART) Squad/Parts/Command/probeStackLarge/probeStackLarge/probeStackLarge
[LOG 11:24:50.379] Config(PART) Squad/Parts/Command/probeStackSmall/probeStackSmall/probeStackSmall
[LOG 11:24:50.379] Config(PART) Squad/Parts/Command/probeStackSphere_v2/probeStackSphere_v2/probeCoreSphere_v2
[LOG 11:24:50.379] Config(PART) Squad/Parts/CompoundParts/FuelLine/fuelLine/fuelLine
[LOG 11:24:50.379] Config(PART) Squad/Parts/CompoundParts/strutConnector/strutConnector/strutConnector
[LOG 11:24:50.379] Config(PART) Squad/Parts/Coupling/Decoupler_0/Decoupler_0
[LOG 11:24:50.379] Config(PART) Squad/Parts/Coupling/Decoupler_1/Decoupler_1
[LOG 11:24:50.379] Config(PART) Squad/Parts/Coupling/Decoupler_2/Decoupler_2
[LOG 11:24:50.379] Config(PART) Squad/Parts/Coupling/Decoupler_3/Decoupler_3
[LOG 11:24:50.379] Config(PART) Squad/Parts/Coupling/Separator_0/Separator_0
[LOG 11:24:50.379] Config(PART) Squad/Parts/Coupling/Separator_1/Separator_1
[LOG 11:24:50.379] Config(PART) Squad/Parts/Coupling/Separator_2/Separator_2
[LOG 11:24:50.379] Config(PART) Squad/Parts/Coupling/Separator_3/Separator_3
[LOG 11:24:50.379] Config(PART) Squad/Parts/Electrical/10CSolarPanels/OX-10C/solarPanelOX10C
[LOG 11:24:50.379] Config(PART) Squad/Parts/Electrical/10CSolarPanels/SP-10C/solarPanelSP10C
[LOG 11:24:50.379] Config(PART) Squad/Parts/Electrical/10LSolarPanels/OX-10L/solarPanelOX10L
[LOG 11:24:50.379] Config(PART) Squad/Parts/Electrical/10LSolarPanels/SP-10L/solarPanelSP10L
[LOG 11:24:50.379] Config(PART) Squad/Parts/Electrical/1x6ShroudSolarPanels/1x6ShroudSolarPanels/solarPanels2
[LOG 11:24:50.379] Config(PART) Squad/Parts/Electrical/1x6SolarPanels/1x6SolarPanels/solarPanels4
[LOG 11:24:50.379] Config(PART) Squad/Parts/Electrical/3x2ShroudSolarPanels/3x2ShroudSolarPanels/solarPanels1
[LOG 11:24:50.379] Config(PART) Squad/Parts/Electrical/3x2SolarPanels/3x2SolarPanels/solarPanels3
[LOG 11:24:50.379] Config(PART) Squad/Parts/Electrical/gigantorXlSolarArray/gigantorXlSolarArray/largeSolarPanel
[LOG 11:24:50.379] Config(PART) Squad/Parts/Electrical/radialFlatSolarPanel/radialFlatSolarPanel/solarPanels5
[LOG 11:24:50.380] Config(PART) Squad/Parts/Electrical/RTG/RTG/rtg
[LOG 11:24:50.380] Config(PART) Squad/Parts/Electrical/z-100Battery/z-100Battery/batteryPack
[LOG 11:24:50.380] Config(PART) Squad/Parts/Electrical/z-1kBattery/z-1kBattery/batteryBank
[LOG 11:24:50.380] Config(PART) Squad/Parts/Electrical/z-200Battery/z-200Battery/batteryBankMini
[LOG 11:24:50.380] Config(PART) Squad/Parts/Electrical/z-400Battery/z-400Battery/ksp_r_largeBatteryPack
[LOG 11:24:50.380] Config(PART) Squad/Parts/Electrical/z-4kBattery/z-4kBattery/batteryBankLarge
[LOG 11:24:50.380] Config(PART) Squad/Parts/Engine/ionEngine/ionEngine/ionEngine
[LOG 11:24:50.380] Config(PART) Squad/Parts/Engine/jetEngines/jetEngineAfterburning/turboJet
[LOG 11:24:50.380] Config(PART) Squad/Parts/Engine/jetEngines/jetEngineBasic/JetEngine
[LOG 11:24:50.380] Config(PART) Squad/Parts/Engine/jetEngines/jetEngineBig/turboFanSize2
[LOG 11:24:50.380] Config(PART) Squad/Parts/Engine/jetEngines/jetEngineTurbo/turboFanEngine
[LOG 11:24:50.380] Config(PART) Squad/Parts/Engine/liquidEngine24-77/liquidEngine24-77/smallRadialEngine
[LOG 11:24:50.380] Config(PART) Squad/Parts/Engine/liquidEngine24-77_v2/liquidEngine24-77_v2/smallRadialEngine_v2
[LOG 11:24:50.380] Config(PART) Squad/Parts/Engine/liquidEngine48-7S_v2/liquidEngine48-7S_v2/liquidEngineMini_v2
[LOG 11:24:50.380] Config(PART) Squad/Parts/Engine/liquidEngineAerospike/liquidEngineAerospike/toroidalAerospike
[LOG 11:24:50.380] Config(PART) Squad/Parts/Engine/liquidEngineLV-1_v2/liquidEngineLV-1R _v2/radialEngineMini_v2
[LOG 11:24:50.380] Config(PART) Squad/Parts/Engine/liquidEngineLV-1_v2/liquidEngineLV-1_v2/microEngine_v2
[LOG 11:24:50.380] Config(PART) Squad/Parts/Engine/liquidEngineLV-909_v2/liquidEngineLV-909_v2/liquidEngine3_v2
[LOG 11:24:50.380] Config(PART) Squad/Parts/Engine/liquidEngineLV-N/liquidEngineLV-N/nuclearEngine
[LOG 11:24:50.380] Config(PART) Squad/Parts/Engine/liquidEngineLV-T30/liquidEngineLV-T30/liquidEngine
[LOG 11:24:50.380] Config(PART) Squad/Parts/Engine/liquidEngineLV-T30_v2/liquidEngineLV-T30_v2/liquidEngine_v2
[LOG 11:24:50.380] Config(PART) Squad/Parts/Engine/liquidEngineLV-T45/liquidEngineLV-T45/liquidEngine2
[LOG 11:24:50.380] Config(PART) Squad/Parts/Engine/liquidEngineLV-T45_v2/liquidEngineLV-T45_v2/liquidEngine2_v2
[LOG 11:24:50.380] Config(PART) Squad/Parts/Engine/liquidEngineMainsail_v2/liquidEngineMainsail_v2/liquidEngineMainsail_v2
[LOG 11:24:50.381] Config(PART) Squad/Parts/Engine/liquidEngineMk55/liquidEngineMk55/radialLiquidEngine1-2
[LOG 11:24:50.381] Config(PART) Squad/Parts/Engine/liquidEnginePoodle_v2/liquidEnginePoodle_v2/liquidEngine2-2_v2
[LOG 11:24:50.381] Config(PART) Squad/Parts/Engine/liquidEngineSkipper_v2/skipperLiquidEngine_v2/engineLargeSkipper_v2
[LOG 11:24:50.381] Config(PART) Squad/Parts/Engine/liquidEngineSSME/SSME/SSME
[LOG 11:24:50.381] Config(PART) Squad/Parts/Engine/MassiveSRB/part/MassiveBooster
[LOG 11:24:50.381] Config(PART) Squad/Parts/Engine/miniJet/SmallJetEngine/miniJetEngine
[LOG 11:24:50.381] Config(PART) Squad/Parts/Engine/OMSEngine/omsEngine/omsEngine
[LOG 11:24:50.381] Config(PART) Squad/Parts/Engine/rapierEngine/rapierEngine/RAPIER
[LOG 11:24:50.381] Config(PART) Squad/Parts/Engine/Size1_SRBs/solidBoosterRT-10_v2/solidBooster_v2
[LOG 11:24:50.381] Config(PART) Squad/Parts/Engine/Size1_SRBs/solidBoosterRT-5_v2/solidBooster_sm_v2
[LOG 11:24:50.381] Config(PART) Squad/Parts/Engine/Size2LFB/part/Size2LFB
[LOG 11:24:50.381] Config(PART) Squad/Parts/Engine/Size2LFB_v2/part/Size2LFB_v2
[LOG 11:24:50.381] Config(PART) Squad/Parts/Engine/Size3AdvancedEngine/part/Size3AdvancedEngine
[LOG 11:24:50.381] Config(PART) Squad/Parts/Engine/Size3EngineCluster/part/Size3EngineCluster
[LOG 11:24:50.381] Config(PART) Squad/Parts/Engine/solidBoosterBACC/solidBoosterBACC/solidBooster1-1
[LOG 11:24:50.381] Config(PART) Squad/Parts/Engine/solidBoosterS2-17/solidBoosterS2-17/Thoroughbred
[LOG 11:24:50.381] Config(PART) Squad/Parts/Engine/solidBoosterS2-33/solidBoosterS2-33/Clydesdale
[LOG 11:24:50.381] Config(PART) Squad/Parts/Engine/solidBoosterSep/solidBoosterSep/sepMotor1
[LOG 11:24:50.381] Config(PART) Squad/Parts/Engine/SolidBoostersF/SolidBoosterF3S0/Shrimp
[LOG 11:24:50.381] Config(PART) Squad/Parts/Engine/SolidBoostersF/SolidBoosterFM1/Mite
[LOG 11:24:50.381] Config(PART) Squad/Parts/FuelTank/adapterTanks/Mk3-Mk2/adapterMk3-Mk2
[LOG 11:24:50.381] Config(PART) Squad/Parts/FuelTank/adapterTanks/Mk3-ShuttleAdapter/adapterEngines
[LOG 11:24:50.381] Config(PART) Squad/Parts/FuelTank/adapterTanks/Mk3-Size2/adapterMk3-Size2
[LOG 11:24:50.382] Config(PART) Squad/Parts/FuelTank/adapterTanks/Mk3-Size2Slant/adapterMk3-Size2Slant
[LOG 11:24:50.382] Config(PART) Squad/Parts/FuelTank/adapterTanks/Size2-Mk2/adapterSize2-Mk2
[LOG 11:24:50.382] Config(PART) Squad/Parts/FuelTank/adapterTanks/Size2-Size1/adapterSize2-Size1
[LOG 11:24:50.382] Config(PART) Squad/Parts/FuelTank/adapterTanks/Size2-Size1Slant/adapterSize2-Size1Slant
[LOG 11:24:50.382] Config(PART) Squad/Parts/FuelTank/adapterTanks/Size3-Mk3/adapterSize3-Mk3
[LOG 11:24:50.382] Config(PART) Squad/Parts/FuelTank/drainTankFTE-1/ReleaseValve/ReleaseValve
[LOG 11:24:50.382] Config(PART) Squad/Parts/FuelTank/FoilTanks/RadialTank_Capsule/externalTankCapsule
[LOG 11:24:50.382] Config(PART) Squad/Parts/FuelTank/FoilTanks/RadialTank_Round/externalTankRound
[LOG 11:24:50.382] Config(PART) Squad/Parts/FuelTank/FoilTanks/ToroidTank/externalTankToroid
[LOG 11:24:50.382] Config(PART) Squad/Parts/FuelTank/fuelTankOscarB/fuelTankOscarB/miniFuelTank
[LOG 11:24:50.382] Config(PART) Squad/Parts/FuelTank/miniFuselage/miniFuselage/miniFuselage
[LOG 11:24:50.382] Config(PART) Squad/Parts/FuelTank/mk2Adapters/bicoupler/mk2_1m_Bicoupler
[LOG 11:24:50.382] Config(PART) Squad/Parts/FuelTank/mk2Adapters/long/mk2_1m_AdapterLong
[LOG 11:24:50.382] Config(PART) Squad/Parts/FuelTank/mk2Adapters/standard/mk2SpacePlaneAdapter
[LOG 11:24:50.382] Config(PART) Squad/Parts/FuelTank/mk2FuselageLong/LFO_long/mk2FuselageLongLFO
[LOG 11:24:50.382] Config(PART) Squad/Parts/FuelTank/mk2FuselageLong/L_long/mk2Fuselage
[LOG 11:24:50.382] Config(PART) Squad/Parts/FuelTank/mk2FuselageShort/LFO_short/mk2FuselageShortLFO
[LOG 11:24:50.382] Config(PART) Squad/Parts/FuelTank/mk2FuselageShort/L_short/mk2FuselageShortLiquid
[LOG 11:24:50.382] Config(PART) Squad/Parts/FuelTank/mk2FuselageShort/Mono_short/mk2FuselageShortMono
[LOG 11:24:50.382] Config(PART) Squad/Parts/FuelTank/mk3Fuselage/CREW/mk3CrewCabin
[LOG 11:24:50.382] Config(PART) Squad/Parts/FuelTank/mk3Fuselage/LFO_100/mk3FuselageLFO_100
[LOG 11:24:50.382] Config(PART) Squad/Parts/FuelTank/mk3Fuselage/LFO_25/mk3FuselageLFO_25
[LOG 11:24:50.382] Config(PART) Squad/Parts/FuelTank/mk3Fuselage/LFO_50/mk3FuselageLFO_50
[LOG 11:24:50.382] Config(PART) Squad/Parts/FuelTank/mk3Fuselage/LF_100/mk3FuselageLF_100
[LOG 11:24:50.382] Config(PART) Squad/Parts/FuelTank/mk3Fuselage/LF_25/mk3FuselageLF_25
[LOG 11:24:50.382] Config(PART) Squad/Parts/FuelTank/mk3Fuselage/LF_50/mk3FuselageLF_50
[LOG 11:24:50.382] Config(PART) Squad/Parts/FuelTank/mk3Fuselage/MONO/mk3FuselageMONO
[LOG 11:24:50.382] Config(PART) Squad/Parts/FuelTank/RCSFuelTankR1/RCSFuelTankR1/RCSTank1-2
[LOG 11:24:50.383] Config(PART) Squad/Parts/FuelTank/RCSFuelTankR10/RCSFuelTankR10/rcsTankMini
[LOG 11:24:50.383] Config(PART) Squad/Parts/FuelTank/RCSFuelTankR25/RCSFuelTankR25/RCSFuelTank
[LOG 11:24:50.383] Config(PART) Squad/Parts/FuelTank/RCSTankRadial/radialRCSTank/radialRCSTank
[LOG 11:24:50.383] Config(PART) Squad/Parts/FuelTank/RCStankRadialLong/RCSTankRadialLong/rcsTankRadialLong
[LOG 11:24:50.383] Config(PART) Squad/Parts/FuelTank/RockomaxTanks/Rockomax16/Rockomax16_BW
[LOG 11:24:50.383] Config(PART) Squad/Parts/FuelTank/RockomaxTanks/Rockomax32/Rockomax32_BW
[LOG 11:24:50.383] Config(PART) Squad/Parts/FuelTank/RockomaxTanks/Rockomax64/Rockomax64_BW
[LOG 11:24:50.383] Config(PART) Squad/Parts/FuelTank/RockomaxTanks/Rockomax8/Rockomax8BW
[LOG 11:24:50.383] Config(PART) Squad/Parts/FuelTank/Size1_Tanks/fuelTankT100/fuelTankSmallFlat
[LOG 11:24:50.383] Config(PART) Squad/Parts/FuelTank/Size1_Tanks/fuelTankT200/fuelTankSmall
[LOG 11:24:50.383] Config(PART) Squad/Parts/FuelTank/Size1_Tanks/fuelTankT400/fuelTank
[LOG 11:24:50.383] Config(PART) Squad/Parts/FuelTank/Size1_Tanks/fuelTankT800/fuelTank_long
[LOG 11:24:50.383] Config(PART) Squad/Parts/FuelTank/Size3Tanks/large/Size3LargeTank
[LOG 11:24:50.383] Config(PART) Squad/Parts/FuelTank/Size3Tanks/medium/Size3MediumTank
[LOG 11:24:50.383] Config(PART) Squad/Parts/FuelTank/Size3Tanks/small/Size3SmallTank
[LOG 11:24:50.383] Config(PART) Squad/Parts/FuelTank/xenonTank/xenonTank/xenonTank
[LOG 11:24:50.383] Config(PART) Squad/Parts/FuelTank/xenonTankLarge/xenonTankLarge/xenonTankLarge
[LOG 11:24:50.383] Config(PART) Squad/Parts/FuelTank/xenonTankRadial/xenonTankRadial/xenonTankRadial
[LOG 11:24:50.383] Config(PART) Squad/Parts/Misc/AsteroidDay/CamSat/InfraredTelescope
[LOG 11:24:50.383] Config(PART) Squad/Parts/Misc/AsteroidDay/HECS2/HECS2_ProbeCore
[LOG 11:24:50.383] Config(PART) Squad/Parts/Misc/AsteroidDay/HighGainAntenna/HighGainAntenna
[LOG 11:24:50.383] Config(PART) Squad/Parts/Misc/AsteroidDay/LgRadialSolar/LgRadialSolarPanel
[LOG 11:24:50.383] Config(PART) Squad/Parts/Misc/PotatoComet/part/PotatoComet
[LOG 11:24:50.383] Config(PART) Squad/Parts/Misc/PotatoRoid/part/PotatoRoid
[LOG 11:24:50.383] Config(PART) Squad/Parts/Prebuilt/flag/flag
[LOG 11:24:50.383] Config(PART) Squad/Parts/Prebuilt/kerbalEVA/kerbalEVA
[LOG 11:24:50.384] Config(PART) Squad/Parts/Prebuilt/kerbalEVAfemale/kerbalEVAfemale
[LOG 11:24:50.384] Config(PART) Squad/Parts/Prebuilt/kerbalEVASlimSuit/kerbalEVASlimSuit
[LOG 11:24:50.384] Config(PART) Squad/Parts/Prebuilt/kerbalEVASlimSuitFemale/kerbalEVASlimSuitFemale
[LOG 11:24:50.384] Config(PART) Squad/Parts/Resources/FuelCell/FuelCell/FuelCell
[LOG 11:24:50.384] Config(PART) Squad/Parts/Resources/FuelCell/FuelCellArray/FuelCellArray
[LOG 11:24:50.384] Config(PART) Squad/Parts/Resources/ISRU/ISRU/ISRU
[LOG 11:24:50.384] Config(PART) Squad/Parts/Resources/LargeTank/LargeTank/LargeTank
[LOG 11:24:50.384] Config(PART) Squad/Parts/Resources/MiniDrill/MiniDrill/MiniDrill
[LOG 11:24:50.384] Config(PART) Squad/Parts/Resources/MiniISRU/MiniISRU/MiniISRU
[LOG 11:24:50.384] Config(PART) Squad/Parts/Resources/OrbitalScanner/OrbitalScanner/OrbitalScanner
[LOG 11:24:50.384] Config(PART) Squad/Parts/Resources/RadialDrill/RadialDrill/RadialDrill
[LOG 11:24:50.384] Config(PART) Squad/Parts/Resources/RadialTank/RadialTank/RadialOreTank
[LOG 11:24:50.384] Config(PART) Squad/Parts/Resources/SmallTank/SmallTank/SmallTank
[LOG 11:24:50.384] Config(PART) Squad/Parts/Resources/SurfaceScanner/SurfaceScanner/SurfaceScanner
[LOG 11:24:50.384] Config(PART) Squad/Parts/Resources/SurveyScanner/SurveyScanner/SurveyScanner
[LOG 11:24:50.384] Config(PART) Squad/Parts/Science/AtmosphereSensor/sensorAtmosphere/sensorAtmosphere
[LOG 11:24:50.384] Config(PART) Squad/Parts/Science/GooExperiment/gooExperiment/GooExperiment
[LOG 11:24:50.384] Config(PART) Squad/Parts/Science/LargeCrewedLab/largeCrewedLab/Large_Crewed_Lab
[LOG 11:24:50.384] Config(PART) Squad/Parts/Science/Magnetometer/Magnetometer/Magnetometer
[LOG 11:24:50.384] Config(PART) Squad/Parts/Science/MaterialBay/materialBay/science_module
[LOG 11:24:50.384] Config(PART) Squad/Parts/Science/ScienceBox/ScienceBox/ScienceBox
[LOG 11:24:50.384] Config(PART) Squad/Parts/Science/sensorAccelerometer/sensorAccelerometer/sensorAccelerometer
[LOG 11:24:50.384] Config(PART) Squad/Parts/Science/sensorBarometer/sensorBarometer/sensorBarometer
[LOG 11:24:50.384] Config(PART) Squad/Parts/Science/sensorGravimeter/sensorGravimeter/sensorGravimeter
[LOG 11:24:50.384] Config(PART) Squad/Parts/Science/sensorThermometer/sensorThermometer/sensorThermometer
[LOG 11:24:50.385] Config(PART) Squad/Parts/Structural/FLAdapters/adapterSmallMiniShort/adapterSmallMiniShort
[LOG 11:24:50.385] Config(PART) Squad/Parts/Structural/FLAdapters/adapterSmallMiniTall/adapterSmallMiniTall
[LOG 11:24:50.385] Config(PART) Squad/Parts/Structural/mk1Parts/engineBodyRadial/radialEngineBody
[LOG 11:24:50.385] Config(PART) Squad/Parts/Structural/mk1Parts/engineNacelle/nacelleBody
[LOG 11:24:50.385] Config(PART) Squad/Parts/Structural/mk1Parts/mk1Fuselage/MK1Fuselage
[LOG 11:24:50.385] Config(PART) Squad/Parts/Structural/mk1Parts/mk1FuselageIntake/MK1IntakeFuselage
[LOG 11:24:50.385] Config(PART) Squad/Parts/Structural/mk1Parts/mk1Structural/Mk1FuselageStructural
[LOG 11:24:50.385] Config(PART) Squad/Parts/Structural/Size3To2Adapter_v2/Size2to3_v2/Size3To2Adapter_v2
[LOG 11:24:50.385] Config(PART) Squad/Parts/Structural/stackAdapters/adapterLargeSmallBi/adapterLargeSmallBi
[LOG 11:24:50.385] Config(PART) Squad/Parts/Structural/stackAdapters/adapterLargeSmallQuad/adapterLargeSmallQuad
[LOG 11:24:50.385] Config(PART) Squad/Parts/Structural/stackAdapters/adapterLargeSmallTri/adapterLargeSmallTri
[LOG 11:24:50.385] Config(PART) Squad/Parts/Structural/stationHub/stationHub/stationHub
[LOG 11:24:50.385] Config(PART) Squad/Parts/Structural/structuralIBeam200/structuralIBeam200/structuralIBeam2
[LOG 11:24:50.385] Config(PART) Squad/Parts/Structural/structuralIBeam200Pocket/structuralIBeam200Pocket/structuralIBeam3
[LOG 11:24:50.385] Config(PART) Squad/Parts/Structural/structuralIBeam650/structuralIBeam650/structuralIBeam1
[LOG 11:24:50.385] Config(PART) Squad/Parts/Structural/structuralMicronode/structuralMicronode/structuralMiniNode
[LOG 11:24:50.385] Config(PART) Squad/Parts/Structural/structuralPanel1x1/structuralPanel1x1/structuralPanel1
[LOG 11:24:50.385] Config(PART) Squad/Parts/Structural/structuralPanel2x2/structuralPanel2x2/structuralPanel2
[LOG 11:24:50.385] Config(PART) Squad/Parts/Structural/structuralPylons/smallHardpoint/smallHardpoint
[LOG 11:24:50.385] Config(PART) Squad/Parts/Structural/structuralPylons/structuralPylon/structuralPylon
[LOG 11:24:50.385] Config(PART) Squad/Parts/Structural/strutCubicOcto/strutCubicOcto/strutCube
[LOG 11:24:50.385] Config(PART) Squad/Parts/Structural/strutOcto/strutOcto/strutOcto
[LOG 11:24:50.385] Config(PART) Squad/Parts/Structural/trussGirderAdapter/trussGirderAdapter/trussAdapter
[LOG 11:24:50.385] Config(PART) Squad/Parts/Structural/trussGirderL/trussGirderL/trussPiece1x
[LOG 11:24:50.385] Config(PART) Squad/Parts/Structural/trussGirderXL/trussGirderXL/trussPiece3x
[LOG 11:24:50.385] Config(PART) Squad/Parts/Thermal/FoldingRadiators/foldingRadLarge/foldingRadLarge
[LOG 11:24:50.385] Config(PART) Squad/Parts/Thermal/FoldingRadiators/foldingRadMed/foldingRadMed
[LOG 11:24:50.386] Config(PART) Squad/Parts/Thermal/FoldingRadiators/foldingRadSmall/foldingRadSmall
[LOG 11:24:50.386] Config(PART) Squad/Parts/Thermal/RadiatorPanels/radPanelEdge/radPanelEdge
[LOG 11:24:50.386] Config(PART) Squad/Parts/Thermal/RadiatorPanels/radPanelLg/radPanelLg
[LOG 11:24:50.386] Config(PART) Squad/Parts/Thermal/RadiatorPanels/radPanelSm/radPanelSm
[LOG 11:24:50.386] Config(PART) Squad/Parts/Utility/commDish88-88/commDish88-88/commDish
[LOG 11:24:50.386] Config(PART) Squad/Parts/Utility/commsAntennaDTS-M1/commsAntennaDTS-M1/mediumDishAntenna
[LOG 11:24:50.386] Config(PART) Squad/Parts/Utility/commsDish16/commsAntenna16/longAntenna
[LOG 11:24:50.386] Config(PART) Squad/Parts/Utility/decouplerRadialHDM/decouplerRadialHDM/radialDecoupler1-2
[LOG 11:24:50.386] Config(PART) Squad/Parts/Utility/decouplerRadialTT-38K/decouplerRadialTT-38K/radialDecoupler
[LOG 11:24:50.386] Config(PART) Squad/Parts/Utility/decouplerRadialTT-70/decouplerRadialTT-70/radialDecoupler2
[LOG 11:24:50.386] Config(PART) Squad/Parts/Utility/DirectAntennas/C16S/SurfAntenna
[LOG 11:24:50.386] Config(PART) Squad/Parts/Utility/DirectAntennas/HG-5/HighGainAntenna5
[LOG 11:24:50.386] Config(PART) Squad/Parts/Utility/DirectAntennas/HG-5_v2/HighGainAntenna5_v2
[LOG 11:24:50.386] Config(PART) Squad/Parts/Utility/dockingPort/dockingPort/dockingPort2
[LOG 11:24:50.386] Config(PART) Squad/Parts/Utility/dockingPortInline/dockingPortInline/dockingPortLateral
[LOG 11:24:50.386] Config(PART) Squad/Parts/Utility/dockingPortJr/dockingPortJr/dockingPort3
[LOG 11:24:50.386] Config(PART) Squad/Parts/Utility/dockingPortShielded/dockingPortShielded/dockingPort1
[LOG 11:24:50.386] Config(PART) Squad/Parts/Utility/dockingPortSr/dockingPortSr/dockingPortLarge
[LOG 11:24:50.386] Config(PART) Squad/Parts/Utility/Fireworks/fireworksLauncherBig/fireworksLauncherBig
[LOG 11:24:50.386] Config(PART) Squad/Parts/Utility/Fireworks/fireworksLauncherSmall/fireworksLauncherSmall
[LOG 11:24:50.386] Config(PART) Squad/Parts/Utility/flags/flagFlat/flagFlat/flagPartFlat
[LOG 11:24:50.386] Config(PART) Squad/Parts/Utility/flags/flagSize0/flagSize0/flagPartSize0
[LOG 11:24:50.386] Config(PART) Squad/Parts/Utility/flags/flagSize1/flagSize1/flagPartSize1
[LOG 11:24:50.386] Config(PART) Squad/Parts/Utility/flags/flagSize2/flagSize2/flagPartSize2
[LOG 11:24:50.386] Config(PART) Squad/Parts/Utility/flags/flagSize3/flagSize3/flagPartSize3
[LOG 11:24:50.386] Config(PART) Squad/Parts/Utility/GrapplingDevice/part/GrapplingDevice
[LOG 11:24:50.387] Config(PART) Squad/Parts/Utility/ladderRadial/ladderRadial/ladder1
[LOG 11:24:50.387] Config(PART) Squad/Parts/Utility/ladderTelescopic/ladderTelescopic/telescopicLadder
[LOG 11:24:50.387] Config(PART) Squad/Parts/Utility/ladderTelescopicBay/ladderTelescopicBay/telescopicLadderBay
[LOG 11:24:50.387] Config(PART) Squad/Parts/Utility/landingLegLT-1/landingLegLT-1/landingLeg1
[LOG 11:24:50.387] Config(PART) Squad/Parts/Utility/landingLegLT-2/landingLegLT-2/landingLeg1-2
[LOG 11:24:50.387] Config(PART) Squad/Parts/Utility/landingLegLT-5/landingLegLT-5/miniLandingLeg
[LOG 11:24:50.387] Config(PART) Squad/Parts/Utility/launchClamp1/launchClamp1/launchClamp1
[LOG 11:24:50.387] Config(PART) Squad/Parts/Utility/launchEscapeSystem/part/LaunchEscapeSystem
[LOG 11:24:50.387] Config(PART) Squad/Parts/Utility/Lights/domeLight1/domeLight1
[LOG 11:24:50.387] Config(PART) Squad/Parts/Utility/Lights/groundLight1/groundLight1
[LOG 11:24:50.387] Config(PART) Squad/Parts/Utility/Lights/groundLight2/groundLight2
[LOG 11:24:50.387] Config(PART) Squad/Parts/Utility/Lights/navLight1/navLight1
[LOG 11:24:50.387] Config(PART) Squad/Parts/Utility/Lights/spotLight1/spotLight3
[LOG 11:24:50.387] Config(PART) Squad/Parts/Utility/Lights/stripLight1/stripLight1
[LOG 11:24:50.387] Config(PART) Squad/Parts/Utility/linearVernorRCS/linearRCS/linearRcs
[LOG 11:24:50.387] Config(PART) Squad/Parts/Utility/linearVernorRCS/vernorEngine/vernierEngine
[LOG 11:24:50.387] Config(PART) Squad/Parts/Utility/mk2CargoBay/BayL/mk2CargoBayL
[LOG 11:24:50.387] Config(PART) Squad/Parts/Utility/mk2CargoBay/BayS/mk2CargoBayS
[LOG 11:24:50.387] Config(PART) Squad/Parts/Utility/mk2CrewCabin/mk2CrewCabin/mk2CrewCabin
[LOG 11:24:50.387] Config(PART) Squad/Parts/Utility/mk2DockingPort/mk2DockingPort/mk2DockingPort
[LOG 11:24:50.387] Config(PART) Squad/Parts/Utility/mk3CargoBay/long/mk3CargoBayL
[LOG 11:24:50.387] Config(PART) Squad/Parts/Utility/mk3CargoBay/medium/mk3CargoBayM
[LOG 11:24:50.387] Config(PART) Squad/Parts/Utility/mk3CargoBay/ramp/mk3CargoRamp
[LOG 11:24:50.387] Config(PART) Squad/Parts/Utility/mk3CargoBay/short/mk3CargoBayS
[LOG 11:24:50.387] Config(PART) Squad/Parts/Utility/parachuteMk1/parachuteMk1/parachuteSingle
[LOG 11:24:50.387] Config(PART) Squad/Parts/Utility/parachuteMk12-R/parachuteMk12-R/radialDrogue
[LOG 11:24:50.387] Config(PART) Squad/Parts/Utility/parachuteMk16-XL/parachuteMk16-XL/parachuteLarge
[LOG 11:24:50.388] Config(PART) Squad/Parts/Utility/parachuteMk2-R/parachuteMk2-R/parachuteRadial
[LOG 11:24:50.388] Config(PART) Squad/Parts/Utility/parachuteMk25/parachuteMk25/parachuteDrogue
[LOG 11:24:50.388] Config(PART) Squad/Parts/Utility/radialAttachmentPoint/radialAttachmentPoint/stackPoint1
[LOG 11:24:50.388] Config(PART) Squad/Parts/Utility/rcsBlockRV-105_v2/rcsBlockRV-105/RCSBlock_v2
[LOG 11:24:50.388] Config(PART) Squad/Parts/Utility/rcsBlockRV-105_v2/RCSblock_01_small/RCSblock_01_small
[LOG 11:24:50.388] Config(PART) Squad/Parts/Utility/rcsSmallLinear/RCSLinearSmall/RCSLinearSmall
[LOG 11:24:50.388] Config(PART) Squad/Parts/Utility/RelayAntennas/RA-100/RelayAntenna100
[LOG 11:24:50.388] Config(PART) Squad/Parts/Utility/RelayAntennas/RA-5/RelayAntenna5
[LOG 11:24:50.388] Config(PART) Squad/Parts/Utility/RelayAntennas/RA-50/RelayAntenna50
[LOG 11:24:50.388] Config(PART) Squad/Parts/Utility/rockomaxAdapters/largeAdapter/largeAdapter
[LOG 11:24:50.388] Config(PART) Squad/Parts/Utility/rockomaxAdapters/largeAdapterShort/largeAdapter2
[LOG 11:24:50.388] Config(PART) Squad/Parts/Utility/ServiceBay_v2/ServiceBay_125_v2/ServiceBay_125_v2
[LOG 11:24:50.388] Config(PART) Squad/Parts/Utility/ServiceBay_v2/ServiceBay_250_v2/ServiceBay_250_v2
[LOG 11:24:50.388] Config(PART) Squad/Parts/Utility/smallClaw/smallClaw/smallClaw
[LOG 11:24:50.388] Config(PART) Squad/Parts/Utility/spotLightMk1/spotLightMk1/spotLight1
[LOG 11:24:50.388] Config(PART) Squad/Parts/Utility/spotLightMk1_v2/spotLightMk1_v2/spotLight1_v2
[LOG 11:24:50.388] Config(PART) Squad/Parts/Utility/spotLightMk2/spotLightMk2/spotLight2
[LOG 11:24:50.388] Config(PART) Squad/Parts/Utility/spotLightMk2_v2/spotLightMk2_v2/spotLight2_v2
[LOG 11:24:50.388] Config(PART) Squad/Parts/Utility/stackCouplers/stackBiCoupler_v2/stackBiCoupler_v2
[LOG 11:24:50.388] Config(PART) Squad/Parts/Utility/stackCouplers/stackQuadCoupler/stackQuadCoupler
[LOG 11:24:50.388] Config(PART) Squad/Parts/Utility/stackCouplers/stackTriCoupler_v2/stackTriCoupler_v2
[LOG 11:24:50.388] Config(PART) Squad/Parts/Wheel/LandingGear/GearExtraLarge/GearLarge
[LOG 11:24:50.388] Config(PART) Squad/Parts/Wheel/LandingGear/GearFixed/GearFixed
[LOG 11:24:50.388] Config(PART) Squad/Parts/Wheel/LandingGear/GearFree/GearFree
[LOG 11:24:50.388] Config(PART) Squad/Parts/Wheel/LandingGear/GearLarge/GearMedium
[LOG 11:24:50.388] Config(PART) Squad/Parts/Wheel/LandingGear/GearMedium/GearSmall
[LOG 11:24:50.389] Config(PART) Squad/Parts/Wheel/LandingGear/GearSmall/SmallGearBay
[LOG 11:24:50.389] Config(PART) Squad/Parts/Wheel/roverWheelM1/roverWheelM1/roverWheel1
[LOG 11:24:50.389] Config(PART) Squad/Parts/Wheel/roverWheelS2/roverWheelS2/roverWheel2
[LOG 11:24:50.389] Config(PART) Squad/Parts/Wheel/roverWheelTR-2L/roverWheelTR-2L/wheelMed
[LOG 11:24:50.389] Config(PART) Squad/Parts/Wheel/roverWheelXL3/roverWheelXL3/roverWheel3
[LOG 11:24:50.389] Config(PROP) Squad/Props/AltimeterThreeHands/prop/AltimeterThreeHands
[LOG 11:24:50.389] Config(PROP) Squad/Props/AtmosphereDepth/prop/AtmosphereDepth
[LOG 11:24:50.389] Config(PROP) Squad/Props/AxisIndicator/pitchConfig/AxisIndicatorPitch
[LOG 11:24:50.389] Config(PROP) Squad/Props/AxisIndicator/rollConfig/AxisIndicatorRoll
[LOG 11:24:50.389] Config(PROP) Squad/Props/AxisIndicator/yawConfig/AxisIndicatorYaw
[LOG 11:24:50.389] Config(PROP) Squad/Props/buttonsGeneric/circularButton/genericCircularButton
[LOG 11:24:50.389] Config(PROP) Squad/Props/buttonsGeneric/clusterButtons/genericClusterButtons
[LOG 11:24:50.389] Config(PROP) Squad/Props/buttonsGeneric/clusterButtons2/genericClusterButtons2
[LOG 11:24:50.389] Config(PROP) Squad/Props/buttonsGeneric/clusterKnob/genericClusterKnobs
[LOG 11:24:50.389] Config(PROP) Squad/Props/buttonsGeneric/clusterKnob2/genericClusterKnobs2
[LOG 11:24:50.389] Config(PROP) Squad/Props/buttonsGeneric/clusterMixed/genericClusterMixed
[LOG 11:24:50.389] Config(PROP) Squad/Props/buttonsGeneric/clusterSwitches01/genericClusterSwitches01
[LOG 11:24:50.389] Config(PROP) Squad/Props/buttonsGeneric/clusterSwitches02/genericClusterSwitches02
[LOG 11:24:50.389] Config(PROP) Squad/Props/buttonsGeneric/clusterSwitches03/genericClusterSwitches03
[LOG 11:24:50.389] Config(PROP) Squad/Props/buttonsGeneric/clusterSwitches04/genericClusterSwitches04
[LOG 11:24:50.389] Config(PROP) Squad/Props/buttonsGeneric/clusterSwitches05/genericClusterSwitches05
[LOG 11:24:50.389] Config(PROP) Squad/Props/buttonsGeneric/clusterSwitches06/genericClusterSwitches06
[LOG 11:24:50.389] Config(PROP) Squad/Props/buttonsGeneric/clusterSwitches07/genericClusterSwitches07
[LOG 11:24:50.389] Config(PROP) Squad/Props/buttonsGeneric/directionalKnob/genericDirectionalKnob
[LOG 11:24:50.389] Config(PROP) Squad/Props/buttonsGeneric/directionalKnob2/genericDirectionalKnob2
[LOG 11:24:50.389] Config(PROP) Squad/Props/buttonsGeneric/pullSwitch/genericPullSwitch
[LOG 11:24:50.389] Config(PROP) Squad/Props/buttonsGeneric/squareButton/genericSquareButton
[LOG 11:24:50.390] Config(PROP) Squad/Props/buttonsGeneric/standingSwitch/genericStandingSwitch
[LOG 11:24:50.390] Config(PROP) Squad/Props/buttonsGeneric/switch/genericSwitch
[LOG 11:24:50.390] Config(PROP) Squad/Props/buttonsGeneric/switchWithGuards/genericSwitchWithGuards
[LOG 11:24:50.390] Config(PROP) Squad/Props/ButtonSquare/prop/ButtonSquare
[LOG 11:24:50.390] Config(PROP) Squad/Props/circularButton/prop/circularButton
[LOG 11:24:50.390] Config(PROP) Squad/Props/Compass/prop/Compass
[LOG 11:24:50.390] Config(PROP) Squad/Props/directionalKnob/prop/directionalKnob
[LOG 11:24:50.390] Config(PROP) Squad/Props/directionalKnob2/prop/directionalKnob2
[LOG 11:24:50.390] Config(PROP) Squad/Props/IndicatorPanel/prop/IndicatorPanel
[LOG 11:24:50.390] Config(PROP) Squad/Props/IVANavBall/prop/NavBall
[LOG 11:24:50.390] Config(PROP) Squad/Props/IVANavBallNoBase/prop/NavBallNoBase
[LOG 11:24:50.390] Config(PROP) Squad/Props/ledPanelSpeed/prop/ledPanelSpeed
[LOG 11:24:50.390] Config(PROP) Squad/Props/Monitor/DockingMode/MonitorDockingMode
[LOG 11:24:50.390] Config(PROP) Squad/Props/NavBall/prop/NavBall
[LOG 11:24:50.390] Config(PROP) Squad/Props/PropsGeneric/Button_DockingMode/Button_DockingMode
[LOG 11:24:50.390] Config(PROP) Squad/Props/PropsGeneric/CargoBagA/CargoBagA
[LOG 11:24:50.390] Config(PROP) Squad/Props/PropsGeneric/CargoBagB/CargoBagB
[LOG 11:24:50.390] Config(PROP) Squad/Props/PropsGeneric/CargoBagC/CargoBagC
[LOG 11:24:50.390] Config(PROP) Squad/Props/PropsGeneric/Hatch_Plane/Hatch_Plane
[LOG 11:24:50.390] Config(PROP) Squad/Props/PropsGeneric/Hatch_Plane_Curve90/Hatch_Plane_Curve90
[LOG 11:24:50.390] Config(PROP) Squad/Props/PropsGeneric/Hatch_Plane_Frame/Hatch_Plane_Frame
[LOG 11:24:50.390] Config(PROP) Squad/Props/PropsGeneric/Seat_Passenger/Seat_Passenger
[LOG 11:24:50.390] Config(PROP) Squad/Props/PropsGeneric/Seat_Pilot/Seat_Pilot
[LOG 11:24:50.390] Config(PROP) Squad/Props/PropsGeneric/Seat_Pilot_Helmet/Seat_Pilot_Helmet
[LOG 11:24:50.390] Config(PROP) Squad/Props/PropsGeneric/SideStick/SideStick
[LOG 11:24:50.390] Config(PROP) Squad/Props/pullSwitch/prop/pullSwitch
[LOG 11:24:50.390] Config(PROP) Squad/Props/radarAltitude/prop/RadarAltimeter
[LOG 11:24:50.390] Config(PROP) Squad/Props/squareButton/prop/squareButton
[LOG 11:24:50.390] Config(PROP) Squad/Props/standingSwitch/prop/standingSwitch
[LOG 11:24:50.391] Config(PROP) Squad/Props/switch/prop/switch
[LOG 11:24:50.391] Config(PROP) Squad/Props/switchGuard/prop/switchGuard
[LOG 11:24:50.391] Config(PROP) Squad/Props/switchWithGuards/prop/switchWithGuards
[LOG 11:24:50.391] Config(PROP) Squad/Props/throttle/prop/throttle
[LOG 11:24:50.391] Config(PROP) Squad/Props/VSI/prop/VSI
[LOG 11:24:50.391] Config(SPACEOBJECTS_LIMITS) Squad/Resources/CometDefs/SPACEOBJECTS_LIMITS
[LOG 11:24:50.391] Config(COMET_MANAGER) Squad/Resources/CometDefs/COMET_MANAGER
[LOG 11:24:50.391] Config(COMET_ORBIT_TYPE) Squad/Resources/CometDefs/short
[LOG 11:24:50.391] Config(COMET_ORBIT_TYPE) Squad/Resources/CometDefs/intermediate
[LOG 11:24:50.391] Config(COMET_ORBIT_TYPE) Squad/Resources/CometDefs/long
[LOG 11:24:50.391] Config(COMET_ORBIT_TYPE) Squad/Resources/CometDefs/interstellar
[LOG 11:24:50.391] Config(FIREWORKFX_DEFINITION) Squad/Resources/FireworkFXDefinitions/classicTrail
[LOG 11:24:50.391] Config(FIREWORKFX_DEFINITION) Squad/Resources/FireworkFXDefinitions/whirlyTrail
[LOG 11:24:50.391] Config(FIREWORKFX_DEFINITION) Squad/Resources/FireworkFXDefinitions/strobeTrail
[LOG 11:24:50.391] Config(FIREWORKFX_DEFINITION) Squad/Resources/FireworkFXDefinitions/bareTrail
[LOG 11:24:50.391] Config(FIREWORKFX_DEFINITION) Squad/Resources/FireworkFXDefinitions/classicBurst
[LOG 11:24:50.391] Config(FIREWORKFX_DEFINITION) Squad/Resources/FireworkFXDefinitions/chrysBurst
[LOG 11:24:50.391] Config(FIREWORKFX_DEFINITION) Squad/Resources/FireworkFXDefinitions/palmBurst
[LOG 11:24:50.391] Config(FIREWORKFX_DEFINITION) Squad/Resources/FireworkFXDefinitions/ringBurst
[LOG 11:24:50.391] Config(FIREWORKFX_DEFINITION) Squad/Resources/FireworkFXDefinitions/crosetteBurst
[LOG 11:24:50.391] Config(FIREWORKFX_DEFINITION) Squad/Resources/FireworkFXDefinitions/willowBurst
[LOG 11:24:50.391] Config(FIREWORKFX_DEFINITION) Squad/Resources/FireworkFXDefinitions/crackeBurst
[LOG 11:24:50.391] Config(FIREWORKFX_DEFINITION) Squad/Resources/FireworkFXDefinitions/palmCrackleBurst
[LOG 11:24:50.391] Config(FIREWORKFX_DEFINITION) Squad/Resources/FireworkFXDefinitions/dragonBurst
[LOG 11:24:50.391] Config(GLOBAL_RESOURCE) Squad/Resources/Ore/GLOBAL_RESOURCE
[LOG 11:24:50.391] Config(PLANETARY_RESOURCE) Squad/Resources/Ore/PLANETARY_RESOURCE
[LOG 11:24:50.391] Config(PLANETARY_RESOURCE) Squad/Resources/Ore/PLANETARY_RESOURCE
[LOG 11:24:50.391] Config(RESOURCE_OVERLAY_CONFIGURATION_SOLID) Squad/Resources/Overlay/RESOURCE_OVERLAY_CONFIGURATION_SOLID
[LOG 11:24:50.391] Config(RESOURCE_OVERLAY_CONFIGURATION_LINES) Squad/Resources/Overlay/RESOURCE_OVERLAY_CONFIGURATION_LINES
[LOG 11:24:50.392] Config(RESOURCE_OVERLAY_CONFIGURATION_DOTS) Squad/Resources/Overlay/RESOURCE_OVERLAY_CONFIGURATION_DOTS
[LOG 11:24:50.392] Config(RESOURCE_CONFIGURATION) Squad/Resources/ResourceDefaults/RESOURCE_CONFIGURATION
[LOG 11:24:50.392] Config(RESOURCE_DEFINITION) Squad/Resources/ResourcesGeneric/LiquidFuel
[LOG 11:24:50.392] Config(RESOURCE_DEFINITION) Squad/Resources/ResourcesGeneric/Oxidizer
[LOG 11:24:50.392] Config(RESOURCE_DEFINITION) Squad/Resources/ResourcesGeneric/SolidFuel
[LOG 11:24:50.392] Config(RESOURCE_DEFINITION) Squad/Resources/ResourcesGeneric/MonoPropellant
[LOG 11:24:50.392] Config(RESOURCE_DEFINITION) Squad/Resources/ResourcesGeneric/XenonGas
[LOG 11:24:50.392] Config(RESOURCE_DEFINITION) Squad/Resources/ResourcesGeneric/ElectricCharge
[LOG 11:24:50.392] Config(RESOURCE_DEFINITION) Squad/Resources/ResourcesGeneric/IntakeAir
[LOG 11:24:50.392] Config(RESOURCE_DEFINITION) Squad/Resources/ResourcesGeneric/EVA Propellant
[LOG 11:24:50.392] Config(RESOURCE_DEFINITION) Squad/Resources/ResourcesGeneric/Ore
[LOG 11:24:50.392] Config(RESOURCE_DEFINITION) Squad/Resources/ResourcesGeneric/Ablator
[LOG 11:24:50.392] Config(EXPERIMENT_DEFINITION) Squad/Resources/ScienceDefs/EXPERIMENT_DEFINITION
[LOG 11:24:50.392] Config(EXPERIMENT_DEFINITION) Squad/Resources/ScienceDefs/EXPERIMENT_DEFINITION
[LOG 11:24:50.392] Config(EXPERIMENT_DEFINITION) Squad/Resources/ScienceDefs/EXPERIMENT_DEFINITION
[LOG 11:24:50.392] Config(EXPERIMENT_DEFINITION) Squad/Resources/ScienceDefs/EXPERIMENT_DEFINITION
[LOG 11:24:50.392] Config(EXPERIMENT_DEFINITION) Squad/Resources/ScienceDefs/EXPERIMENT_DEFINITION
[LOG 11:24:50.392] Config(EXPERIMENT_DEFINITION) Squad/Resources/ScienceDefs/EXPERIMENT_DEFINITION
[LOG 11:24:50.392] Config(EXPERIMENT_DEFINITION) Squad/Resources/ScienceDefs/EXPERIMENT_DEFINITION
[LOG 11:24:50.392] Config(EXPERIMENT_DEFINITION) Squad/Resources/ScienceDefs/EXPERIMENT_DEFINITION
[LOG 11:24:50.392] Config(EXPERIMENT_DEFINITION) Squad/Resources/ScienceDefs/EXPERIMENT_DEFINITION
[LOG 11:24:50.392] Config(EXPERIMENT_DEFINITION) Squad/Resources/ScienceDefs/EXPERIMENT_DEFINITION
[LOG 11:24:50.392] Config(EXPERIMENT_DEFINITION) Squad/Resources/ScienceDefs/EXPERIMENT_DEFINITION
[LOG 11:24:50.392] Config(EXPERIMENT_DEFINITION) Squad/Resources/ScienceDefs/EXPERIMENT_DEFINITION
[LOG 11:24:50.392] Config(EXPERIMENT_DEFINITION) Squad/Resources/ScienceDefs/EXPERIMENT_DEFINITION
[LOG 11:24:50.393] Config(EXPERIMENT_DEFINITION) Squad/Resources/ScienceDefs/EXPERIMENT_DEFINITION
[LOG 11:24:50.393] Config(EXPERIMENT_DEFINITION) Squad/Resources/ScienceDefs/EXPERIMENT_DEFINITION
[LOG 11:24:50.393] Config(EXPERIMENT_DEFINITION) Squad/Resources/ScienceDefs/EXPERIMENT_DEFINITION
[LOG 11:24:50.393] Config(EXPERIMENT_DEFINITION) Squad/Resources/ScienceDefs/EXPERIMENT_DEFINITION
[LOG 11:24:50.393] Config(EXPERIMENT_DEFINITION) Squad/Resources/ScienceDefs/EXPERIMENT_DEFINITION
[LOG 11:24:50.393] Config(STORY_DEF) Squad/Resources/StoryDefs/STORY_DEF
[LOG 11:24:50.393] Config(TechTree) Squad/Resources/TechTree/TechTree
[LOG 11:24:50.393] Config(INTERNAL) Squad/Spaces/crewCabinInternals/internal/crewCabinInternals
[LOG 11:24:50.393] Config(INTERNAL) Squad/Spaces/cupolaInternal/internal/cupolaInternal
[LOG 11:24:50.393] Config(INTERNAL) Squad/Spaces/GenericSpace1/internal/GenericSpace1
[LOG 11:24:50.393] Config(INTERNAL) Squad/Spaces/GenericSpace3/internal/GenericSpace3
[LOG 11:24:50.393] Config(INTERNAL) Squad/Spaces/landerCabinInternals/internal/landerCabinInternals
[LOG 11:24:50.393] Config(INTERNAL) Squad/Spaces/landerCabinSmallInternal/internal/landerCabinSmallInternal
[LOG 11:24:50.393] Config(INTERNAL) Squad/Spaces/LargeCrewedLabInternals/internal/Mobile_Processing_Lab_Int
[LOG 11:24:50.393] Config(INTERNAL) Squad/Spaces/Mk1-3/internal/Mk1-3
[LOG 11:24:50.393] Config(INTERNAL) Squad/Spaces/mk1CabinInternal/internal/mk1CabinInternal
[LOG 11:24:50.393] Config(INTERNAL) Squad/Spaces/mk1CockpitInternal/internal/mk1CockpitInternal
[LOG 11:24:50.393] Config(INTERNAL) Squad/Spaces/mk1InlineInternal/internal/mk1InlineInternal
[LOG 11:24:50.393] Config(INTERNAL) Squad/Spaces/mk1PodCockpit/internal/mk1PodCockpit
[LOG 11:24:50.393] Config(INTERNAL) Squad/Spaces/mk1pod_IVA/mk1pod_Internal/mk1pod_IVA
[LOG 11:24:50.393] Config(INTERNAL) Squad/Spaces/mk2CockpitStandardInternal/internal/mk2CockpitStandardInternals
[LOG 11:24:50.393] Config(INTERNAL) Squad/Spaces/Mk2CrewCabinInternal/internal_MK2_CrewCab/MK2_CrewCab_Int
[LOG 11:24:50.393] Config(INTERNAL) Squad/Spaces/mk2InlineInternal/internal/mk2InlineInternal
[LOG 11:24:50.393] Config(INTERNAL) Squad/Spaces/mk2LanderCanInternal/internal/mk2LanderCanInternal
[LOG 11:24:50.394] Config(INTERNAL) Squad/Spaces/MK3CockpitInternal/internal_MK3/MK3_Cockpit_Int
[LOG 11:24:50.394] Config(INTERNAL) Squad/Spaces/MK3_CrewCab_Int/internal_MK3_CrewCab/MK3_CrewCab_Int
[LOG 11:24:50.394] Config(INTERNAL) Squad/Spaces/Placeholder/internal/Placeholder
[LOG 11:24:50.394] Config(INTERNAL) Squad/Spaces/PodCockpit/internal/PodCockpit
[LOG 11:24:50.394] Config(STRATEGY_DEPARTMENT) Squad/Strategies/Departments/Finances
[LOG 11:24:50.394] Config(STRATEGY_DEPARTMENT) Squad/Strategies/Departments/Science
[LOG 11:24:50.394] Config(STRATEGY_DEPARTMENT) Squad/Strategies/Departments/Public Relations
[LOG 11:24:50.394] Config(STRATEGY_DEPARTMENT) Squad/Strategies/Departments/Operations
[LOG 11:24:50.394] Config(STRATEGY) Squad/Strategies/Strategies/AppreciationCampaignCfg
[LOG 11:24:50.394] Config(STRATEGY) Squad/Strategies/Strategies/FundraisingCampaignCfg
[LOG 11:24:50.394] Config(STRATEGY) Squad/Strategies/Strategies/OpenSourceTechProgramCfg
[LOG 11:24:50.394] Config(STRATEGY) Squad/Strategies/Strategies/UnpaidResearchProgramCfg
[LOG 11:24:50.394] Config(STRATEGY) Squad/Strategies/Strategies/OutsourcedResearchCfg
[LOG 11:24:50.394] Config(STRATEGY) Squad/Strategies/Strategies/PatentsLicensingCfg
[LOG 11:24:50.394] Config(STRATEGY) Squad/Strategies/Strategies/AgressiveNegotiations
[LOG 11:24:50.394] Config(STRATEGY) Squad/Strategies/Strategies/RecoveryTransponders
[LOG 11:24:50.394] Config(STRATEGY) Squad/Strategies/Strategies/BailoutGrant
[LOG 11:24:50.394] Config(STRATEGY) Squad/Strategies/Strategies/researchIPsellout
[LOG 11:24:50.394] Config(STRATEGY) Squad/Strategies/Strategies/LeadershipInitiative
[LOG 11:24:50.394] Config(TUTORIAL) Squad/Tutorials/FlightSuborbital/FlightSuborbital
[LOG 11:24:50.394] Config(TUTORIAL) Squad/Tutorials/FromMun/FromMun
[LOG 11:24:50.394] Config(TUTORIAL) Squad/Tutorials/GoForOrbit/GoForOrbit
[LOG 11:24:50.394] Config(MISSIONPACK) SquadExpansion/MakingHistory/Missions/MissionPacks/squad_MakingHistory
[LOG 11:24:50.394] Config(MISSIONPACK) SquadExpansion/MakingHistory/Missions/MissionPacks/squad_MakingHistory_Other
[LOG 11:24:50.394] Config(MISSIONPACK) SquadExpansion/MakingHistory/Missions/MissionPacks/squad_MakingHistory_Tutorial
[LOG 11:24:50.395] Config(MEBASICNODE) SquadExpansion/MakingHistory/Nodes/AccuracyLogic/TestAccuracyLogic
[LOG 11:24:50.395] Config(MEBASICNODE) SquadExpansion/MakingHistory/Nodes/ActionChancePartResourceLevels/ActionPartResourceAmount
[LOG 11:24:50.395] Config(MEBASICNODE) SquadExpansion/MakingHistory/Nodes/ActionExplode/ActionVesselExplode
[LOG 11:24:50.395] Config(MEBASICNODE) SquadExpansion/MakingHistory/Nodes/ActionMissionScore/MissionScore
[LOG 11:24:50.395] Config(MEBASICNODE) SquadExpansion/MakingHistory/Nodes/ActionModifierFunds/ModifyFunds
[LOG 11:24:50.395] Config(MEBASICNODE) SquadExpansion/MakingHistory/Nodes/ActionModifierScore/MissionScore
[LOG 11:24:50.395] Config(MEBASICNODE) SquadExpansion/MakingHistory/Nodes/ActionPartExplode/ActionPartExplode
[LOG 11:24:50.395] Config(MEBASICNODE) SquadExpansion/MakingHistory/Nodes/ActionPartResourceDrain/ActionPartResourceDrain
[LOG 11:24:50.395] Config(MEBASICNODE) SquadExpansion/MakingHistory/Nodes/ActionVesselActionGroup/ActionVesselActionGroup
[LOG 11:24:50.395] Config(MEBASICNODE) SquadExpansion/MakingHistory/Nodes/ActionVesselStage/ActionVesselStage
[LOG 11:24:50.395] Config(MEBASICNODE) SquadExpansion/MakingHistory/Nodes/CreateAsteroid/CreateAsteroid
[LOG 11:24:50.395] Config(MEBASICNODE) SquadExpansion/MakingHistory/Nodes/CreateComet/CreateComet
[LOG 11:24:50.395] Config(MEBASICNODE) SquadExpansion/MakingHistory/Nodes/CreateFlag/CreateFlag
[LOG 11:24:50.395] Config(MEBASICNODE) SquadExpansion/MakingHistory/Nodes/CreateLaunchSite/CreateLaunchSite
[LOG 11:24:50.395] Config(MEBASICNODE) SquadExpansion/MakingHistory/Nodes/CreateVessel/CreateVessel
[LOG 11:24:50.395] Config(MEBASICNODE) SquadExpansion/MakingHistory/Nodes/CrewAssignment/TestCrewAssignment
[LOG 11:24:50.395] Config(MEBASICNODE) SquadExpansion/MakingHistory/Nodes/Destroyed/Crashed
[LOG 11:24:50.395] Config(MEBASICNODE) SquadExpansion/MakingHistory/Nodes/DialogMessage/DialogMessage
[LOG 11:24:50.395] Config(MEBASICNODE) SquadExpansion/MakingHistory/Nodes/Distance/Distance
[LOG 11:24:50.395] Config(MEBASICNODE) SquadExpansion/MakingHistory/Nodes/EmptyFalse/EmptyFalse
[LOG 11:24:50.395] Config(MEBASICNODE) SquadExpansion/MakingHistory/Nodes/EmptyTrue/EmptyTrue
[LOG 11:24:50.395] Config(MEBASICNODE) SquadExpansion/MakingHistory/Nodes/EscapeSOI/SOILeft
[LOG 11:24:50.395] Config(MEBASICNODE) SquadExpansion/MakingHistory/Nodes/EVA/EVA
[LOG 11:24:50.395] Config(MEBASICNODE) SquadExpansion/MakingHistory/Nodes/Flying/Flying
[LOG 11:24:50.396] Config(MEBASICNODE) SquadExpansion/MakingHistory/Nodes/FundsRecovery/FundsRecovery
[LOG 11:24:50.396] Config(MEBASICNODE) SquadExpansion/MakingHistory/Nodes/KerbalBoarded/TestKerbalBoarded
[LOG 11:24:50.396] Config(MEBASICNODE) SquadExpansion/MakingHistory/Nodes/KerbalKilled/EVA
[LOG 11:24:50.396] Config(MEBASICNODE) SquadExpansion/MakingHistory/Nodes/KerbalRecovery/KerbalRecovery
[LOG 11:24:50.396] Config(MEBASICNODE) SquadExpansion/MakingHistory/Nodes/KerbalRescue/KerbalRescue
[LOG 11:24:50.396] Config(MEBASICNODE) SquadExpansion/MakingHistory/Nodes/Landed/Landed
[LOG 11:24:50.396] Config(MEBASICNODE) SquadExpansion/MakingHistory/Nodes/Message/Message
[LOG 11:24:50.396] Config(MEBASICNODE) SquadExpansion/MakingHistory/Nodes/MissionFunds/MissionFunds
[LOG 11:24:50.396] Config(MEBASICNODE) SquadExpansion/MakingHistory/Nodes/MissionScore/MissionScore
[LOG 11:24:50.396] Config(MEBASICNODE) SquadExpansion/MakingHistory/Nodes/Orbit/Orbit
[LOG 11:24:50.396] Config(MEBASICNODE) SquadExpansion/MakingHistory/Nodes/OrbitParams/OrbitParams
[LOG 11:24:50.396] Config(MEBASICNODE) SquadExpansion/MakingHistory/Nodes/PartDocking/TestPartDocking
[LOG 11:24:50.396] Config(MEBASICNODE) SquadExpansion/MakingHistory/Nodes/PartFailure/PartFailure
[LOG 11:24:50.396] Config(MEBASICNODE) SquadExpansion/MakingHistory/Nodes/PartGrapple/TestGrapple
[LOG 11:24:50.396] Config(MEBASICNODE) SquadExpansion/MakingHistory/Nodes/PartRepair/PartRepair
[LOG 11:24:50.396] Config(MEBASICNODE) SquadExpansion/MakingHistory/Nodes/PlaceKerbal/CreateKerbal
[LOG 11:24:50.396] Config(MEBASICNODE) SquadExpansion/MakingHistory/Nodes/PlantFlag/PlantFlag
[LOG 11:24:50.396] Config(MEBASICNODE) SquadExpansion/MakingHistory/Nodes/ReachSOI/ReachSOI
[LOG 11:24:50.396] Config(MEBASICNODE) SquadExpansion/MakingHistory/Nodes/Resource/ResourceAmount
[LOG 11:24:50.396] Config(MEBASICNODE) SquadExpansion/MakingHistory/Nodes/ResourceRecovery/TestResourcesRecovery
[LOG 11:24:50.396] Config(MEBASICNODE) SquadExpansion/MakingHistory/Nodes/ScienceExperiment/ScienceExperiment
[LOG 11:24:50.396] Config(MEBASICNODE) SquadExpansion/MakingHistory/Nodes/SetCamera/SetCamera
[LOG 11:24:50.396] Config(MEBASICNODE) SquadExpansion/MakingHistory/Nodes/SplashDown/SplashDown
[LOG 11:24:50.396] Config(MEBASICNODE) SquadExpansion/MakingHistory/Nodes/StageActivated/TestVesselStageActivated
[LOG 11:24:50.396] Config(MEBASICNODE) SquadExpansion/MakingHistory/Nodes/TakeKerbal/TestTakeKerbal
[LOG 11:24:50.396] Config(MEBASICNODE) SquadExpansion/MakingHistory/Nodes/TestFlyThrough/TestFlyThrough
[LOG 11:24:50.396] Config(MEBASICNODE) SquadExpansion/MakingHistory/Nodes/TestGoTo/TestGoTo
[LOG 11:24:50.397] Config(MEBASICNODE) SquadExpansion/MakingHistory/Nodes/TimeMET/TimeMET
[LOG 11:24:50.397] Config(MEBASICNODE) SquadExpansion/MakingHistory/Nodes/TimeOfMission/TimeOfMission
[LOG 11:24:50.397] Config(MEBASICNODE) SquadExpansion/MakingHistory/Nodes/TimeSinceNode/TestTimeSinceNode
[LOG 11:24:50.397] Config(MEBASICNODE) SquadExpansion/MakingHistory/Nodes/VesselActiveCount/TestVesselActiveCount
[LOG 11:24:50.397] Config(MEBASICNODE) SquadExpansion/MakingHistory/Nodes/VesselAltitudeGoal/VesselAltitudeGoal
[LOG 11:24:50.397] Config(MEBASICNODE) SquadExpansion/MakingHistory/Nodes/VesselCrewCount/VeselCrewCount
[LOG 11:24:50.397] Config(MEBASICNODE) SquadExpansion/MakingHistory/Nodes/VesselMassLogic/VesselMass
[LOG 11:24:50.397] Config(MEBASICNODE) SquadExpansion/MakingHistory/Nodes/VesselPartCount/PartCount
[LOG 11:24:50.397] Config(MEBASICNODE) SquadExpansion/MakingHistory/Nodes/VesselRecovery/TestVesselRecovery
[LOG 11:24:50.397] Config(MEBASICNODE) SquadExpansion/MakingHistory/Nodes/VesselStage/TestVesselStage
[LOG 11:24:50.397] Config(MEBASICNODE) SquadExpansion/MakingHistory/Nodes/VesselVelocity/VesselVelocity
[LOG 11:24:50.397] Config(PART) SquadExpansion/MakingHistory/Parts/Aero/protectiveRocketNoseMk16/rocketNoseCone_size4/rocketNoseConeSize4
[LOG 11:24:50.397] Config(PART) SquadExpansion/MakingHistory/Parts/Aero/protectiveRocketNoseMk5A/Size_1_5_Cone/Size_1_5_Cone
[LOG 11:24:50.397] Config(PART) SquadExpansion/MakingHistory/Parts/Coupling/Decoupler_1p5/Decoupler_1p5
[LOG 11:24:50.397] Config(PART) SquadExpansion/MakingHistory/Parts/Coupling/Decoupler_4/Decoupler_4
[LOG 11:24:50.397] Config(PART) SquadExpansion/MakingHistory/Parts/Coupling/EnginePlate_1p5/EnginePlate1p5
[LOG 11:24:50.397] Config(PART) SquadExpansion/MakingHistory/Parts/Coupling/EnginePlate_2/EnginePlate2
[LOG 11:24:50.397] Config(PART) SquadExpansion/MakingHistory/Parts/Coupling/EnginePlate_3/EnginePlate3
[LOG 11:24:50.397] Config(PART) SquadExpansion/MakingHistory/Parts/Coupling/EnginePlate_4/EnginePlate4
[LOG 11:24:50.397] Config(PART) SquadExpansion/MakingHistory/Parts/Coupling/EnginePlate_5/EnginePlate5
[LOG 11:24:50.397] Config(PART) SquadExpansion/MakingHistory/Parts/Coupling/InflatableAirlock/InflatableAirlock
[LOG 11:24:50.397] Config(PART) SquadExpansion/MakingHistory/Parts/Coupling/Separator_1p5/Separator_1p5
[LOG 11:24:50.397] Config(PART) SquadExpansion/MakingHistory/Parts/Coupling/Separator_4/Separator_4
[LOG 11:24:50.397] Config(PART) SquadExpansion/MakingHistory/Parts/Coupling/Size1p5_Strut_Decoupler/Size1p5_Strut_Decoupler
[LOG 11:24:50.397] Config(PART) SquadExpansion/MakingHistory/Parts/Engine/LiquidEngineKE-1/LiquidEngineKE-1
[LOG 11:24:50.398] Config(PART) SquadExpansion/MakingHistory/Parts/Engine/LiquidEngineLV-T91/LiquidEngineLV-T91
[LOG 11:24:50.398] Config(PART) SquadExpansion/MakingHistory/Parts/Engine/LiquidEngineLV-TX87/LiquidEngineLV-TX87
[LOG 11:24:50.398] Config(PART) SquadExpansion/MakingHistory/Parts/Engine/LiquidEngineRE-I2/LiquidEngineRE-I2
[LOG 11:24:50.398] Config(PART) SquadExpansion/MakingHistory/Parts/Engine/LiquidEngineRE-J10/LiquidEngineRE-J10
[LOG 11:24:50.398] Config(PART) SquadExpansion/MakingHistory/Parts/Engine/LiquidEngineRK-7/LiquidEngineRK-7
[LOG 11:24:50.398] Config(PART) SquadExpansion/MakingHistory/Parts/Engine/LiquidEngineRV-1/LiquidEngineRV-1
[LOG 11:24:50.398] Config(PART) SquadExpansion/MakingHistory/Parts/Engine/solidBoosterTHK/solidBoosterTHK/Pollux
[LOG 11:24:50.398] Config(PART) SquadExpansion/MakingHistory/Parts/FuelTank/MonoPropMini/monopropMiniSphere
[LOG 11:24:50.398] Config(PART) SquadExpansion/MakingHistory/Parts/FuelTank/Size1p5_Monoprop/Size1p5_Monoprop
[LOG 11:24:50.398] Config(PART) SquadExpansion/MakingHistory/Parts/FuelTank/Size1p5_Size0_Adapter_01/Size1p5_Size0_Adapter_01
[LOG 11:24:50.398] Config(PART) SquadExpansion/MakingHistory/Parts/FuelTank/Size1p5_Size1_Adapter_01/Size1p5_Size1_Adapter_01
[LOG 11:24:50.398] Config(PART) SquadExpansion/MakingHistory/Parts/FuelTank/Size1p5_Size1_Adapter_02/Size1p5_Size1_Adapter_02
[LOG 11:24:50.398] Config(PART) SquadExpansion/MakingHistory/Parts/FuelTank/Size1p5_Size2_Adapter_01/Size1p5_Size2_Adapter_01
[LOG 11:24:50.398] Config(PART) SquadExpansion/MakingHistory/Parts/FuelTank/Size1p5_Tank_01/Size1p5_Tank_01
[LOG 11:24:50.398] Config(PART) SquadExpansion/MakingHistory/Parts/FuelTank/Size1p5_Tank_02/Size1p5_Tank_02
[LOG 11:24:50.398] Config(PART) SquadExpansion/MakingHistory/Parts/FuelTank/Size1p5_Tank_03/Size1p5_Tank_03
[LOG 11:24:50.398] Config(PART) SquadExpansion/MakingHistory/Parts/FuelTank/Size1p5_Tank_04/Size1p5_Tank_04
[LOG 11:24:50.398] Config(PART) SquadExpansion/MakingHistory/Parts/FuelTank/Size1p5_Tank_05/Size1p5_Tank_05
[LOG 11:24:50.398] Config(PART) SquadExpansion/MakingHistory/Parts/FuelTank/Size3_Size4_Adapter_01/Size3_Size4_Adapter_01
[LOG 11:24:50.398] Config(PART) SquadExpansion/MakingHistory/Parts/FuelTank/Size4_EngineAdapter_01/Size4_EngineAdapter_01
[LOG 11:24:50.398] Config(PART) SquadExpansion/MakingHistory/Parts/FuelTank/Size4_Tank_01/Size4_Tank_01
[LOG 11:24:50.398] Config(PART) SquadExpansion/MakingHistory/Parts/FuelTank/Size4_Tank_02/Size4_Tank_02
[LOG 11:24:50.398] Config(PART) SquadExpansion/MakingHistory/Parts/FuelTank/Size4_Tank_03/Size4_Tank_03
[LOG 11:24:50.398] Config(PART) SquadExpansion/MakingHistory/Parts/FuelTank/Size4_Tank_04/Size4_Tank_04
[LOG 11:24:50.398] Config(PART) SquadExpansion/MakingHistory/Parts/Ground/RoverWheel/roverWheelM1-F
[LOG 11:24:50.398] Config(PART) SquadExpansion/MakingHistory/Parts/Payload/fairingSize1p5/fairingSize1p5
[LOG 11:24:50.399] Config(PART) SquadExpansion/MakingHistory/Parts/Payload/fairingSize4/fairingSize4
[LOG 11:24:50.399] Config(PART) SquadExpansion/MakingHistory/Parts/Payload/Size1to0ServiceModule/Size1to0ServiceModule
[LOG 11:24:50.399] Config(PART) SquadExpansion/MakingHistory/Parts/Payload/SM18/ServiceModule18
[LOG 11:24:50.399] Config(PART) SquadExpansion/MakingHistory/Parts/Payload/SM25/ServiceModule25
[LOG 11:24:50.399] Config(PART) SquadExpansion/MakingHistory/Parts/Pods/KV1Pod/kv1Pod
[LOG 11:24:50.399] Config(PART) SquadExpansion/MakingHistory/Parts/Pods/KV2Pod/kv2Pod
[LOG 11:24:50.399] Config(PART) SquadExpansion/MakingHistory/Parts/Pods/KV3Pod/kv3Pod
[LOG 11:24:50.399] Config(PART) SquadExpansion/MakingHistory/Parts/Pods/Mk2Pod/Mk2Pod
[LOG 11:24:50.399] Config(PART) SquadExpansion/MakingHistory/Parts/Pods/Size1_5_Lander/MEMLander
[LOG 11:24:50.399] Config(PART) SquadExpansion/MakingHistory/Parts/Prebuilt/kerbalEVAfemaleVintage/kerbalEVAfemaleVintage
[LOG 11:24:50.399] Config(PART) SquadExpansion/MakingHistory/Parts/Prebuilt/kerbalEVAVintage/kerbalEVAVintage
[LOG 11:24:50.399] Config(PART) SquadExpansion/MakingHistory/Parts/Structural/EquiTriangle0/EquiTriangle0
[LOG 11:24:50.399] Config(PART) SquadExpansion/MakingHistory/Parts/Structural/EquiTriangle1/EquiTriangle1
[LOG 11:24:50.399] Config(PART) SquadExpansion/MakingHistory/Parts/Structural/EquiTriangle1p5/EquiTriangle1p5
[LOG 11:24:50.399] Config(PART) SquadExpansion/MakingHistory/Parts/Structural/EquiTriangle2/EquiTriangle2
[LOG 11:24:50.399] Config(PART) SquadExpansion/MakingHistory/Parts/Structural/Panel0/Panel0
[LOG 11:24:50.399] Config(PART) SquadExpansion/MakingHistory/Parts/Structural/Panel1/Panel1
[LOG 11:24:50.399] Config(PART) SquadExpansion/MakingHistory/Parts/Structural/Panel1p5/Panel1p5
[LOG 11:24:50.399] Config(PART) SquadExpansion/MakingHistory/Parts/Structural/Panel2/Panel2
[LOG 11:24:50.399] Config(PART) SquadExpansion/MakingHistory/Parts/Structural/Triangle0/Triangle0
[LOG 11:24:50.399] Config(PART) SquadExpansion/MakingHistory/Parts/Structural/Triangle1/Triangle1
[LOG 11:24:50.399] Config(PART) SquadExpansion/MakingHistory/Parts/Structural/Triangle1p5/Triangle1p5
[LOG 11:24:50.399] Config(PART) SquadExpansion/MakingHistory/Parts/Structural/Triangle2/Triangle2
[LOG 11:24:50.399] Config(PART) SquadExpansion/MakingHistory/Parts/Structural/Tube1/Tube1
[LOG 11:24:50.400] Config(PART) SquadExpansion/MakingHistory/Parts/Structural/Tube1p5/Tube1p5
[LOG 11:24:50.400] Config(PART) SquadExpansion/MakingHistory/Parts/Structural/Tube2/Tube2
[LOG 11:24:50.400] Config(PART) SquadExpansion/MakingHistory/Parts/Structural/Tube3/Tube3
[LOG 11:24:50.400] Config(PART) SquadExpansion/MakingHistory/Parts/Structural/Tube4/Tube4
[LOG 11:24:50.400] Config(PART) SquadExpansion/MakingHistory/Parts/Thermal/HeatShield1p5/HeatShield1p5
[LOG 11:24:50.400] Config(PART) SquadExpansion/MakingHistory/Parts/Utility/flags/flagSize1p5/flagSize1p5/flagPartSize1p5
[LOG 11:24:50.400] Config(PART) SquadExpansion/MakingHistory/Parts/Utility/flags/flagSize4/flagSize4/flagPartSize4
[LOG 11:24:50.400] Config(INTERNAL) SquadExpansion/MakingHistory/Spaces/KVPods/Airlock_Internal/Airlock_IVA
[LOG 11:24:50.400] Config(INTERNAL) SquadExpansion/MakingHistory/Spaces/KVPods/KV1_Internal/KV1_IVA
[LOG 11:24:50.400] Config(INTERNAL) SquadExpansion/MakingHistory/Spaces/KVPods/KV2_Internal/KV2_IVA
[LOG 11:24:50.400] Config(INTERNAL) SquadExpansion/MakingHistory/Spaces/KVPods/KV3_Internal/KV3_IVA
[LOG 11:24:50.400] Config(INTERNAL) SquadExpansion/MakingHistory/Spaces/MEM/MEM_IVA/MEM_IVA
[LOG 11:24:50.400] Config(INTERNAL) SquadExpansion/MakingHistory/Spaces/Mk2Pod/Mk2Pod_Internal/MK2POD_IVA
[LOG 11:24:50.400] Config(Contracts) SquadExpansion/Serenity/Contracts/contracts/Contracts
[LOG 11:24:50.400] Config(EXPERIENCE_TRAIT) SquadExpansion/Serenity/Experience/Traits/Engineer
[LOG 11:24:50.400] Config(EXPERIENCE_TRAIT) SquadExpansion/Serenity/Experience/Traits/Scientist
[LOG 11:24:50.400] Config(Localization) SquadExpansion/Serenity/Localization/dictionary/Localization
[LOG 11:24:50.400] Config(PART) SquadExpansion/Serenity/Parts/Aero/FanShroud_01/FanShroud_01
[LOG 11:24:50.400] Config(PART) SquadExpansion/Serenity/Parts/Aero/FanShroud_02/FanShroud_02
[LOG 11:24:50.400] Config(PART) SquadExpansion/Serenity/Parts/Aero/FanShroud_03/FanShroud_03
[LOG 11:24:50.400] Config(PART) SquadExpansion/Serenity/Parts/Aero/noseconeTiny/noseconeTiny
[LOG 11:24:50.400] Config(PART) SquadExpansion/Serenity/Parts/Aero/noseconeVS/noseconeVS
[LOG 11:24:50.400] Config(PART) SquadExpansion/Serenity/Parts/DeployedScience/centralStation/DeployedCentralStation
[LOG 11:24:50.400] Config(PART) SquadExpansion/Serenity/Parts/DeployedScience/gooObservation/DeployedGoExOb
[LOG 11:24:50.401] Config(PART) SquadExpansion/Serenity/Parts/DeployedScience/ionCollector/DeployedIONExp
[LOG 11:24:50.401] Config(PART) SquadExpansion/Serenity/Parts/DeployedScience/rtg/DeployedRTG
[LOG 11:24:50.401] Config(PART) SquadExpansion/Serenity/Parts/DeployedScience/satDish/DeployedSatDish
[LOG 11:24:50.401] Config(PART) SquadExpansion/Serenity/Parts/DeployedScience/seismicSensor/DeployedSeismicSensor
[LOG 11:24:50.401] Config(PART) SquadExpansion/Serenity/Parts/DeployedScience/solarPanel/DeployedSolarPanel
[LOG 11:24:50.401] Config(PART) SquadExpansion/Serenity/Parts/DeployedScience/weatherStation/DeployedWeatherStn
[LOG 11:24:50.401] Config(PART) SquadExpansion/Serenity/Parts/Prebuilt/kerbalEVA/kerbalEVA
[LOG 11:24:50.401] Config(PART) SquadExpansion/Serenity/Parts/Prebuilt/kerbalEVAfemale/kerbalEVAfemale
[LOG 11:24:50.401] Config(PART) SquadExpansion/Serenity/Parts/Prebuilt/kerbalEVAfemaleFuture/kerbalEVAfemaleFuture
[LOG 11:24:50.401] Config(PART) SquadExpansion/Serenity/Parts/Prebuilt/kerbalEVAfemaleVintage/kerbalEVAfemaleVintage
[LOG 11:24:50.401] Config(PART) SquadExpansion/Serenity/Parts/Prebuilt/kerbalEVAFuture/kerbalEVAFuture
[LOG 11:24:50.401] Config(PART) SquadExpansion/Serenity/Parts/Prebuilt/kerbalEVASlimSuit/kerbalEVASlimSuit
[LOG 11:24:50.401] Config(PART) SquadExpansion/Serenity/Parts/Prebuilt/kerbalEVASlimSuitFemale/kerbalEVASlimSuitFemale
[LOG 11:24:50.401] Config(PART) SquadExpansion/Serenity/Parts/Prebuilt/kerbalEVAVintage/kerbalEVAVintage
[LOG 11:24:50.401] Config(PART) SquadExpansion/Serenity/Parts/Propellers/largeFanBlade/largeFanBlade
[LOG 11:24:50.401] Config(PART) SquadExpansion/Serenity/Parts/Propellers/largeHeliBlade/largeHeliBlade
[LOG 11:24:50.401] Config(PART) SquadExpansion/Serenity/Parts/Propellers/largePropeller/largePropeller
[LOG 11:24:50.401] Config(PART) SquadExpansion/Serenity/Parts/Propellers/mediumFanBlade/mediumFanBlade
[LOG 11:24:50.401] Config(PART) SquadExpansion/Serenity/Parts/Propellers/mediumHeliBlade/mediumHeliBlade
[LOG 11:24:50.401] Config(PART) SquadExpansion/Serenity/Parts/Propellers/mediumPropeller/mediumPropeller
[LOG 11:24:50.401] Config(PART) SquadExpansion/Serenity/Parts/Propellers/smallFanBlade/smallFanBlade
[LOG 11:24:50.401] Config(PART) SquadExpansion/Serenity/Parts/Propellers/smallHeliBlade/smallHeliBlade
[LOG 11:24:50.401] Config(PART) SquadExpansion/Serenity/Parts/Propellers/smallPropeller/smallPropeller
[LOG 11:24:50.401] Config(PART) SquadExpansion/Serenity/Parts/Robotics/hinge_01/hinge_01
[LOG 11:24:50.401] Config(PART) SquadExpansion/Serenity/Parts/Robotics/hinge_01_s/hinge_01_s
[LOG 11:24:50.402] Config(PART) SquadExpansion/Serenity/Parts/Robotics/hinge_03/hinge_03
[LOG 11:24:50.402] Config(PART) SquadExpansion/Serenity/Parts/Robotics/hinge_03_s/hinge_03_s
[LOG 11:24:50.402] Config(PART) SquadExpansion/Serenity/Parts/Robotics/hinge_04/hinge_04
[LOG 11:24:50.402] Config(PART) SquadExpansion/Serenity/Parts/Robotics/piston_01/piston_01
[LOG 11:24:50.402] Config(PART) SquadExpansion/Serenity/Parts/Robotics/piston_02/piston_02
[LOG 11:24:50.402] Config(PART) SquadExpansion/Serenity/Parts/Robotics/piston_03/piston_03
[LOG 11:24:50.402] Config(PART) SquadExpansion/Serenity/Parts/Robotics/piston_04/piston_04
[LOG 11:24:50.402] Config(PART) SquadExpansion/Serenity/Parts/Robotics/RotorEngine_02/RotorEngine_02
[LOG 11:24:50.402] Config(PART) SquadExpansion/Serenity/Parts/Robotics/RotorEngine_03/RotorEngine_03
[LOG 11:24:50.402] Config(PART) SquadExpansion/Serenity/Parts/Robotics/rotor_01/rotor_01
[LOG 11:24:50.402] Config(PART) SquadExpansion/Serenity/Parts/Robotics/rotor_01s/rotor_01s
[LOG 11:24:50.402] Config(PART) SquadExpansion/Serenity/Parts/Robotics/rotor_02/rotor_02
[LOG 11:24:50.402] Config(PART) SquadExpansion/Serenity/Parts/Robotics/rotor_02s/rotor_02s
[LOG 11:24:50.402] Config(PART) SquadExpansion/Serenity/Parts/Robotics/rotor_03/rotor_03
[LOG 11:24:50.402] Config(PART) SquadExpansion/Serenity/Parts/Robotics/rotor_03s/rotor_03s
[LOG 11:24:50.402] Config(PART) SquadExpansion/Serenity/Parts/Robotics/rotoServo_00/rotoServo_00
[LOG 11:24:50.402] Config(PART) SquadExpansion/Serenity/Parts/Robotics/rotoServo_02/rotoServo_02
[LOG 11:24:50.402] Config(PART) SquadExpansion/Serenity/Parts/Robotics/rotoServo_03/rotoServo_03
[LOG 11:24:50.402] Config(PART) SquadExpansion/Serenity/Parts/Robotics/rotoServo_04/rotoServo_04
[LOG 11:24:50.402] Config(PART) SquadExpansion/Serenity/Parts/Robotics/Controllers/KAL1000/controller1000
[LOG 11:24:50.402] Config(PART) SquadExpansion/Serenity/Parts/Science/RobotArmScanner/RobotArmScanner_S1/RobotArmScanner_S1
[LOG 11:24:50.402] Config(PART) SquadExpansion/Serenity/Parts/Science/RobotArmScanner/RobotArmScanner_S2/RobotArmScanner_S2
[LOG 11:24:50.402] Config(PART) SquadExpansion/Serenity/Parts/Science/RobotArmScanner/RobotArmScanner_S3/RobotArmScanner_S3
[LOG 11:24:50.402] Config(PART) SquadExpansion/Serenity/Parts/Structural/gripPads/lGripPad/lGripPad
[LOG 11:24:50.403] Config(PART) SquadExpansion/Serenity/Parts/Structural/gripPads/lGripStrip/lGripStrip
[LOG 11:24:50.403] Config(PART) SquadExpansion/Serenity/Parts/Structural/gripPads/mGripPad/mGripPad
[LOG 11:24:50.403] Config(PART) SquadExpansion/Serenity/Parts/Structural/gripPads/sGripPad/sGripPad
[LOG 11:24:50.403] Config(PART) SquadExpansion/Serenity/Parts/Structural/gripPads/sGripStrip/sGripStrip
[LOG 11:24:50.403] Config(DEPLOYEDSCIENCE) SquadExpansion/Serenity/Resources/DeployedScience/DEPLOYEDSCIENCE
[LOG 11:24:50.403] Config(PHYSICMATERIAL_DEFINITION) SquadExpansion/Serenity/Resources/PhysicsMaterials/MediumGrip
[LOG 11:24:50.403] Config(PHYSICMATERIAL_DEFINITION) SquadExpansion/Serenity/Resources/PhysicsMaterials/HighGrip
[LOG 11:24:50.403] Config(PHYSICMATERIAL_DEFINITION) SquadExpansion/Serenity/Resources/PhysicsMaterials/ExtremeGrip
[LOG 11:24:50.403] Config(PHYSICMATERIAL_DEFINITION) SquadExpansion/Serenity/Resources/PhysicsMaterials/LowGrip
[LOG 11:24:50.403] Config(PHYSICMATERIAL_DEFINITION) SquadExpansion/Serenity/Resources/PhysicsMaterials/Default
[LOG 11:24:50.403] Config(ROC_DEFINITION) SquadExpansion/Serenity/Resources/rocsdef/ROC_DEFINITION
[LOG 11:24:50.403] Config(ROC_DEFINITION) SquadExpansion/Serenity/Resources/rocsdef/ROC_DEFINITION
[LOG 11:24:50.403] Config(ROC_DEFINITION) SquadExpansion/Serenity/Resources/rocsdef/ROC_DEFINITION
[LOG 11:24:50.403] Config(ROC_DEFINITION) SquadExpansion/Serenity/Resources/rocsdef/ROC_DEFINITION
[LOG 11:24:50.403] Config(ROC_DEFINITION) SquadExpansion/Serenity/Resources/rocsdef/ROC_DEFINITION
[LOG 11:24:50.404] Config(ROC_DEFINITION) SquadExpansion/Serenity/Resources/rocsdef/ROC_DEFINITION
[LOG 11:24:50.404] Config(ROC_DEFINITION) SquadExpansion/Serenity/Resources/rocsdef/ROC_DEFINITION
[LOG 11:24:50.404] Config(ROC_DEFINITION) SquadExpansion/Serenity/Resources/rocsdef/ROC_DEFINITION
[LOG 11:24:50.404] Config(ROC_DEFINITION) SquadExpansion/Serenity/Resources/rocsdef/ROC_DEFINITION
[LOG 11:24:50.404] Config(ROC_DEFINITION) SquadExpansion/Serenity/Resources/rocsdef/ROC_DEFINITION
[LOG 11:24:50.404] Config(ROC_DEFINITION) SquadExpansion/Serenity/Resources/rocsdef/ROC_DEFINITION
[LOG 11:24:50.404] Config(ROC_DEFINITION) SquadExpansion/Serenity/Resources/rocsdef/ROC_DEFINITION
[LOG 11:24:50.404] Config(ROC_DEFINITION) SquadExpansion/Serenity/Resources/rocsdef/ROC_DEFINITION
[LOG 11:24:50.404] Config(ROC_DEFINITION) SquadExpansion/Serenity/Resources/rocsdef/ROC_DEFINITION
[LOG 11:24:50.404] Config(ROC_DEFINITION) SquadExpansion/Serenity/Resources/rocsdef/ROC_DEFINITION
[LOG 11:24:50.404] Config(ROC_DEFINITION) SquadExpansion/Serenity/Resources/rocsdef/ROC_DEFINITION
[LOG 11:24:50.404] Config(ROC_DEFINITION) SquadExpansion/Serenity/Resources/rocsdef/ROC_DEFINITION
[LOG 11:24:50.404] Config(ROC_DEFINITION) SquadExpansion/Serenity/Resources/rocsdef/ROC_DEFINITION
[LOG 11:24:50.404] Config(ROC_DEFINITION) SquadExpansion/Serenity/Resources/rocsdef/ROC_DEFINITION
[LOG 11:24:50.404] Config(ROC_DEFINITION) SquadExpansion/Serenity/Resources/rocsdef/ROC_DEFINITION
[LOG 11:24:50.404] Config(ROC_DEFINITION) SquadExpansion/Serenity/Resources/rocsdef/ROC_DEFINITION
[LOG 11:24:50.404] Config(ROC_DEFINITION) SquadExpansion/Serenity/Resources/rocsdef/ROC_DEFINITION
[LOG 11:24:50.404] Config(ROC_DEFINITION) SquadExpansion/Serenity/Resources/rocsdef/ROC_DEFINITION
[LOG 11:24:50.404] Config(ROC_DEFINITION) SquadExpansion/Serenity/Resources/rocsdef/ROC_DEFINITION
[LOG 11:24:50.404] Config(ROC_DEFINITION) SquadExpansion/Serenity/Resources/rocsdef/ROC_DEFINITION
[LOG 11:24:50.404] Config(ROC_DEFINITION) SquadExpansion/Serenity/Resources/rocsdef/ROC_DEFINITION
[LOG 11:24:50.404] Config(ROC_DEFINITION) SquadExpansion/Serenity/Resources/rocsdef/ROC_DEFINITION
[LOG 11:24:50.404] Config(ROC_DEFINITION) SquadExpansion/Serenity/Resources/rocsdef/ROC_DEFINITION
[LOG 11:24:50.404] Config(ROC_DEFINITION) SquadExpansion/Serenity/Resources/rocsdef/ROC_DEFINITION
[LOG 11:24:50.404] Config(ROC_DEFINITION) SquadExpansion/Serenity/Resources/rocsdef/ROC_DEFINITION
[LOG 11:24:50.404] Config(ROC_DEFINITION) SquadExpansion/Serenity/Resources/rocsdef/ROC_DEFINITION
[LOG 11:24:50.404] Config(ROC_DEFINITION) SquadExpansion/Serenity/Resources/rocsdef/ROC_DEFINITION
[LOG 11:24:50.404] Config(ROC_DEFINITION) SquadExpansion/Serenity/Resources/rocsdef/ROC_DEFINITION
[LOG 11:24:50.405] Config(ROC_DEFINITION) SquadExpansion/Serenity/Resources/rocsdef/ROC_DEFINITION
[LOG 11:24:50.405] Config(EXPERIMENT_DEFINITION) SquadExpansion/Serenity/Resources/ScienceDefs/EXPERIMENT_DEFINITION
[LOG 11:24:50.405] Config(EXPERIMENT_DEFINITION) SquadExpansion/Serenity/Resources/ScienceDefs/EXPERIMENT_DEFINITION
[LOG 11:24:50.405] Config(EXPERIMENT_DEFINITION) SquadExpansion/Serenity/Resources/ScienceDefs/EXPERIMENT_DEFINITION
[LOG 11:24:50.405] Config(EXPERIMENT_DEFINITION) SquadExpansion/Serenity/Resources/ScienceDefs/EXPERIMENT_DEFINITION
[LOG 11:24:50.405] Config(EXPERIMENT_DEFINITION) SquadExpansion/Serenity/Resources/ScienceDefs/EXPERIMENT_DEFINITION
[LOG 11:24:50.405] Config(EXPERIMENT_DEFINITION) SquadExpansion/Serenity/Resources/ScienceDefs/EXPERIMENT_DEFINITION
[LOG 11:24:50.405] Config(EXPERIMENT_DEFINITION) SquadExpansion/Serenity/Resources/ScienceDefs/EXPERIMENT_DEFINITION
[LOG 11:24:50.405] Config(EXPERIMENT_DEFINITION) SquadExpansion/Serenity/Resources/ScienceDefs/EXPERIMENT_DEFINITION
[LOG 11:24:50.405] Config(EXPERIMENT_DEFINITION) SquadExpansion/Serenity/Resources/ScienceDefs/EXPERIMENT_DEFINITION
[LOG 11:24:50.405] Config(EXPERIMENT_DEFINITION) SquadExpansion/Serenity/Resources/ScienceDefs/EXPERIMENT_DEFINITION
[LOG 11:24:50.405] Config(EXPERIMENT_DEFINITION) SquadExpansion/Serenity/Resources/ScienceDefs/EXPERIMENT_DEFINITION
[LOG 11:24:50.405] Config(EXPERIMENT_DEFINITION) SquadExpansion/Serenity/Resources/ScienceDefs/EXPERIMENT_DEFINITION
[LOG 11:24:50.405] Config(EXPERIMENT_DEFINITION) SquadExpansion/Serenity/Resources/ScienceDefs/EXPERIMENT_DEFINITION
[LOG 11:24:50.405] Config(EXPERIMENT_DEFINITION) SquadExpansion/Serenity/Resources/ScienceDefs/EXPERIMENT_DEFINITION
[LOG 11:24:50.405] Config(EXPERIMENT_DEFINITION) SquadExpansion/Serenity/Resources/ScienceDefs/EXPERIMENT_DEFINITION
[LOG 11:24:50.405] Config(EXPERIMENT_DEFINITION) SquadExpansion/Serenity/Resources/ScienceDefs/EXPERIMENT_DEFINITION
[LOG 11:24:50.405] Config(EXPERIMENT_DEFINITION) SquadExpansion/Serenity/Resources/ScienceDefs/EXPERIMENT_DEFINITION
[LOG 11:24:50.405] Config(EXPERIMENT_DEFINITION) SquadExpansion/Serenity/Resources/ScienceDefs/EXPERIMENT_DEFINITION
[LOG 11:24:50.405] Config(EXPERIMENT_DEFINITION) SquadExpansion/Serenity/Resources/ScienceDefs/EXPERIMENT_DEFINITION
[LOG 11:24:50.405] Config(EXPERIMENT_DEFINITION) SquadExpansion/Serenity/Resources/ScienceDefs/EXPERIMENT_DEFINITION
[LOG 11:24:50.405] Config(EXPERIMENT_DEFINITION) SquadExpansion/Serenity/Resources/ScienceDefs/EXPERIMENT_DEFINITION
[LOG 11:24:50.405] Config(EXPERIMENT_DEFINITION) SquadExpansion/Serenity/Resources/ScienceDefs/EXPERIMENT_DEFINITION
[LOG 11:24:50.405] Config(EXPERIMENT_DEFINITION) SquadExpansion/Serenity/Resources/ScienceDefs/EXPERIMENT_DEFINITION
[LOG 11:24:50.405] Config(EXPERIMENT_DEFINITION) SquadExpansion/Serenity/Resources/ScienceDefs/EXPERIMENT_DEFINITION
[LOG 11:24:50.406] Config(EXPERIMENT_DEFINITION) SquadExpansion/Serenity/Resources/ScienceDefs/EXPERIMENT_DEFINITION
[LOG 11:24:50.406] Config(EXPERIMENT_DEFINITION) SquadExpansion/Serenity/Resources/ScienceDefs/EXPERIMENT_DEFINITION
[LOG 11:24:50.406] Config(EXPERIMENT_DEFINITION) SquadExpansion/Serenity/Resources/ScienceDefs/EXPERIMENT_DEFINITION
[LOG 11:24:50.406] Config(EXPERIMENT_DEFINITION) SquadExpansion/Serenity/Resources/ScienceDefs/EXPERIMENT_DEFINITION
[LOG 11:24:50.406] Config(EXPERIMENT_DEFINITION) SquadExpansion/Serenity/Resources/ScienceDefs/EXPERIMENT_DEFINITION
[LOG 11:24:50.406] Config(EXPERIMENT_DEFINITION) SquadExpansion/Serenity/Resources/ScienceDefs/EXPERIMENT_DEFINITION
[LOG 11:24:50.406] Config(EXPERIMENT_DEFINITION) SquadExpansion/Serenity/Resources/ScienceDefs/EXPERIMENT_DEFINITION
[LOG 11:24:50.406] Config(EXPERIMENT_DEFINITION) SquadExpansion/Serenity/Resources/ScienceDefs/EXPERIMENT_DEFINITION
[LOG 11:24:50.406] Config(EXPERIMENT_DEFINITION) SquadExpansion/Serenity/Resources/ScienceDefs/EXPERIMENT_DEFINITION
[LOG 11:24:50.406] Config(EXPERIMENT_DEFINITION) SquadExpansion/Serenity/Resources/ScienceDefs/EXPERIMENT_DEFINITION
[LOG 11:24:50.406] Config(EXPERIMENT_DEFINITION) SquadExpansion/Serenity/Resources/ScienceDefs/EXPERIMENT_DEFINITION
[LOG 11:24:50.406] Config(EXPERIMENT_DEFINITION) SquadExpansion/Serenity/Resources/ScienceDefs/EXPERIMENT_DEFINITION
[LOG 11:24:50.406] Config(EXPERIMENT_DEFINITION) SquadExpansion/Serenity/Resources/ScienceDefs/EXPERIMENT_DEFINITION
[LOG 11:24:50.406] Config(EXPERIMENT_DEFINITION) SquadExpansion/Serenity/Resources/ScienceDefs/EXPERIMENT_DEFINITION
[LOG 11:24:50.406] Config(STORY_DEF) SquadExpansion/Serenity/Resources/StoryDefs/STORY_DEF
[LOG 11:24:50.406] Compiling Configs Completed.
[LOG 11:24:50.409] Resource LiquidFuel added to database
[LOG 11:24:50.409] Resource Oxidizer added to database
[LOG 11:24:50.409] Resource SolidFuel added to database
[LOG 11:24:50.409] Resource MonoPropellant added to database
[LOG 11:24:50.409] Resource XenonGas added to database
[LOG 11:24:50.409] Resource ElectricCharge added to database
[LOG 11:24:50.409] Resource IntakeAir added to database
[LOG 11:24:50.409] Resource EVA Propellant added to database
[LOG 11:24:50.410] Resource Ore added to database
[LOG 11:24:50.410] Resource Ablator added to database
[LOG 11:24:50.411] Resource MediumGrip added to database
[LOG 11:24:50.411] Resource HighGrip added to database
[LOG 11:24:50.411] Resource ExtremeGrip added to database
[LOG 11:24:50.411] Resource LowGrip added to database
[LOG 11:24:50.411] Resource Default added to database
[LOG 11:24:50.411] CodeAssetLoader: Compiling all code assets
[LOG 11:24:50.415] ExperienceSystemConfig: Added Effect 'DeployedSciencePowerSkill' to Trait 'Ingénieur'
[LOG 11:24:50.415] ExperienceSystemConfig: Added Effect 'DeployedScienceExpSkill' to Trait 'Scientifique'
[LOG 11:24:50.420] ConfigNode[]
[LOG 11:24:50.420] GameDatabase: Assets loaded in 7.171s
[LOG 11:24:50.422] [ModuleManager] Waited 0.000s for patching to finish
[LOG 11:24:50.422] [ModuleManager] Applying patched game database
[LOG 11:24:50.424] [ModuleManager] Dumping ModuleManager log to main log
[LOG 11:24:50.424] [ModuleManager] 
#### BEGIN MODULEMANAGER LOG ####


[LOG 11:24:44.492] Log started at 2026-09-14 11:24:44.492
[LOG 11:24:46.620] Checking Cache
[LOG 11:24:46.957] SHA generated in 0.334s
[LOG 11:24:46.957]       SHA = 81-44-30-31-39-06-B7-43-49-17-6B-90-D4-82-72-58-28-ED-7F-C8-DB-6D-09-2A-97-90-2A-45-42-B8-17-03
[LOG 11:24:46.981] Cache SHA = 75-F2-C3-3A-2F-B0-96-A0-93-0A-B9-3A-F3-A6-88-2E-D0-0F-FA-1F-29-F6-EF-63-52-A4-32-FE-DB-11-12-D0
[LOG 11:24:46.981] useCache = False
[LOG 11:24:46.982] Pre patch init
[LOG 11:24:47.201] compiling list of loaded mods...
Mod DLLs found:
  Name                                    Assembly Version         Assembly File Version    KSPAssembly Version      SHA256

  Assembly-CSharp                         0.0.0.0                  0.0.0.0                  1.12                     d9e42483f25ee80a9c11d6c1c0a0d29b4ec78c1e08d76c971b71580c9cce51e4
  ModuleManager                           4.2.3.0                  4.2.3.0                  2.5                      95847827ab293b9e82a19b7efb97ffea3e98cc03b181862536ac8eb572e30d7d
  0Harmony                                2.2.1.0                  2.2.1.0                                           19ce60ac3280f72ec1751d36a40cb7e2fece2934df8345969dc7feb83bd633e4
  HarmonyInstallChecker                   2.2.1.0                  2.2.1.0                  1.0                      f11e659e91a52c21c5bda78e52b82a7bdc246bcab6a999733af3c69a11a9dc0e
  0_MultipleModuleInPartAPI               1.0.0.0                  1.0.0.0                  1.0                      df4a22fb0535de7fa154ca234b50dd7c2fc6be879e4a877d9bad1f87bafafcbf
  KSPCommunityFixes                       1.41.0.0                 1.41.1.0                 1.41                     e08ebbec7ab34f4f7ff56d6e900051bb0d259a4bc092881d7db3ca2f9f2e9a11
  PQSBenchMod                             0.1.0.0                  0.1.0.0                                           f3b02c70c6f7993460bd5f2e2b9dced904b2a3c2e78b1fccdc9cfa971800b209
  StockQuadCacheMod                       0.1.0.0                  0.1.0.0                                           80adcc5200bb1b64e6e92559f73beb7f3e2cc69bd2015709c84f86f0c0211d39
Non-DLL mods added (:FOR[xxx]):
Mods by directory (sub directories of GameData):
  000_Harmony
  Squad
  SquadExpansion
Mods added by assemblies:

[LOG 11:24:47.203] Loading Physics.cfg
[LOG 11:24:47.207] Extracting patches
[LOG 11:24:47.220] Deleting root node in file KSPCommunityFixes/MMPatches/ModSupport/FixDockingNodes node: @PART[*]:HAS[@MODULE[ModuleDockingNodeFixed]]:NEEDS[FixDockingNodes]:FINAL as it can't satisfy its NEEDS
[LOG 11:24:47.221] Deleting root node in file KSPCommunityFixes/MMPatches/ModSupport/KSPRecall node: @KSP_COMMUNITY_FIXES:NEEDS[AttachedOnEditor] as it can't satisfy its NEEDS
[LOG 11:24:47.221] Deleting root node in file KSPCommunityFixes/MMPatches/ModSupport/UniversalStorage node: @KSP_COMMUNITY_FIXES:NEEDS[UniversalStorage2] as it can't satisfy its NEEDS
[LOG 11:24:47.350] Applying patches
[LOG 11:24:47.352] :INSERT (initial) pass
[LOG 11:24:47.466] :FIRST pass
[LOG 11:24:47.475] Applying update KSPCommunityFixes/MMPatches/StockTweaks/LadderToggleableLight/@PART[telescopicLadderBay]:FIRST to Squad/Parts/Utility/ladderTelescopicBay/ladderTelescopicBay.cfg/PART[telescopicLadderBay]
[LOG 11:24:47.493] Applying update KSPCommunityFixes/MMPatches/StockTweaks/LadderToggleableLight/@PART[telescopicLadderBay]:HAS[#LadderToggleableLight[?rue]]:FIRST to Squad/Parts/Utility/ladderTelescopicBay/ladderTelescopicBay.cfg/PART[telescopicLadderBay]
[LOG 11:24:47.494] Applying update KSPCommunityFixes/MMPatches/StockTweaks/LadderToggleableLight/@PART[telescopicLadderBay]:HAS[#LadderToggleableLight]:FIRST to Squad/Parts/Utility/ladderTelescopicBay/ladderTelescopicBay.cfg/PART[telescopicLadderBay]
[LOG 11:24:47.496] Applying update KSPCommunityFixes/MMPatches/StockTweaks/LandingGearLights/@PART[GearSmall]:FIRST to Squad/Parts/Wheel/LandingGear/GearMedium.cfg/PART[GearSmall]
[LOG 11:24:47.508] Applying update KSPCommunityFixes/MMPatches/StockTweaks/LandingGearLights/@PART[SmallGearBay]:FIRST to Squad/Parts/Wheel/LandingGear/GearSmall.cfg/PART[SmallGearBay]
[LOG 11:24:47.511] :LEGACY (default) pass
[LOG 11:24:47.517] :BEFORE[0_MULTIPLEMODULEINPARTAPI] pass
[LOG 11:24:47.517] :FOR[0_MULTIPLEMODULEINPARTAPI] pass
[LOG 11:24:47.517] :AFTER[0_MULTIPLEMODULEINPARTAPI] pass
[LOG 11:24:47.517] :BEFORE[000_HARMONY] pass
[LOG 11:24:47.517] :FOR[000_HARMONY] pass
[LOG 11:24:47.517] :AFTER[000_HARMONY] pass
[LOG 11:24:47.517] :BEFORE[0HARMONY] pass
[LOG 11:24:47.517] :FOR[0HARMONY] pass
[LOG 11:24:47.517] :AFTER[0HARMONY] pass
[LOG 11:24:47.517] :BEFORE[ASSEMBLY-CSHARP] pass
[LOG 11:24:47.517] :FOR[ASSEMBLY-CSHARP] pass
[LOG 11:24:47.517] :AFTER[ASSEMBLY-CSHARP] pass
[LOG 11:24:47.517] :BEFORE[HARMONYINSTALLCHECKER] pass
[LOG 11:24:47.517] :FOR[HARMONYINSTALLCHECKER] pass
[LOG 11:24:47.517] :AFTER[HARMONYINSTALLCHECKER] pass
[LOG 11:24:47.517] :BEFORE[KSPCOMMUNITYFIXES] pass
[LOG 11:24:47.517] :FOR[KSPCOMMUNITYFIXES] pass
[LOG 11:24:47.517] Applying update KSPCommunityFixes/MMPatches/StockTweaks/ManufacturerFixes/@PART[sasModule]:FOR[KSPCommunityFixes] to Squad/Parts/Command/inlineReactionWheel/inlineReactionWheel.cfg/PART[sasModule]
[LOG 11:24:47.529] Applying update KSPCommunityFixes/MMPatches/StockTweaks/ManufacturerFixes/@PART[xenonTankRadial]:FOR[KSPCommunityFixes] to Squad/Parts/FuelTank/xenonTankRadial/xenonTankRadial.cfg/PART[xenonTankRadial]
[LOG 11:24:47.538] Applying update KSPCommunityFixes/MMPatches/StockTweaks/ManufacturerFixes/@PART[winglet|fireworksLauncherSmall|fireworksLauncherBig]:FOR[KSPCommunityFixes] to Squad/Parts/Aero/wingletAV-T1/wingletAV-T1.cfg/PART[winglet]
[LOG 11:24:47.539] Applying update KSPCommunityFixes/MMPatches/StockTweaks/ManufacturerFixes/@PART[winglet|fireworksLauncherSmall|fireworksLauncherBig]:FOR[KSPCommunityFixes] to Squad/Parts/Utility/Fireworks/fireworksLauncherBig.cfg/PART[fireworksLauncherBig]
[LOG 11:24:47.539] Applying update KSPCommunityFixes/MMPatches/StockTweaks/ManufacturerFixes/@PART[winglet|fireworksLauncherSmall|fireworksLauncherBig]:FOR[KSPCommunityFixes] to Squad/Parts/Utility/Fireworks/fireworksLauncherSmall.cfg/PART[fireworksLauncherSmall]
[LOG 11:24:47.542] Applying update KSPCommunityFixes/MMPatches/StockTweaks/ManufacturerFixes/@PART[solidBooster_sm_v2|solidBooster_v2]:FOR[KSPCommunityFixes] to Squad/Parts/Engine/Size1_SRBs/solidBoosterRT-10_v2.cfg/PART[solidBooster_v2]
[LOG 11:24:47.542] Applying update KSPCommunityFixes/MMPatches/StockTweaks/ManufacturerFixes/@PART[solidBooster_sm_v2|solidBooster_v2]:FOR[KSPCommunityFixes] to Squad/Parts/Engine/Size1_SRBs/solidBoosterRT-5_v2.cfg/PART[solidBooster_sm_v2]
[LOG 11:24:47.547] Applying update KSPCommunityFixes/MMPatches/StockTweaks/ManufacturerFixes/@PART[ServiceBay_125_v2|ServiceBay_250_v2]:FOR[KSPCommunityFixes] to Squad/Parts/Utility/ServiceBay_v2/ServiceBay_125_v2.cfg/PART[ServiceBay_125_v2]
[LOG 11:24:47.547] Applying update KSPCommunityFixes/MMPatches/StockTweaks/ManufacturerFixes/@PART[ServiceBay_125_v2|ServiceBay_250_v2]:FOR[KSPCommunityFixes] to Squad/Parts/Utility/ServiceBay_v2/ServiceBay_250_v2.cfg/PART[ServiceBay_250_v2]
[LOG 11:24:47.549] Applying update KSPCommunityFixes/MMPatches/StockTweaks/ManufacturerFixes/@PART[externalTankCapsule]:FOR[KSPCommunityFixes] to Squad/Parts/FuelTank/FoilTanks/RadialTank_Capsule.cfg/PART[externalTankCapsule]
[LOG 11:24:47.553] Applying update KSPCommunityFixes/MMPatches/StockTweaks/ManufacturerFixes/@PART[RCSFuelTank|rcsTankMini|RCSTank1-2]:FOR[KSPCommunityFixes] to Squad/Parts/FuelTank/RCSFuelTankR1/RCSFuelTankR1.cfg/PART[RCSTank1-2]
[LOG 11:24:47.553] Applying update KSPCommunityFixes/MMPatches/StockTweaks/ManufacturerFixes/@PART[RCSFuelTank|rcsTankMini|RCSTank1-2]:FOR[KSPCommunityFixes] to Squad/Parts/FuelTank/RCSFuelTankR10/RCSFuelTankR10.cfg/PART[rcsTankMini]
[LOG 11:24:47.553] Applying update KSPCommunityFixes/MMPatches/StockTweaks/ManufacturerFixes/@PART[RCSFuelTank|rcsTankMini|RCSTank1-2]:FOR[KSPCommunityFixes] to Squad/Parts/FuelTank/RCSFuelTankR25/RCSFuelTankR25.cfg/PART[RCSFuelTank]
[LOG 11:24:47.555] Applying update KSPCommunityFixes/MMPatches/StockTweaks/ManufacturerFixes/@PART[landerCabinSmall]:FOR[KSPCommunityFixes] to Squad/Parts/Command/mk1LanderCan/mk1LanderCan.cfg/PART[landerCabinSmall]
[LOG 11:24:47.556] Applying update KSPCommunityFixes/MMPatches/StockTweaks/ManufacturerFixes/@PART[dockingPortLateral]:FOR[KSPCommunityFixes] to Squad/Parts/Utility/dockingPortInline/dockingPortInline.cfg/PART[dockingPortLateral]
[LOG 11:24:47.558] Applying update KSPCommunityFixes/MMPatches/StockTweaks/ManufacturerFixes/@PART[EnginePlate4]:FOR[KSPCommunityFixes]:NEEDS[SquadExpansion/MakingHistory] to SquadExpansion/MakingHistory/Parts/Coupling/EnginePlate_4.cfg/PART[EnginePlate4]
[LOG 11:24:47.559] Applying update KSPCommunityFixes/MMPatches/StockTweaks/ManufacturerFixes/@PART[Mk2Pod]:FOR[KSPCommunityFixes]:NEEDS[SquadExpansion/MakingHistory] to SquadExpansion/MakingHistory/Parts/Pods/Mk2Pod.cfg/PART[Mk2Pod]
[LOG 11:24:47.560] Applying update KSPCommunityFixes/MMPatches/StockTweaks/ManufacturerFixes/@PART[evaChute|parachuteSingle|parachuteRadial|radialDrogue|parachuteLarge|parachuteDrogue]:FOR[KSPCommunityFixes] to Squad/Parts/Cargo/Parachute/Parachute.cfg/PART[evaChute]
[LOG 11:24:47.563] Applying update KSPCommunityFixes/MMPatches/StockTweaks/ManufacturerFixes/@PART[evaChute|parachuteSingle|parachuteRadial|radialDrogue|parachuteLarge|parachuteDrogue]:FOR[KSPCommunityFixes] to Squad/Parts/Utility/parachuteMk1/parachuteMk1.cfg/PART[parachuteSingle]
[LOG 11:24:47.563] Applying update KSPCommunityFixes/MMPatches/StockTweaks/ManufacturerFixes/@PART[evaChute|parachuteSingle|parachuteRadial|radialDrogue|parachuteLarge|parachuteDrogue]:FOR[KSPCommunityFixes] to Squad/Parts/Utility/parachuteMk12-R/parachuteMk12-R.cfg/PART[radialDrogue]
[LOG 11:24:47.563] Applying update KSPCommunityFixes/MMPatches/StockTweaks/ManufacturerFixes/@PART[evaChute|parachuteSingle|parachuteRadial|radialDrogue|parachuteLarge|parachuteDrogue]:FOR[KSPCommunityFixes] to Squad/Parts/Utility/parachuteMk16-XL/parachuteMk16-XL.cfg/PART[parachuteLarge]
[LOG 11:24:47.564] Applying update KSPCommunityFixes/MMPatches/StockTweaks/ManufacturerFixes/@PART[evaChute|parachuteSingle|parachuteRadial|radialDrogue|parachuteLarge|parachuteDrogue]:FOR[KSPCommunityFixes] to Squad/Parts/Utility/parachuteMk2-R/parachuteMk2-R.cfg/PART[parachuteRadial]
[LOG 11:24:47.564] Applying update KSPCommunityFixes/MMPatches/StockTweaks/ManufacturerFixes/@PART[evaChute|parachuteSingle|parachuteRadial|radialDrogue|parachuteLarge|parachuteDrogue]:FOR[KSPCommunityFixes] to Squad/Parts/Utility/parachuteMk25/parachuteMk25.cfg/PART[parachuteDrogue]
[LOG 11:24:47.569] Applying update KSPCommunityFixes/MMPatches/StockTweaks/ManufacturerFixes/@PART[stackPoint1|dockingPort1|dockingPort2|dockingPort3|dockingPortLarge]:FOR[KSPCommunityFixes] to Squad/Parts/Utility/dockingPort/dockingPort.cfg/PART[dockingPort2]
[LOG 11:24:47.569] Applying update KSPCommunityFixes/MMPatches/StockTweaks/ManufacturerFixes/@PART[stackPoint1|dockingPort1|dockingPort2|dockingPort3|dockingPortLarge]:FOR[KSPCommunityFixes] to Squad/Parts/Utility/dockingPortJr/dockingPortJr.cfg/PART[dockingPort3]
[LOG 11:24:47.569] Applying update KSPCommunityFixes/MMPatches/StockTweaks/ManufacturerFixes/@PART[stackPoint1|dockingPort1|dockingPort2|dockingPort3|dockingPortLarge]:FOR[KSPCommunityFixes] to Squad/Parts/Utility/dockingPortShielded/dockingPortShielded.cfg/PART[dockingPort1]
[LOG 11:24:47.569] Applying update KSPCommunityFixes/MMPatches/StockTweaks/ManufacturerFixes/@PART[stackPoint1|dockingPort1|dockingPort2|dockingPort3|dockingPortLarge]:FOR[KSPCommunityFixes] to Squad/Parts/Utility/dockingPortSr/dockingPortSr.cfg/PART[dockingPortLarge]
[LOG 11:24:47.570] Applying update KSPCommunityFixes/MMPatches/StockTweaks/ManufacturerFixes/@PART[stackPoint1|dockingPort1|dockingPort2|dockingPort3|dockingPortLarge]:FOR[KSPCommunityFixes] to Squad/Parts/Utility/radialAttachmentPoint/radialAttachmentPoint.cfg/PART[stackPoint1]
[LOG 11:24:47.570] :AFTER[KSPCOMMUNITYFIXES] pass
[LOG 11:24:47.570] :BEFORE[MODULEMANAGER] pass
[LOG 11:24:47.570] :FOR[MODULEMANAGER] pass
[LOG 11:24:47.570] :AFTER[MODULEMANAGER] pass
[LOG 11:24:47.570] :BEFORE[PQSBENCHMOD] pass
[LOG 11:24:47.570] :FOR[PQSBENCHMOD] pass
[LOG 11:24:47.570] :AFTER[PQSBENCHMOD] pass
[LOG 11:24:47.570] :BEFORE[SQUAD] pass
[LOG 11:24:47.570] :FOR[SQUAD] pass
[LOG 11:24:47.570] :AFTER[SQUAD] pass
[LOG 11:24:47.570] :BEFORE[SQUADEXPANSION] pass
[LOG 11:24:47.570] :FOR[SQUADEXPANSION] pass
[LOG 11:24:47.570] :AFTER[SQUADEXPANSION] pass
[LOG 11:24:47.570] :BEFORE[STOCKQUADCACHEMOD] pass
[LOG 11:24:47.570] :FOR[STOCKQUADCACHEMOD] pass
[LOG 11:24:47.570] :AFTER[STOCKQUADCACHEMOD] pass
[LOG 11:24:47.572] :LAST[999_KSP-RECALL] pass
[LOG 11:24:47.603] :FINAL pass
[LOG 11:24:47.607] Done patching
[LOG 11:24:47.612] Saving Cache
[LOG 11:24:47.697] Saving cache
[LOG 11:24:48.374] ModuleManager: 33 patches applied

[LOG 11:24:48.374] Ran in 1.754s
[LOG 11:24:48.439] Done!



#### END MODULEMANAGER LOG ####
[LOG 11:24:50.427] [ModuleManager] Running tests...
[LOG 11:24:50.427] [ModuleManager] tests complete.
[LOG 11:24:50.428] [ModuleManager] Reloading resources definitions
[LOG 11:24:50.428] Resource LiquidFuel added to database
[LOG 11:24:50.428] Resource Oxidizer added to database
[LOG 11:24:50.428] Resource SolidFuel added to database
[LOG 11:24:50.428] Resource MonoPropellant added to database
[LOG 11:24:50.428] Resource XenonGas added to database
[LOG 11:24:50.428] Resource ElectricCharge added to database
[LOG 11:24:50.429] Resource IntakeAir added to database
[LOG 11:24:50.429] Resource EVA Propellant added to database
[LOG 11:24:50.429] Resource Ore added to database
[LOG 11:24:50.429] Resource Ablator added to database
[LOG 11:24:50.429] [ModuleManager] Reloading Trait configs
[LOG 11:24:50.429] ExperienceSystemConfig: Added Effect 'DeployedSciencePowerSkill' to Trait 'Ingénieur'
[LOG 11:24:50.429] ExperienceSystemConfig: Added Effect 'DeployedScienceExpSkill' to Trait 'Scientifique'
[LOG 11:24:50.429] [ModuleManager] Reloading Part Upgrades
[LOG 11:24:50.430] [ModuleManager] Setting modded physics as the active one
[LOG 11:24:50.431] PhysicsGlobals: Loading database
[LOG 11:24:50.432] [ModuleManager] Running post patch callbacks
[LOG 11:24:50.443] [KSPCommunityFixes] Patch AutoStrutDrift applied.
[LOG 11:24:50.446] [KSPCommunityFixes] Patch EditorAnimatedPartsShipModified applied.
[LOG 11:24:50.452] [KSPCommunityFixes] Patch DragCubeLoadException applied.
[LOG 11:24:50.456] [KSPCommunityFixes] Patch DoubleCurvePreserveTangents applied.
[LOG 11:24:50.505] [KSPCommunityFixes] Patch DockingPortRotationDriftAndFixes applied.
[LOG 11:24:50.554] [KSPCommunityFixes] Patch DockingPortConserveMomentum applied.
[LOG 11:24:50.559] [KSPCommunityFixes] Patch DebugConsoleDontStealInput applied.
[LOG 11:24:50.564] [KSPCommunityFixes] Patch CorrectDragForFlags applied.
[LOG 11:24:50.565] [KSPCommunityFixes] Patch CometMiningNotRemovingMass applied.
[LOG 11:24:50.572] [KSPCommunityFixes] Patch ChutePhantomSymmetry applied.
[LOG 11:24:50.574] [KSPCommunityFixes] Patch CometSpawnerUniqueFlightId applied.
[LOG 11:24:50.576] [KSPCommunityFixes] Patch AsteroidSpawnerUniqueFlightId applied.
[LOG 11:24:50.577] [KSPCommunityFixes] Patch AsteroidInfiniteMining applied.
[LOG 11:24:50.590] [KSPCommunityFixes] Patch PersistentIConfigNode applied.
[LOG 11:24:50.590] [KSPCommunityFixes] Patch OnSymmetryFieldChanged not applied (not enabled in Settings.cfg)
[LOG 11:24:50.590] [KSPCommunityFixes] Patch ModUpgradePipeline not applied (not enabled in Settings.cfg)
[LOG 11:24:50.590] [KSPCommunityFixes] Patch KSPFieldEnumDesc not applied (not enabled in Settings.cfg)
[LOG 11:24:50.592] [KSPCommunityFixes] Patch EventProfilerMarkers not applied (not enabled in Settings.cfg)
[LOG 11:24:50.592] [KSPCommunityFixes] Patch DockingPortLockedEvents not applied (not enabled in Settings.cfg)
[LOG 11:24:50.594] [KSPCommunityFixes] Patch DepartmentHeadImage applied.
[LOG 11:24:50.606] [KSPCommunityFixes] Patch BaseFieldListUseFieldHost applied.
[LOG 11:24:50.648] [KSPCommunityFixes] Patch ResourceConverterPerf applied.
[LOG 11:24:50.657] [KSPCommunityFixes] Patch ProgressTrackingSpeedBoost applied.
[LOG 11:24:50.660] [KSPCommunityFixes] Patch PQSUpdateNoMemoryAlloc applied.
[LOG 11:24:50.660] [KSPCommunityFixes] Patch PQSOnlyStartOnce not applied (not enabled in Settings.cfg)
[LOG 11:24:50.671] [KSPCommunityFixes] Patch PQSCoroutineLeak applied.
[LOG 11:24:50.705] [KSPCommunityFixes] Patch PartSystemsFastUpdate applied.
[LOG 11:24:50.727] [KSPCommunityFixes] Patch PartParsingPerf applied.
[LOG 11:24:50.731] [KSPCommunityFixes] Patch EnginePlateAirstreamShieldedTopPart applied.
[LOG 11:24:50.738] [KSPCommunityFixes] Patch EVAConstructionMass applied.
[LOG 11:24:50.746] [KSPCommunityFixes] Patch EVAConstructionUninitializedInventory applied.
[LOG 11:24:50.751] [KSPCommunityFixes] Patch EVAKerbalRecovery applied.
[LOG 11:24:50.757] [KSPCommunityFixes] Patch TimeWarpOrbitShift applied.
[LOG 11:24:50.758] [KSPCommunityFixes] Patch TimeWarpBodyCollision applied.
[LOG 11:24:50.772] [KSPCommunityFixes] Patch ThumbnailSpotlight applied.
[LOG 11:24:50.777] [KSPCommunityFixes] Patch SymmetryReferenceOnDelete applied.
[LOG 11:24:50.777] [KSPCommunityFixes] Patch StrategyDuration not applied (not enabled in Settings.cfg)
[LOG 11:24:50.779] [KSPCommunityFixes] Patch StockAlarmDescPreserveLineBreak applied.
[LOG 11:24:50.808] [KSPCommunityFixes] Patch StickySplashedFixer applied.
[LOG 11:24:50.816] [KSPCommunityFixes] Patch ScatterDistribution applied.
[LOG 11:24:50.845] [KSPCommunityFixes] Patch RoboticsDrift applied.
[LOG 11:24:50.847] [KSPCommunityFixes] Patch RestoreMaxPhysicsDT applied.
[LOG 11:24:50.866] [KSPCommunityFixes] Patch RespawnDeadKerbals applied.
[LOG 11:24:50.870] [KSPCommunityFixes] Patch RescaledRoboticParts applied.
[LOG 11:24:50.874] [KSPCommunityFixes] Patch ReRootPreserveSurfaceAttach applied.
[LOG 11:24:50.899] [KSPCommunityFixes] Patch OptimizedModuleRaycasts applied.
[LOG 11:24:50.907] GetSubclassesOfParentClass: Found 1 types with ModuleInventoryPart parent in 8 assemblies.
[LOG 11:24:50.914] [KSPCommunityFixes] Patch RefundingOnRecovery applied.
[LOG 11:24:50.914] [KSPCommunityFixes] Patch PatchedConicEncounterFlickering applied.
[LOG 11:24:50.937] [KSPCommunityFixes] Patch PartListTooltipIconSpin applied.
[LOG 11:24:50.941] [KSPCommunityFixes] Patch PackedPartsRotation applied.
[LOG 11:24:50.955] [KSPCommunityFixes] Patch ModulePartVariantsNodePersistence applied.
[LOG 11:24:50.958] [KSPCommunityFixes] Patch ModuleAnimateGenericCrewModSpawnIVA applied.
[LOG 11:24:50.959] [KSPCommunityFixes] Patch ModuleActiveRadiatorNoParentException applied.
[LOG 11:24:50.963] [KSPCommunityFixes] Patch MapTargetBodyWithEncounter applied.
[LOG 11:24:50.966] [KSPCommunityFixes] Patch LostSoundAfterSceneSwitch applied.
[LOG 11:24:50.974] [KSPCommunityFixes] Patch LadderToggleableLight applied.
[LOG 11:24:50.989] [KSPCommunityFixes] Patch InventoryPartMass applied.
[LOG 11:24:50.997] [KSPCommunityFixes] Patch HarvesterECConsumption applied.
[LOG 11:24:50.998] [KSPCommunityFixes] Patch FixGetUnivseralTime applied.
[LOG 11:24:51.010] [KSPCommunityFixes] Patch ExtendedDeployableParts applied.
[LOG 11:24:51.012] [KSPCommunityFixes] Patch PropellantFlowDescription applied.
[LOG 11:24:51.037] [KSPCommunityFixes] Patch OptimisedVectorLines applied.
[LOG 11:24:51.045] [KSPCommunityFixes] Patch ModuleDockingNodeFindOtherNodesFaster applied.
[LOG 11:24:51.049] [KSPCommunityFixes] Patch ModuleColorChangerOptimization applied.
[LOG 11:24:51.056] [KSPCommunityFixes] Patch AutoSavedCraftNameAtLaunch applied.
[LOG 11:24:51.080] [KSPCommunityFixes] Patch PAWCollapsedInventories applied.
[LOG 11:24:51.084] [KSPCommunityFixes] Patch UIFloatEditNumericInput applied.
[LOG 11:24:51.112] [KSPCommunityFixes] Patch PAWStockGroups applied.
[LOG 11:24:51.124] [KSPCommunityFixes] Patch AltimeterHorizontalPosition applied.
[LOG 11:24:51.133] [KSPCommunityFixes] Patch SceneLoadSpeedBoost applied.
[LOG 11:24:51.180] [KSPCommunityFixes] Patch OnDemandPartBuoyancy applied.
[LOG 11:24:51.181] [KSPCommunityFixes] Patch ForceSyncSceneSwitch applied.
[LOG 11:24:51.181] [KSPCommunityFixes] Patch FewerSaves not applied (not enabled in Settings.cfg)
[LOG 11:24:51.182] [KSPCommunityFixes] Patch WheelInertiaLimit applied.
[LOG 11:24:51.183] [KSPCommunityFixes] Patch StockAlarmCustomFormatterDate isn't applicable to this KSP version.
[LOG 11:24:51.192] [KSPCommunityFixes] Patch ROCValidationOOR applied.
[LOG 11:24:51.198] [KSPCommunityFixes] Patch ZeroCostTechNodes applied.
[LOG 11:24:51.201] [KSPCommunityFixes] Patch ReactionWheelsPotentialTorque applied.
[LOG 11:24:51.209] [KSPCommunityFixes] Patch PAWGroupMemory applied.
[LOG 11:24:51.259] [KSPCommunityFixes] Patch PartStartStability applied.
[LOG 11:24:51.266] [KSPCommunityFixes] Patch PartBoundsIgnoreDisabledTransforms applied.
[LOG 11:24:51.316] [KSPCommunityFixes] Patch ModuleIndexingMismatch applied.
[LOG 11:24:51.322] [KSPCommunityFixes] Patch MapSOCorrectWrapping applied.
[LOG 11:24:51.323] [KSPCommunityFixes] Patch KerbalTooltipMaxSustainedG applied.
[LOG 11:24:51.326] [KSPCommunityFixes] Patch KerbalInventoryPersistence applied.
[LOG 11:24:51.326] [KSPCommunityFixes] Patch FlightSceneLoadKraken not applied (not enabled in Settings.cfg)
[LOG 11:24:51.329] [KSPCommunityFixes] Patch FIUpdateRadiation applied.
[LOG 11:24:51.332] [KSPCommunityFixes] Patch FastAndFixedEnumExtensions applied.
[LOG 11:24:51.376] [KSPCommunityFixes] Patch DeltaVHideWhenDisabled applied.
[LOG 11:24:51.381] [KSPCommunityFixes] Patch BlockMapViewPartClick applied.
[LOG 11:24:51.385] [KSPCommunityFixes] Patch PAWItemsOrder applied.
[LOG 11:24:51.449] [KSPCommunityFixes] Patch BetterEditorUndoRedo applied.
[LOG 11:24:51.462] [KSPCommunityFixes] Patch AutostrutActions applied.
[LOG 11:24:51.462] [KSPCommunityFixes] Patch DisableNewGameIntro not applied (not enabled in Settings.cfg)
[LOG 11:24:51.514] [KSPCommunityFixes] Patch MinorPerfTweaks applied.
[LOG 11:24:51.598] [KSPCommunityFixes] Patch MemoryLeaks applied.
[LOG 11:24:51.606] [KSPCommunityFixes] Patch LowerMinPhysicsDTPerFrame applied.
[LOG 11:24:51.610] [KSPCommunityFixes] Patch LocalizerPerf applied.
[LOG 11:24:51.612] [KSPCommunityFixes] Patch IMGUIOptimization applied.
[LOG 11:24:51.631] [KSPCommunityFixes] Patch FloatingOriginPerf applied.
[LOG 11:24:51.697] [KSPCommunityFixes] Patch FlightIntegratorPerf applied.
[LOG 11:24:51.702] [KSPCommunityFixes] Patch FasterPartFindTransform applied.
[LOG 11:24:51.717] [KSPCommunityFixes] Patch FasterEditorPartList applied.
[LOG 11:24:51.719] [KSPCommunityFixes] Patch ExpansionBundlePreload applied.
[LOG 11:24:51.733] [KSPCommunityFixes] Patch DragCubeGeneration applied.
[LOG 11:24:51.737] [KSPCommunityFixes] Patch DisableMapUpdateInFlight applied.
[LOG 11:24:51.738] [KSPCommunityFixes] Patch DisableHiddenPortraits applied.
[LOG 11:24:51.745] [KSPCommunityFixes] Patch DisableManeuverTool applied.
[LOG 11:24:51.776] [KSPCommunityFixes] Patch CraftBrowserOptimisations applied.
[LOG 11:24:51.781] [KSPCommunityFixes] Patch CommNetThrottling applied.
[LOG 11:24:51.791] [KSPCommunityFixes] Patch FairingMouseOverPersistence applied.
[LOG 11:24:51.813] [KSPCommunityFixes] Patch OptionalMakingHistoryDLCFeatures applied.
[LOG 11:24:51.818] [KSPCommunityFixes] Patch ResourceLockActions applied.
[LOG 11:24:51.831] [KSPCommunityFixes] Patch ShowContractFinishDates applied.
[LOG 11:24:51.847] [KSPCommunityFixes] Patch TargetParentBody applied.
[LOG 11:24:51.881] [KSPCommunityFixes] Patch ToolbarShowHide applied.
[LOG 11:24:51.884] [KSPCommunityFixes] Patch ContractProgressEnumCache applied.
[LOG 11:24:51.895] [KSPCommunityFixes] Patch ActiveRadiatorPerf applied.
[LOG 11:24:51.900] [KSPCommunityFixes] Patch CargoBayPerf applied.
[LOG 11:24:51.910] [KSPCommunityFixes] Patch CollisionEnhancerFastUpdate applied.
[LOG 11:24:51.916] [KSPCommunityFixes] Patch CollisionManagerFastUpdate applied.
[LOG 11:24:51.922] [KSPCommunityFixes] Patch AsteroidAndCometDrillCache applied.
[LOG 11:24:51.936] [KSPCommunityFixes] Patch TweakableWheelsAutostrut applied.
[LOG 11:24:51.968] [KSPCommunityFixes] Patch PatchSettings applied.
[LOG 11:24:52.016] [KSPCommunityFixes] Patch UpgradeBugs applied.
[LOG 11:24:52.016] [KSPCommunityFixes] Patch PartTooltipUpgradesApplyToSubstituteParts not applied (not enabled in Settings.cfg)
[LOG 11:24:52.094] [ModuleManager] Calling ConfigNodePerf.ModuleManagerPostLoad()
[LOG 11:24:52.095] [ModuleManager] Post patch ran in 1.673s
[LOG 11:24:52.119] PartLoader: Creating part database
[LOG 11:24:52.121] PartLoader: Compiling Part 'Squad/Parts/Aero/aerodynamicNoseCone/aerodynamicNoseCone/noseCone'
[LOG 11:24:52.143] EffectList: Created 15 effect types
[LOG 11:24:52.244] PartLoader: Part 'Squad/Parts/Aero/aerodynamicNoseCone/aerodynamicNoseCone/noseCone' has no database record. Creating.
[LOG 11:24:52.245] [DragCubeSystem]: Drag cubes not found or cannot be read for part Part. Generating New drag cubes.
[LOG 11:24:52.246] [KSPCF/DragCubeGeneration] Creating drag cubes for part 'noseCone'
[LOG 11:24:52.288] PartLoader: Compiling Part 'Squad/Parts/Aero/airbrake/Airbrake/airbrake1'
[LOG 11:24:52.317] PartLoader: Part 'Squad/Parts/Aero/airbrake/Airbrake/airbrake1' has no database record. Creating.
[LOG 11:24:52.317] [DragCubeSystem]: Drag cubes not found or cannot be read for part Part. Generating New drag cubes.
[LOG 11:24:52.317] [KSPCF/DragCubeGeneration] Creating drag cubes for part 'airbrake1'
[LOG 11:24:52.358] PartLoader: Compiling Part 'Squad/Parts/Aero/airIntakeRadialXM-G50/airIntakeRadialXM-G50/airScoop'
[LOG 11:24:52.379] PartLoader: Part 'Squad/Parts/Aero/airIntakeRadialXM-G50/airIntakeRadialXM-G50/airScoop' has no database record. Creating.
[LOG 11:24:52.379] [DragCubeSystem]: Drag cubes not found or cannot be read for part Part. Generating New drag cubes.
[LOG 11:24:52.379] [KSPCF/DragCubeGeneration] Creating drag cubes for part 'airScoop'
[LOG 11:24:52.392] PartLoader: Compiling Part 'Squad/Parts/Aero/airlinerWings/ControlSurface/airlinerCtrlSrf'
[LOG 11:24:52.406] PartLoader: Part 'Squad/Parts/Aero/airlinerWings/ControlSurface/airlinerCtrlSrf' has no database record. Creating.
[LOG 11:24:52.407] [DragCubeSystem]: Drag cubes not found or cannot be read for part Part. Generating New drag cubes.
[LOG 11:24:52.407] [KSPCF/DragCubeGeneration] Creating drag cubes for part 'airlinerCtrlSrf'
[LOG 11:24:52.440] PartLoader: Compiling Part 'Squad/Parts/Aero/airlinerWings/MainWing/airlinerMainWing'
[LOG 11:24:52.447] PartLoader: Part 'Squad/Parts/Aero/airlinerWings/MainWing/airlinerMainWing' has no database record. Creating.
[LOG 11:24:52.448] [DragCubeSystem]: Drag cubes not found or cannot be read for part Part. Generating New drag cubes.
[LOG 11:24:52.448] [KSPCF/DragCubeGeneration] Creating drag cubes for part 'airlinerMainWing'
[LOG 11:24:52.453] PartLoader: Compiling Part 'Squad/Parts/Aero/airlinerWings/TailFin/airlinerTailFin'
[LOG 11:24:52.469] PartLoader: Part 'Squad/Parts/Aero/airlinerWings/TailFin/airlinerTailFin' has no database record. Creating.
[LOG 11:24:52.469] [DragCubeSystem]: Drag cubes not found or cannot be read for part Part. Generating New drag cubes.
[LOG 11:24:52.469] [KSPCF/DragCubeGeneration] Creating drag cubes for part 'airlinerTailFin'
[LOG 11:24:52.498] PartLoader: Compiling Part 'Squad/Parts/Aero/airplaneFins/advancedCanard/AdvancedCanard'
[LOG 11:24:52.505] PartLoader: Part 'Squad/Parts/Aero/airplaneFins/advancedCanard/AdvancedCanard' has no database record. Creating.
[LOG 11:24:52.505] [DragCubeSystem]: Drag cubes not found or cannot be read for part Part. Generating New drag cubes.
[LOG 11:24:52.505] [KSPCF/DragCubeGeneration] Creating drag cubes for part 'AdvancedCanard'
[LOG 11:24:52.540] PartLoader: Compiling Part 'Squad/Parts/Aero/airplaneFins/standardCanard/CanardController'
[LOG 11:24:52.547] PartLoader: Part 'Squad/Parts/Aero/airplaneFins/standardCanard/CanardController' has no database record. Creating.
[LOG 11:24:52.547] [DragCubeSystem]: Drag cubes not found or cannot be read for part Part. Generating New drag cubes.
[LOG 11:24:52.547] [KSPCF/DragCubeGeneration] Creating drag cubes for part 'CanardController'
[LOG 11:24:52.565] PartLoader: Compiling Part 'Squad/Parts/Aero/airplaneFins/sweptWing/sweptWing'
[LOG 11:24:52.570] PartLoader: Part 'Squad/Parts/Aero/airplaneFins/sweptWing/sweptWing' has no database record. Creating.
[LOG 11:24:52.570] [DragCubeSystem]: Drag cubes not found or cannot be read for part Part. Generating New drag cubes.
[LOG 11:24:52.570] [KSPCF/DragCubeGeneration] Creating drag cubes for part 'sweptWing'
[LOG 11:24:52.574] PartLoader: Compiling Part 'Squad/Parts/Aero/airplaneFins/tailfin/tailfin'
[LOG 11:24:52.581] PartLoader: Part 'Squad/Parts/Aero/airplaneFins/tailfin/tailfin' has no database record. Creating.
[LOG 11:24:52.581] [DragCubeSystem]: Drag cubes not found or cannot be read for part Part. Generating New drag cubes.
[LOG 11:24:52.581] [KSPCF/DragCubeGeneration] Creating drag cubes for part 'tailfin'
[LOG 11:24:52.599] PartLoader: Compiling Part 'Squad/Parts/Aero/basicFin/basicFin/basicFin'
[LOG 11:24:52.603] PartLoader: Part 'Squad/Parts/Aero/basicFin/basicFin/basicFin' has no database record. Creating.
[LOG 11:24:52.603] [DragCubeSystem]: Drag cubes not found or cannot be read for part Part. Generating New drag cubes.
[LOG 11:24:52.603] [KSPCF/DragCubeGeneration] Creating drag cubes for part 'basicFin'
[LOG 11:24:52.608] PartLoader: Compiling Part 'Squad/Parts/Aero/circularIntake/circularIntake/CircularIntake'
[LOG 11:24:52.618] PartLoader: Part 'Squad/Parts/Aero/circularIntake/circularIntake/CircularIntake' has no database record. Creating.
[LOG 11:24:52.618] PartLoader: Compiling Part 'Squad/Parts/Aero/circularIntake/intakeShockCone/shockConeIntake'
[LOG 11:24:52.621] PartLoader: Part 'Squad/Parts/Aero/circularIntake/intakeShockCone/shockConeIntake' has no database record. Creating.
[LOG 11:24:52.622] PartLoader: Compiling Part 'Squad/Parts/Aero/cones/avionicsNoseCone/avionicsNoseCone'
[LOG 11:24:52.635] PartLoader: Part 'Squad/Parts/Aero/cones/avionicsNoseCone/avionicsNoseCone' has no database record. Creating.
[LOG 11:24:52.636] [DragCubeSystem]: Drag cubes not found or cannot be read for part Part. Generating New drag cubes.
[LOG 11:24:52.636] [KSPCF/DragCubeGeneration] Creating drag cubes for part 'avionicsNoseCone'
[LOG 11:24:52.644] PartLoader: Compiling Part 'Squad/Parts/Aero/cones/ConeA/pointyNoseConeA'
[LOG 11:24:52.647] PartLoader: Part 'Squad/Parts/Aero/cones/ConeA/pointyNoseConeA' has no database record. Creating.
[LOG 11:24:52.648] [DragCubeSystem]: Drag cubes not found or cannot be read for part Part. Generating New drag cubes.
[LOG 11:24:52.648] [KSPCF/DragCubeGeneration] Creating drag cubes for part 'pointyNoseConeA'
[LOG 11:24:52.653] PartLoader: Compiling Part 'Squad/Parts/Aero/cones/ConeB/pointyNoseConeB'
[LOG 11:24:52.658] PartLoader: Part 'Squad/Parts/Aero/cones/ConeB/pointyNoseConeB' has no database record. Creating.
[LOG 11:24:52.658] [DragCubeSystem]: Drag cubes not found or cannot be read for part Part. Generating New drag cubes.
[LOG 11:24:52.658] [KSPCF/DragCubeGeneration] Creating drag cubes for part 'pointyNoseConeB'
[LOG 11:24:52.664] PartLoader: Compiling Part 'Squad/Parts/Aero/cones/noseConeAdapter/noseConeAdapter'
[LOG 11:24:52.668] PartLoader: Part 'Squad/Parts/Aero/cones/noseConeAdapter/noseConeAdapter' has no database record. Creating.
[LOG 11:24:52.668] [DragCubeSystem]: Drag cubes not found or cannot be read for part Part. Generating New drag cubes.
[LOG 11:24:52.669] [KSPCF/DragCubeGeneration] Creating drag cubes for part 'noseConeAdapter'
[LOG 11:24:52.674] PartLoader: Compiling Part 'Squad/Parts/Aero/cones/protectiveRocketNoseMk7_v2/rocketNoseCone_v2'
[LOG 11:24:52.679] PartLoader: Part 'Squad/Parts/Aero/cones/protectiveRocketNoseMk7_v2/rocketNoseCone_v2' has no database record. Creating.
[LOG 11:24:52.679] [DragCubeSystem]: Drag cubes not found or cannot be read for part Part. Generating New drag cubes.
[LOG 11:24:52.680] [KSPCF/DragCubeGeneration] Creating drag cubes for part 'rocketNoseCone.v2'
[LOG 11:24:52.686] PartLoader: Compiling Part 'Squad/Parts/Aero/cones/protectiveRocketNoseMk7_v3/rocketNoseCone_v3'
[LOG 11:24:52.691] PartLoader: Part 'Squad/Parts/Aero/cones/protectiveRocketNoseMk7_v3/rocketNoseCone_v3' has no database record. Creating.
[LOG 11:24:52.691] [DragCubeSystem]: Drag cubes not found or cannot be read for part Part. Generating New drag cubes.
[LOG 11:24:52.691] [KSPCF/DragCubeGeneration] Creating drag cubes for part 'rocketNoseCone.v3'
[LOG 11:24:52.696] PartLoader: Compiling Part 'Squad/Parts/Aero/cones/rocketNoseCone_size3/rocketNoseConeSize3'
[LOG 11:24:52.701] PartLoader: Part 'Squad/Parts/Aero/cones/rocketNoseCone_size3/rocketNoseConeSize3' has no database record. Creating.
[LOG 11:24:52.701] [DragCubeSystem]: Drag cubes not found or cannot be read for part Part. Generating New drag cubes.
[LOG 11:24:52.701] [KSPCF/DragCubeGeneration] Creating drag cubes for part 'rocketNoseConeSize3'
[LOG 11:24:52.708] PartLoader: Compiling Part 'Squad/Parts/Aero/cones/smallNoseCone/standardNoseCone'
[LOG 11:24:52.712] PartLoader: Part 'Squad/Parts/Aero/cones/smallNoseCone/standardNoseCone' has no database record. Creating.
[LOG 11:24:52.712] [DragCubeSystem]: Drag cubes not found or cannot be read for part Part. Generating New drag cubes.
[LOG 11:24:52.712] [KSPCF/DragCubeGeneration] Creating drag cubes for part 'standardNoseCone'
[LOG 11:24:52.718] PartLoader: Compiling Part 'Squad/Parts/Aero/cones/tailConnectorA/airplaneTail'
[LOG 11:24:52.722] PartLoader: Part 'Squad/Parts/Aero/cones/tailConnectorA/airplaneTail' has no database record. Creating.
[LOG 11:24:52.722] [DragCubeSystem]: Drag cubes not found or cannot be read for part Part. Generating New drag cubes.
[LOG 11:24:52.722] [KSPCF/DragCubeGeneration] Creating drag cubes for part 'airplaneTail'
[LOG 11:24:52.728] PartLoader: Compiling Part 'Squad/Parts/Aero/cones/tailConnectorB/airplaneTailB'
[LOG 11:24:52.732] PartLoader: Part 'Squad/Parts/Aero/cones/tailConnectorB/airplaneTailB' has no database record. Creating.
[LOG 11:24:52.732] [DragCubeSystem]: Drag cubes not found or cannot be read for part Part. Generating New drag cubes.
[LOG 11:24:52.732] [KSPCF/DragCubeGeneration] Creating drag cubes for part 'airplaneTailB'
[LOG 11:24:52.737] PartLoader: Compiling Part 'Squad/Parts/Aero/fairings/fairingSize1/fairingSize1'
[LOG 11:24:52.774] PartLoader: Part 'Squad/Parts/Aero/fairings/fairingSize1/fairingSize1' has no database record. Creating.
[LOG 11:24:52.774] [DragCubeSystem]: Drag cubes not found or cannot be read for part Part. Generating New drag cubes.
[LOG 11:24:52.774] [KSPCF/DragCubeGeneration] Creating drag cubes for part 'fairingSize1'
[LOG 11:24:52.780] PartLoader: Compiling Part 'Squad/Parts/Aero/fairings/fairingSize2/fairingSize2'
[LOG 11:24:52.795] PartLoader: Part 'Squad/Parts/Aero/fairings/fairingSize2/fairingSize2' has no database record. Creating.
[LOG 11:24:52.795] [DragCubeSystem]: Drag cubes not found or cannot be read for part Part. Generating New drag cubes.
[LOG 11:24:52.795] [KSPCF/DragCubeGeneration] Creating drag cubes for part 'fairingSize2'
[LOG 11:24:52.800] PartLoader: Compiling Part 'Squad/Parts/Aero/fairings/fairingSize3/fairingSize3'
[LOG 11:24:52.816] PartLoader: Part 'Squad/Parts/Aero/fairings/fairingSize3/fairingSize3' has no database record. Creating.
[LOG 11:24:52.816] [DragCubeSystem]: Drag cubes not found or cannot be read for part Part. Generating New drag cubes.
[LOG 11:24:52.816] [KSPCF/DragCubeGeneration] Creating drag cubes for part 'fairingSize3'
[LOG 11:24:52.821] PartLoader: Compiling Part 'Squad/Parts/Aero/HeatShield/HeatShield0/HeatShield0'
[LOG 11:24:52.838] PartLoader: Part 'Squad/Parts/Aero/HeatShield/HeatShield0/HeatShield0' has no database record. Creating.
[LOG 11:24:52.838] [DragCubeSystem]: Drag cubes not found or cannot be read for part Part. Generating New drag cubes.
[LOG 11:24:52.839] [KSPCF/DragCubeGeneration] Creating drag cubes for part 'HeatShield0'
[LOG 11:24:52.846] PartLoader: Compiling Part 'Squad/Parts/Aero/HeatShield/HeatShield1/HeatShield1'
[LOG 11:24:52.866] PartLoader: Part 'Squad/Parts/Aero/HeatShield/HeatShield1/HeatShield1' has no database record. Creating.
[LOG 11:24:52.866] [DragCubeSystem]: Drag cubes not found or cannot be read for part Part. Generating New drag cubes.
[LOG 11:24:52.866] [KSPCF/DragCubeGeneration] Creating drag cubes for part 'HeatShield1'
[LOG 11:24:52.880] PartLoader: Compiling Part 'Squad/Parts/Aero/HeatShield/HeatShield2/HeatShield2'
[LOG 11:24:52.888] PartLoader: Part 'Squad/Parts/Aero/HeatShield/HeatShield2/HeatShield2' has no database record. Creating.
[LOG 11:24:52.889] [DragCubeSystem]: Drag cubes not found or cannot be read for part Part. Generating New drag cubes.
[LOG 11:24:52.889] [KSPCF/DragCubeGeneration] Creating drag cubes for part 'HeatShield2'
[LOG 11:24:52.902] PartLoader: Compiling Part 'Squad/Parts/Aero/HeatShield/HeatShield3/HeatShield3'
[LOG 11:24:52.907] PartLoader: Part 'Squad/Parts/Aero/HeatShield/HeatShield3/HeatShield3' has no database record. Creating.
[LOG 11:24:52.907] [DragCubeSystem]: Drag cubes not found or cannot be read for part Part. Generating New drag cubes.
[LOG 11:24:52.907] [KSPCF/DragCubeGeneration] Creating drag cubes for part 'HeatShield3'
[LOG 11:24:52.920] PartLoader: Compiling Part 'Squad/Parts/Aero/InflatableHeatShield/HeatShield/InflatableHeatShield'
[LOG 11:24:52.929] PartLoader: Part 'Squad/Parts/Aero/InflatableHeatShield/HeatShield/InflatableHeatShield' has no database record. Creating.
[LOG 11:24:52.929] [DragCubeSystem]: Drag cubes not found or cannot be read for part Part. Generating New drag cubes.
[LOG 11:24:52.929] [KSPCF/DragCubeGeneration] Creating drag cubes for part 'InflatableHeatShield'
[LOG 11:24:52.942] PartLoader: Compiling Part 'Squad/Parts/Aero/intakeRadialLong/intakeRadialLong/IntakeRadialLong'
[LOG 11:24:52.946] PartLoader: Part 'Squad/Parts/Aero/intakeRadialLong/intakeRadialLong/IntakeRadialLong' has no database record. Creating.
[LOG 11:24:52.946] [DragCubeSystem]: Drag cubes not found or cannot be read for part Part. Generating New drag cubes.
[LOG 11:24:52.946] [KSPCF/DragCubeGeneration] Creating drag cubes for part 'IntakeRadialLong'
[LOG 11:24:52.951] PartLoader: Compiling Part 'Squad/Parts/Aero/miniIntake/SmallIntake/miniIntake'
[LOG 11:24:52.955] PartLoader: Part 'Squad/Parts/Aero/miniIntake/SmallIntake/miniIntake' has no database record. Creating.
[LOG 11:24:52.956] PartLoader: Compiling Part 'Squad/Parts/Aero/ramAirIntake/ramAirIntake/ramAirIntake'
[LOG 11:24:52.961] PartLoader: Part 'Squad/Parts/Aero/ramAirIntake/ramAirIntake/ramAirIntake' has no database record. Creating.
[LOG 11:24:52.962] PartLoader: Compiling Part 'Squad/Parts/Aero/shuttleWings/delta/wingShuttleDelta'
[LOG 11:24:52.965] PartLoader: Part 'Squad/Parts/Aero/shuttleWings/delta/wingShuttleDelta' has no database record. Creating.
[LOG 11:24:52.965] [DragCubeSystem]: Drag cubes not found or cannot be read for part Part. Generating New drag cubes.
[LOG 11:24:52.965] [KSPCF/DragCubeGeneration] Creating drag cubes for part 'wingShuttleDelta'
[LOG 11:24:52.969] PartLoader: Compiling Part 'Squad/Parts/Aero/shuttleWings/elevon1/wingShuttleElevon1'
[LOG 11:24:52.976] PartLoader: Part 'Squad/Parts/Aero/shuttleWings/elevon1/wingShuttleElevon1' has no database record. Creating.
[LOG 11:24:52.976] [DragCubeSystem]: Drag cubes not found or cannot be read for part Part. Generating New drag cubes.
[LOG 11:24:52.977] [KSPCF/DragCubeGeneration] Creating drag cubes for part 'wingShuttleElevon1'
[LOG 11:24:52.993] PartLoader: Compiling Part 'Squad/Parts/Aero/shuttleWings/elevon2/wingShuttleElevon2'
[LOG 11:24:52.999] PartLoader: Part 'Squad/Parts/Aero/shuttleWings/elevon2/wingShuttleElevon2' has no database record. Creating.
[LOG 11:24:52.999] [DragCubeSystem]: Drag cubes not found or cannot be read for part Part. Generating New drag cubes.
[LOG 11:24:52.999] [KSPCF/DragCubeGeneration] Creating drag cubes for part 'wingShuttleElevon2'
[LOG 11:24:53.015] PartLoader: Compiling Part 'Squad/Parts/Aero/shuttleWings/rudder/wingShuttleRudder'
[LOG 11:24:53.021] PartLoader: Part 'Squad/Parts/Aero/shuttleWings/rudder/wingShuttleRudder' has no database record. Creating.
[LOG 11:24:53.021] [DragCubeSystem]: Drag cubes not found or cannot be read for part Part. Generating New drag cubes.
[LOG 11:24:53.021] [KSPCF/DragCubeGeneration] Creating drag cubes for part 'wingShuttleRudder'
[LOG 11:24:53.037] PartLoader: Compiling Part 'Squad/Parts/Aero/shuttleWings/strake/wingShuttleStrake'
[LOG 11:24:53.041] PartLoader: Part 'Squad/Parts/Aero/shuttleWings/strake/wingShuttleStrake' has no database record. Creating.
[LOG 11:24:53.041] [DragCubeSystem]: Drag cubes not found or cannot be read for part Part. Generating New drag cubes.
[LOG 11:24:53.041] [KSPCF/DragCubeGeneration] Creating drag cubes for part 'wingShuttleStrake'
[LOG 11:24:53.045] PartLoader: Compiling Part 'Squad/Parts/Aero/wingletAV-R8/wingletAV-R8/R8winglet'
[LOG 11:24:53.049] PartLoader: Part 'Squad/Parts/Aero/wingletAV-R8/wingletAV-R8/R8winglet' has no database record. Creating.
[LOG 11:24:53.049] [DragCubeSystem]: Drag cubes not found or cannot be read for part Part. Generating New drag cubes.
[LOG 11:24:53.049] [KSPCF/DragCubeGeneration] Creating drag cubes for part 'R8winglet'
[LOG 11:24:53.064] PartLoader: Compiling Part 'Squad/Parts/Aero/wingletAV-T1/wingletAV-T1/winglet'
[LOG 11:24:53.068] PartLoader: Part 'Squad/Parts/Aero/wingletAV-T1/wingletAV-T1/winglet' has no database record. Creating.
[LOG 11:24:53.069] [DragCubeSystem]: Drag cubes not found or cannot be read for part Part. Generating New drag cubes.
[LOG 11:24:53.069] [KSPCF/DragCubeGeneration] Creating drag cubes for part 'winglet'
[LOG 11:24:53.073] PartLoader: Compiling Part 'Squad/Parts/Aero/wingletDeltaDeluxe/wingletDeltaDeluxe/winglet3'
[LOG 11:24:53.079] PartLoader: Part 'Squad/Parts/Aero/wingletDeltaDeluxe/wingletDeltaDeluxe/winglet3' has no database record. Creating.
[LOG 11:24:53.079] [DragCubeSystem]: Drag cubes not found or cannot be read for part Part. Generating New drag cubes.
[LOG 11:24:53.079] [KSPCF/DragCubeGeneration] Creating drag cubes for part 'winglet3'
[LOG 11:24:53.094] PartLoader: Compiling Part 'Squad/Parts/Aero/wings/connector1/wingConnector'
[LOG 11:24:53.097] PartLoader: Part 'Squad/Parts/Aero/wings/connector1/wingConnector' has no database record. Creating.
[LOG 11:24:53.097] [DragCubeSystem]: Drag cubes not found or cannot be read for part Part. Generating New drag cubes.
[LOG 11:24:53.097] [KSPCF/DragCubeGeneration] Creating drag cubes for part 'wingConnector'
[LOG 11:24:53.101] PartLoader: Compiling Part 'Squad/Parts/Aero/wings/connector2/wingConnector2'
[LOG 11:24:53.105] PartLoader: Part 'Squad/Parts/Aero/wings/connector2/wingConnector2' has no database record. Creating.
[LOG 11:24:53.105] [DragCubeSystem]: Drag cubes not found or cannot be read for part Part. Generating New drag cubes.
[LOG 11:24:53.105] [KSPCF/DragCubeGeneration] Creating drag cubes for part 'wingConnector2'
[LOG 11:24:53.109] PartLoader: Compiling Part 'Squad/Parts/Aero/wings/connector3/wingConnector3'
[LOG 11:24:53.112] PartLoader: Part 'Squad/Parts/Aero/wings/connector3/wingConnector3' has no database record. Creating.
[LOG 11:24:53.112] [DragCubeSystem]: Drag cubes not found or cannot be read for part Part. Generating New drag cubes.
[LOG 11:24:53.112] [KSPCF/DragCubeGeneration] Creating drag cubes for part 'wingConnector3'
[LOG 11:24:53.116] PartLoader: Compiling Part 'Squad/Parts/Aero/wings/connector4/wingConnector4'
[LOG 11:24:53.120] PartLoader: Part 'Squad/Parts/Aero/wings/connector4/wingConnector4' has no database record. Creating.
[LOG 11:24:53.120] [DragCubeSystem]: Drag cubes not found or cannot be read for part Part. Generating New drag cubes.
[LOG 11:24:53.120] [KSPCF/DragCubeGeneration] Creating drag cubes for part 'wingConnector4'
[LOG 11:24:53.125] PartLoader: Compiling Part 'Squad/Parts/Aero/wings/connector5/wingConnector5'
[LOG 11:24:53.129] PartLoader: Part 'Squad/Parts/Aero/wings/connector5/wingConnector5' has no database record. Creating.
[LOG 11:24:53.129] [DragCubeSystem]: Drag cubes not found or cannot be read for part Part. Generating New drag cubes.
[LOG 11:24:53.129] [KSPCF/DragCubeGeneration] Creating drag cubes for part 'wingConnector5'
[LOG 11:24:53.133] PartLoader: Compiling Part 'Squad/Parts/Aero/wings/delta/deltaWing'
[LOG 11:24:53.137] PartLoader: Part 'Squad/Parts/Aero/wings/delta/deltaWing' has no database record. Creating.
[LOG 11:24:53.137] [DragCubeSystem]: Drag cubes not found or cannot be read for part Part. Generating New drag cubes.
[LOG 11:24:53.137] [KSPCF/DragCubeGeneration] Creating drag cubes for part 'deltaWing'
[LOG 11:24:53.141] PartLoader: Compiling Part 'Squad/Parts/Aero/wings/delta_small/delta_small'
[LOG 11:24:53.146] PartLoader: Part 'Squad/Parts/Aero/wings/delta_small/delta_small' has no database record. Creating.
[LOG 11:24:53.146] [DragCubeSystem]: Drag cubes not found or cannot be read for part Part. Generating New drag cubes.
[LOG 11:24:53.146] [KSPCF/DragCubeGeneration] Creating drag cubes for part 'delta.small'
[LOG 11:24:53.150] PartLoader: Compiling Part 'Squad/Parts/Aero/wings/elevon1/StandardCtrlSrf'
[LOG 11:24:53.156] PartLoader: Part 'Squad/Parts/Aero/wings/elevon1/StandardCtrlSrf' has no database record. Creating.
[LOG 11:24:53.156] [DragCubeSystem]: Drag cubes not found or cannot be read for part Part. Generating New drag cubes.
[LOG 11:24:53.156] [KSPCF/DragCubeGeneration] Creating drag cubes for part 'StandardCtrlSrf'
[LOG 11:24:53.171] PartLoader: Compiling Part 'Squad/Parts/Aero/wings/elevon2/elevon2'
[LOG 11:24:53.176] PartLoader: Part 'Squad/Parts/Aero/wings/elevon2/elevon2' has no database record. Creating.
[LOG 11:24:53.176] [DragCubeSystem]: Drag cubes not found or cannot be read for part Part. Generating New drag cubes.
[LOG 11:24:53.176] [KSPCF/DragCubeGeneration] Creating drag cubes for part 'elevon2'
[LOG 11:24:53.191] PartLoader: Compiling Part 'Squad/Parts/Aero/wings/elevon3/elevon3'
[LOG 11:24:53.197] PartLoader: Part 'Squad/Parts/Aero/wings/elevon3/elevon3' has no database record. Creating.
[LOG 11:24:53.197] [DragCubeSystem]: Drag cubes not found or cannot be read for part Part. Generating New drag cubes.
[LOG 11:24:53.197] [KSPCF/DragCubeGeneration] Creating drag cubes for part 'elevon3'
[LOG 11:24:53.213] PartLoader: Compiling Part 'Squad/Parts/Aero/wings/elevon4/smallCtrlSrf'
[LOG 11:24:53.219] PartLoader: Part 'Squad/Parts/Aero/wings/elevon4/smallCtrlSrf' has no database record. Creating.
[LOG 11:24:53.219] [DragCubeSystem]: Drag cubes not found or cannot be read for part Part. Generating New drag cubes.
[LOG 11:24:53.219] [KSPCF/DragCubeGeneration] Creating drag cubes for part 'smallCtrlSrf'
[LOG 11:24:53.235] PartLoader: Compiling Part 'Squad/Parts/Aero/wings/elevon5/elevon5'
[LOG 11:24:53.241] PartLoader: Part 'Squad/Parts/Aero/wings/elevon5/elevon5' has no database record. Creating.
[LOG 11:24:53.241] [DragCubeSystem]: Drag cubes not found or cannot be read for part Part. Generating New drag cubes.
[LOG 11:24:53.241] [KSPCF/DragCubeGeneration] Creating drag cubes for part 'elevon5'
[LOG 11:24:53.258] PartLoader: Compiling Part 'Squad/Parts/Aero/wings/strake/wingStrake'
[LOG 11:24:53.262] PartLoader: Part 'Squad/Parts/Aero/wings/strake/wingStrake' has no database record. Creating.
[LOG 11:24:53.262] [DragCubeSystem]: Drag cubes not found or cannot be read for part Part. Generating New drag cubes.
[LOG 11:24:53.262] [KSPCF/DragCubeGeneration] Creating drag cubes for part 'wingStrake'
[LOG 11:24:53.266] PartLoader: Compiling Part 'Squad/Parts/Aero/wings/structural1/structuralWing'
[LOG 11:24:53.270] PartLoader: Part 'Squad/Parts/Aero/wings/structural1/structuralWing' has no database record. Creating.
[LOG 11:24:53.270] [DragCubeSystem]: Drag cubes not found or cannot be read for part Part. Generating New drag cubes.
[LOG 11:24:53.270] [KSPCF/DragCubeGeneration] Creating drag cubes for part 'structuralWing'
[LOG 11:24:53.274] PartLoader: Compiling Part 'Squad/Parts/Aero/wings/structural2/structuralWing2'
[LOG 11:24:53.278] PartLoader: Part 'Squad/Parts/Aero/wings/structural2/structuralWing2' has no database record. Creating.
[LOG 11:24:53.278] [DragCubeSystem]: Drag cubes not found or cannot be read for part Part. Generating New drag cubes.
[LOG 11:24:53.278] [KSPCF/DragCubeGeneration] Creating drag cubes for part 'structuralWing2'
[LOG 11:24:53.282] PartLoader: Compiling Part 'Squad/Parts/Aero/wings/structural3/structuralWing3'
[LOG 11:24:53.288] PartLoader: Part 'Squad/Parts/Aero/wings/structural3/structuralWing3' has no database record. Creating.
[LOG 11:24:53.288] [DragCubeSystem]: Drag cubes not found or cannot be read for part Part. Generating New drag cubes.
[LOG 11:24:53.288] [KSPCF/DragCubeGeneration] Creating drag cubes for part 'structuralWing3'
[LOG 11:24:53.291] PartLoader: Compiling Part 'Squad/Parts/Aero/wings/structural4/structuralWing4'
[LOG 11:24:53.294] PartLoader: Part 'Squad/Parts/Aero/wings/structural4/structuralWing4' has no database record. Creating.
[LOG 11:24:53.294] [DragCubeSystem]: Drag cubes not found or cannot be read for part Part. Generating New drag cubes.
[LOG 11:24:53.294] [KSPCF/DragCubeGeneration] Creating drag cubes for part 'structuralWing4'
[LOG 11:24:53.299] PartLoader: Compiling Part 'Squad/Parts/Aero/wings/swept1/sweptWing1'
[LOG 11:24:53.302] PartLoader: Part 'Squad/Parts/Aero/wings/swept1/sweptWing1' has no database record. Creating.
[LOG 11:24:53.302] [DragCubeSystem]: Drag cubes not found or cannot be read for part Part. Generating New drag cubes.
[LOG 11:24:53.302] [KSPCF/DragCubeGeneration] Creating drag cubes for part 'sweptWing1'
[LOG 11:24:53.306] PartLoader: Compiling Part 'Squad/Parts/Aero/wings/swept2/sweptWing2'
[LOG 11:24:53.311] PartLoader: Part 'Squad/Parts/Aero/wings/swept2/sweptWing2' has no database record. Creating.
[LOG 11:24:53.311] [DragCubeSystem]: Drag cubes not found or cannot be read for part Part. Generating New drag cubes.
[LOG 11:24:53.311] [KSPCF/DragCubeGeneration] Creating drag cubes for part 'sweptWing2'
[LOG 11:24:53.315] PartLoader: Compiling Part 'Squad/Parts/Cargo/CargoContainers/cargoContainer/cargoContainer'
[WRN 11:24:53.317] [Part]: Cannot have ModuleCargoPart and ModuleInventoryPart on same Part [cargoContainer'. Removed ModuleCargoPart
[LOG 11:24:53.329] PartLoader: Part 'Squad/Parts/Cargo/CargoContainers/cargoContainer/cargoContainer' has no database record. Creating.
[LOG 11:24:53.329] [DragCubeSystem]: Drag cubes not found or cannot be read for part Part. Generating New drag cubes.
[LOG 11:24:53.329] [KSPCF/DragCubeGeneration] Creating drag cubes for part 'cargoContainer'
[LOG 11:24:53.335] PartLoader: Compiling Part 'Squad/Parts/Cargo/CargoContainers/smallCargoContainer/smallCargoContainer'
[WRN 11:24:53.337] [Part]: Cannot have ModuleCargoPart and ModuleInventoryPart on same Part [smallCargoContainer'. Removed ModuleCargoPart
[LOG 11:24:53.340] PartLoader: Part 'Squad/Parts/Cargo/CargoContainers/smallCargoContainer/smallCargoContainer' has no database record. Creating.
[LOG 11:24:53.340] [DragCubeSystem]: Drag cubes not found or cannot be read for part Part. Generating New drag cubes.
[LOG 11:24:53.340] [KSPCF/DragCubeGeneration] Creating drag cubes for part 'smallCargoContainer'
[LOG 11:24:53.345] PartLoader: Compiling Part 'Squad/Parts/Cargo/Cylinder/Cylinder/evaCylinder'
[LOG 11:24:53.349] PartLoader: Part 'Squad/Parts/Cargo/Cylinder/Cylinder/evaCylinder' has no database record. Creating.
[LOG 11:24:53.349] [DragCubeSystem]: Drag cubes not found or cannot be read for part Part. Generating New drag cubes.
[LOG 11:24:53.349] [KSPCF/DragCubeGeneration] Creating drag cubes for part 'evaCylinder'
[LOG 11:24:53.354] PartLoader: Compiling Part 'Squad/Parts/Cargo/GroundAnchor/groundAnchor/groundAnchor'
[LOG 11:24:53.372] PartLoader: Part 'Squad/Parts/Cargo/GroundAnchor/groundAnchor/groundAnchor' has no database record. Creating.
[LOG 11:24:53.372] [DragCubeSystem]: Drag cubes not found or cannot be read for part Part. Generating New drag cubes.
[LOG 11:24:53.372] [KSPCF/DragCubeGeneration] Creating drag cubes for part 'groundAnchor'
[LOG 11:24:53.384] PartLoader: Compiling Part 'Squad/Parts/Cargo/Jetpack/Jetpack/evaJetpack'
[LOG 11:24:53.388] PartLoader: Part 'Squad/Parts/Cargo/Jetpack/Jetpack/evaJetpack' has no database record. Creating.
[LOG 11:24:53.388] [DragCubeSystem]: Drag cubes not found or cannot be read for part Part. Generating New drag cubes.
[LOG 11:24:53.388] [KSPCF/DragCubeGeneration] Creating drag cubes for part 'evaJetpack'
[LOG 11:24:53.394] PartLoader: Compiling Part 'Squad/Parts/Cargo/Parachute/Parachute/evaChute'
[LOG 11:24:53.397] PartLoader: Part 'Squad/Parts/Cargo/Parachute/Parachute/evaChute' has no database record. Creating.
[LOG 11:24:53.398] [DragCubeSystem]: Drag cubes not found or cannot be read for part Part. Generating New drag cubes.
[LOG 11:24:53.398] [KSPCF/DragCubeGeneration] Creating drag cubes for part 'evaChute'
[LOG 11:24:53.402] PartLoader: Compiling Part 'Squad/Parts/Cargo/RepairKit/RepairKit/evaRepairKit'
[LOG 11:24:53.405] PartLoader: Part 'Squad/Parts/Cargo/RepairKit/RepairKit/evaRepairKit' has no database record. Creating.
[LOG 11:24:53.405] [DragCubeSystem]: Drag cubes not found or cannot be read for part Part. Generating New drag cubes.
[LOG 11:24:53.405] [KSPCF/DragCubeGeneration] Creating drag cubes for part 'evaRepairKit'
[LOG 11:24:53.410] PartLoader: Compiling Part 'Squad/Parts/Cargo/ScienceKit/evaScienceKit/evaScienceKit'
[LOG 11:24:53.414] PartLoader: Part 'Squad/Parts/Cargo/ScienceKit/evaScienceKit/evaScienceKit' has no database record. Creating.
[LOG 11:24:53.415] [DragCubeSystem]: Drag cubes not found or cannot be read for part Part. Generating New drag cubes.
[LOG 11:24:53.415] [KSPCF/DragCubeGeneration] Creating drag cubes for part 'evaScienceKit'
[LOG 11:24:53.419] PartLoader: Compiling Part 'Squad/Parts/Cargo/StorageUnits/CargoStorageUnit/CargoStorageUnit'
[WRN 11:24:53.421] [Part]: Cannot have ModuleCargoPart and ModuleInventoryPart on same Part [CargoStorageUnit'. Removed ModuleCargoPart
[LOG 11:24:53.423] PartLoader: Part 'Squad/Parts/Cargo/StorageUnits/CargoStorageUnit/CargoStorageUnit' has no database record. Creating.
[LOG 11:24:53.424] [DragCubeSystem]: Drag cubes not found or cannot be read for part Part. Generating New drag cubes.
[LOG 11:24:53.424] [KSPCF/DragCubeGeneration] Creating drag cubes for part 'CargoStorageUnit'
[LOG 11:24:53.428] PartLoader: Compiling Part 'Squad/Parts/Cargo/StorageUnits/ConformalStorageUnit/ConformalStorageUnit'
[WRN 11:24:53.433] [Part]: Cannot have ModuleCargoPart and ModuleInventoryPart on same Part [ConformalStorageUnit'. Removed ModuleCargoPart
[LOG 11:24:53.435] PartLoader: Part 'Squad/Parts/Cargo/StorageUnits/ConformalStorageUnit/ConformalStorageUnit' has no database record. Creating.
[LOG 11:24:53.435] [DragCubeSystem]: Drag cubes not found or cannot be read for part Part. Generating New drag cubes.
[LOG 11:24:53.435] [KSPCF/DragCubeGeneration] Creating drag cubes for part 'ConformalStorageUnit'
[LOG 11:24:53.439] PartLoader: Compiling Part 'Squad/Parts/Command/advancedSasModuleLarge/advSasModuleLarge/asasmodule1-2'
[LOG 11:24:53.449] PartLoader: Part 'Squad/Parts/Command/advancedSasModuleLarge/advSasModuleLarge/asasmodule1-2' has no database record. Creating.
[LOG 11:24:53.450] PartLoader: Compiling Part 'Squad/Parts/Command/cupola/cupola/cupola'
[LOG 11:24:53.490] PartLoader: Part 'Squad/Parts/Command/cupola/cupola/cupola' has no database record. Creating.
[LOG 11:24:53.490] [DragCubeSystem]: Drag cubes not found or cannot be read for part Part. Generating New drag cubes.
[LOG 11:24:53.490] [KSPCF/DragCubeGeneration] Creating drag cubes for part 'cupola'
[LOG 11:24:53.502] PartLoader: Compiling Part 'Squad/Parts/Command/externalCommandSeat/externalCommandSeat/seatExternalCmd'
[LOG 11:24:53.511] PartLoader: Part 'Squad/Parts/Command/externalCommandSeat/externalCommandSeat/seatExternalCmd' has no database record. Creating.
[LOG 11:24:53.512] [DragCubeSystem]: Drag cubes not found or cannot be read for part Part. Generating New drag cubes.
[LOG 11:24:53.512] [KSPCF/DragCubeGeneration] Creating drag cubes for part 'seatExternalCmd'
[LOG 11:24:53.516] PartLoader: Compiling Part 'Squad/Parts/Command/hitchhikerStorageContainer/hitchikerStorageContainer/crewCabin'
[LOG 11:24:53.525] PartLoader: Part 'Squad/Parts/Command/hitchhikerStorageContainer/hitchikerStorageContainer/crewCabin' has no database record. Creating.
[LOG 11:24:53.525] [DragCubeSystem]: Drag cubes not found or cannot be read for part Part. Generating New drag cubes.
[LOG 11:24:53.525] [KSPCF/DragCubeGeneration] Creating drag cubes for part 'crewCabin'
[LOG 11:24:53.531] PartLoader: Compiling Part 'Squad/Parts/Command/inlineAdvancedStabilizer/inlineAdvancedStabilizer/advSasModule'
[LOG 11:24:53.536] PartLoader: Part 'Squad/Parts/Command/inlineAdvancedStabilizer/inlineAdvancedStabilizer/advSasModule' has no database record. Creating.
[LOG 11:24:53.536] [DragCubeSystem]: Drag cubes not found or cannot be read for part Part. Generating New drag cubes.
[LOG 11:24:53.536] [KSPCF/DragCubeGeneration] Creating drag cubes for part 'advSasModule'
[LOG 11:24:53.541] PartLoader: Compiling Part 'Squad/Parts/Command/inlineReactionWheel/inlineReactionWheel/sasModule'
[LOG 11:24:53.545] PartLoader: Part 'Squad/Parts/Command/inlineReactionWheel/inlineReactionWheel/sasModule' has no database record. Creating.
[LOG 11:24:53.545] [DragCubeSystem]: Drag cubes not found or cannot be read for part Part. Generating New drag cubes.
[LOG 11:24:53.545] [KSPCF/DragCubeGeneration] Creating drag cubes for part 'sasModule'
[LOG 11:24:53.550] PartLoader: Compiling Part 'Squad/Parts/Command/Mk1-3Pod/mk1-3/mk1-3pod'
[LOG 11:24:53.586] PartLoader: Part 'Squad/Parts/Command/Mk1-3Pod/mk1-3/mk1-3pod' has no database record. Creating.
[LOG 11:24:53.586] [DragCubeSystem]: Drag cubes not found or cannot be read for part Part. Generating New drag cubes.
[LOG 11:24:53.586] [KSPCF/DragCubeGeneration] Creating drag cubes for part 'mk1-3pod'
[LOG 11:24:53.594] PartLoader: Compiling Part 'Squad/Parts/Command/mk1Cockpits/mk1Cockpit/Mark1Cockpit'
[WRN 11:24:53.597] [Part]: Cannot have ModuleCargoPart and ModuleInventoryPart on same Part [Mark1Cockpit'. Removed ModuleCargoPart
[LOG 11:24:53.600] PartLoader: Part 'Squad/Parts/Command/mk1Cockpits/mk1Cockpit/Mark1Cockpit' has no database record. Creating.
[LOG 11:24:53.600] [DragCubeSystem]: Drag cubes not found or cannot be read for part Part. Generating New drag cubes.
[LOG 11:24:53.600] [KSPCF/DragCubeGeneration] Creating drag cubes for part 'Mark1Cockpit'
[LOG 11:24:53.606] PartLoader: Compiling Part 'Squad/Parts/Command/mk1Cockpits/mk1CrewCabin/MK1CrewCabin'
[WRN 11:24:53.609] [Part]: Cannot have ModuleCargoPart and ModuleInventoryPart on same Part [MK1CrewCabin'. Removed ModuleCargoPart
[LOG 11:24:53.611] PartLoader: Part 'Squad/Parts/Command/mk1Cockpits/mk1CrewCabin/MK1CrewCabin' has no database record. Creating.
[LOG 11:24:53.611] [DragCubeSystem]: Drag cubes not found or cannot be read for part Part. Generating New drag cubes.
[LOG 11:24:53.611] [KSPCF/DragCubeGeneration] Creating drag cubes for part 'MK1CrewCabin'
[LOG 11:24:53.617] PartLoader: Compiling Part 'Squad/Parts/Command/mk1Cockpits/mk1InlineCockpit/Mark2Cockpit'
[WRN 11:24:53.620] [Part]: Cannot have ModuleCargoPart and ModuleInventoryPart on same Part [Mark2Cockpit'. Removed ModuleCargoPart
[LOG 11:24:53.624] PartLoader: Part 'Squad/Parts/Command/mk1Cockpits/mk1InlineCockpit/Mark2Cockpit' has no database record. Creating.
[LOG 11:24:53.624] [DragCubeSystem]: Drag cubes not found or cannot be read for part Part. Generating New drag cubes.
[LOG 11:24:53.625] [KSPCF/DragCubeGeneration] Creating drag cubes for part 'Mark2Cockpit'
[LOG 11:24:53.630] PartLoader: Compiling Part 'Squad/Parts/Command/mk1LanderCan/mk1LanderCan/landerCabinSmall'
[WRN 11:24:53.634] [Part]: Cannot have ModuleCargoPart and ModuleInventoryPart on same Part [landerCabinSmall'. Removed ModuleCargoPart
[LOG 11:24:53.637] PartLoader: Part 'Squad/Parts/Command/mk1LanderCan/mk1LanderCan/landerCabinSmall' has no database record. Creating.
[LOG 11:24:53.637] [DragCubeSystem]: Drag cubes not found or cannot be read for part Part. Generating New drag cubes.
[LOG 11:24:53.637] [KSPCF/DragCubeGeneration] Creating drag cubes for part 'landerCabinSmall'
[LOG 11:24:53.643] PartLoader: Compiling Part 'Squad/Parts/Command/mk1pod_v2/mk1Pod_v2/mk1pod_v2'
[WRN 11:24:53.647] [Part]: Cannot have ModuleCargoPart and ModuleInventoryPart on same Part [mk1pod.v2'. Removed ModuleCargoPart
[LOG 11:24:53.650] PartLoader: Part 'Squad/Parts/Command/mk1pod_v2/mk1Pod_v2/mk1pod_v2' has no database record. Creating.
[LOG 11:24:53.650] [DragCubeSystem]: Drag cubes not found or cannot be read for part Part. Generating New drag cubes.
[LOG 11:24:53.650] [KSPCF/DragCubeGeneration] Creating drag cubes for part 'mk1pod.v2'
[LOG 11:24:53.656] PartLoader: Compiling Part 'Squad/Parts/Command/mk2CockpitInline/mk2CockpitInline/mk2Cockpit_Inline'
[WRN 11:24:53.662] [Part]: Cannot have ModuleCargoPart and ModuleInventoryPart on same Part [mk2Cockpit.Inline'. Removed ModuleCargoPart
[LOG 11:24:53.667] PartLoader: Part 'Squad/Parts/Command/mk2CockpitInline/mk2CockpitInline/mk2Cockpit_Inline' has no database record. Creating.
[LOG 11:24:53.667] [DragCubeSystem]: Drag cubes not found or cannot be read for part Part. Generating New drag cubes.
[LOG 11:24:53.667] [KSPCF/DragCubeGeneration] Creating drag cubes for part 'mk2Cockpit.Inline'
[LOG 11:24:53.675] PartLoader: Compiling Part 'Squad/Parts/Command/mk2CockpitStandard/mk2CockpitStandard/mk2Cockpit_Standard'
[WRN 11:24:53.679] [Part]: Cannot have ModuleCargoPart and ModuleInventoryPart on same Part [mk2Cockpit.Standard'. Removed ModuleCargoPart
[LOG 11:24:53.683] PartLoader: Part 'Squad/Parts/Command/mk2CockpitStandard/mk2CockpitStandard/mk2Cockpit_Standard' has no database record. Creating.
[LOG 11:24:53.683] [DragCubeSystem]: Drag cubes not found or cannot be read for part Part. Generating New drag cubes.
[LOG 11:24:53.683] [KSPCF/DragCubeGeneration] Creating drag cubes for part 'mk2Cockpit.Standard'
[LOG 11:24:53.688] PartLoader: Compiling Part 'Squad/Parts/Command/mk2DroneCore/mk2Dronecore/mk2DroneCore'
[LOG 11:24:53.694] PartLoader: Part 'Squad/Parts/Command/mk2DroneCore/mk2Dronecore/mk2DroneCore' has no database record. Creating.
[LOG 11:24:53.696] PartLoader: Compiling Part 'Squad/Parts/Command/mk2LanderCan/mk2LanderCan/mk2LanderCabin'
[WRN 11:24:53.699] [Part]: Cannot have ModuleCargoPart and ModuleInventoryPart on same Part [mk2LanderCabin'. Removed ModuleCargoPart
[LOG 11:24:53.708] PartLoader: Part 'Squad/Parts/Command/mk2LanderCan/mk2LanderCan/mk2LanderCabin' has no database record. Creating.
[LOG 11:24:53.708] [DragCubeSystem]: Drag cubes not found or cannot be read for part Part. Generating New drag cubes.
[LOG 11:24:53.708] [KSPCF/DragCubeGeneration] Creating drag cubes for part 'mk2LanderCabin'
[LOG 11:24:53.714] PartLoader: Compiling Part 'Squad/Parts/Command/mk2LanderCan_v2/mk2LanderCan_v2/mk2LanderCabin_v2'
[WRN 11:24:53.720] [Part]: Cannot have ModuleCargoPart and ModuleInventoryPart on same Part [mk2LanderCabin.v2'. Removed ModuleCargoPart
[LOG 11:24:53.725] PartLoader: Part 'Squad/Parts/Command/mk2LanderCan_v2/mk2LanderCan_v2/mk2LanderCabin_v2' has no database record. Creating.
[LOG 11:24:53.725] [DragCubeSystem]: Drag cubes not found or cannot be read for part Part. Generating New drag cubes.
[LOG 11:24:53.726] [KSPCF/DragCubeGeneration] Creating drag cubes for part 'mk2LanderCabin.v2'
[LOG 11:24:53.733] PartLoader: Compiling Part 'Squad/Parts/Command/mk3CockpitShuttle/mk3CockpitShuttle/mk3Cockpit_Shuttle'
[LOG 11:24:53.746] PartLoader: Part 'Squad/Parts/Command/mk3CockpitShuttle/mk3CockpitShuttle/mk3Cockpit_Shuttle' has no database record. Creating.
[LOG 11:24:53.753] [DragCubeSystem]: Drag cubes not found or cannot be read for part Part. Generating New drag cubes.
[LOG 11:24:53.753] [KSPCF/DragCubeGeneration] Creating drag cubes for part 'mk3Cockpit.Shuttle'
[LOG 11:24:53.761] PartLoader: Compiling Part 'Squad/Parts/Command/MpoProbe/MpoProbe/MpoProbe'
[LOG 11:24:53.769] PartLoader: Part 'Squad/Parts/Command/MpoProbe/MpoProbe/MpoProbe' has no database record. Creating.
[LOG 11:24:53.769] [DragCubeSystem]: Drag cubes not found or cannot be read for part Part. Generating New drag cubes.
[LOG 11:24:53.769] [KSPCF/DragCubeGeneration] Creating drag cubes for part 'MpoProbe'
[LOG 11:24:53.775] PartLoader: Compiling Part 'Squad/Parts/Command/MtmStage/MTM_Stage/MtmStage'
[LOG 11:24:53.782] PartLoader: Part 'Squad/Parts/Command/MtmStage/MTM_Stage/MtmStage' has no database record. Creating.
[LOG 11:24:53.782] [DragCubeSystem]: Drag cubes not found or cannot be read for part Part. Generating New drag cubes.
[LOG 11:24:53.782] [KSPCF/DragCubeGeneration] Creating drag cubes for part 'MtmStage'
[LOG 11:24:53.787] PartLoader: Compiling Part 'Squad/Parts/Command/probeCoreCube/probeCoreCube/probeCoreCube'
[LOG 11:24:53.792] PartLoader: Part 'Squad/Parts/Command/probeCoreCube/probeCoreCube/probeCoreCube' has no database record. Creating.
[LOG 11:24:53.793] PartLoader: Compiling Part 'Squad/Parts/Command/probeCoreHex/probeCoreHex/probeCoreHex'
[LOG 11:24:53.798] PartLoader: Part 'Squad/Parts/Command/probeCoreHex/probeCoreHex/probeCoreHex' has no database record. Creating.
[LOG 11:24:53.798] [DragCubeSystem]: Drag cubes not found or cannot be read for part Part. Generating New drag cubes.
[LOG 11:24:53.798] [KSPCF/DragCubeGeneration] Creating drag cubes for part 'probeCoreHex'
[LOG 11:24:53.804] PartLoader: Compiling Part 'Squad/Parts/Command/probeCoreHex_v2/probeCoreHex_v2/probeCoreHex_v2'
[LOG 11:24:53.812] PartLoader: Part 'Squad/Parts/Command/probeCoreHex_v2/probeCoreHex_v2/probeCoreHex_v2' has no database record. Creating.
[LOG 11:24:53.812] [DragCubeSystem]: Drag cubes not found or cannot be read for part Part. Generating New drag cubes.
[LOG 11:24:53.812] [KSPCF/DragCubeGeneration] Creating drag cubes for part 'probeCoreHex.v2'
[LOG 11:24:53.819] PartLoader: Compiling Part 'Squad/Parts/Command/probeCoreOcto2_v2/probeCoreOcto2_v2/probeCoreOcto2_v2'
[LOG 11:24:53.825] PartLoader: Part 'Squad/Parts/Command/probeCoreOcto2_v2/probeCoreOcto2_v2/probeCoreOcto2_v2' has no database record. Creating.
[LOG 11:24:53.825] [DragCubeSystem]: Drag cubes not found or cannot be read for part Part. Generating New drag cubes.
[LOG 11:24:53.825] [KSPCF/DragCubeGeneration] Creating drag cubes for part 'probeCoreOcto2.v2'
[LOG 11:24:53.831] PartLoader: Compiling Part 'Squad/Parts/Command/probeCoreOcto_v2/probeCoreOcto_v2/probeCoreOcto_v2'
[LOG 11:24:53.837] PartLoader: Part 'Squad/Parts/Command/probeCoreOcto_v2/probeCoreOcto_v2/probeCoreOcto_v2' has no database record. Creating.
[LOG 11:24:53.837] [DragCubeSystem]: Drag cubes not found or cannot be read for part Part. Generating New drag cubes.
[LOG 11:24:53.837] [KSPCF/DragCubeGeneration] Creating drag cubes for part 'probeCoreOcto.v2'
[LOG 11:24:53.842] PartLoader: Compiling Part 'Squad/Parts/Command/probeRoverBody/probeRoverBody/roverBody'
[LOG 11:24:53.847] PartLoader: Part 'Squad/Parts/Command/probeRoverBody/probeRoverBody/roverBody' has no database record. Creating.
[LOG 11:24:53.847] [DragCubeSystem]: Drag cubes not found or cannot be read for part Part. Generating New drag cubes.
[LOG 11:24:53.847] [KSPCF/DragCubeGeneration] Creating drag cubes for part 'roverBody'
[LOG 11:24:53.852] PartLoader: Compiling Part 'Squad/Parts/Command/probeRoverBody_v2/probeRoverBody_v2/roverBody_v2'
[LOG 11:24:53.858] PartLoader: Part 'Squad/Parts/Command/probeRoverBody_v2/probeRoverBody_v2/roverBody_v2' has no database record. Creating.
[LOG 11:24:53.858] [DragCubeSystem]: Drag cubes not found or cannot be read for part Part. Generating New drag cubes.
[LOG 11:24:53.858] [KSPCF/DragCubeGeneration] Creating drag cubes for part 'roverBody.v2'
[LOG 11:24:53.877] PartLoader: Compiling Part 'Squad/Parts/Command/probeStackLarge/probeStackLarge/probeStackLarge'
[LOG 11:24:53.882] PartLoader: Part 'Squad/Parts/Command/probeStackLarge/probeStackLarge/probeStackLarge' has no database record. Creating.
[LOG 11:24:53.882] [DragCubeSystem]: Drag cubes not found or cannot be read for part Part. Generating New drag cubes.
[LOG 11:24:53.882] [KSPCF/DragCubeGeneration] Creating drag cubes for part 'probeStackLarge'
[LOG 11:24:53.887] PartLoader: Compiling Part 'Squad/Parts/Command/probeStackSmall/probeStackSmall/probeStackSmall'
[LOG 11:24:53.895] PartLoader: Part 'Squad/Parts/Command/probeStackSmall/probeStackSmall/probeStackSmall' has no database record. Creating.
[LOG 11:24:53.895] [DragCubeSystem]: Drag cubes not found or cannot be read for part Part. Generating New drag cubes.
[LOG 11:24:53.895] [KSPCF/DragCubeGeneration] Creating drag cubes for part 'probeStackSmall'
[LOG 11:24:53.901] PartLoader: Compiling Part 'Squad/Parts/Command/probeStackSphere_v2/probeStackSphere_v2/probeCoreSphere_v2'
[LOG 11:24:53.908] PartLoader: Part 'Squad/Parts/Command/probeStackSphere_v2/probeStackSphere_v2/probeCoreSphere_v2' has no database record. Creating.
[LOG 11:24:53.909] PartLoader: Compiling Part 'Squad/Parts/CompoundParts/FuelLine/fuelLine/fuelLine'
[LOG 11:24:53.930] PartLoader: Part 'Squad/Parts/CompoundParts/FuelLine/fuelLine/fuelLine' has no database record. Creating.
[LOG 11:24:53.930] [DragCubeSystem]: Drag cubes not found or cannot be read for part CompoundPart. Generating New drag cubes.
[LOG 11:24:53.930] [KSPCF/DragCubeGeneration] Creating drag cubes for part 'fuelLine'
[LOG 11:24:53.934] PartLoader: Compiling Part 'Squad/Parts/CompoundParts/strutConnector/strutConnector/strutConnector'
[LOG 11:24:53.941] PartLoader: Part 'Squad/Parts/CompoundParts/strutConnector/strutConnector/strutConnector' has no database record. Creating.
[LOG 11:24:53.941] [DragCubeSystem]: Drag cubes not found or cannot be read for part CompoundPart. Generating New drag cubes.
[LOG 11:24:53.941] [KSPCF/DragCubeGeneration] Creating drag cubes for part 'strutConnector'
[LOG 11:24:53.946] PartLoader: Compiling Part 'Squad/Parts/Coupling/Decoupler_0/Decoupler_0'
[LOG 11:24:53.958] PartLoader: Part 'Squad/Parts/Coupling/Decoupler_0/Decoupler_0' has no database record. Creating.
[LOG 11:24:53.959] PartLoader: Compiling Part 'Squad/Parts/Coupling/Decoupler_1/Decoupler_1'
[LOG 11:24:53.967] PartLoader: Part 'Squad/Parts/Coupling/Decoupler_1/Decoupler_1' has no database record. Creating.
[LOG 11:24:53.967] PartLoader: Compiling Part 'Squad/Parts/Coupling/Decoupler_2/Decoupler_2'
[LOG 11:24:53.974] PartLoader: Part 'Squad/Parts/Coupling/Decoupler_2/Decoupler_2' has no database record. Creating.
[LOG 11:24:53.975] PartLoader: Compiling Part 'Squad/Parts/Coupling/Decoupler_3/Decoupler_3'
[LOG 11:24:53.981] PartLoader: Part 'Squad/Parts/Coupling/Decoupler_3/Decoupler_3' has no database record. Creating.
[LOG 11:24:53.982] PartLoader: Compiling Part 'Squad/Parts/Coupling/Separator_0/Separator_0'
[LOG 11:24:53.988] PartLoader: Part 'Squad/Parts/Coupling/Separator_0/Separator_0' has no database record. Creating.
[LOG 11:24:53.989] PartLoader: Compiling Part 'Squad/Parts/Coupling/Separator_1/Separator_1'
[LOG 11:24:53.996] PartLoader: Part 'Squad/Parts/Coupling/Separator_1/Separator_1' has no database record. Creating.
[LOG 11:24:53.996] PartLoader: Compiling Part 'Squad/Parts/Coupling/Separator_2/Separator_2'
[LOG 11:24:54.002] PartLoader: Part 'Squad/Parts/Coupling/Separator_2/Separator_2' has no database record. Creating.
[LOG 11:24:54.002] PartLoader: Compiling Part 'Squad/Parts/Coupling/Separator_3/Separator_3'
[LOG 11:24:54.006] PartLoader: Part 'Squad/Parts/Coupling/Separator_3/Separator_3' has no database record. Creating.
[LOG 11:24:54.007] PartLoader: Compiling Part 'Squad/Parts/Electrical/10CSolarPanels/OX-10C/solarPanelOX10C'
[LOG 11:24:54.017] PartLoader: Part 'Squad/Parts/Electrical/10CSolarPanels/OX-10C/solarPanelOX10C' has no database record. Creating.
[LOG 11:24:54.017] [DragCubeSystem]: Drag cubes not found or cannot be read for part Part. Generating New drag cubes.
[LOG 11:24:54.017] [KSPCF/DragCubeGeneration] Creating drag cubes for part 'solarPanelOX10C'
[LOG 11:24:54.035] PartLoader: Compiling Part 'Squad/Parts/Electrical/10CSolarPanels/SP-10C/solarPanelSP10C'
[LOG 11:24:54.039] PartLoader: Part 'Squad/Parts/Electrical/10CSolarPanels/SP-10C/solarPanelSP10C' has no database record. Creating.
[LOG 11:24:54.039] [DragCubeSystem]: Drag cubes not found or cannot be read for part Part. Generating New drag cubes.
[LOG 11:24:54.039] [KSPCF/DragCubeGeneration] Creating drag cubes for part 'solarPanelSP10C'
[LOG 11:24:54.055] PartLoader: Compiling Part 'Squad/Parts/Electrical/10LSolarPanels/OX-10L/solarPanelOX10L'
[LOG 11:24:54.061] PartLoader: Part 'Squad/Parts/Electrical/10LSolarPanels/OX-10L/solarPanelOX10L' has no database record. Creating.
[LOG 11:24:54.061] [DragCubeSystem]: Drag cubes not found or cannot be read for part Part. Generating New drag cubes.
[LOG 11:24:54.061] [KSPCF/DragCubeGeneration] Creating drag cubes for part 'solarPanelOX10L'
[LOG 11:24:54.077] PartLoader: Compiling Part 'Squad/Parts/Electrical/10LSolarPanels/SP-10L/solarPanelSP10L'
[LOG 11:24:54.081] PartLoader: Part 'Squad/Parts/Electrical/10LSolarPanels/SP-10L/solarPanelSP10L' has no database record. Creating.
[LOG 11:24:54.081] [DragCubeSystem]: Drag cubes not found or cannot be read for part Part. Generating New drag cubes.
[LOG 11:24:54.081] [KSPCF/DragCubeGeneration] Creating drag cubes for part 'solarPanelSP10L'
[LOG 11:24:54.098] PartLoader: Compiling Part 'Squad/Parts/Electrical/1x6ShroudSolarPanels/1x6ShroudSolarPanels/solarPanels2'
[LOG 11:24:54.104] PartLoader: Part 'Squad/Parts/Electrical/1x6ShroudSolarPanels/1x6ShroudSolarPanels/solarPanels2' has no database record. Creating.
[LOG 11:24:54.104] [DragCubeSystem]: Drag cubes not found or cannot be read for part Part. Generating New drag cubes.
[LOG 11:24:54.104] [KSPCF/DragCubeGeneration] Creating drag cubes for part 'solarPanels2'
[LOG 11:24:54.121] PartLoader: Compiling Part 'Squad/Parts/Electrical/1x6SolarPanels/1x6SolarPanels/solarPanels4'
[LOG 11:24:54.125] PartLoader: Part 'Squad/Parts/Electrical/1x6SolarPanels/1x6SolarPanels/solarPanels4' has no database record. Creating.
[LOG 11:24:54.125] [DragCubeSystem]: Drag cubes not found or cannot be read for part Part. Generating New drag cubes.
[LOG 11:24:54.125] [KSPCF/DragCubeGeneration] Creating drag cubes for part 'solarPanels4'
[LOG 11:24:54.141] PartLoader: Compiling Part 'Squad/Parts/Electrical/3x2ShroudSolarPanels/3x2ShroudSolarPanels/solarPanels1'
[LOG 11:24:54.146] PartLoader: Part 'Squad/Parts/Electrical/3x2ShroudSolarPanels/3x2ShroudSolarPanels/solarPanels1' has no database record. Creating.
[LOG 11:24:54.146] [DragCubeSystem]: Drag cubes not found or cannot be read for part Part. Generating New drag cubes.
[LOG 11:24:54.146] [KSPCF/DragCubeGeneration] Creating drag cubes for part 'solarPanels1'
[LOG 11:24:54.163] PartLoader: Compiling Part 'Squad/Parts/Electrical/3x2SolarPanels/3x2SolarPanels/solarPanels3'
[LOG 11:24:54.166] PartLoader: Part 'Squad/Parts/Electrical/3x2SolarPanels/3x2SolarPanels/solarPanels3' has no database record. Creating.
[LOG 11:24:54.166] [DragCubeSystem]: Drag cubes not found or cannot be read for part Part. Generating New drag cubes.
[LOG 11:24:54.166] [KSPCF/DragCubeGeneration] Creating drag cubes for part 'solarPanels3'
[LOG 11:24:54.182] PartLoader: Compiling Part 'Squad/Parts/Electrical/gigantorXlSolarArray/gigantorXlSolarArray/largeSolarPanel'
[LOG 11:24:54.188] PartLoader: Part 'Squad/Parts/Electrical/gigantorXlSolarArray/gigantorXlSolarArray/largeSolarPanel' has no database record. Creating.
[LOG 11:24:54.188] [DragCubeSystem]: Drag cubes not found or cannot be read for part Part. Generating New drag cubes.
[LOG 11:24:54.188] [KSPCF/DragCubeGeneration] Creating drag cubes for part 'largeSolarPanel'
[LOG 11:24:54.203] PartLoader: Compiling Part 'Squad/Parts/Electrical/radialFlatSolarPanel/radialFlatSolarPanel/solarPanels5'
[LOG 11:24:54.209] PartLoader: Part 'Squad/Parts/Electrical/radialFlatSolarPanel/radialFlatSolarPanel/solarPanels5' has no database record. Creating.
[LOG 11:24:54.209] [DragCubeSystem]: Drag cubes not found or cannot be read for part Part. Generating New drag cubes.
[LOG 11:24:54.209] [KSPCF/DragCubeGeneration] Creating drag cubes for part 'solarPanels5'
[LOG 11:24:54.216] PartLoader: Compiling Part 'Squad/Parts/Electrical/RTG/RTG/rtg'
[LOG 11:24:54.225] PartLoader: Part 'Squad/Parts/Electrical/RTG/RTG/rtg' has no database record. Creating.
[LOG 11:24:54.225] [DragCubeSystem]: Drag cubes not found or cannot be read for part Part. Generating New drag cubes.
[LOG 11:24:54.226] [KSPCF/DragCubeGeneration] Creating drag cubes for part 'rtg'
[LOG 11:24:54.232] PartLoader: Compiling Part 'Squad/Parts/Electrical/z-100Battery/z-100Battery/batteryPack'
[LOG 11:24:54.236] PartLoader: Part 'Squad/Parts/Electrical/z-100Battery/z-100Battery/batteryPack' has no database record. Creating.
[LOG 11:24:54.236] [DragCubeSystem]: Drag cubes not found or cannot be read for part Part. Generating New drag cubes.
[LOG 11:24:54.236] [KSPCF/DragCubeGeneration] Creating drag cubes for part 'batteryPack'
[LOG 11:24:54.240] PartLoader: Compiling Part 'Squad/Parts/Electrical/z-1kBattery/z-1kBattery/batteryBank'
[LOG 11:24:54.245] PartLoader: Part 'Squad/Parts/Electrical/z-1kBattery/z-1kBattery/batteryBank' has no database record. Creating.
[LOG 11:24:54.245] [DragCubeSystem]: Drag cubes not found or cannot be read for part Part. Generating New drag cubes.
[LOG 11:24:54.245] [KSPCF/DragCubeGeneration] Creating drag cubes for part 'batteryBank'
[LOG 11:24:54.250] PartLoader: Compiling Part 'Squad/Parts/Electrical/z-200Battery/z-200Battery/batteryBankMini'
[LOG 11:24:54.254] PartLoader: Part 'Squad/Parts/Electrical/z-200Battery/z-200Battery/batteryBankMini' has no database record. Creating.
[LOG 11:24:54.254] [DragCubeSystem]: Drag cubes not found or cannot be read for part Part. Generating New drag cubes.
[LOG 11:24:54.254] [KSPCF/DragCubeGeneration] Creating drag cubes for part 'batteryBankMini'
[LOG 11:24:54.258] PartLoader: Compiling Part 'Squad/Parts/Electrical/z-400Battery/z-400Battery/ksp_r_largeBatteryPack'
[LOG 11:24:54.261] PartLoader: Part 'Squad/Parts/Electrical/z-400Battery/z-400Battery/ksp_r_largeBatteryPack' has no database record. Creating.
[LOG 11:24:54.261] [DragCubeSystem]: Drag cubes not found or cannot be read for part Part. Generating New drag cubes.
[LOG 11:24:54.261] [KSPCF/DragCubeGeneration] Creating drag cubes for part 'ksp.r.largeBatteryPack'
[LOG 11:24:54.265] PartLoader: Compiling Part 'Squad/Parts/Electrical/z-4kBattery/z-4kBattery/batteryBankLarge'
[LOG 11:24:54.269] PartLoader: Part 'Squad/Parts/Electrical/z-4kBattery/z-4kBattery/batteryBankLarge' has no database record. Creating.
[LOG 11:24:54.269] [DragCubeSystem]: Drag cubes not found or cannot be read for part Part. Generating New drag cubes.
[LOG 11:24:54.269] [KSPCF/DragCubeGeneration] Creating drag cubes for part 'batteryBankLarge'
[LOG 11:24:54.273] PartLoader: Compiling Part 'Squad/Parts/Engine/ionEngine/ionEngine/ionEngine'
[LOG 11:24:54.289] PartLoader: Part 'Squad/Parts/Engine/ionEngine/ionEngine/ionEngine' has no database record. Creating.
[LOG 11:24:54.289] [DragCubeSystem]: Drag cubes not found or cannot be read for part Part. Generating New drag cubes.
[LOG 11:24:54.289] [KSPCF/DragCubeGeneration] Creating drag cubes for part 'ionEngine'
[LOG 11:24:54.296] PartLoader: Compiling Part 'Squad/Parts/Engine/jetEngines/jetEngineAfterburning/turboJet'
[LOG 11:24:54.338] PartLoader: Part 'Squad/Parts/Engine/jetEngines/jetEngineAfterburning/turboJet' has no database record. Creating.
[LOG 11:24:54.338] [DragCubeSystem]: Drag cubes not found or cannot be read for part Part. Generating New drag cubes.
[LOG 11:24:54.338] [KSPCF/DragCubeGeneration] Creating drag cubes for part 'turboJet'
[LOG 11:24:54.347] PartLoader: Compiling Part 'Squad/Parts/Engine/jetEngines/jetEngineBasic/JetEngine'
[LOG 11:24:54.356] PartLoader: Part 'Squad/Parts/Engine/jetEngines/jetEngineBasic/JetEngine' has no database record. Creating.
[LOG 11:24:54.357] [DragCubeSystem]: Drag cubes not found or cannot be read for part Part. Generating New drag cubes.
[LOG 11:24:54.357] [KSPCF/DragCubeGeneration] Creating drag cubes for part 'JetEngine'
[LOG 11:24:54.370] PartLoader: Compiling Part 'Squad/Parts/Engine/jetEngines/jetEngineBig/turboFanSize2'
[LOG 11:24:54.380] PartLoader: Part 'Squad/Parts/Engine/jetEngines/jetEngineBig/turboFanSize2' has no database record. Creating.
[LOG 11:24:54.380] [DragCubeSystem]: Drag cubes not found or cannot be read for part Part. Generating New drag cubes.
[LOG 11:24:54.380] [KSPCF/DragCubeGeneration] Creating drag cubes for part 'turboFanSize2'
[LOG 11:24:54.395] PartLoader: Compiling Part 'Squad/Parts/Engine/jetEngines/jetEngineTurbo/turboFanEngine'
[LOG 11:24:54.404] PartLoader: Part 'Squad/Parts/Engine/jetEngines/jetEngineTurbo/turboFanEngine' has no database record. Creating.
[LOG 11:24:54.404] [DragCubeSystem]: Drag cubes not found or cannot be read for part Part. Generating New drag cubes.
[LOG 11:24:54.404] [KSPCF/DragCubeGeneration] Creating drag cubes for part 'turboFanEngine'
[LOG 11:24:54.411] PartLoader: Compiling Part 'Squad/Parts/Engine/liquidEngine24-77/liquidEngine24-77/smallRadialEngine'
[LOG 11:24:54.417] PartLoader: Part 'Squad/Parts/Engine/liquidEngine24-77/liquidEngine24-77/smallRadialEngine' has no database record. Creating.
[LOG 11:24:54.417] [DragCubeSystem]: Drag cubes not found or cannot be read for part Part. Generating New drag cubes.
[LOG 11:24:54.417] [KSPCF/DragCubeGeneration] Creating drag cubes for part 'smallRadialEngine'
[LOG 11:24:54.422] PartLoader: Compiling Part 'Squad/Parts/Engine/liquidEngine24-77_v2/liquidEngine24-77_v2/smallRadialEngine_v2'
[LOG 11:24:54.431] PartLoader: Part 'Squad/Parts/Engine/liquidEngine24-77_v2/liquidEngine24-77_v2/smallRadialEngine_v2' has no database record. Creating.
[LOG 11:24:54.431] [DragCubeSystem]: Drag cubes not found or cannot be read for part Part. Generating New drag cubes.
[LOG 11:24:54.431] [KSPCF/DragCubeGeneration] Creating drag cubes for part 'smallRadialEngine.v2'
[LOG 11:24:54.437] PartLoader: Compiling Part 'Squad/Parts/Engine/liquidEngine48-7S_v2/liquidEngine48-7S_v2/liquidEngineMini_v2'
[LOG 11:24:54.445] PartLoader: Part 'Squad/Parts/Engine/liquidEngine48-7S_v2/liquidEngine48-7S_v2/liquidEngineMini_v2' has no database record. Creating.
[LOG 11:24:54.445] [DragCubeSystem]: Drag cubes not found or cannot be read for part Part. Generating New drag cubes.
[LOG 11:24:54.445] [KSPCF/DragCubeGeneration] Creating drag cubes for part 'liquidEngineMini.v2'
[LOG 11:24:54.474] PartLoader: Compiling Part 'Squad/Parts/Engine/liquidEngineAerospike/liquidEngineAerospike/toroidalAerospike'
[LOG 11:24:54.490] PartLoader: Part 'Squad/Parts/Engine/liquidEngineAerospike/liquidEngineAerospike/toroidalAerospike' has no database record. Creating.
[LOG 11:24:54.490] [DragCubeSystem]: Drag cubes not found or cannot be read for part Part. Generating New drag cubes.
[LOG 11:24:54.490] [KSPCF/DragCubeGeneration] Creating drag cubes for part 'toroidalAerospike'
[LOG 11:24:54.505] PartLoader: Compiling Part 'Squad/Parts/Engine/liquidEngineLV-1_v2/liquidEngineLV-1R _v2/radialEngineMini_v2'
[LOG 11:24:54.513] PartLoader: Part 'Squad/Parts/Engine/liquidEngineLV-1_v2/liquidEngineLV-1R _v2/radialEngineMini_v2' has no database record. Creating.
[LOG 11:24:54.513] [DragCubeSystem]: Drag cubes not found or cannot be read for part Part. Generating New drag cubes.
[LOG 11:24:54.513] [KSPCF/DragCubeGeneration] Creating drag cubes for part 'radialEngineMini.v2'
[LOG 11:24:54.527] PartLoader: Compiling Part 'Squad/Parts/Engine/liquidEngineLV-1_v2/liquidEngineLV-1_v2/microEngine_v2'
[LOG 11:24:54.533] PartLoader: Part 'Squad/Parts/Engine/liquidEngineLV-1_v2/liquidEngineLV-1_v2/microEngine_v2' has no database record. Creating.
[LOG 11:24:54.533] [DragCubeSystem]: Drag cubes not found or cannot be read for part Part. Generating New drag cubes.
[LOG 11:24:54.533] [KSPCF/DragCubeGeneration] Creating drag cubes for part 'microEngine.v2'
[LOG 11:24:54.546] PartLoader: Compiling Part 'Squad/Parts/Engine/liquidEngineLV-909_v2/liquidEngineLV-909_v2/liquidEngine3_v2'
[LOG 11:24:54.554] PartLoader: Part 'Squad/Parts/Engine/liquidEngineLV-909_v2/liquidEngineLV-909_v2/liquidEngine3_v2' has no database record. Creating.
[LOG 11:24:54.555] [DragCubeSystem]: Drag cubes not found or cannot be read for part Part. Generating New drag cubes.
[LOG 11:24:54.555] [KSPCF/DragCubeGeneration] Creating drag cubes for part 'liquidEngine3.v2'
[LOG 11:24:54.579] PartLoader: Compiling Part 'Squad/Parts/Engine/liquidEngineLV-N/liquidEngineLV-N/nuclearEngine'
[LOG 11:24:54.586] PartLoader: Part 'Squad/Parts/Engine/liquidEngineLV-N/liquidEngineLV-N/nuclearEngine' has no database record. Creating.
[LOG 11:24:54.586] [DragCubeSystem]: Drag cubes not found or cannot be read for part Part. Generating New drag cubes.
[LOG 11:24:54.586] [KSPCF/DragCubeGeneration] Part 'nuclearEngine' has defined a procedural drag cube setup
[LOG 11:24:54.587] PartLoader: Compiling Part 'Squad/Parts/Engine/liquidEngineLV-T30/liquidEngineLV-T30/liquidEngine'
[LOG 11:24:54.593] PartLoader: Part 'Squad/Parts/Engine/liquidEngineLV-T30/liquidEngineLV-T30/liquidEngine' has no database record. Creating.
[LOG 11:24:54.593] [DragCubeSystem]: Drag cubes not found or cannot be read for part Part. Generating New drag cubes.
[LOG 11:24:54.593] [KSPCF/DragCubeGeneration] Creating drag cubes for part 'liquidEngine'
[LOG 11:24:54.605] PartLoader: Compiling Part 'Squad/Parts/Engine/liquidEngineLV-T30_v2/liquidEngineLV-T30_v2/liquidEngine_v2'
[LOG 11:24:54.612] PartLoader: Part 'Squad/Parts/Engine/liquidEngineLV-T30_v2/liquidEngineLV-T30_v2/liquidEngine_v2' has no database record. Creating.
[LOG 11:24:54.614] PartLoader: Compiling Part 'Squad/Parts/Engine/liquidEngineLV-T45/liquidEngineLV-T45/liquidEngine2'
[LOG 11:24:54.622] PartLoader: Part 'Squad/Parts/Engine/liquidEngineLV-T45/liquidEngineLV-T45/liquidEngine2' has no database record. Creating.
[LOG 11:24:54.622] [DragCubeSystem]: Drag cubes not found or cannot be read for part Part. Generating New drag cubes.
[LOG 11:24:54.622] [KSPCF/DragCubeGeneration] Creating drag cubes for part 'liquidEngine2'
[LOG 11:24:54.639] PartLoader: Compiling Part 'Squad/Parts/Engine/liquidEngineLV-T45_v2/liquidEngineLV-T45_v2/liquidEngine2_v2'
[LOG 11:24:54.653] PartLoader: Part 'Squad/Parts/Engine/liquidEngineLV-T45_v2/liquidEngineLV-T45_v2/liquidEngine2_v2' has no database record. Creating.
[LOG 11:24:54.656] PartLoader: Compiling Part 'Squad/Parts/Engine/liquidEngineMainsail_v2/liquidEngineMainsail_v2/liquidEngineMainsail_v2'
[LOG 11:24:54.670] PartLoader: Part 'Squad/Parts/Engine/liquidEngineMainsail_v2/liquidEngineMainsail_v2/liquidEngineMainsail_v2' has no database record. Creating.
[LOG 11:24:54.671] [DragCubeSystem]: Drag cubes not found or cannot be read for part Part. Generating New drag cubes.
[LOG 11:24:54.671] [KSPCF/DragCubeGeneration] Creating drag cubes for part 'liquidEngineMainsail.v2'
[LOG 11:24:54.701] PartLoader: Compiling Part 'Squad/Parts/Engine/liquidEngineMk55/liquidEngineMk55/radialLiquidEngine1-2'
[LOG 11:24:54.707] PartLoader: Part 'Squad/Parts/Engine/liquidEngineMk55/liquidEngineMk55/radialLiquidEngine1-2' has no database record. Creating.
[LOG 11:24:54.708] [DragCubeSystem]: Drag cubes not found or cannot be read for part Part. Generating New drag cubes.
[LOG 11:24:54.708] [KSPCF/DragCubeGeneration] Creating drag cubes for part 'radialLiquidEngine1-2'
[LOG 11:24:54.712] PartLoader: Compiling Part 'Squad/Parts/Engine/liquidEnginePoodle_v2/liquidEnginePoodle_v2/liquidEngine2-2_v2'
[LOG 11:24:54.722] PartLoader: Part 'Squad/Parts/Engine/liquidEnginePoodle_v2/liquidEnginePoodle_v2/liquidEngine2-2_v2' has no database record. Creating.
[LOG 11:24:54.723] PartLoader: Compiling Part 'Squad/Parts/Engine/liquidEngineSkipper_v2/skipperLiquidEngine_v2/engineLargeSkipper_v2'
[LOG 11:24:54.735] PartLoader: Part 'Squad/Parts/Engine/liquidEngineSkipper_v2/skipperLiquidEngine_v2/engineLargeSkipper_v2' has no database record. Creating.
[LOG 11:24:54.735] [DragCubeSystem]: Drag cubes not found or cannot be read for part Part. Generating New drag cubes.
[LOG 11:24:54.735] [KSPCF/DragCubeGeneration] Creating drag cubes for part 'engineLargeSkipper.v2'
[LOG 11:24:54.782] PartLoader: Compiling Part 'Squad/Parts/Engine/liquidEngineSSME/SSME/SSME'
[LOG 11:24:54.791] PartLoader: Part 'Squad/Parts/Engine/liquidEngineSSME/SSME/SSME' has no database record. Creating.
[LOG 11:24:54.791] [DragCubeSystem]: Drag cubes not found or cannot be read for part Part. Generating New drag cubes.
[LOG 11:24:54.791] [KSPCF/DragCubeGeneration] Creating drag cubes for part 'SSME'
[LOG 11:24:54.804] PartLoader: Compiling Part 'Squad/Parts/Engine/MassiveSRB/part/MassiveBooster'
[LOG 11:24:54.812] PartLoader: Part 'Squad/Parts/Engine/MassiveSRB/part/MassiveBooster' has no database record. Creating.
[LOG 11:24:54.812] [DragCubeSystem]: Drag cubes not found or cannot be read for part Part. Generating New drag cubes.
[LOG 11:24:54.812] [KSPCF/DragCubeGeneration] Creating drag cubes for part 'MassiveBooster'
[LOG 11:24:54.817] PartLoader: Compiling Part 'Squad/Parts/Engine/miniJet/SmallJetEngine/miniJetEngine'
[LOG 11:24:54.824] PartLoader: Part 'Squad/Parts/Engine/miniJet/SmallJetEngine/miniJetEngine' has no database record. Creating.
[LOG 11:24:54.824] [DragCubeSystem]: Drag cubes not found or cannot be read for part Part. Generating New drag cubes.
[LOG 11:24:54.824] [KSPCF/DragCubeGeneration] Creating drag cubes for part 'miniJetEngine'
[LOG 11:24:54.829] PartLoader: Compiling Part 'Squad/Parts/Engine/OMSEngine/omsEngine/omsEngine'
[LOG 11:24:54.836] PartLoader: Part 'Squad/Parts/Engine/OMSEngine/omsEngine/omsEngine' has no database record. Creating.
[LOG 11:24:54.836] [DragCubeSystem]: Drag cubes not found or cannot be read for part Part. Generating New drag cubes.
[LOG 11:24:54.836] [KSPCF/DragCubeGeneration] Creating drag cubes for part 'omsEngine'
[LOG 11:24:54.841] PartLoader: Compiling Part 'Squad/Parts/Engine/rapierEngine/rapierEngine/RAPIER'
[LOG 11:24:54.851] PartLoader: Part 'Squad/Parts/Engine/rapierEngine/rapierEngine/RAPIER' has no database record. Creating.
[LOG 11:24:54.851] [DragCubeSystem]: Drag cubes not found or cannot be read for part Part. Generating New drag cubes.
[LOG 11:24:54.851] [KSPCF/DragCubeGeneration] Creating drag cubes for part 'RAPIER'
[LOG 11:24:54.857] PartLoader: Compiling Part 'Squad/Parts/Engine/Size1_SRBs/solidBoosterRT-10_v2/solidBooster_v2'
[LOG 11:24:54.866] PartLoader: Part 'Squad/Parts/Engine/Size1_SRBs/solidBoosterRT-10_v2/solidBooster_v2' has no database record. Creating.
[LOG 11:24:54.866] [DragCubeSystem]: Drag cubes not found or cannot be read for part Part. Generating New drag cubes.
[LOG 11:24:54.866] [KSPCF/DragCubeGeneration] Creating drag cubes for part 'solidBooster.v2'
[LOG 11:24:54.881] PartLoader: Compiling Part 'Squad/Parts/Engine/Size1_SRBs/solidBoosterRT-5_v2/solidBooster_sm_v2'
[LOG 11:24:54.887] PartLoader: Part 'Squad/Parts/Engine/Size1_SRBs/solidBoosterRT-5_v2/solidBooster_sm_v2' has no database record. Creating.
[LOG 11:24:54.888] [DragCubeSystem]: Drag cubes not found or cannot be read for part Part. Generating New drag cubes.
[LOG 11:24:54.888] [KSPCF/DragCubeGeneration] Creating drag cubes for part 'solidBooster.sm.v2'
[LOG 11:24:54.901] PartLoader: Compiling Part 'Squad/Parts/Engine/Size2LFB/part/Size2LFB'
[LOG 11:24:54.909] PartLoader: Part 'Squad/Parts/Engine/Size2LFB/part/Size2LFB' has no database record. Creating.
[LOG 11:24:54.909] [DragCubeSystem]: Drag cubes not found or cannot be read for part Part. Generating New drag cubes.
[LOG 11:24:54.909] [KSPCF/DragCubeGeneration] Creating drag cubes for part 'Size2LFB'
[LOG 11:24:54.914] PartLoader: Compiling Part 'Squad/Parts/Engine/Size2LFB_v2/part/Size2LFB_v2'
[LOG 11:24:54.921] PartLoader: Part 'Squad/Parts/Engine/Size2LFB_v2/part/Size2LFB_v2' has no database record. Creating.
[LOG 11:24:54.921] [DragCubeSystem]: Drag cubes not found or cannot be read for part Part. Generating New drag cubes.
[LOG 11:24:54.921] [KSPCF/DragCubeGeneration] Creating drag cubes for part 'Size2LFB.v2'
[LOG 11:24:54.927] PartLoader: Compiling Part 'Squad/Parts/Engine/Size3AdvancedEngine/part/Size3AdvancedEngine'
[LOG 11:24:54.936] PartLoader: Part 'Squad/Parts/Engine/Size3AdvancedEngine/part/Size3AdvancedEngine' has no database record. Creating.
[LOG 11:24:54.936] [DragCubeSystem]: Drag cubes not found or cannot be read for part Part. Generating New drag cubes.
[LOG 11:24:54.936] [KSPCF/DragCubeGeneration] Creating drag cubes for part 'Size3AdvancedEngine'
[LOG 11:24:54.952] PartLoader: Compiling Part 'Squad/Parts/Engine/Size3EngineCluster/part/Size3EngineCluster'
[LOG 11:24:54.960] PartLoader: Part 'Squad/Parts/Engine/Size3EngineCluster/part/Size3EngineCluster' has no database record. Creating.
[LOG 11:24:54.960] [DragCubeSystem]: Drag cubes not found or cannot be read for part Part. Generating New drag cubes.
[LOG 11:24:54.960] [KSPCF/DragCubeGeneration] Creating drag cubes for part 'Size3EngineCluster'
[LOG 11:24:54.966] PartLoader: Compiling Part 'Squad/Parts/Engine/solidBoosterBACC/solidBoosterBACC/solidBooster1-1'
[LOG 11:24:54.971] PartLoader: Part 'Squad/Parts/Engine/solidBoosterBACC/solidBoosterBACC/solidBooster1-1' has no database record. Creating.
[LOG 11:24:54.971] [DragCubeSystem]: Drag cubes not found or cannot be read for part Part. Generating New drag cubes.
[LOG 11:24:54.971] [KSPCF/DragCubeGeneration] Creating drag cubes for part 'solidBooster1-1'
[LOG 11:24:54.976] PartLoader: Compiling Part 'Squad/Parts/Engine/solidBoosterS2-17/solidBoosterS2-17/Thoroughbred'
[LOG 11:24:54.984] PartLoader: Part 'Squad/Parts/Engine/solidBoosterS2-17/solidBoosterS2-17/Thoroughbred' has no database record. Creating.
[LOG 11:24:54.985] [DragCubeSystem]: Drag cubes not found or cannot be read for part Part. Generating New drag cubes.
[LOG 11:24:54.985] [KSPCF/DragCubeGeneration] Creating drag cubes for part 'Thoroughbred'
[LOG 11:24:54.990] PartLoader: Compiling Part 'Squad/Parts/Engine/solidBoosterS2-33/solidBoosterS2-33/Clydesdale'
[LOG 11:24:54.996] PartLoader: Part 'Squad/Parts/Engine/solidBoosterS2-33/solidBoosterS2-33/Clydesdale' has no database record. Creating.
[LOG 11:24:54.996] [DragCubeSystem]: Drag cubes not found or cannot be read for part Part. Generating New drag cubes.
[LOG 11:24:54.996] [KSPCF/DragCubeGeneration] Creating drag cubes for part 'Clydesdale'
[LOG 11:24:55.001] PartLoader: Compiling Part 'Squad/Parts/Engine/solidBoosterSep/solidBoosterSep/sepMotor1'
[LOG 11:24:55.004] [ModuleCargoPart]: Setting stackableQuantity to 1 as sepMotor1 contains resources
[LOG 11:24:55.006] PartLoader: Part 'Squad/Parts/Engine/solidBoosterSep/solidBoosterSep/sepMotor1' has no database record. Creating.
[LOG 11:24:55.006] [DragCubeSystem]: Drag cubes not found or cannot be read for part Part. Generating New drag cubes.
[LOG 11:24:55.006] [KSPCF/DragCubeGeneration] Creating drag cubes for part 'sepMotor1'
[LOG 11:24:55.010] PartLoader: Compiling Part 'Squad/Parts/Engine/SolidBoostersF/SolidBoosterF3S0/Shrimp'
[LOG 11:24:55.016] PartLoader: Part 'Squad/Parts/Engine/SolidBoostersF/SolidBoosterF3S0/Shrimp' has no database record. Creating.
[LOG 11:24:55.016] [DragCubeSystem]: Drag cubes not found or cannot be read for part Part. Generating New drag cubes.
[LOG 11:24:55.016] [KSPCF/DragCubeGeneration] Creating drag cubes for part 'Shrimp'
[LOG 11:24:55.023] PartLoader: Compiling Part 'Squad/Parts/Engine/SolidBoostersF/SolidBoosterFM1/Mite'
[LOG 11:24:55.032] PartLoader: Part 'Squad/Parts/Engine/SolidBoostersF/SolidBoosterFM1/Mite' has no database record. Creating.
[LOG 11:24:55.032] [DragCubeSystem]: Drag cubes not found or cannot be read for part Part. Generating New drag cubes.
[LOG 11:24:55.032] [KSPCF/DragCubeGeneration] Creating drag cubes for part 'Mite'
[LOG 11:24:55.038] PartLoader: Compiling Part 'Squad/Parts/FuelTank/adapterTanks/Mk3-Mk2/adapterMk3-Mk2'
[LOG 11:24:55.040] PartLoader: Part 'Squad/Parts/FuelTank/adapterTanks/Mk3-Mk2/adapterMk3-Mk2' has no database record. Creating.
[LOG 11:24:55.040] [DragCubeSystem]: Drag cubes not found or cannot be read for part Part. Generating New drag cubes.
[LOG 11:24:55.040] [KSPCF/DragCubeGeneration] Creating drag cubes for part 'adapterMk3-Mk2'
[LOG 11:24:55.044] PartLoader: Compiling Part 'Squad/Parts/FuelTank/adapterTanks/Mk3-ShuttleAdapter/adapterEngines'
[LOG 11:24:55.047] PartLoader: Part 'Squad/Parts/FuelTank/adapterTanks/Mk3-ShuttleAdapter/adapterEngines' has no database record. Creating.
[LOG 11:24:55.047] [DragCubeSystem]: Drag cubes not found or cannot be read for part Part. Generating New drag cubes.
[LOG 11:24:55.047] [KSPCF/DragCubeGeneration] Creating drag cubes for part 'adapterEngines'
[LOG 11:24:55.051] PartLoader: Compiling Part 'Squad/Parts/FuelTank/adapterTanks/Mk3-Size2/adapterMk3-Size2'
[LOG 11:24:55.053] PartLoader: Part 'Squad/Parts/FuelTank/adapterTanks/Mk3-Size2/adapterMk3-Size2' has no database record. Creating.
[LOG 11:24:55.053] [DragCubeSystem]: Drag cubes not found or cannot be read for part Part. Generating New drag cubes.
[LOG 11:24:55.054] [KSPCF/DragCubeGeneration] Creating drag cubes for part 'adapterMk3-Size2'
[LOG 11:24:55.059] PartLoader: Compiling Part 'Squad/Parts/FuelTank/adapterTanks/Mk3-Size2Slant/adapterMk3-Size2Slant'
[LOG 11:24:55.062] PartLoader: Part 'Squad/Parts/FuelTank/adapterTanks/Mk3-Size2Slant/adapterMk3-Size2Slant' has no database record. Creating.
[LOG 11:24:55.062] [DragCubeSystem]: Drag cubes not found or cannot be read for part Part. Generating New drag cubes.
[LOG 11:24:55.062] [KSPCF/DragCubeGeneration] Creating drag cubes for part 'adapterMk3-Size2Slant'
[LOG 11:24:55.067] PartLoader: Compiling Part 'Squad/Parts/FuelTank/adapterTanks/Size2-Mk2/adapterSize2-Mk2'
[LOG 11:24:55.069] PartLoader: Part 'Squad/Parts/FuelTank/adapterTanks/Size2-Mk2/adapterSize2-Mk2' has no database record. Creating.
[LOG 11:24:55.069] [DragCubeSystem]: Drag cubes not found or cannot be read for part Part. Generating New drag cubes.
[LOG 11:24:55.069] [KSPCF/DragCubeGeneration] Creating drag cubes for part 'adapterSize2-Mk2'
[LOG 11:24:55.074] PartLoader: Compiling Part 'Squad/Parts/FuelTank/adapterTanks/Size2-Size1/adapterSize2-Size1'
[LOG 11:24:55.076] PartLoader: Part 'Squad/Parts/FuelTank/adapterTanks/Size2-Size1/adapterSize2-Size1' has no database record. Creating.
[LOG 11:24:55.076] [DragCubeSystem]: Drag cubes not found or cannot be read for part Part. Generating New drag cubes.
[LOG 11:24:55.076] [KSPCF/DragCubeGeneration] Creating drag cubes for part 'adapterSize2-Size1'
[LOG 11:24:55.081] PartLoader: Compiling Part 'Squad/Parts/FuelTank/adapterTanks/Size2-Size1Slant/adapterSize2-Size1Slant'
[LOG 11:24:55.083] PartLoader: Part 'Squad/Parts/FuelTank/adapterTanks/Size2-Size1Slant/adapterSize2-Size1Slant' has no database record. Creating.
[LOG 11:24:55.083] [DragCubeSystem]: Drag cubes not found or cannot be read for part Part. Generating New drag cubes.
[LOG 11:24:55.083] [KSPCF/DragCubeGeneration] Creating drag cubes for part 'adapterSize2-Size1Slant'
[LOG 11:24:55.089] PartLoader: Compiling Part 'Squad/Parts/FuelTank/adapterTanks/Size3-Mk3/adapterSize3-Mk3'
[LOG 11:24:55.091] PartLoader: Part 'Squad/Parts/FuelTank/adapterTanks/Size3-Mk3/adapterSize3-Mk3' has no database record. Creating.
[LOG 11:24:55.091] [DragCubeSystem]: Drag cubes not found or cannot be read for part Part. Generating New drag cubes.
[LOG 11:24:55.091] [KSPCF/DragCubeGeneration] Creating drag cubes for part 'adapterSize3-Mk3'
[LOG 11:24:55.096] PartLoader: Compiling Part 'Squad/Parts/FuelTank/drainTankFTE-1/ReleaseValve/ReleaseValve'
[LOG 11:24:55.106] PartLoader: Part 'Squad/Parts/FuelTank/drainTankFTE-1/ReleaseValve/ReleaseValve' has no database record. Creating.
[LOG 11:24:55.106] [DragCubeSystem]: Drag cubes not found or cannot be read for part Part. Generating New drag cubes.
[LOG 11:24:55.106] [KSPCF/DragCubeGeneration] Creating drag cubes for part 'ReleaseValve'
[LOG 11:24:55.112] PartLoader: Compiling Part 'Squad/Parts/FuelTank/FoilTanks/RadialTank_Capsule/externalTankCapsule'
[LOG 11:24:55.116] PartLoader: Part 'Squad/Parts/FuelTank/FoilTanks/RadialTank_Capsule/externalTankCapsule' has no database record. Creating.
[LOG 11:24:55.116] [DragCubeSystem]: Drag cubes not found or cannot be read for part Part. Generating New drag cubes.
[LOG 11:24:55.116] [KSPCF/DragCubeGeneration] Creating drag cubes for part 'externalTankCapsule'
[LOG 11:24:55.121] PartLoader: Compiling Part 'Squad/Parts/FuelTank/FoilTanks/RadialTank_Round/externalTankRound'
[LOG 11:24:55.125] PartLoader: Part 'Squad/Parts/FuelTank/FoilTanks/RadialTank_Round/externalTankRound' has no database record. Creating.
[LOG 11:24:55.125] [DragCubeSystem]: Drag cubes not found or cannot be read for part Part. Generating New drag cubes.
[LOG 11:24:55.125] [KSPCF/DragCubeGeneration] Creating drag cubes for part 'externalTankRound'
[LOG 11:24:55.131] PartLoader: Compiling Part 'Squad/Parts/FuelTank/FoilTanks/ToroidTank/externalTankToroid'
[LOG 11:24:55.134] PartLoader: Part 'Squad/Parts/FuelTank/FoilTanks/ToroidTank/externalTankToroid' has no database record. Creating.
[LOG 11:24:55.134] [DragCubeSystem]: Drag cubes not found or cannot be read for part Part. Generating New drag cubes.
[LOG 11:24:55.134] [KSPCF/DragCubeGeneration] Creating drag cubes for part 'externalTankToroid'
[LOG 11:24:55.138] PartLoader: Compiling Part 'Squad/Parts/FuelTank/fuelTankOscarB/fuelTankOscarB/miniFuelTank'
[LOG 11:24:55.141] PartLoader: Part 'Squad/Parts/FuelTank/fuelTankOscarB/fuelTankOscarB/miniFuelTank' has no database record. Creating.
[LOG 11:24:55.141] [DragCubeSystem]: Drag cubes not found or cannot be read for part Part. Generating New drag cubes.
[LOG 11:24:55.141] [KSPCF/DragCubeGeneration] Creating drag cubes for part 'miniFuelTank'
[LOG 11:24:55.146] PartLoader: Compiling Part 'Squad/Parts/FuelTank/miniFuselage/miniFuselage/miniFuselage'
[LOG 11:24:55.148] PartLoader: Part 'Squad/Parts/FuelTank/miniFuselage/miniFuselage/miniFuselage' has no database record. Creating.
[LOG 11:24:55.148] [DragCubeSystem]: Drag cubes not found or cannot be read for part Part. Generating New drag cubes.
[LOG 11:24:55.148] [KSPCF/DragCubeGeneration] Creating drag cubes for part 'miniFuselage'
[LOG 11:24:55.153] PartLoader: Compiling Part 'Squad/Parts/FuelTank/mk2Adapters/bicoupler/mk2_1m_Bicoupler'
[LOG 11:24:55.156] PartLoader: Part 'Squad/Parts/FuelTank/mk2Adapters/bicoupler/mk2_1m_Bicoupler' has no database record. Creating.
[LOG 11:24:55.156] [DragCubeSystem]: Drag cubes not found or cannot be read for part Part. Generating New drag cubes.
[LOG 11:24:55.156] [KSPCF/DragCubeGeneration] Creating drag cubes for part 'mk2.1m.Bicoupler'
[LOG 11:24:55.162] PartLoader: Compiling Part 'Squad/Parts/FuelTank/mk2Adapters/long/mk2_1m_AdapterLong'
[LOG 11:24:55.166] PartLoader: Part 'Squad/Parts/FuelTank/mk2Adapters/long/mk2_1m_AdapterLong' has no database record. Creating.
[LOG 11:24:55.166] [DragCubeSystem]: Drag cubes not found or cannot be read for part Part. Generating New drag cubes.
[LOG 11:24:55.166] [KSPCF/DragCubeGeneration] Creating drag cubes for part 'mk2.1m.AdapterLong'
[LOG 11:24:55.171] PartLoader: Compiling Part 'Squad/Parts/FuelTank/mk2Adapters/standard/mk2SpacePlaneAdapter'
[LOG 11:24:55.174] PartLoader: Part 'Squad/Parts/FuelTank/mk2Adapters/standard/mk2SpacePlaneAdapter' has no database record. Creating.
[LOG 11:24:55.174] [DragCubeSystem]: Drag cubes not found or cannot be read for part Part. Generating New drag cubes.
[LOG 11:24:55.174] [KSPCF/DragCubeGeneration] Creating drag cubes for part 'mk2SpacePlaneAdapter'
[LOG 11:24:55.180] PartLoader: Compiling Part 'Squad/Parts/FuelTank/mk2FuselageLong/LFO_long/mk2FuselageLongLFO'
[LOG 11:24:55.182] PartLoader: Part 'Squad/Parts/FuelTank/mk2FuselageLong/LFO_long/mk2FuselageLongLFO' has no database record. Creating.
[LOG 11:24:55.183] [DragCubeSystem]: Drag cubes not found or cannot be read for part Part. Generating New drag cubes.
[LOG 11:24:55.183] [KSPCF/DragCubeGeneration] Creating drag cubes for part 'mk2FuselageLongLFO'
[LOG 11:24:55.187] PartLoader: Compiling Part 'Squad/Parts/FuelTank/mk2FuselageLong/L_long/mk2Fuselage'
[LOG 11:24:55.190] PartLoader: Part 'Squad/Parts/FuelTank/mk2FuselageLong/L_long/mk2Fuselage' has no database record. Creating.
[LOG 11:24:55.190] [DragCubeSystem]: Drag cubes not found or cannot be read for part Part. Generating New drag cubes.
[LOG 11:24:55.190] [KSPCF/DragCubeGeneration] Creating drag cubes for part 'mk2Fuselage'
[LOG 11:24:55.195] PartLoader: Compiling Part 'Squad/Parts/FuelTank/mk2FuselageShort/LFO_short/mk2FuselageShortLFO'
[LOG 11:24:55.198] PartLoader: Part 'Squad/Parts/FuelTank/mk2FuselageShort/LFO_short/mk2FuselageShortLFO' has no database record. Creating.
[LOG 11:24:55.198] [DragCubeSystem]: Drag cubes not found or cannot be read for part Part. Generating New drag cubes.
[LOG 11:24:55.198] [KSPCF/DragCubeGeneration] Creating drag cubes for part 'mk2FuselageShortLFO'
[LOG 11:24:55.204] PartLoader: Compiling Part 'Squad/Parts/FuelTank/mk2FuselageShort/L_short/mk2FuselageShortLiquid'
[LOG 11:24:55.208] PartLoader: Part 'Squad/Parts/FuelTank/mk2FuselageShort/L_short/mk2FuselageShortLiquid' has no database record. Creating.
[LOG 11:24:55.209] [DragCubeSystem]: Drag cubes not found or cannot be read for part Part. Generating New drag cubes.
[LOG 11:24:55.209] [KSPCF/DragCubeGeneration] Creating drag cubes for part 'mk2FuselageShortLiquid'
[LOG 11:24:55.213] PartLoader: Compiling Part 'Squad/Parts/FuelTank/mk2FuselageShort/Mono_short/mk2FuselageShortMono'
[LOG 11:24:55.216] PartLoader: Part 'Squad/Parts/FuelTank/mk2FuselageShort/Mono_short/mk2FuselageShortMono' has no database record. Creating.
[LOG 11:24:55.216] [DragCubeSystem]: Drag cubes not found or cannot be read for part Part. Generating New drag cubes.
[LOG 11:24:55.216] [KSPCF/DragCubeGeneration] Creating drag cubes for part 'mk2FuselageShortMono'
[LOG 11:24:55.221] PartLoader: Compiling Part 'Squad/Parts/FuelTank/mk3Fuselage/CREW/mk3CrewCabin'
[LOG 11:24:55.225] PartLoader: Part 'Squad/Parts/FuelTank/mk3Fuselage/CREW/mk3CrewCabin' has no database record. Creating.
[LOG 11:24:55.225] [DragCubeSystem]: Drag cubes not found or cannot be read for part Part. Generating New drag cubes.
[LOG 11:24:55.225] [KSPCF/DragCubeGeneration] Creating drag cubes for part 'mk3CrewCabin'
[LOG 11:24:55.231] PartLoader: Compiling Part 'Squad/Parts/FuelTank/mk3Fuselage/LFO_100/mk3FuselageLFO_100'
[LOG 11:24:55.234] PartLoader: Part 'Squad/Parts/FuelTank/mk3Fuselage/LFO_100/mk3FuselageLFO_100' has no database record. Creating.
[LOG 11:24:55.234] [DragCubeSystem]: Drag cubes not found or cannot be read for part Part. Generating New drag cubes.
[LOG 11:24:55.234] [KSPCF/DragCubeGeneration] Creating drag cubes for part 'mk3FuselageLFO.100'
[LOG 11:24:55.238] PartLoader: Compiling Part 'Squad/Parts/FuelTank/mk3Fuselage/LFO_25/mk3FuselageLFO_25'
[LOG 11:24:55.241] PartLoader: Part 'Squad/Parts/FuelTank/mk3Fuselage/LFO_25/mk3FuselageLFO_25' has no database record. Creating.
[LOG 11:24:55.241] [DragCubeSystem]: Drag cubes not found or cannot be read for part Part. Generating New drag cubes.
[LOG 11:24:55.241] [KSPCF/DragCubeGeneration] Creating drag cubes for part 'mk3FuselageLFO.25'
[LOG 11:24:55.246] PartLoader: Compiling Part 'Squad/Parts/FuelTank/mk3Fuselage/LFO_50/mk3FuselageLFO_50'
[LOG 11:24:55.248] PartLoader: Part 'Squad/Parts/FuelTank/mk3Fuselage/LFO_50/mk3FuselageLFO_50' has no database record. Creating.
[LOG 11:24:55.248] [DragCubeSystem]: Drag cubes not found or cannot be read for part Part. Generating New drag cubes.
[LOG 11:24:55.248] [KSPCF/DragCubeGeneration] Creating drag cubes for part 'mk3FuselageLFO.50'
[LOG 11:24:55.252] PartLoader: Compiling Part 'Squad/Parts/FuelTank/mk3Fuselage/LF_100/mk3FuselageLF_100'
[LOG 11:24:55.255] PartLoader: Part 'Squad/Parts/FuelTank/mk3Fuselage/LF_100/mk3FuselageLF_100' has no database record. Creating.
[LOG 11:24:55.255] [DragCubeSystem]: Drag cubes not found or cannot be read for part Part. Generating New drag cubes.
[LOG 11:24:55.255] [KSPCF/DragCubeGeneration] Creating drag cubes for part 'mk3FuselageLF.100'
[LOG 11:24:55.259] PartLoader: Compiling Part 'Squad/Parts/FuelTank/mk3Fuselage/LF_25/mk3FuselageLF_25'
[LOG 11:24:55.261] PartLoader: Part 'Squad/Parts/FuelTank/mk3Fuselage/LF_25/mk3FuselageLF_25' has no database record. Creating.
[LOG 11:24:55.261] [DragCubeSystem]: Drag cubes not found or cannot be read for part Part. Generating New drag cubes.
[LOG 11:24:55.261] [KSPCF/DragCubeGeneration] Creating drag cubes for part 'mk3FuselageLF.25'
[LOG 11:24:55.267] PartLoader: Compiling Part 'Squad/Parts/FuelTank/mk3Fuselage/LF_50/mk3FuselageLF_50'
[LOG 11:24:55.271] PartLoader: Part 'Squad/Parts/FuelTank/mk3Fuselage/LF_50/mk3FuselageLF_50' has no database record. Creating.
[LOG 11:24:55.271] [DragCubeSystem]: Drag cubes not found or cannot be read for part Part. Generating New drag cubes.
[LOG 11:24:55.271] [KSPCF/DragCubeGeneration] Creating drag cubes for part 'mk3FuselageLF.50'
[LOG 11:24:55.276] PartLoader: Compiling Part 'Squad/Parts/FuelTank/mk3Fuselage/MONO/mk3FuselageMONO'
[LOG 11:24:55.278] PartLoader: Part 'Squad/Parts/FuelTank/mk3Fuselage/MONO/mk3FuselageMONO' has no database record. Creating.
[LOG 11:24:55.278] [DragCubeSystem]: Drag cubes not found or cannot be read for part Part. Generating New drag cubes.
[LOG 11:24:55.278] [KSPCF/DragCubeGeneration] Creating drag cubes for part 'mk3FuselageMONO'
[LOG 11:24:55.283] PartLoader: Compiling Part 'Squad/Parts/FuelTank/RCSFuelTankR1/RCSFuelTankR1/RCSTank1-2'
[LOG 11:24:55.286] PartLoader: Part 'Squad/Parts/FuelTank/RCSFuelTankR1/RCSFuelTankR1/RCSTank1-2' has no database record. Creating.
[LOG 11:24:55.286] [DragCubeSystem]: Drag cubes not found or cannot be read for part Part. Generating New drag cubes.
[LOG 11:24:55.286] [KSPCF/DragCubeGeneration] Creating drag cubes for part 'RCSTank1-2'
[LOG 11:24:55.291] PartLoader: Compiling Part 'Squad/Parts/FuelTank/RCSFuelTankR10/RCSFuelTankR10/rcsTankMini'
[LOG 11:24:55.293] PartLoader: Part 'Squad/Parts/FuelTank/RCSFuelTankR10/RCSFuelTankR10/rcsTankMini' has no database record. Creating.
[LOG 11:24:55.293] [DragCubeSystem]: Drag cubes not found or cannot be read for part Part. Generating New drag cubes.
[LOG 11:24:55.293] [KSPCF/DragCubeGeneration] Creating drag cubes for part 'rcsTankMini'
[LOG 11:24:55.298] PartLoader: Compiling Part 'Squad/Parts/FuelTank/RCSFuelTankR25/RCSFuelTankR25/RCSFuelTank'
[LOG 11:24:55.302] PartLoader: Part 'Squad/Parts/FuelTank/RCSFuelTankR25/RCSFuelTankR25/RCSFuelTank' has no database record. Creating.
[LOG 11:24:55.302] [DragCubeSystem]: Drag cubes not found or cannot be read for part Part. Generating New drag cubes.
[LOG 11:24:55.302] [KSPCF/DragCubeGeneration] Creating drag cubes for part 'RCSFuelTank'
[LOG 11:24:55.306] PartLoader: Compiling Part 'Squad/Parts/FuelTank/RCSTankRadial/radialRCSTank/radialRCSTank'
[LOG 11:24:55.308] PartLoader: Part 'Squad/Parts/FuelTank/RCSTankRadial/radialRCSTank/radialRCSTank' has no database record. Creating.
[LOG 11:24:55.308] [DragCubeSystem]: Drag cubes not found or cannot be read for part Part. Generating New drag cubes.
[LOG 11:24:55.308] [KSPCF/DragCubeGeneration] Creating drag cubes for part 'radialRCSTank'
[LOG 11:24:55.313] PartLoader: Compiling Part 'Squad/Parts/FuelTank/RCStankRadialLong/RCSTankRadialLong/rcsTankRadialLong'
[LOG 11:24:55.315] PartLoader: Part 'Squad/Parts/FuelTank/RCStankRadialLong/RCSTankRadialLong/rcsTankRadialLong' has no database record. Creating.
[LOG 11:24:55.315] [DragCubeSystem]: Drag cubes not found or cannot be read for part Part. Generating New drag cubes.
[LOG 11:24:55.315] [KSPCF/DragCubeGeneration] Creating drag cubes for part 'rcsTankRadialLong'
[LOG 11:24:55.319] PartLoader: Compiling Part 'Squad/Parts/FuelTank/RockomaxTanks/Rockomax16/Rockomax16_BW'
[LOG 11:24:55.322] PartLoader: Part 'Squad/Parts/FuelTank/RockomaxTanks/Rockomax16/Rockomax16_BW' has no database record. Creating.
[LOG 11:24:55.322] [DragCubeSystem]: Drag cubes not found or cannot be read for part Part. Generating New drag cubes.
[LOG 11:24:55.322] [KSPCF/DragCubeGeneration] Creating drag cubes for part 'Rockomax16.BW'
[LOG 11:24:55.326] PartLoader: Compiling Part 'Squad/Parts/FuelTank/RockomaxTanks/Rockomax32/Rockomax32_BW'
[LOG 11:24:55.329] PartLoader: Part 'Squad/Parts/FuelTank/RockomaxTanks/Rockomax32/Rockomax32_BW' has no database record. Creating.
[LOG 11:24:55.329] [DragCubeSystem]: Drag cubes not found or cannot be read for part Part. Generating New drag cubes.
[LOG 11:24:55.329] [KSPCF/DragCubeGeneration] Creating drag cubes for part 'Rockomax32.BW'
[LOG 11:24:55.344] PartLoader: Compiling Part 'Squad/Parts/FuelTank/RockomaxTanks/Rockomax64/Rockomax64_BW'
[LOG 11:24:55.347] PartLoader: Part 'Squad/Parts/FuelTank/RockomaxTanks/Rockomax64/Rockomax64_BW' has no database record. Creating.
[LOG 11:24:55.347] [DragCubeSystem]: Drag cubes not found or cannot be read for part Part. Generating New drag cubes.
[LOG 11:24:55.347] [KSPCF/DragCubeGeneration] Creating drag cubes for part 'Rockomax64.BW'
[LOG 11:24:55.358] PartLoader: Compiling Part 'Squad/Parts/FuelTank/RockomaxTanks/Rockomax8/Rockomax8BW'
[LOG 11:24:55.360] PartLoader: Part 'Squad/Parts/FuelTank/RockomaxTanks/Rockomax8/Rockomax8BW' has no database record. Creating.
[LOG 11:24:55.360] [DragCubeSystem]: Drag cubes not found or cannot be read for part Part. Generating New drag cubes.
[LOG 11:24:55.360] [KSPCF/DragCubeGeneration] Creating drag cubes for part 'Rockomax8BW'
[LOG 11:24:55.371] PartLoader: Compiling Part 'Squad/Parts/FuelTank/Size1_Tanks/fuelTankT100/fuelTankSmallFlat'
[LOG 11:24:55.374] PartLoader: Part 'Squad/Parts/FuelTank/Size1_Tanks/fuelTankT100/fuelTankSmallFlat' has no database record. Creating.
[LOG 11:24:55.374] [DragCubeSystem]: Drag cubes not found or cannot be read for part Part. Generating New drag cubes.
[LOG 11:24:55.374] [KSPCF/DragCubeGeneration] Creating drag cubes for part 'fuelTankSmallFlat'
[LOG 11:24:55.379] PartLoader: Compiling Part 'Squad/Parts/FuelTank/Size1_Tanks/fuelTankT200/fuelTankSmall'
[LOG 11:24:55.382] PartLoader: Part 'Squad/Parts/FuelTank/Size1_Tanks/fuelTankT200/fuelTankSmall' has no database record. Creating.
[LOG 11:24:55.382] [DragCubeSystem]: Drag cubes not found or cannot be read for part Part. Generating New drag cubes.
[LOG 11:24:55.382] [KSPCF/DragCubeGeneration] Creating drag cubes for part 'fuelTankSmall'
[LOG 11:24:55.386] PartLoader: Compiling Part 'Squad/Parts/FuelTank/Size1_Tanks/fuelTankT400/fuelTank'
[LOG 11:24:55.389] PartLoader: Part 'Squad/Parts/FuelTank/Size1_Tanks/fuelTankT400/fuelTank' has no database record. Creating.
[LOG 11:24:55.389] [DragCubeSystem]: Drag cubes not found or cannot be read for part Part. Generating New drag cubes.
[LOG 11:24:55.389] [KSPCF/DragCubeGeneration] Creating drag cubes for part 'fuelTank'
[LOG 11:24:55.394] PartLoader: Compiling Part 'Squad/Parts/FuelTank/Size1_Tanks/fuelTankT800/fuelTank_long'
[LOG 11:24:55.396] PartLoader: Part 'Squad/Parts/FuelTank/Size1_Tanks/fuelTankT800/fuelTank_long' has no database record. Creating.
[LOG 11:24:55.396] [DragCubeSystem]: Drag cubes not found or cannot be read for part Part. Generating New drag cubes.
[LOG 11:24:55.397] [KSPCF/DragCubeGeneration] Creating drag cubes for part 'fuelTank.long'
[LOG 11:24:55.402] PartLoader: Compiling Part 'Squad/Parts/FuelTank/Size3Tanks/large/Size3LargeTank'
[LOG 11:24:55.405] PartLoader: Part 'Squad/Parts/FuelTank/Size3Tanks/large/Size3LargeTank' has no database record. Creating.
[LOG 11:24:55.405] [DragCubeSystem]: Drag cubes not found or cannot be read for part Part. Generating New drag cubes.
[LOG 11:24:55.405] [KSPCF/DragCubeGeneration] Creating drag cubes for part 'Size3LargeTank'
[LOG 11:24:55.409] PartLoader: Compiling Part 'Squad/Parts/FuelTank/Size3Tanks/medium/Size3MediumTank'
[LOG 11:24:55.412] PartLoader: Part 'Squad/Parts/FuelTank/Size3Tanks/medium/Size3MediumTank' has no database record. Creating.
[LOG 11:24:55.412] [DragCubeSystem]: Drag cubes not found or cannot be read for part Part. Generating New drag cubes.
[LOG 11:24:55.412] [KSPCF/DragCubeGeneration] Creating drag cubes for part 'Size3MediumTank'
[LOG 11:24:55.416] PartLoader: Compiling Part 'Squad/Parts/FuelTank/Size3Tanks/small/Size3SmallTank'
[LOG 11:24:55.419] PartLoader: Part 'Squad/Parts/FuelTank/Size3Tanks/small/Size3SmallTank' has no database record. Creating.
[LOG 11:24:55.419] [DragCubeSystem]: Drag cubes not found or cannot be read for part Part. Generating New drag cubes.
[LOG 11:24:55.419] [KSPCF/DragCubeGeneration] Creating drag cubes for part 'Size3SmallTank'
[LOG 11:24:55.424] PartLoader: Compiling Part 'Squad/Parts/FuelTank/xenonTank/xenonTank/xenonTank'
[LOG 11:24:55.426] PartLoader: Part 'Squad/Parts/FuelTank/xenonTank/xenonTank/xenonTank' has no database record. Creating.
[LOG 11:24:55.426] [DragCubeSystem]: Drag cubes not found or cannot be read for part Part. Generating New drag cubes.
[LOG 11:24:55.426] [KSPCF/DragCubeGeneration] Creating drag cubes for part 'xenonTank'
[LOG 11:24:55.430] PartLoader: Compiling Part 'Squad/Parts/FuelTank/xenonTankLarge/xenonTankLarge/xenonTankLarge'
[LOG 11:24:55.433] PartLoader: Part 'Squad/Parts/FuelTank/xenonTankLarge/xenonTankLarge/xenonTankLarge' has no database record. Creating.
[LOG 11:24:55.433] [DragCubeSystem]: Drag cubes not found or cannot be read for part Part. Generating New drag cubes.
[LOG 11:24:55.433] [KSPCF/DragCubeGeneration] Creating drag cubes for part 'xenonTankLarge'
[LOG 11:24:55.439] PartLoader: Compiling Part 'Squad/Parts/FuelTank/xenonTankRadial/xenonTankRadial/xenonTankRadial'
[LOG 11:24:55.441] PartLoader: Part 'Squad/Parts/FuelTank/xenonTankRadial/xenonTankRadial/xenonTankRadial' has no database record. Creating.
[LOG 11:24:55.441] [DragCubeSystem]: Drag cubes not found or cannot be read for part Part. Generating New drag cubes.
[LOG 11:24:55.441] [KSPCF/DragCubeGeneration] Creating drag cubes for part 'xenonTankRadial'
[LOG 11:24:55.446] PartLoader: Compiling Part 'Squad/Parts/Misc/AsteroidDay/CamSat/InfraredTelescope'
[LOG 11:24:55.452] PartLoader: Part 'Squad/Parts/Misc/AsteroidDay/CamSat/InfraredTelescope' has no database record. Creating.
[LOG 11:24:55.452] [DragCubeSystem]: Drag cubes not found or cannot be read for part Part. Generating New drag cubes.
[LOG 11:24:55.452] [KSPCF/DragCubeGeneration] Creating drag cubes for part 'InfraredTelescope'
[LOG 11:24:55.456] PartLoader: Compiling Part 'Squad/Parts/Misc/AsteroidDay/HECS2/HECS2_ProbeCore'
[LOG 11:24:55.462] PartLoader: Part 'Squad/Parts/Misc/AsteroidDay/HECS2/HECS2_ProbeCore' has no database record. Creating.
[LOG 11:24:55.462] [DragCubeSystem]: Drag cubes not found or cannot be read for part Part. Generating New drag cubes.
[LOG 11:24:55.462] [KSPCF/DragCubeGeneration] Creating drag cubes for part 'HECS2.ProbeCore'
[LOG 11:24:55.468] PartLoader: Compiling Part 'Squad/Parts/Misc/AsteroidDay/HighGainAntenna/HighGainAntenna'
[LOG 11:24:55.476] PartLoader: Part 'Squad/Parts/Misc/AsteroidDay/HighGainAntenna/HighGainAntenna' has no database record. Creating.
[LOG 11:24:55.476] [DragCubeSystem]: Drag cubes not found or cannot be read for part Part. Generating New drag cubes.
[LOG 11:24:55.476] [KSPCF/DragCubeGeneration] Creating drag cubes for part 'HighGainAntenna'
[LOG 11:24:55.489] PartLoader: Compiling Part 'Squad/Parts/Misc/AsteroidDay/LgRadialSolar/LgRadialSolarPanel'
[LOG 11:24:55.492] PartLoader: Part 'Squad/Parts/Misc/AsteroidDay/LgRadialSolar/LgRadialSolarPanel' has no database record. Creating.
[LOG 11:24:55.492] [DragCubeSystem]: Drag cubes not found or cannot be read for part Part. Generating New drag cubes.
[LOG 11:24:55.492] [KSPCF/DragCubeGeneration] Creating drag cubes for part 'LgRadialSolarPanel'
[LOG 11:24:55.498] PartLoader: Compiling Part 'Squad/Parts/Misc/PotatoComet/part/PotatoComet'
[LOG 11:24:55.509] PartLoader: Part 'Squad/Parts/Misc/PotatoComet/part/PotatoComet' has no database record. Creating.
[LOG 11:24:55.510] PartLoader: Compiling Part 'Squad/Parts/Misc/PotatoRoid/part/PotatoRoid'
[LOG 11:24:55.520] PartLoader: Part 'Squad/Parts/Misc/PotatoRoid/part/PotatoRoid' has no database record. Creating.
[LOG 11:24:55.520] PartLoader: Compiling Part 'Squad/Parts/Prebuilt/flag/flag'
[LOG 11:24:55.523] PartLoader: Compiling Part 'Squad/Parts/Prebuilt/kerbalEVA/kerbalEVA'
[LOG 11:24:55.540] PartLoader: Compiling Part 'Squad/Parts/Prebuilt/kerbalEVAfemale/kerbalEVAfemale'
[LOG 11:24:55.546] PartLoader: Compiling Part 'Squad/Parts/Prebuilt/kerbalEVASlimSuit/kerbalEVASlimSuit'
[LOG 11:24:55.552] PartLoader: Compiling Part 'Squad/Parts/Prebuilt/kerbalEVASlimSuitFemale/kerbalEVASlimSuitFemale'
[LOG 11:24:55.557] PartLoader: Compiling Part 'Squad/Parts/Resources/FuelCell/FuelCell/FuelCell'
[LOG 11:24:55.565] PartLoader: Part 'Squad/Parts/Resources/FuelCell/FuelCell/FuelCell' has no database record. Creating.
[LOG 11:24:55.565] [DragCubeSystem]: Drag cubes not found or cannot be read for part Part. Generating New drag cubes.
[LOG 11:24:55.565] [KSPCF/DragCubeGeneration] Creating drag cubes for part 'FuelCell'
[LOG 11:24:55.571] PartLoader: Compiling Part 'Squad/Parts/Resources/FuelCell/FuelCellArray/FuelCellArray'
[LOG 11:24:55.574] PartLoader: Part 'Squad/Parts/Resources/FuelCell/FuelCellArray/FuelCellArray' has no database record. Creating.
[LOG 11:24:55.574] [DragCubeSystem]: Drag cubes not found or cannot be read for part Part. Generating New drag cubes.
[LOG 11:24:55.574] [KSPCF/DragCubeGeneration] Creating drag cubes for part 'FuelCellArray'
[LOG 11:24:55.579] PartLoader: Compiling Part 'Squad/Parts/Resources/ISRU/ISRU/ISRU'
[LOG 11:24:55.588] PartLoader: Part 'Squad/Parts/Resources/ISRU/ISRU/ISRU' has no database record. Creating.
[LOG 11:24:55.588] [DragCubeSystem]: Drag cubes not found or cannot be read for part Part. Generating New drag cubes.
[LOG 11:24:55.588] [KSPCF/DragCubeGeneration] Creating drag cubes for part 'ISRU'
[LOG 11:24:55.602] PartLoader: Compiling Part 'Squad/Parts/Resources/LargeTank/LargeTank/LargeTank'
[LOG 11:24:55.607] PartLoader: Part 'Squad/Parts/Resources/LargeTank/LargeTank/LargeTank' has no database record. Creating.
[LOG 11:24:55.607] [DragCubeSystem]: Drag cubes not found or cannot be read for part Part. Generating New drag cubes.
[LOG 11:24:55.607] [KSPCF/DragCubeGeneration] Creating drag cubes for part 'LargeTank'
[LOG 11:24:55.612] PartLoader: Compiling Part 'Squad/Parts/Resources/MiniDrill/MiniDrill/MiniDrill'
[LOG 11:24:55.629] PartLoader: Part 'Squad/Parts/Resources/MiniDrill/MiniDrill/MiniDrill' has no database record. Creating.
[LOG 11:24:55.629] [DragCubeSystem]: Drag cubes not found or cannot be read for part Part. Generating New drag cubes.
[LOG 11:24:55.629] [KSPCF/DragCubeGeneration] Creating drag cubes for part 'MiniDrill'
[LOG 11:24:55.653] PartLoader: Compiling Part 'Squad/Parts/Resources/MiniISRU/MiniISRU/MiniISRU'
[LOG 11:24:55.659] PartLoader: Part 'Squad/Parts/Resources/MiniISRU/MiniISRU/MiniISRU' has no database record. Creating.
[LOG 11:24:55.659] [DragCubeSystem]: Drag cubes not found or cannot be read for part Part. Generating New drag cubes.
[LOG 11:24:55.659] [KSPCF/DragCubeGeneration] Creating drag cubes for part 'MiniISRU'
[LOG 11:24:55.664] PartLoader: Compiling Part 'Squad/Parts/Resources/OrbitalScanner/OrbitalScanner/OrbitalScanner'
[LOG 11:24:55.673] PartLoader: Part 'Squad/Parts/Resources/OrbitalScanner/OrbitalScanner/OrbitalScanner' has no database record. Creating.
[LOG 11:24:55.673] [DragCubeSystem]: Drag cubes not found or cannot be read for part Part. Generating New drag cubes.
[LOG 11:24:55.673] [KSPCF/DragCubeGeneration] Creating drag cubes for part 'OrbitalScanner'
[LOG 11:24:55.685] PartLoader: Compiling Part 'Squad/Parts/Resources/RadialDrill/RadialDrill/RadialDrill'
[LOG 11:24:55.692] PartLoader: Part 'Squad/Parts/Resources/RadialDrill/RadialDrill/RadialDrill' has no database record. Creating.
[LOG 11:24:55.692] [DragCubeSystem]: Drag cubes not found or cannot be read for part Part. Generating New drag cubes.
[LOG 11:24:55.692] [KSPCF/DragCubeGeneration] Creating drag cubes for part 'RadialDrill'
[LOG 11:24:55.716] PartLoader: Compiling Part 'Squad/Parts/Resources/RadialTank/RadialTank/RadialOreTank'
[LOG 11:24:55.719] PartLoader: Part 'Squad/Parts/Resources/RadialTank/RadialTank/RadialOreTank' has no database record. Creating.
[LOG 11:24:55.719] [DragCubeSystem]: Drag cubes not found or cannot be read for part Part. Generating New drag cubes.
[LOG 11:24:55.719] [KSPCF/DragCubeGeneration] Creating drag cubes for part 'RadialOreTank'
[LOG 11:24:55.724] PartLoader: Compiling Part 'Squad/Parts/Resources/SmallTank/SmallTank/SmallTank'
[LOG 11:24:55.726] PartLoader: Part 'Squad/Parts/Resources/SmallTank/SmallTank/SmallTank' has no database record. Creating.
[LOG 11:24:55.726] [DragCubeSystem]: Drag cubes not found or cannot be read for part Part. Generating New drag cubes.
[LOG 11:24:55.726] [KSPCF/DragCubeGeneration] Creating drag cubes for part 'SmallTank'
[LOG 11:24:55.731] PartLoader: Compiling Part 'Squad/Parts/Resources/SurfaceScanner/SurfaceScanner/SurfaceScanner'
[LOG 11:24:55.743] PartLoader: Part 'Squad/Parts/Resources/SurfaceScanner/SurfaceScanner/SurfaceScanner' has no database record. Creating.
[LOG 11:24:55.743] [DragCubeSystem]: Drag cubes not found or cannot be read for part Part. Generating New drag cubes.
[LOG 11:24:55.743] [KSPCF/DragCubeGeneration] Creating drag cubes for part 'SurfaceScanner'
[LOG 11:24:55.748] PartLoader: Compiling Part 'Squad/Parts/Resources/SurveyScanner/SurveyScanner/SurveyScanner'
[LOG 11:24:55.757] PartLoader: Part 'Squad/Parts/Resources/SurveyScanner/SurveyScanner/SurveyScanner' has no database record. Creating.
[LOG 11:24:55.757] [DragCubeSystem]: Drag cubes not found or cannot be read for part Part. Generating New drag cubes.
[LOG 11:24:55.757] [KSPCF/DragCubeGeneration] Creating drag cubes for part 'SurveyScanner'
[LOG 11:24:55.768] PartLoader: Compiling Part 'Squad/Parts/Science/AtmosphereSensor/sensorAtmosphere/sensorAtmosphere'
[LOG 11:24:55.771] PartLoader: Part 'Squad/Parts/Science/AtmosphereSensor/sensorAtmosphere/sensorAtmosphere' has no database record. Creating.
[LOG 11:24:55.771] [DragCubeSystem]: Drag cubes not found or cannot be read for part Part. Generating New drag cubes.
[LOG 11:24:55.771] [KSPCF/DragCubeGeneration] Creating drag cubes for part 'sensorAtmosphere'
[LOG 11:24:55.775] PartLoader: Compiling Part 'Squad/Parts/Science/GooExperiment/gooExperiment/GooExperiment'
[LOG 11:24:55.779] PartLoader: Part 'Squad/Parts/Science/GooExperiment/gooExperiment/GooExperiment' has no database record. Creating.
[LOG 11:24:55.779] [DragCubeSystem]: Drag cubes not found or cannot be read for part Part. Generating New drag cubes.
[LOG 11:24:55.779] [KSPCF/DragCubeGeneration] Creating drag cubes for part 'GooExperiment'
[LOG 11:24:55.789] PartLoader: Compiling Part 'Squad/Parts/Science/LargeCrewedLab/largeCrewedLab/Large_Crewed_Lab'
[LOG 11:24:55.808] PartLoader: Part 'Squad/Parts/Science/LargeCrewedLab/largeCrewedLab/Large_Crewed_Lab' has no database record. Creating.
[LOG 11:24:55.808] [DragCubeSystem]: Drag cubes not found or cannot be read for part Part. Generating New drag cubes.
[LOG 11:24:55.808] [KSPCF/DragCubeGeneration] Creating drag cubes for part 'Large.Crewed.Lab'
[LOG 11:24:55.813] PartLoader: Compiling Part 'Squad/Parts/Science/Magnetometer/Magnetometer/Magnetometer'
[LOG 11:24:55.822] PartLoader: Part 'Squad/Parts/Science/Magnetometer/Magnetometer/Magnetometer' has no database record. Creating.
[LOG 11:24:55.822] [DragCubeSystem]: Drag cubes not found or cannot be read for part Part. Generating New drag cubes.
[LOG 11:24:55.823] [KSPCF/DragCubeGeneration] Creating drag cubes for part 'Magnetometer'
[LOG 11:24:55.842] PartLoader: Compiling Part 'Squad/Parts/Science/MaterialBay/materialBay/science_module'
[LOG 11:24:55.847] PartLoader: Part 'Squad/Parts/Science/MaterialBay/materialBay/science_module' has no database record. Creating.
[LOG 11:24:55.848] [DragCubeSystem]: Drag cubes not found or cannot be read for part Part. Generating New drag cubes.
[LOG 11:24:55.848] [KSPCF/DragCubeGeneration] Creating drag cubes for part 'science.module'
[LOG 11:24:55.867] PartLoader: Compiling Part 'Squad/Parts/Science/ScienceBox/ScienceBox/ScienceBox'
[LOG 11:24:55.872] PartLoader: Part 'Squad/Parts/Science/ScienceBox/ScienceBox/ScienceBox' has no database record. Creating.
[LOG 11:24:55.872] [DragCubeSystem]: Drag cubes not found or cannot be read for part Part. Generating New drag cubes.
[LOG 11:24:55.872] [KSPCF/DragCubeGeneration] Creating drag cubes for part 'ScienceBox'
[LOG 11:24:55.876] PartLoader: Compiling Part 'Squad/Parts/Science/sensorAccelerometer/sensorAccelerometer/sensorAccelerometer'
[LOG 11:24:55.884] PartLoader: Part 'Squad/Parts/Science/sensorAccelerometer/sensorAccelerometer/sensorAccelerometer' has no database record. Creating.
[LOG 11:24:55.884] [DragCubeSystem]: Drag cubes not found or cannot be read for part Part. Generating New drag cubes.
[LOG 11:24:55.884] [KSPCF/DragCubeGeneration] Creating drag cubes for part 'sensorAccelerometer'
[LOG 11:24:55.889] PartLoader: Compiling Part 'Squad/Parts/Science/sensorBarometer/sensorBarometer/sensorBarometer'
[LOG 11:24:55.902] PartLoader: Part 'Squad/Parts/Science/sensorBarometer/sensorBarometer/sensorBarometer' has no database record. Creating.
[LOG 11:24:55.903] [DragCubeSystem]: Drag cubes not found or cannot be read for part Part. Generating New drag cubes.
[LOG 11:24:55.903] [KSPCF/DragCubeGeneration] Creating drag cubes for part 'sensorBarometer'
[LOG 11:24:55.907] PartLoader: Compiling Part 'Squad/Parts/Science/sensorGravimeter/sensorGravimeter/sensorGravimeter'
[LOG 11:24:55.910] PartLoader: Part 'Squad/Parts/Science/sensorGravimeter/sensorGravimeter/sensorGravimeter' has no database record. Creating.
[LOG 11:24:55.910] [DragCubeSystem]: Drag cubes not found or cannot be read for part Part. Generating New drag cubes.
[LOG 11:24:55.910] [KSPCF/DragCubeGeneration] Creating drag cubes for part 'sensorGravimeter'
[LOG 11:24:55.914] PartLoader: Compiling Part 'Squad/Parts/Science/sensorThermometer/sensorThermometer/sensorThermometer'
[LOG 11:24:55.918] PartLoader: Part 'Squad/Parts/Science/sensorThermometer/sensorThermometer/sensorThermometer' has no database record. Creating.
[LOG 11:24:55.918] [DragCubeSystem]: Drag cubes not found or cannot be read for part Part. Generating New drag cubes.
[LOG 11:24:55.918] [KSPCF/DragCubeGeneration] Creating drag cubes for part 'sensorThermometer'
[LOG 11:24:55.922] PartLoader: Compiling Part 'Squad/Parts/Structural/FLAdapters/adapterSmallMiniShort/adapterSmallMiniShort'
[LOG 11:24:55.925] PartLoader: Part 'Squad/Parts/Structural/FLAdapters/adapterSmallMiniShort/adapterSmallMiniShort' has no database record. Creating.
[LOG 11:24:55.925] [DragCubeSystem]: Drag cubes not found or cannot be read for part Part. Generating New drag cubes.
[LOG 11:24:55.925] [KSPCF/DragCubeGeneration] Creating drag cubes for part 'adapterSmallMiniShort'
[LOG 11:24:55.929] PartLoader: Compiling Part 'Squad/Parts/Structural/FLAdapters/adapterSmallMiniTall/adapterSmallMiniTall'
[LOG 11:24:55.932] PartLoader: Part 'Squad/Parts/Structural/FLAdapters/adapterSmallMiniTall/adapterSmallMiniTall' has no database record. Creating.
[LOG 11:24:55.932] [DragCubeSystem]: Drag cubes not found or cannot be read for part Part. Generating New drag cubes.
[LOG 11:24:55.932] [KSPCF/DragCubeGeneration] Creating drag cubes for part 'adapterSmallMiniTall'
[LOG 11:24:55.937] PartLoader: Compiling Part 'Squad/Parts/Structural/mk1Parts/engineBodyRadial/radialEngineBody'
[LOG 11:24:55.940] PartLoader: Part 'Squad/Parts/Structural/mk1Parts/engineBodyRadial/radialEngineBody' has no database record. Creating.
[LOG 11:24:55.940] [DragCubeSystem]: Drag cubes not found or cannot be read for part Part. Generating New drag cubes.
[LOG 11:24:55.940] [KSPCF/DragCubeGeneration] Creating drag cubes for part 'radialEngineBody'
[LOG 11:24:55.945] PartLoader: Compiling Part 'Squad/Parts/Structural/mk1Parts/engineNacelle/nacelleBody'
[LOG 11:24:55.949] PartLoader: Part 'Squad/Parts/Structural/mk1Parts/engineNacelle/nacelleBody' has no database record. Creating.
[LOG 11:24:55.949] [DragCubeSystem]: Drag cubes not found or cannot be read for part Part. Generating New drag cubes.
[LOG 11:24:55.949] [KSPCF/DragCubeGeneration] Creating drag cubes for part 'nacelleBody'
[LOG 11:24:55.953] PartLoader: Compiling Part 'Squad/Parts/Structural/mk1Parts/mk1Fuselage/MK1Fuselage'
[LOG 11:24:55.956] PartLoader: Part 'Squad/Parts/Structural/mk1Parts/mk1Fuselage/MK1Fuselage' has no database record. Creating.
[LOG 11:24:55.956] [DragCubeSystem]: Drag cubes not found or cannot be read for part Part. Generating New drag cubes.
[LOG 11:24:55.956] [KSPCF/DragCubeGeneration] Creating drag cubes for part 'MK1Fuselage'
[LOG 11:24:55.960] PartLoader: Compiling Part 'Squad/Parts/Structural/mk1Parts/mk1FuselageIntake/MK1IntakeFuselage'
[LOG 11:24:55.963] PartLoader: Part 'Squad/Parts/Structural/mk1Parts/mk1FuselageIntake/MK1IntakeFuselage' has no database record. Creating.
[LOG 11:24:55.963] [DragCubeSystem]: Drag cubes not found or cannot be read for part Part. Generating New drag cubes.
[LOG 11:24:55.963] [KSPCF/DragCubeGeneration] Creating drag cubes for part 'MK1IntakeFuselage'
[LOG 11:24:55.968] PartLoader: Compiling Part 'Squad/Parts/Structural/mk1Parts/mk1Structural/Mk1FuselageStructural'
[LOG 11:24:55.970] PartLoader: Part 'Squad/Parts/Structural/mk1Parts/mk1Structural/Mk1FuselageStructural' has no database record. Creating.
[LOG 11:24:55.971] PartLoader: Compiling Part 'Squad/Parts/Structural/Size3To2Adapter_v2/Size2to3_v2/Size3To2Adapter_v2'
[LOG 11:24:55.973] PartLoader: Part 'Squad/Parts/Structural/Size3To2Adapter_v2/Size2to3_v2/Size3To2Adapter_v2' has no database record. Creating.
[LOG 11:24:55.973] PartLoader: Compiling Part 'Squad/Parts/Structural/stackAdapters/adapterLargeSmallBi/adapterLargeSmallBi'
[LOG 11:24:55.977] PartLoader: Part 'Squad/Parts/Structural/stackAdapters/adapterLargeSmallBi/adapterLargeSmallBi' has no database record. Creating.
[LOG 11:24:55.977] [DragCubeSystem]: Drag cubes not found or cannot be read for part Part. Generating New drag cubes.
[LOG 11:24:55.977] [KSPCF/DragCubeGeneration] Creating drag cubes for part 'adapterLargeSmallBi'
[LOG 11:24:55.981] PartLoader: Compiling Part 'Squad/Parts/Structural/stackAdapters/adapterLargeSmallQuad/adapterLargeSmallQuad'
[LOG 11:24:55.985] PartLoader: Part 'Squad/Parts/Structural/stackAdapters/adapterLargeSmallQuad/adapterLargeSmallQuad' has no database record. Creating.
[LOG 11:24:55.985] [DragCubeSystem]: Drag cubes not found or cannot be read for part Part. Generating New drag cubes.
[LOG 11:24:55.985] [KSPCF/DragCubeGeneration] Creating drag cubes for part 'adapterLargeSmallQuad'
[LOG 11:24:55.989] PartLoader: Compiling Part 'Squad/Parts/Structural/stackAdapters/adapterLargeSmallTri/adapterLargeSmallTri'
[LOG 11:24:55.992] PartLoader: Part 'Squad/Parts/Structural/stackAdapters/adapterLargeSmallTri/adapterLargeSmallTri' has no database record. Creating.
[LOG 11:24:55.992] [DragCubeSystem]: Drag cubes not found or cannot be read for part Part. Generating New drag cubes.
[LOG 11:24:55.992] [KSPCF/DragCubeGeneration] Creating drag cubes for part 'adapterLargeSmallTri'
[LOG 11:24:55.996] PartLoader: Compiling Part 'Squad/Parts/Structural/stationHub/stationHub/stationHub'
[LOG 11:24:55.999] PartLoader: Part 'Squad/Parts/Structural/stationHub/stationHub/stationHub' has no database record. Creating.
[LOG 11:24:55.999] [DragCubeSystem]: Drag cubes not found or cannot be read for part Part. Generating New drag cubes.
[LOG 11:24:55.999] [KSPCF/DragCubeGeneration] Creating drag cubes for part 'stationHub'
[LOG 11:24:56.004] PartLoader: Compiling Part 'Squad/Parts/Structural/structuralIBeam200/structuralIBeam200/structuralIBeam2'
[LOG 11:24:56.006] PartLoader: Part 'Squad/Parts/Structural/structuralIBeam200/structuralIBeam200/structuralIBeam2' has no database record. Creating.
[LOG 11:24:56.006] [DragCubeSystem]: Drag cubes not found or cannot be read for part Part. Generating New drag cubes.
[LOG 11:24:56.006] [KSPCF/DragCubeGeneration] Creating drag cubes for part 'structuralIBeam2'
[LOG 11:24:56.011] PartLoader: Compiling Part 'Squad/Parts/Structural/structuralIBeam200Pocket/structuralIBeam200Pocket/structuralIBeam3'
[LOG 11:24:56.013] PartLoader: Part 'Squad/Parts/Structural/structuralIBeam200Pocket/structuralIBeam200Pocket/structuralIBeam3' has no database record. Creating.
[LOG 11:24:56.013] [DragCubeSystem]: Drag cubes not found or cannot be read for part Part. Generating New drag cubes.
[LOG 11:24:56.013] [KSPCF/DragCubeGeneration] Creating drag cubes for part 'structuralIBeam3'
[LOG 11:24:56.017] PartLoader: Compiling Part 'Squad/Parts/Structural/structuralIBeam650/structuralIBeam650/structuralIBeam1'
[LOG 11:24:56.020] PartLoader: Part 'Squad/Parts/Structural/structuralIBeam650/structuralIBeam650/structuralIBeam1' has no database record. Creating.
[LOG 11:24:56.020] [DragCubeSystem]: Drag cubes not found or cannot be read for part Part. Generating New drag cubes.
[LOG 11:24:56.020] [KSPCF/DragCubeGeneration] Creating drag cubes for part 'structuralIBeam1'
[LOG 11:24:56.024] PartLoader: Compiling Part 'Squad/Parts/Structural/structuralMicronode/structuralMicronode/structuralMiniNode'
[LOG 11:24:56.026] PartLoader: Part 'Squad/Parts/Structural/structuralMicronode/structuralMicronode/structuralMiniNode' has no database record. Creating.
[LOG 11:24:56.026] [DragCubeSystem]: Drag cubes not found or cannot be read for part Part. Generating New drag cubes.
[LOG 11:24:56.026] [KSPCF/DragCubeGeneration] Creating drag cubes for part 'structuralMiniNode'
[LOG 11:24:56.030] PartLoader: Compiling Part 'Squad/Parts/Structural/structuralPanel1x1/structuralPanel1x1/structuralPanel1'
[LOG 11:24:56.033] PartLoader: Part 'Squad/Parts/Structural/structuralPanel1x1/structuralPanel1x1/structuralPanel1' has no database record. Creating.
[LOG 11:24:56.033] [DragCubeSystem]: Drag cubes not found or cannot be read for part Part. Generating New drag cubes.
[LOG 11:24:56.033] [KSPCF/DragCubeGeneration] Creating drag cubes for part 'structuralPanel1'
[LOG 11:24:56.037] PartLoader: Compiling Part 'Squad/Parts/Structural/structuralPanel2x2/structuralPanel2x2/structuralPanel2'
[LOG 11:24:56.039] PartLoader: Part 'Squad/Parts/Structural/structuralPanel2x2/structuralPanel2x2/structuralPanel2' has no database record. Creating.
[LOG 11:24:56.040] [DragCubeSystem]: Drag cubes not found or cannot be read for part Part. Generating New drag cubes.
[LOG 11:24:56.040] [KSPCF/DragCubeGeneration] Creating drag cubes for part 'structuralPanel2'
[LOG 11:24:56.045] PartLoader: Compiling Part 'Squad/Parts/Structural/structuralPylons/smallHardpoint/smallHardpoint'
[LOG 11:24:56.049] PartLoader: Part 'Squad/Parts/Structural/structuralPylons/smallHardpoint/smallHardpoint' has no database record. Creating.
[LOG 11:24:56.049] [DragCubeSystem]: Drag cubes not found or cannot be read for part Part. Generating New drag cubes.
[LOG 11:24:56.049] [KSPCF/DragCubeGeneration] Creating drag cubes for part 'smallHardpoint'
[LOG 11:24:56.054] PartLoader: Compiling Part 'Squad/Parts/Structural/structuralPylons/structuralPylon/structuralPylon'
[LOG 11:24:56.058] PartLoader: Part 'Squad/Parts/Structural/structuralPylons/structuralPylon/structuralPylon' has no database record. Creating.
[LOG 11:24:56.058] [DragCubeSystem]: Drag cubes not found or cannot be read for part Part. Generating New drag cubes.
[LOG 11:24:56.058] [KSPCF/DragCubeGeneration] Creating drag cubes for part 'structuralPylon'
[LOG 11:24:56.062] PartLoader: Compiling Part 'Squad/Parts/Structural/strutCubicOcto/strutCubicOcto/strutCube'
[LOG 11:24:56.064] PartLoader: Part 'Squad/Parts/Structural/strutCubicOcto/strutCubicOcto/strutCube' has no database record. Creating.
[LOG 11:24:56.064] [DragCubeSystem]: Drag cubes not found or cannot be read for part Part. Generating New drag cubes.
[LOG 11:24:56.064] [KSPCF/DragCubeGeneration] Creating drag cubes for part 'strutCube'
[LOG 11:24:56.069] PartLoader: Compiling Part 'Squad/Parts/Structural/strutOcto/strutOcto/strutOcto'
[LOG 11:24:56.072] PartLoader: Part 'Squad/Parts/Structural/strutOcto/strutOcto/strutOcto' has no database record. Creating.
[LOG 11:24:56.072] [DragCubeSystem]: Drag cubes not found or cannot be read for part Part. Generating New drag cubes.
[LOG 11:24:56.072] [KSPCF/DragCubeGeneration] Creating drag cubes for part 'strutOcto'
[LOG 11:24:56.076] PartLoader: Compiling Part 'Squad/Parts/Structural/trussGirderAdapter/trussGirderAdapter/trussAdapter'
[LOG 11:24:56.079] PartLoader: Part 'Squad/Parts/Structural/trussGirderAdapter/trussGirderAdapter/trussAdapter' has no database record. Creating.
[LOG 11:24:56.079] [DragCubeSystem]: Drag cubes not found or cannot be read for part Part. Generating New drag cubes.
[LOG 11:24:56.080] [KSPCF/DragCubeGeneration] Creating drag cubes for part 'trussAdapter'
[LOG 11:24:56.084] PartLoader: Compiling Part 'Squad/Parts/Structural/trussGirderL/trussGirderL/trussPiece1x'
[LOG 11:24:56.087] PartLoader: Part 'Squad/Parts/Structural/trussGirderL/trussGirderL/trussPiece1x' has no database record. Creating.
[LOG 11:24:56.087] [DragCubeSystem]: Drag cubes not found or cannot be read for part Part. Generating New drag cubes.
[LOG 11:24:56.087] [KSPCF/DragCubeGeneration] Creating drag cubes for part 'trussPiece1x'
[LOG 11:24:56.091] PartLoader: Compiling Part 'Squad/Parts/Structural/trussGirderXL/trussGirderXL/trussPiece3x'
[LOG 11:24:56.094] PartLoader: Part 'Squad/Parts/Structural/trussGirderXL/trussGirderXL/trussPiece3x' has no database record. Creating.
[LOG 11:24:56.094] [DragCubeSystem]: Drag cubes not found or cannot be read for part Part. Generating New drag cubes.
[LOG 11:24:56.094] [KSPCF/DragCubeGeneration] Creating drag cubes for part 'trussPiece3x'
[LOG 11:24:56.098] PartLoader: Compiling Part 'Squad/Parts/Thermal/FoldingRadiators/foldingRadLarge/foldingRadLarge'
[LOG 11:24:56.111] PartLoader: Part 'Squad/Parts/Thermal/FoldingRadiators/foldingRadLarge/foldingRadLarge' has no database record. Creating.
[LOG 11:24:56.112] PartLoader: Compiling Part 'Squad/Parts/Thermal/FoldingRadiators/foldingRadMed/foldingRadMed'
[LOG 11:24:56.116] PartLoader: Part 'Squad/Parts/Thermal/FoldingRadiators/foldingRadMed/foldingRadMed' has no database record. Creating.
[LOG 11:24:56.117] PartLoader: Compiling Part 'Squad/Parts/Thermal/FoldingRadiators/foldingRadSmall/foldingRadSmall'
[LOG 11:24:56.122] PartLoader: Part 'Squad/Parts/Thermal/FoldingRadiators/foldingRadSmall/foldingRadSmall' has no database record. Creating.
[LOG 11:24:56.123] PartLoader: Compiling Part 'Squad/Parts/Thermal/RadiatorPanels/radPanelEdge/radPanelEdge'
[LOG 11:24:56.127] PartLoader: Part 'Squad/Parts/Thermal/RadiatorPanels/radPanelEdge/radPanelEdge' has no database record. Creating.
[LOG 11:24:56.127] [DragCubeSystem]: Drag cubes not found or cannot be read for part Part. Generating New drag cubes.
[LOG 11:24:56.127] [KSPCF/DragCubeGeneration] Creating drag cubes for part 'radPanelEdge'
[LOG 11:24:56.131] PartLoader: Compiling Part 'Squad/Parts/Thermal/RadiatorPanels/radPanelLg/radPanelLg'
[LOG 11:24:56.135] PartLoader: Part 'Squad/Parts/Thermal/RadiatorPanels/radPanelLg/radPanelLg' has no database record. Creating.
[LOG 11:24:56.135] [DragCubeSystem]: Drag cubes not found or cannot be read for part Part. Generating New drag cubes.
[LOG 11:24:56.135] [KSPCF/DragCubeGeneration] Creating drag cubes for part 'radPanelLg'
[LOG 11:24:56.139] PartLoader: Compiling Part 'Squad/Parts/Thermal/RadiatorPanels/radPanelSm/radPanelSm'
[LOG 11:24:56.143] PartLoader: Part 'Squad/Parts/Thermal/RadiatorPanels/radPanelSm/radPanelSm' has no database record. Creating.
[LOG 11:24:56.143] [DragCubeSystem]: Drag cubes not found or cannot be read for part Part. Generating New drag cubes.
[LOG 11:24:56.143] [KSPCF/DragCubeGeneration] Creating drag cubes for part 'radPanelSm'
[LOG 11:24:56.147] PartLoader: Compiling Part 'Squad/Parts/Utility/commDish88-88/commDish88-88/commDish'
[LOG 11:24:56.153] PartLoader: Part 'Squad/Parts/Utility/commDish88-88/commDish88-88/commDish' has no database record. Creating.
[LOG 11:24:56.153] [DragCubeSystem]: Drag cubes not found or cannot be read for part Part. Generating New drag cubes.
[LOG 11:24:56.153] [KSPCF/DragCubeGeneration] Creating drag cubes for part 'commDish'
[LOG 11:24:56.169] PartLoader: Compiling Part 'Squad/Parts/Utility/commsAntennaDTS-M1/commsAntennaDTS-M1/mediumDishAntenna'
[LOG 11:24:56.173] PartLoader: Part 'Squad/Parts/Utility/commsAntennaDTS-M1/commsAntennaDTS-M1/mediumDishAntenna' has no database record. Creating.
[LOG 11:24:56.174] [DragCubeSystem]: Drag cubes not found or cannot be read for part Part. Generating New drag cubes.
[LOG 11:24:56.174] [KSPCF/DragCubeGeneration] Creating drag cubes for part 'mediumDishAntenna'
[LOG 11:24:56.188] PartLoader: Compiling Part 'Squad/Parts/Utility/commsDish16/commsAntenna16/longAntenna'
[LOG 11:24:56.193] PartLoader: Part 'Squad/Parts/Utility/commsDish16/commsAntenna16/longAntenna' has no database record. Creating.
[LOG 11:24:56.194] [DragCubeSystem]: Drag cubes not found or cannot be read for part Part. Generating New drag cubes.
[LOG 11:24:56.194] [KSPCF/DragCubeGeneration] Creating drag cubes for part 'longAntenna'
[LOG 11:24:56.205] PartLoader: Compiling Part 'Squad/Parts/Utility/decouplerRadialHDM/decouplerRadialHDM/radialDecoupler1-2'
[LOG 11:24:56.212] PartLoader: Part 'Squad/Parts/Utility/decouplerRadialHDM/decouplerRadialHDM/radialDecoupler1-2' has no database record. Creating.
[LOG 11:24:56.212] [DragCubeSystem]: Drag cubes not found or cannot be read for part Part. Generating New drag cubes.
[LOG 11:24:56.212] [KSPCF/DragCubeGeneration] Creating drag cubes for part 'radialDecoupler1-2'
[LOG 11:24:56.217] PartLoader: Compiling Part 'Squad/Parts/Utility/decouplerRadialTT-38K/decouplerRadialTT-38K/radialDecoupler'
[LOG 11:24:56.221] PartLoader: Part 'Squad/Parts/Utility/decouplerRadialTT-38K/decouplerRadialTT-38K/radialDecoupler' has no database record. Creating.
[LOG 11:24:56.221] [DragCubeSystem]: Drag cubes not found or cannot be read for part Part. Generating New drag cubes.
[LOG 11:24:56.221] [KSPCF/DragCubeGeneration] Creating drag cubes for part 'radialDecoupler'
[LOG 11:24:56.226] PartLoader: Compiling Part 'Squad/Parts/Utility/decouplerRadialTT-70/decouplerRadialTT-70/radialDecoupler2'
[LOG 11:24:56.230] PartLoader: Part 'Squad/Parts/Utility/decouplerRadialTT-70/decouplerRadialTT-70/radialDecoupler2' has no database record. Creating.
[LOG 11:24:56.230] [DragCubeSystem]: Drag cubes not found or cannot be read for part Part. Generating New drag cubes.
[LOG 11:24:56.230] [KSPCF/DragCubeGeneration] Creating drag cubes for part 'radialDecoupler2'
[LOG 11:24:56.235] PartLoader: Compiling Part 'Squad/Parts/Utility/DirectAntennas/C16S/SurfAntenna'
[LOG 11:24:56.240] PartLoader: Part 'Squad/Parts/Utility/DirectAntennas/C16S/SurfAntenna' has no database record. Creating.
[LOG 11:24:56.240] [DragCubeSystem]: Drag cubes not found or cannot be read for part Part. Generating New drag cubes.
[LOG 11:24:56.240] [KSPCF/DragCubeGeneration] Creating drag cubes for part 'SurfAntenna'
[LOG 11:24:56.246] PartLoader: Compiling Part 'Squad/Parts/Utility/DirectAntennas/HG-5/HighGainAntenna5'
[LOG 11:24:56.253] PartLoader: Part 'Squad/Parts/Utility/DirectAntennas/HG-5/HighGainAntenna5' has no database record. Creating.
[LOG 11:24:56.253] [DragCubeSystem]: Drag cubes not found or cannot be read for part Part. Generating New drag cubes.
[LOG 11:24:56.253] [KSPCF/DragCubeGeneration] Creating drag cubes for part 'HighGainAntenna5'
[LOG 11:24:56.265] PartLoader: Compiling Part 'Squad/Parts/Utility/DirectAntennas/HG-5_v2/HighGainAntenna5_v2'
[LOG 11:24:56.269] PartLoader: Part 'Squad/Parts/Utility/DirectAntennas/HG-5_v2/HighGainAntenna5_v2' has no database record. Creating.
[LOG 11:24:56.270] [DragCubeSystem]: Drag cubes not found or cannot be read for part Part. Generating New drag cubes.
[LOG 11:24:56.270] [KSPCF/DragCubeGeneration] Creating drag cubes for part 'HighGainAntenna5.v2'
[LOG 11:24:56.281] PartLoader: Compiling Part 'Squad/Parts/Utility/dockingPort/dockingPort/dockingPort2'
[LOG 11:24:56.292] PartLoader: Part 'Squad/Parts/Utility/dockingPort/dockingPort/dockingPort2' has no database record. Creating.
[LOG 11:24:56.292] [DragCubeSystem]: Drag cubes not found or cannot be read for part Part. Generating New drag cubes.
[LOG 11:24:56.292] [KSPCF/DragCubeGeneration] Creating drag cubes for part 'dockingPort2'
[LOG 11:24:56.298] PartLoader: Compiling Part 'Squad/Parts/Utility/dockingPortInline/dockingPortInline/dockingPortLateral'
[LOG 11:24:56.304] PartLoader: Part 'Squad/Parts/Utility/dockingPortInline/dockingPortInline/dockingPortLateral' has no database record. Creating.
[LOG 11:24:56.304] [DragCubeSystem]: Drag cubes not found or cannot be read for part Part. Generating New drag cubes.
[LOG 11:24:56.304] [KSPCF/DragCubeGeneration] Creating drag cubes for part 'dockingPortLateral'
[LOG 11:24:56.317] PartLoader: Compiling Part 'Squad/Parts/Utility/dockingPortJr/dockingPortJr/dockingPort3'
[LOG 11:24:56.321] PartLoader: Part 'Squad/Parts/Utility/dockingPortJr/dockingPortJr/dockingPort3' has no database record. Creating.
[LOG 11:24:56.321] [DragCubeSystem]: Drag cubes not found or cannot be read for part Part. Generating New drag cubes.
[LOG 11:24:56.321] [KSPCF/DragCubeGeneration] Creating drag cubes for part 'dockingPort3'
[LOG 11:24:56.326] PartLoader: Compiling Part 'Squad/Parts/Utility/dockingPortShielded/dockingPortShielded/dockingPort1'
[LOG 11:24:56.331] PartLoader: Part 'Squad/Parts/Utility/dockingPortShielded/dockingPortShielded/dockingPort1' has no database record. Creating.
[LOG 11:24:56.331] [DragCubeSystem]: Drag cubes not found or cannot be read for part Part. Generating New drag cubes.
[LOG 11:24:56.332] [KSPCF/DragCubeGeneration] Creating drag cubes for part 'dockingPort1'
[LOG 11:24:56.342] PartLoader: Compiling Part 'Squad/Parts/Utility/dockingPortSr/dockingPortSr/dockingPortLarge'
[LOG 11:24:56.347] PartLoader: Part 'Squad/Parts/Utility/dockingPortSr/dockingPortSr/dockingPortLarge' has no database record. Creating.
[LOG 11:24:56.347] [DragCubeSystem]: Drag cubes not found or cannot be read for part Part. Generating New drag cubes.
[LOG 11:24:56.348] [KSPCF/DragCubeGeneration] Creating drag cubes for part 'dockingPortLarge'
[LOG 11:24:56.352] PartLoader: Compiling Part 'Squad/Parts/Utility/Fireworks/fireworksLauncherBig/fireworksLauncherBig'
[LOG 11:24:56.364] PartLoader: Part 'Squad/Parts/Utility/Fireworks/fireworksLauncherBig/fireworksLauncherBig' has no database record. Creating.
[LOG 11:24:56.364] [DragCubeSystem]: Drag cubes not found or cannot be read for part Part. Generating New drag cubes.
[LOG 11:24:56.365] [KSPCF/DragCubeGeneration] Creating drag cubes for part 'fireworksLauncherBig'
[LOG 11:24:56.369] PartLoader: Compiling Part 'Squad/Parts/Utility/Fireworks/fireworksLauncherSmall/fireworksLauncherSmall'
[LOG 11:24:56.378] PartLoader: Part 'Squad/Parts/Utility/Fireworks/fireworksLauncherSmall/fireworksLauncherSmall' has no database record. Creating.
[LOG 11:24:56.378] [DragCubeSystem]: Drag cubes not found or cannot be read for part Part. Generating New drag cubes.
[LOG 11:24:56.378] [KSPCF/DragCubeGeneration] Creating drag cubes for part 'fireworksLauncherSmall'
[LOG 11:24:56.382] PartLoader: Compiling Part 'Squad/Parts/Utility/flags/flagFlat/flagFlat/flagPartFlat'
[LOG 11:24:56.391] PartLoader: Part 'Squad/Parts/Utility/flags/flagFlat/flagFlat/flagPartFlat' has no database record. Creating.
[LOG 11:24:56.391] [DragCubeSystem]: Drag cubes not found or cannot be read for part Part. Generating New drag cubes.
[LOG 11:24:56.391] [KSPCF/DragCubeGeneration] Creating drag cubes for part 'flagPartFlat'
[LOG 11:24:56.395] PartLoader: Compiling Part 'Squad/Parts/Utility/flags/flagSize0/flagSize0/flagPartSize0'
[LOG 11:24:56.400] PartLoader: Part 'Squad/Parts/Utility/flags/flagSize0/flagSize0/flagPartSize0' has no database record. Creating.
[LOG 11:24:56.400] [DragCubeSystem]: Drag cubes not found or cannot be read for part Part. Generating New drag cubes.
[LOG 11:24:56.400] [KSPCF/DragCubeGeneration] Creating drag cubes for part 'flagPartSize0'
[LOG 11:24:56.404] PartLoader: Compiling Part 'Squad/Parts/Utility/flags/flagSize1/flagSize1/flagPartSize1'
[LOG 11:24:56.409] PartLoader: Part 'Squad/Parts/Utility/flags/flagSize1/flagSize1/flagPartSize1' has no database record. Creating.
[LOG 11:24:56.409] [DragCubeSystem]: Drag cubes not found or cannot be read for part Part. Generating New drag cubes.
[LOG 11:24:56.409] [KSPCF/DragCubeGeneration] Creating drag cubes for part 'flagPartSize1'
[LOG 11:24:56.414] PartLoader: Compiling Part 'Squad/Parts/Utility/flags/flagSize2/flagSize2/flagPartSize2'
[LOG 11:24:56.419] PartLoader: Part 'Squad/Parts/Utility/flags/flagSize2/flagSize2/flagPartSize2' has no database record. Creating.
[LOG 11:24:56.419] [DragCubeSystem]: Drag cubes not found or cannot be read for part Part. Generating New drag cubes.
[LOG 11:24:56.419] [KSPCF/DragCubeGeneration] Creating drag cubes for part 'flagPartSize2'
[LOG 11:24:56.424] PartLoader: Compiling Part 'Squad/Parts/Utility/flags/flagSize3/flagSize3/flagPartSize3'
[LOG 11:24:56.428] PartLoader: Part 'Squad/Parts/Utility/flags/flagSize3/flagSize3/flagPartSize3' has no database record. Creating.
[LOG 11:24:56.428] [DragCubeSystem]: Drag cubes not found or cannot be read for part Part. Generating New drag cubes.
[LOG 11:24:56.428] [KSPCF/DragCubeGeneration] Creating drag cubes for part 'flagPartSize3'
[LOG 11:24:56.433] PartLoader: Compiling Part 'Squad/Parts/Utility/GrapplingDevice/part/GrapplingDevice'
[LOG 11:24:56.445] PartLoader: Part 'Squad/Parts/Utility/GrapplingDevice/part/GrapplingDevice' has no database record. Creating.
[LOG 11:24:56.445] [DragCubeSystem]: Drag cubes not found or cannot be read for part Part. Generating New drag cubes.
[LOG 11:24:56.445] [KSPCF/DragCubeGeneration] Creating drag cubes for part 'GrapplingDevice'
[LOG 11:24:56.462] PartLoader: Compiling Part 'Squad/Parts/Utility/ladderRadial/ladderRadial/ladder1'
[LOG 11:24:56.465] PartLoader: Part 'Squad/Parts/Utility/ladderRadial/ladderRadial/ladder1' has no database record. Creating.
[LOG 11:24:56.465] [DragCubeSystem]: Drag cubes not found or cannot be read for part Part. Generating New drag cubes.
[LOG 11:24:56.465] [KSPCF/DragCubeGeneration] Creating drag cubes for part 'ladder1'
[LOG 11:24:56.469] PartLoader: Compiling Part 'Squad/Parts/Utility/ladderTelescopic/ladderTelescopic/telescopicLadder'
[LOG 11:24:56.477] PartLoader: Part 'Squad/Parts/Utility/ladderTelescopic/ladderTelescopic/telescopicLadder' has no database record. Creating.
[LOG 11:24:56.477] [DragCubeSystem]: Drag cubes not found or cannot be read for part Part. Generating New drag cubes.
[LOG 11:24:56.477] [KSPCF/DragCubeGeneration] Creating drag cubes for part 'telescopicLadder'
[LOG 11:24:56.488] PartLoader: Compiling Part 'Squad/Parts/Utility/ladderTelescopicBay/ladderTelescopicBay/telescopicLadderBay'
[LOG 11:24:56.500] PartLoader: Part 'Squad/Parts/Utility/ladderTelescopicBay/ladderTelescopicBay/telescopicLadderBay' has no database record. Creating.
[LOG 11:24:56.500] [DragCubeSystem]: Drag cubes not found or cannot be read for part Part. Generating New drag cubes.
[LOG 11:24:56.500] [KSPCF/DragCubeGeneration] Creating drag cubes for part 'telescopicLadderBay'
[LOG 11:24:56.514] PartLoader: Compiling Part 'Squad/Parts/Utility/landingLegLT-1/landingLegLT-1/landingLeg1'
[LOG 11:24:56.538] PartLoader: Part 'Squad/Parts/Utility/landingLegLT-1/landingLegLT-1/landingLeg1' has no database record. Creating.
[LOG 11:24:56.539] [DragCubeSystem]: Drag cubes not found or cannot be read for part Part. Generating New drag cubes.
[LOG 11:24:56.539] [KSPCF/DragCubeGeneration] Creating drag cubes for part 'landingLeg1'
[LOG 11:24:56.551] PartLoader: Compiling Part 'Squad/Parts/Utility/landingLegLT-2/landingLegLT-2/landingLeg1-2'
[LOG 11:24:56.557] PartLoader: Part 'Squad/Parts/Utility/landingLegLT-2/landingLegLT-2/landingLeg1-2' has no database record. Creating.
[LOG 11:24:56.557] [DragCubeSystem]: Drag cubes not found or cannot be read for part Part. Generating New drag cubes.
[LOG 11:24:56.557] [KSPCF/DragCubeGeneration] Creating drag cubes for part 'landingLeg1-2'
[LOG 11:24:56.567] PartLoader: Compiling Part 'Squad/Parts/Utility/landingLegLT-5/landingLegLT-5/miniLandingLeg'
[LOG 11:24:56.573] PartLoader: Part 'Squad/Parts/Utility/landingLegLT-5/landingLegLT-5/miniLandingLeg' has no database record. Creating.
[LOG 11:24:56.574] [DragCubeSystem]: Drag cubes not found or cannot be read for part Part. Generating New drag cubes.
[LOG 11:24:56.574] [KSPCF/DragCubeGeneration] Creating drag cubes for part 'miniLandingLeg'
[LOG 11:24:56.585] PartLoader: Compiling Part 'Squad/Parts/Utility/launchClamp1/launchClamp1/launchClamp1'
[LOG 11:24:56.591] PartLoader: Part 'Squad/Parts/Utility/launchClamp1/launchClamp1/launchClamp1' has no database record. Creating.
[LOG 11:24:56.591] [DragCubeSystem]: Drag cubes not found or cannot be read for part Part. Generating New drag cubes.
[LOG 11:24:56.591] [KSPCF/DragCubeGeneration] Creating drag cubes for part 'launchClamp1'
[LOG 11:24:56.595] PartLoader: Compiling Part 'Squad/Parts/Utility/launchEscapeSystem/part/LaunchEscapeSystem'
[LOG 11:24:56.601] PartLoader: Part 'Squad/Parts/Utility/launchEscapeSystem/part/LaunchEscapeSystem' has no database record. Creating.
[LOG 11:24:56.601] [DragCubeSystem]: Drag cubes not found or cannot be read for part Part. Generating New drag cubes.
[LOG 11:24:56.601] [KSPCF/DragCubeGeneration] Creating drag cubes for part 'LaunchEscapeSystem'
[LOG 11:24:56.606] PartLoader: Compiling Part 'Squad/Parts/Utility/Lights/domeLight1/domeLight1'
[LOG 11:24:56.610] PartLoader: Part 'Squad/Parts/Utility/Lights/domeLight1/domeLight1' has no database record. Creating.
[LOG 11:24:56.610] [DragCubeSystem]: Drag cubes not found or cannot be read for part Part. Generating New drag cubes.
[LOG 11:24:56.610] [KSPCF/DragCubeGeneration] Creating drag cubes for part 'domeLight1'
[LOG 11:24:56.616] PartLoader: Compiling Part 'Squad/Parts/Utility/Lights/groundLight1/groundLight1'
[LOG 11:24:56.620] PartLoader: Part 'Squad/Parts/Utility/Lights/groundLight1/groundLight1' has no database record. Creating.
[LOG 11:24:56.620] [DragCubeSystem]: Drag cubes not found or cannot be read for part Part. Generating New drag cubes.
[LOG 11:24:56.620] [KSPCF/DragCubeGeneration] Creating drag cubes for part 'groundLight1'
[LOG 11:24:56.625] PartLoader: Compiling Part 'Squad/Parts/Utility/Lights/groundLight2/groundLight2'
[LOG 11:24:56.630] PartLoader: Part 'Squad/Parts/Utility/Lights/groundLight2/groundLight2' has no database record. Creating.
[LOG 11:24:56.630] [DragCubeSystem]: Drag cubes not found or cannot be read for part Part. Generating New drag cubes.
[LOG 11:24:56.630] [KSPCF/DragCubeGeneration] Creating drag cubes for part 'groundLight2'
[LOG 11:24:56.634] PartLoader: Compiling Part 'Squad/Parts/Utility/Lights/navLight1/navLight1'
[LOG 11:24:56.641] PartLoader: Part 'Squad/Parts/Utility/Lights/navLight1/navLight1' has no database record. Creating.
[LOG 11:24:56.641] [DragCubeSystem]: Drag cubes not found or cannot be read for part Part. Generating New drag cubes.
[LOG 11:24:56.641] [KSPCF/DragCubeGeneration] Creating drag cubes for part 'navLight1'
[LOG 11:24:56.645] PartLoader: Compiling Part 'Squad/Parts/Utility/Lights/spotLight1/spotLight3'
[LOG 11:24:56.650] PartLoader: Part 'Squad/Parts/Utility/Lights/spotLight1/spotLight3' has no database record. Creating.
[LOG 11:24:56.650] [DragCubeSystem]: Drag cubes not found or cannot be read for part Part. Generating New drag cubes.
[LOG 11:24:56.650] [KSPCF/DragCubeGeneration] Creating drag cubes for part 'spotLight3'
[LOG 11:24:56.655] PartLoader: Compiling Part 'Squad/Parts/Utility/Lights/stripLight1/stripLight1'
[LOG 11:24:56.659] PartLoader: Part 'Squad/Parts/Utility/Lights/stripLight1/stripLight1' has no database record. Creating.
[LOG 11:24:56.659] [DragCubeSystem]: Drag cubes not found or cannot be read for part Part. Generating New drag cubes.
[LOG 11:24:56.659] [KSPCF/DragCubeGeneration] Creating drag cubes for part 'stripLight1'
[LOG 11:24:56.664] PartLoader: Compiling Part 'Squad/Parts/Utility/linearVernorRCS/linearRCS/linearRcs'
[LOG 11:24:56.671] PartLoader: Part 'Squad/Parts/Utility/linearVernorRCS/linearRCS/linearRcs' has no database record. Creating.
[LOG 11:24:56.671] [DragCubeSystem]: Drag cubes not found or cannot be read for part Part. Generating New drag cubes.
[LOG 11:24:56.671] [KSPCF/DragCubeGeneration] Creating drag cubes for part 'linearRcs'
[LOG 11:24:56.675] PartLoader: Compiling Part 'Squad/Parts/Utility/linearVernorRCS/vernorEngine/vernierEngine'
[LOG 11:24:56.680] PartLoader: Part 'Squad/Parts/Utility/linearVernorRCS/vernorEngine/vernierEngine' has no database record. Creating.
[LOG 11:24:56.680] [DragCubeSystem]: Drag cubes not found or cannot be read for part Part. Generating New drag cubes.
[LOG 11:24:56.680] [KSPCF/DragCubeGeneration] Creating drag cubes for part 'vernierEngine'
[LOG 11:24:56.685] PartLoader: Compiling Part 'Squad/Parts/Utility/mk2CargoBay/BayL/mk2CargoBayL'
[LOG 11:24:56.692] PartLoader: Part 'Squad/Parts/Utility/mk2CargoBay/BayL/mk2CargoBayL' has no database record. Creating.
[LOG 11:24:56.692] PartLoader: Compiling Part 'Squad/Parts/Utility/mk2CargoBay/BayS/mk2CargoBayS'
[LOG 11:24:56.697] PartLoader: Part 'Squad/Parts/Utility/mk2CargoBay/BayS/mk2CargoBayS' has no database record. Creating.
[LOG 11:24:56.697] PartLoader: Compiling Part 'Squad/Parts/Utility/mk2CrewCabin/mk2CrewCabin/mk2CrewCabin'
[WRN 11:24:56.699] [Part]: Cannot have ModuleCargoPart and ModuleInventoryPart on same Part [mk2CrewCabin'. Removed ModuleCargoPart
[LOG 11:24:56.701] PartLoader: Part 'Squad/Parts/Utility/mk2CrewCabin/mk2CrewCabin/mk2CrewCabin' has no database record. Creating.
[LOG 11:24:56.701] [DragCubeSystem]: Drag cubes not found or cannot be read for part Part. Generating New drag cubes.
[LOG 11:24:56.702] [KSPCF/DragCubeGeneration] Creating drag cubes for part 'mk2CrewCabin'
[LOG 11:24:56.706] PartLoader: Compiling Part 'Squad/Parts/Utility/mk2DockingPort/mk2DockingPort/mk2DockingPort'
[LOG 11:24:56.711] PartLoader: Part 'Squad/Parts/Utility/mk2DockingPort/mk2DockingPort/mk2DockingPort' has no database record. Creating.
[LOG 11:24:56.712] PartLoader: Compiling Part 'Squad/Parts/Utility/mk3CargoBay/long/mk3CargoBayL'
[LOG 11:24:56.716] PartLoader: Part 'Squad/Parts/Utility/mk3CargoBay/long/mk3CargoBayL' has no database record. Creating.
[LOG 11:24:56.716] PartLoader: Compiling Part 'Squad/Parts/Utility/mk3CargoBay/medium/mk3CargoBayM'
[LOG 11:24:56.719] PartLoader: Part 'Squad/Parts/Utility/mk3CargoBay/medium/mk3CargoBayM' has no database record. Creating.
[LOG 11:24:56.719] PartLoader: Compiling Part 'Squad/Parts/Utility/mk3CargoBay/ramp/mk3CargoRamp'
[LOG 11:24:56.723] PartLoader: Part 'Squad/Parts/Utility/mk3CargoBay/ramp/mk3CargoRamp' has no database record. Creating.
[LOG 11:24:56.723] PartLoader: Compiling Part 'Squad/Parts/Utility/mk3CargoBay/short/mk3CargoBayS'
[LOG 11:24:56.726] PartLoader: Part 'Squad/Parts/Utility/mk3CargoBay/short/mk3CargoBayS' has no database record. Creating.
[LOG 11:24:56.726] PartLoader: Compiling Part 'Squad/Parts/Utility/parachuteMk1/parachuteMk1/parachuteSingle'
[LOG 11:24:56.737] PartLoader: Part 'Squad/Parts/Utility/parachuteMk1/parachuteMk1/parachuteSingle' has no database record. Creating.
[LOG 11:24:56.737] [DragCubeSystem]: Drag cubes not found or cannot be read for part Part. Generating New drag cubes.
[LOG 11:24:56.737] [KSPCF/DragCubeGeneration] Creating drag cubes for part 'parachuteSingle'
[LOG 11:24:56.755] PartLoader: Compiling Part 'Squad/Parts/Utility/parachuteMk12-R/parachuteMk12-R/radialDrogue'
[LOG 11:24:56.759] PartLoader: Part 'Squad/Parts/Utility/parachuteMk12-R/parachuteMk12-R/radialDrogue' has no database record. Creating.
[LOG 11:24:56.759] [DragCubeSystem]: Drag cubes not found or cannot be read for part Part. Generating New drag cubes.
[LOG 11:24:56.759] [KSPCF/DragCubeGeneration] Creating drag cubes for part 'radialDrogue'
[LOG 11:24:56.773] PartLoader: Compiling Part 'Squad/Parts/Utility/parachuteMk16-XL/parachuteMk16-XL/parachuteLarge'
[LOG 11:24:56.777] PartLoader: Part 'Squad/Parts/Utility/parachuteMk16-XL/parachuteMk16-XL/parachuteLarge' has no database record. Creating.
[LOG 11:24:56.778] [DragCubeSystem]: Drag cubes not found or cannot be read for part Part. Generating New drag cubes.
[LOG 11:24:56.778] [KSPCF/DragCubeGeneration] Creating drag cubes for part 'parachuteLarge'
[LOG 11:24:56.792] PartLoader: Compiling Part 'Squad/Parts/Utility/parachuteMk2-R/parachuteMk2-R/parachuteRadial'
[LOG 11:24:56.797] PartLoader: Part 'Squad/Parts/Utility/parachuteMk2-R/parachuteMk2-R/parachuteRadial' has no database record. Creating.
[LOG 11:24:56.797] [DragCubeSystem]: Drag cubes not found or cannot be read for part Part. Generating New drag cubes.
[LOG 11:24:56.797] [KSPCF/DragCubeGeneration] Creating drag cubes for part 'parachuteRadial'
[LOG 11:24:56.812] PartLoader: Compiling Part 'Squad/Parts/Utility/parachuteMk25/parachuteMk25/parachuteDrogue'
[LOG 11:24:56.816] PartLoader: Part 'Squad/Parts/Utility/parachuteMk25/parachuteMk25/parachuteDrogue' has no database record. Creating.
[LOG 11:24:56.816] [DragCubeSystem]: Drag cubes not found or cannot be read for part Part. Generating New drag cubes.
[LOG 11:24:56.816] [KSPCF/DragCubeGeneration] Creating drag cubes for part 'parachuteDrogue'
[LOG 11:24:56.831] PartLoader: Compiling Part 'Squad/Parts/Utility/radialAttachmentPoint/radialAttachmentPoint/stackPoint1'
[LOG 11:24:56.834] PartLoader: Part 'Squad/Parts/Utility/radialAttachmentPoint/radialAttachmentPoint/stackPoint1' has no database record. Creating.
[LOG 11:24:56.834] [DragCubeSystem]: Drag cubes not found or cannot be read for part Part. Generating New drag cubes.
[LOG 11:24:56.834] [KSPCF/DragCubeGeneration] Creating drag cubes for part 'stackPoint1'
[LOG 11:24:56.838] PartLoader: Compiling Part 'Squad/Parts/Utility/rcsBlockRV-105_v2/rcsBlockRV-105/RCSBlock_v2'
[LOG 11:24:56.845] PartLoader: Part 'Squad/Parts/Utility/rcsBlockRV-105_v2/rcsBlockRV-105/RCSBlock_v2' has no database record. Creating.
[LOG 11:24:56.845] [DragCubeSystem]: Drag cubes not found or cannot be read for part Part. Generating New drag cubes.
[LOG 11:24:56.845] [KSPCF/DragCubeGeneration] Creating drag cubes for part 'RCSBlock.v2'
[LOG 11:24:56.871] PartLoader: Compiling Part 'Squad/Parts/Utility/rcsBlockRV-105_v2/RCSblock_01_small/RCSblock_01_small'
[LOG 11:24:56.877] PartLoader: Part 'Squad/Parts/Utility/rcsBlockRV-105_v2/RCSblock_01_small/RCSblock_01_small' has no database record. Creating.
[LOG 11:24:56.877] [DragCubeSystem]: Drag cubes not found or cannot be read for part Part. Generating New drag cubes.
[LOG 11:24:56.877] [KSPCF/DragCubeGeneration] Creating drag cubes for part 'RCSblock.01.small'
[LOG 11:24:56.902] PartLoader: Compiling Part 'Squad/Parts/Utility/rcsSmallLinear/RCSLinearSmall/RCSLinearSmall'
[LOG 11:24:56.908] PartLoader: Part 'Squad/Parts/Utility/rcsSmallLinear/RCSLinearSmall/RCSLinearSmall' has no database record. Creating.
[LOG 11:24:56.908] [DragCubeSystem]: Drag cubes not found or cannot be read for part Part. Generating New drag cubes.
[LOG 11:24:56.908] [KSPCF/DragCubeGeneration] Creating drag cubes for part 'RCSLinearSmall'
[LOG 11:24:56.920] PartLoader: Compiling Part 'Squad/Parts/Utility/RelayAntennas/RA-100/RelayAntenna100'
[LOG 11:24:56.923] PartLoader: Part 'Squad/Parts/Utility/RelayAntennas/RA-100/RelayAntenna100' has no database record. Creating.
[LOG 11:24:56.923] [DragCubeSystem]: Drag cubes not found or cannot be read for part Part. Generating New drag cubes.
[LOG 11:24:56.923] [KSPCF/DragCubeGeneration] Creating drag cubes for part 'RelayAntenna100'
[LOG 11:24:56.928] PartLoader: Compiling Part 'Squad/Parts/Utility/RelayAntennas/RA-5/RelayAntenna5'
[LOG 11:24:56.932] PartLoader: Part 'Squad/Parts/Utility/RelayAntennas/RA-5/RelayAntenna5' has no database record. Creating.
[LOG 11:24:56.932] [DragCubeSystem]: Drag cubes not found or cannot be read for part Part. Generating New drag cubes.
[LOG 11:24:56.932] [KSPCF/DragCubeGeneration] Creating drag cubes for part 'RelayAntenna5'
[LOG 11:24:56.936] PartLoader: Compiling Part 'Squad/Parts/Utility/RelayAntennas/RA-50/RelayAntenna50'
[LOG 11:24:56.939] PartLoader: Part 'Squad/Parts/Utility/RelayAntennas/RA-50/RelayAntenna50' has no database record. Creating.
[LOG 11:24:56.939] [DragCubeSystem]: Drag cubes not found or cannot be read for part Part. Generating New drag cubes.
[LOG 11:24:56.939] [KSPCF/DragCubeGeneration] Creating drag cubes for part 'RelayAntenna50'
[LOG 11:24:56.944] PartLoader: Compiling Part 'Squad/Parts/Utility/rockomaxAdapters/largeAdapter/largeAdapter'
[LOG 11:24:56.948] PartLoader: Part 'Squad/Parts/Utility/rockomaxAdapters/largeAdapter/largeAdapter' has no database record. Creating.
[LOG 11:24:56.948] [DragCubeSystem]: Drag cubes not found or cannot be read for part Part. Generating New drag cubes.
[LOG 11:24:56.949] [KSPCF/DragCubeGeneration] Creating drag cubes for part 'largeAdapter'
[LOG 11:24:56.953] PartLoader: Compiling Part 'Squad/Parts/Utility/rockomaxAdapters/largeAdapterShort/largeAdapter2'
[LOG 11:24:56.957] PartLoader: Part 'Squad/Parts/Utility/rockomaxAdapters/largeAdapterShort/largeAdapter2' has no database record. Creating.
[LOG 11:24:56.957] [DragCubeSystem]: Drag cubes not found or cannot be read for part Part. Generating New drag cubes.
[LOG 11:24:56.957] [KSPCF/DragCubeGeneration] Creating drag cubes for part 'largeAdapter2'
[LOG 11:24:56.961] PartLoader: Compiling Part 'Squad/Parts/Utility/ServiceBay_v2/ServiceBay_125_v2/ServiceBay_125_v2'
[LOG 11:24:56.968] PartLoader: Part 'Squad/Parts/Utility/ServiceBay_v2/ServiceBay_125_v2/ServiceBay_125_v2' has no database record. Creating.
[LOG 11:24:56.968] [DragCubeSystem]: Drag cubes not found or cannot be read for part Part. Generating New drag cubes.
[LOG 11:24:56.968] [KSPCF/DragCubeGeneration] Creating drag cubes for part 'ServiceBay.125.v2'
[LOG 11:24:56.981] PartLoader: Compiling Part 'Squad/Parts/Utility/ServiceBay_v2/ServiceBay_250_v2/ServiceBay_250_v2'
[LOG 11:24:56.988] PartLoader: Part 'Squad/Parts/Utility/ServiceBay_v2/ServiceBay_250_v2/ServiceBay_250_v2' has no database record. Creating.
[LOG 11:24:56.988] [DragCubeSystem]: Drag cubes not found or cannot be read for part Part. Generating New drag cubes.
[LOG 11:24:56.988] [KSPCF/DragCubeGeneration] Creating drag cubes for part 'ServiceBay.250.v2'
[LOG 11:24:57.000] PartLoader: Compiling Part 'Squad/Parts/Utility/smallClaw/smallClaw/smallClaw'
[LOG 11:24:57.010] PartLoader: Part 'Squad/Parts/Utility/smallClaw/smallClaw/smallClaw' has no database record. Creating.
[LOG 11:24:57.010] [DragCubeSystem]: Drag cubes not found or cannot be read for part Part. Generating New drag cubes.
[LOG 11:24:57.010] [KSPCF/DragCubeGeneration] Creating drag cubes for part 'smallClaw'
[LOG 11:24:57.027] PartLoader: Compiling Part 'Squad/Parts/Utility/spotLightMk1/spotLightMk1/spotLight1'
[LOG 11:24:57.030] PartLoader: Part 'Squad/Parts/Utility/spotLightMk1/spotLightMk1/spotLight1' has no database record. Creating.
[LOG 11:24:57.031] [DragCubeSystem]: Drag cubes not found or cannot be read for part Part. Generating New drag cubes.
[LOG 11:24:57.031] [KSPCF/DragCubeGeneration] Creating drag cubes for part 'spotLight1'
[LOG 11:24:57.035] PartLoader: Compiling Part 'Squad/Parts/Utility/spotLightMk1_v2/spotLightMk1_v2/spotLight1_v2'
[LOG 11:24:57.039] PartLoader: Part 'Squad/Parts/Utility/spotLightMk1_v2/spotLightMk1_v2/spotLight1_v2' has no database record. Creating.
[LOG 11:24:57.039] [DragCubeSystem]: Drag cubes not found or cannot be read for part Part. Generating New drag cubes.
[LOG 11:24:57.039] [KSPCF/DragCubeGeneration] Creating drag cubes for part 'spotLight1.v2'
[LOG 11:24:57.043] PartLoader: Compiling Part 'Squad/Parts/Utility/spotLightMk2/spotLightMk2/spotLight2'
[LOG 11:24:57.047] PartLoader: Part 'Squad/Parts/Utility/spotLightMk2/spotLightMk2/spotLight2' has no database record. Creating.
[LOG 11:24:57.047] [DragCubeSystem]: Drag cubes not found or cannot be read for part Part. Generating New drag cubes.
[LOG 11:24:57.047] [KSPCF/DragCubeGeneration] Creating drag cubes for part 'spotLight2'
[LOG 11:24:57.051] PartLoader: Compiling Part 'Squad/Parts/Utility/spotLightMk2_v2/spotLightMk2_v2/spotLight2_v2'
[LOG 11:24:57.057] PartLoader: Part 'Squad/Parts/Utility/spotLightMk2_v2/spotLightMk2_v2/spotLight2_v2' has no database record. Creating.
[LOG 11:24:57.057] [DragCubeSystem]: Drag cubes not found or cannot be read for part Part. Generating New drag cubes.
[LOG 11:24:57.057] [KSPCF/DragCubeGeneration] Creating drag cubes for part 'spotLight2.v2'
[LOG 11:24:57.061] PartLoader: Compiling Part 'Squad/Parts/Utility/stackCouplers/stackBiCoupler_v2/stackBiCoupler_v2'
[LOG 11:24:57.064] PartLoader: Part 'Squad/Parts/Utility/stackCouplers/stackBiCoupler_v2/stackBiCoupler_v2' has no database record. Creating.
[LOG 11:24:57.064] [DragCubeSystem]: Drag cubes not found or cannot be read for part Part. Generating New drag cubes.
[LOG 11:24:57.064] [KSPCF/DragCubeGeneration] Creating drag cubes for part 'stackBiCoupler.v2'
[LOG 11:24:57.068] PartLoader: Compiling Part 'Squad/Parts/Utility/stackCouplers/stackQuadCoupler/stackQuadCoupler'
[LOG 11:24:57.071] PartLoader: Part 'Squad/Parts/Utility/stackCouplers/stackQuadCoupler/stackQuadCoupler' has no database record. Creating.
[LOG 11:24:57.071] [DragCubeSystem]: Drag cubes not found or cannot be read for part Part. Generating New drag cubes.
[LOG 11:24:57.072] [KSPCF/DragCubeGeneration] Creating drag cubes for part 'stackQuadCoupler'
[LOG 11:24:57.075] PartLoader: Compiling Part 'Squad/Parts/Utility/stackCouplers/stackTriCoupler_v2/stackTriCoupler_v2'
[LOG 11:24:57.078] PartLoader: Part 'Squad/Parts/Utility/stackCouplers/stackTriCoupler_v2/stackTriCoupler_v2' has no database record. Creating.
[LOG 11:24:57.079] [DragCubeSystem]: Drag cubes not found or cannot be read for part Part. Generating New drag cubes.
[LOG 11:24:57.079] [KSPCF/DragCubeGeneration] Creating drag cubes for part 'stackTriCoupler.v2'
[LOG 11:24:57.083] PartLoader: Compiling Part 'Squad/Parts/Wheel/LandingGear/GearExtraLarge/GearLarge'
[LOG 11:24:57.101] PartLoader: Part 'Squad/Parts/Wheel/LandingGear/GearExtraLarge/GearLarge' has no database record. Creating.
[LOG 11:24:57.101] [DragCubeSystem]: Drag cubes not found or cannot be read for part Part. Generating New drag cubes.
[LOG 11:24:57.101] [KSPCF/DragCubeGeneration] Creating drag cubes for part 'GearLarge'
[LOG 11:24:57.121] PartLoader: Compiling Part 'Squad/Parts/Wheel/LandingGear/GearFixed/GearFixed'
[LOG 11:24:57.127] PartLoader: Part 'Squad/Parts/Wheel/LandingGear/GearFixed/GearFixed' has no database record. Creating.
[LOG 11:24:57.127] [DragCubeSystem]: Drag cubes not found or cannot be read for part Part. Generating New drag cubes.
[LOG 11:24:57.127] [KSPCF/DragCubeGeneration] Creating drag cubes for part 'GearFixed'
[LOG 11:24:57.131] PartLoader: Compiling Part 'Squad/Parts/Wheel/LandingGear/GearFree/GearFree'
[LOG 11:24:57.144] PartLoader: Part 'Squad/Parts/Wheel/LandingGear/GearFree/GearFree' has no database record. Creating.
[LOG 11:24:57.144] [DragCubeSystem]: Drag cubes not found or cannot be read for part Part. Generating New drag cubes.
[LOG 11:24:57.144] [KSPCF/DragCubeGeneration] Creating drag cubes for part 'GearFree'
[LOG 11:24:57.153] PartLoader: Compiling Part 'Squad/Parts/Wheel/LandingGear/GearLarge/GearMedium'
[LOG 11:24:57.172] PartLoader: Part 'Squad/Parts/Wheel/LandingGear/GearLarge/GearMedium' has no database record. Creating.
[LOG 11:24:57.172] [DragCubeSystem]: Drag cubes not found or cannot be read for part Part. Generating New drag cubes.
[LOG 11:24:57.172] [KSPCF/DragCubeGeneration] Creating drag cubes for part 'GearMedium'
[LOG 11:24:57.186] PartLoader: Compiling Part 'Squad/Parts/Wheel/LandingGear/GearMedium/GearSmall'
[LOG 11:24:57.197] PartLoader: Part 'Squad/Parts/Wheel/LandingGear/GearMedium/GearSmall' has no database record. Creating.
[LOG 11:24:57.197] [DragCubeSystem]: Drag cubes not found or cannot be read for part Part. Generating New drag cubes.
[LOG 11:24:57.197] [KSPCF/DragCubeGeneration] Creating drag cubes for part 'GearSmall'
[LOG 11:24:57.211] PartLoader: Compiling Part 'Squad/Parts/Wheel/LandingGear/GearSmall/SmallGearBay'
[LOG 11:24:57.222] PartLoader: Part 'Squad/Parts/Wheel/LandingGear/GearSmall/SmallGearBay' has no database record. Creating.
[LOG 11:24:57.222] [DragCubeSystem]: Drag cubes not found or cannot be read for part Part. Generating New drag cubes.
[LOG 11:24:57.222] [KSPCF/DragCubeGeneration] Creating drag cubes for part 'SmallGearBay'
[LOG 11:24:57.235] PartLoader: Compiling Part 'Squad/Parts/Wheel/roverWheelM1/roverWheelM1/roverWheel1'
[LOG 11:24:57.248] PartLoader: Part 'Squad/Parts/Wheel/roverWheelM1/roverWheelM1/roverWheel1' has no database record. Creating.
[LOG 11:24:57.248] [DragCubeSystem]: Drag cubes not found or cannot be read for part Part. Generating New drag cubes.
[LOG 11:24:57.248] [KSPCF/DragCubeGeneration] Creating drag cubes for part 'roverWheel1'
[LOG 11:24:57.254] PartLoader: Compiling Part 'Squad/Parts/Wheel/roverWheelS2/roverWheelS2/roverWheel2'
[LOG 11:24:57.263] PartLoader: Part 'Squad/Parts/Wheel/roverWheelS2/roverWheelS2/roverWheel2' has no database record. Creating.
[LOG 11:24:57.263] [DragCubeSystem]: Drag cubes not found or cannot be read for part Part. Generating New drag cubes.
[LOG 11:24:57.263] [KSPCF/DragCubeGeneration] Creating drag cubes for part 'roverWheel2'
[LOG 11:24:57.270] PartLoader: Compiling Part 'Squad/Parts/Wheel/roverWheelTR-2L/roverWheelTR-2L/wheelMed'
[LOG 11:24:57.276] PartLoader: Part 'Squad/Parts/Wheel/roverWheelTR-2L/roverWheelTR-2L/wheelMed' has no database record. Creating.
[LOG 11:24:57.277] [DragCubeSystem]: Drag cubes not found or cannot be read for part Part. Generating New drag cubes.
[LOG 11:24:57.277] [KSPCF/DragCubeGeneration] Creating drag cubes for part 'wheelMed'
[LOG 11:24:57.282] PartLoader: Compiling Part 'Squad/Parts/Wheel/roverWheelXL3/roverWheelXL3/roverWheel3'
[LOG 11:24:57.292] PartLoader: Part 'Squad/Parts/Wheel/roverWheelXL3/roverWheelXL3/roverWheel3' has no database record. Creating.
[LOG 11:24:57.292] [DragCubeSystem]: Drag cubes not found or cannot be read for part Part. Generating New drag cubes.
[LOG 11:24:57.292] [KSPCF/DragCubeGeneration] Creating drag cubes for part 'roverWheel3'
[LOG 11:24:57.297] PartLoader: Compiling Part 'SquadExpansion/MakingHistory/Parts/Aero/protectiveRocketNoseMk16/rocketNoseCone_size4/rocketNoseConeSize4'
[LOG 11:24:57.300] PartLoader: Part 'SquadExpansion/MakingHistory/Parts/Aero/protectiveRocketNoseMk16/rocketNoseCone_size4/rocketNoseConeSize4' has no database record. Creating.
[LOG 11:24:57.300] [DragCubeSystem]: Drag cubes not found or cannot be read for part Part. Generating New drag cubes.
[LOG 11:24:57.300] [KSPCF/DragCubeGeneration] Creating drag cubes for part 'rocketNoseConeSize4'
[LOG 11:24:57.305] PartLoader: Compiling Part 'SquadExpansion/MakingHistory/Parts/Aero/protectiveRocketNoseMk5A/Size_1_5_Cone/Size_1_5_Cone'
[LOG 11:24:57.310] PartLoader: Part 'SquadExpansion/MakingHistory/Parts/Aero/protectiveRocketNoseMk5A/Size_1_5_Cone/Size_1_5_Cone' has no database record. Creating.
[LOG 11:24:57.310] [DragCubeSystem]: Drag cubes not found or cannot be read for part Part. Generating New drag cubes.
[LOG 11:24:57.310] [KSPCF/DragCubeGeneration] Creating drag cubes for part 'Size.1.5.Cone'
[LOG 11:24:57.314] PartLoader: Compiling Part 'SquadExpansion/MakingHistory/Parts/Coupling/Decoupler_1p5/Decoupler_1p5'
[LOG 11:24:57.319] PartLoader: Part 'SquadExpansion/MakingHistory/Parts/Coupling/Decoupler_1p5/Decoupler_1p5' has no database record. Creating.
[LOG 11:24:57.319] PartLoader: Compiling Part 'SquadExpansion/MakingHistory/Parts/Coupling/Decoupler_4/Decoupler_4'
[LOG 11:24:57.323] PartLoader: Part 'SquadExpansion/MakingHistory/Parts/Coupling/Decoupler_4/Decoupler_4' has no database record. Creating.
[LOG 11:24:57.324] PartLoader: Compiling Part 'SquadExpansion/MakingHistory/Parts/Coupling/EnginePlate_1p5/EnginePlate1p5'
[LOG 11:24:57.333] PartLoader: Part 'SquadExpansion/MakingHistory/Parts/Coupling/EnginePlate_1p5/EnginePlate1p5' has no database record. Creating.
[LOG 11:24:57.333] [DragCubeSystem]: Drag cubes not found or cannot be read for part Part. Generating New drag cubes.
[LOG 11:24:57.333] [KSPCF/DragCubeGeneration] Part 'EnginePlate1p5' has defined a procedural drag cube setup
[LOG 11:24:57.333] PartLoader: Compiling Part 'SquadExpansion/MakingHistory/Parts/Coupling/EnginePlate_2/EnginePlate2'
[LOG 11:24:57.340] PartLoader: Part 'SquadExpansion/MakingHistory/Parts/Coupling/EnginePlate_2/EnginePlate2' has no database record. Creating.
[LOG 11:24:57.340] [DragCubeSystem]: Drag cubes not found or cannot be read for part Part. Generating New drag cubes.
[LOG 11:24:57.340] [KSPCF/DragCubeGeneration] Part 'EnginePlate2' has defined a procedural drag cube setup
[LOG 11:24:57.340] PartLoader: Compiling Part 'SquadExpansion/MakingHistory/Parts/Coupling/EnginePlate_3/EnginePlate3'
[LOG 11:24:57.349] PartLoader: Part 'SquadExpansion/MakingHistory/Parts/Coupling/EnginePlate_3/EnginePlate3' has no database record. Creating.
[LOG 11:24:57.349] [DragCubeSystem]: Drag cubes not found or cannot be read for part Part. Generating New drag cubes.
[LOG 11:24:57.349] [KSPCF/DragCubeGeneration] Part 'EnginePlate3' has defined a procedural drag cube setup
[LOG 11:24:57.350] PartLoader: Compiling Part 'SquadExpansion/MakingHistory/Parts/Coupling/EnginePlate_4/EnginePlate4'
[LOG 11:24:57.357] PartLoader: Part 'SquadExpansion/MakingHistory/Parts/Coupling/EnginePlate_4/EnginePlate4' has no database record. Creating.
[LOG 11:24:57.357] [DragCubeSystem]: Drag cubes not found or cannot be read for part Part. Generating New drag cubes.
[LOG 11:24:57.357] [KSPCF/DragCubeGeneration] Part 'EnginePlate4' has defined a procedural drag cube setup
[LOG 11:24:57.357] PartLoader: Compiling Part 'SquadExpansion/MakingHistory/Parts/Coupling/EnginePlate_5/EnginePlate5'
[LOG 11:24:57.362] PartLoader: Part 'SquadExpansion/MakingHistory/Parts/Coupling/EnginePlate_5/EnginePlate5' has no database record. Creating.
[LOG 11:24:57.362] [DragCubeSystem]: Drag cubes not found or cannot be read for part Part. Generating New drag cubes.
[LOG 11:24:57.362] [KSPCF/DragCubeGeneration] Part 'EnginePlate5' has defined a procedural drag cube setup
[LOG 11:24:57.363] PartLoader: Compiling Part 'SquadExpansion/MakingHistory/Parts/Coupling/InflatableAirlock/InflatableAirlock'
[LOG 11:24:57.367] PartLoader: Part 'SquadExpansion/MakingHistory/Parts/Coupling/InflatableAirlock/InflatableAirlock' has no database record. Creating.
[LOG 11:24:57.367] [DragCubeSystem]: Drag cubes not found or cannot be read for part Part. Generating New drag cubes.
[LOG 11:24:57.367] [KSPCF/DragCubeGeneration] Creating drag cubes for part 'InflatableAirlock'
[LOG 11:24:57.379] PartLoader: Compiling Part 'SquadExpansion/MakingHistory/Parts/Coupling/Separator_1p5/Separator_1p5'
[LOG 11:24:57.384] PartLoader: Part 'SquadExpansion/MakingHistory/Parts/Coupling/Separator_1p5/Separator_1p5' has no database record. Creating.
[LOG 11:24:57.384] PartLoader: Compiling Part 'SquadExpansion/MakingHistory/Parts/Coupling/Separator_4/Separator_4'
[LOG 11:24:57.388] PartLoader: Part 'SquadExpansion/MakingHistory/Parts/Coupling/Separator_4/Separator_4' has no database record. Creating.
[LOG 11:24:57.388] PartLoader: Compiling Part 'SquadExpansion/MakingHistory/Parts/Coupling/Size1p5_Strut_Decoupler/Size1p5_Strut_Decoupler'
[LOG 11:24:57.392] PartLoader: Part 'SquadExpansion/MakingHistory/Parts/Coupling/Size1p5_Strut_Decoupler/Size1p5_Strut_Decoupler' has no database record. Creating.
[LOG 11:24:57.393] PartLoader: Compiling Part 'SquadExpansion/MakingHistory/Parts/Engine/LiquidEngineKE-1/LiquidEngineKE-1'
[LOG 11:24:57.401] PartLoader: Part 'SquadExpansion/MakingHistory/Parts/Engine/LiquidEngineKE-1/LiquidEngineKE-1' has no database record. Creating.
[LOG 11:24:57.401] [DragCubeSystem]: Drag cubes not found or cannot be read for part Part. Generating New drag cubes.
[LOG 11:24:57.401] [KSPCF/DragCubeGeneration] Creating drag cubes for part 'LiquidEngineKE-1'
[LOG 11:24:57.434] PartLoader: Compiling Part 'SquadExpansion/MakingHistory/Parts/Engine/LiquidEngineLV-T91/LiquidEngineLV-T91'
[LOG 11:24:57.442] PartLoader: Part 'SquadExpansion/MakingHistory/Parts/Engine/LiquidEngineLV-T91/LiquidEngineLV-T91' has no database record. Creating.
[LOG 11:24:57.442] [DragCubeSystem]: Drag cubes not found or cannot be read for part Part. Generating New drag cubes.
[LOG 11:24:57.442] [KSPCF/DragCubeGeneration] Creating drag cubes for part 'LiquidEngineLV-T91'
[LOG 11:24:57.467] PartLoader: Compiling Part 'SquadExpansion/MakingHistory/Parts/Engine/LiquidEngineLV-TX87/LiquidEngineLV-TX87'
[LOG 11:24:57.476] PartLoader: Part 'SquadExpansion/MakingHistory/Parts/Engine/LiquidEngineLV-TX87/LiquidEngineLV-TX87' has no database record. Creating.
[LOG 11:24:57.476] [DragCubeSystem]: Drag cubes not found or cannot be read for part Part. Generating New drag cubes.
[LOG 11:24:57.476] [KSPCF/DragCubeGeneration] Creating drag cubes for part 'LiquidEngineLV-TX87'
[LOG 11:24:57.502] PartLoader: Compiling Part 'SquadExpansion/MakingHistory/Parts/Engine/LiquidEngineRE-I2/LiquidEngineRE-I2'
[LOG 11:24:57.511] PartLoader: Part 'SquadExpansion/MakingHistory/Parts/Engine/LiquidEngineRE-I2/LiquidEngineRE-I2' has no database record. Creating.
[LOG 11:24:57.511] [DragCubeSystem]: Drag cubes not found or cannot be read for part Part. Generating New drag cubes.
[LOG 11:24:57.511] [KSPCF/DragCubeGeneration] Creating drag cubes for part 'LiquidEngineRE-I2'
[LOG 11:24:57.535] PartLoader: Compiling Part 'SquadExpansion/MakingHistory/Parts/Engine/LiquidEngineRE-J10/LiquidEngineRE-J10'
[LOG 11:24:57.545] PartLoader: Part 'SquadExpansion/MakingHistory/Parts/Engine/LiquidEngineRE-J10/LiquidEngineRE-J10' has no database record. Creating.
[LOG 11:24:57.545] [DragCubeSystem]: Drag cubes not found or cannot be read for part Part. Generating New drag cubes.
[LOG 11:24:57.545] [KSPCF/DragCubeGeneration] Creating drag cubes for part 'LiquidEngineRE-J10'
[LOG 11:24:57.569] PartLoader: Compiling Part 'SquadExpansion/MakingHistory/Parts/Engine/LiquidEngineRK-7/LiquidEngineRK-7'
[LOG 11:24:57.577] PartLoader: Part 'SquadExpansion/MakingHistory/Parts/Engine/LiquidEngineRK-7/LiquidEngineRK-7' has no database record. Creating.
[LOG 11:24:57.577] [DragCubeSystem]: Drag cubes not found or cannot be read for part Part. Generating New drag cubes.
[LOG 11:24:57.577] [KSPCF/DragCubeGeneration] Creating drag cubes for part 'LiquidEngineRK-7'
[LOG 11:24:57.605] PartLoader: Compiling Part 'SquadExpansion/MakingHistory/Parts/Engine/LiquidEngineRV-1/LiquidEngineRV-1'
[LOG 11:24:57.611] PartLoader: Part 'SquadExpansion/MakingHistory/Parts/Engine/LiquidEngineRV-1/LiquidEngineRV-1' has no database record. Creating.
[LOG 11:24:57.611] [DragCubeSystem]: Drag cubes not found or cannot be read for part Part. Generating New drag cubes.
[LOG 11:24:57.611] [KSPCF/DragCubeGeneration] Creating drag cubes for part 'LiquidEngineRV-1'
[LOG 11:24:57.616] PartLoader: Compiling Part 'SquadExpansion/MakingHistory/Parts/Engine/solidBoosterTHK/solidBoosterTHK/Pollux'
[LOG 11:24:57.621] PartLoader: Part 'SquadExpansion/MakingHistory/Parts/Engine/solidBoosterTHK/solidBoosterTHK/Pollux' has no database record. Creating.
[LOG 11:24:57.621] [DragCubeSystem]: Drag cubes not found or cannot be read for part Part. Generating New drag cubes.
[LOG 11:24:57.621] [KSPCF/DragCubeGeneration] Creating drag cubes for part 'Pollux'
[LOG 11:24:57.625] PartLoader: Compiling Part 'SquadExpansion/MakingHistory/Parts/FuelTank/MonoPropMini/monopropMiniSphere'
[LOG 11:24:57.628] PartLoader: Part 'SquadExpansion/MakingHistory/Parts/FuelTank/MonoPropMini/monopropMiniSphere' has no database record. Creating.
[LOG 11:24:57.628] [DragCubeSystem]: Drag cubes not found or cannot be read for part Part. Generating New drag cubes.
[LOG 11:24:57.628] [KSPCF/DragCubeGeneration] Creating drag cubes for part 'monopropMiniSphere'
[LOG 11:24:57.633] PartLoader: Compiling Part 'SquadExpansion/MakingHistory/Parts/FuelTank/Size1p5_Monoprop/Size1p5_Monoprop'
[LOG 11:24:57.639] PartLoader: Part 'SquadExpansion/MakingHistory/Parts/FuelTank/Size1p5_Monoprop/Size1p5_Monoprop' has no database record. Creating.
[LOG 11:24:57.639] [DragCubeSystem]: Drag cubes not found or cannot be read for part Part. Generating New drag cubes.
[LOG 11:24:57.639] [KSPCF/DragCubeGeneration] Creating drag cubes for part 'Size1p5.Monoprop'
[LOG 11:24:57.643] PartLoader: Compiling Part 'SquadExpansion/MakingHistory/Parts/FuelTank/Size1p5_Size0_Adapter_01/Size1p5_Size0_Adapter_01'
[LOG 11:24:57.646] PartLoader: Part 'SquadExpansion/MakingHistory/Parts/FuelTank/Size1p5_Size0_Adapter_01/Size1p5_Size0_Adapter_01' has no database record. Creating.
[LOG 11:24:57.646] [DragCubeSystem]: Drag cubes not found or cannot be read for part Part. Generating New drag cubes.
[LOG 11:24:57.646] [KSPCF/DragCubeGeneration] Creating drag cubes for part 'Size1p5.Size0.Adapter.01'
[LOG 11:24:57.650] PartLoader: Compiling Part 'SquadExpansion/MakingHistory/Parts/FuelTank/Size1p5_Size1_Adapter_01/Size1p5_Size1_Adapter_01'
[LOG 11:24:57.653] PartLoader: Part 'SquadExpansion/MakingHistory/Parts/FuelTank/Size1p5_Size1_Adapter_01/Size1p5_Size1_Adapter_01' has no database record. Creating.
[LOG 11:24:57.653] [DragCubeSystem]: Drag cubes not found or cannot be read for part Part. Generating New drag cubes.
[LOG 11:24:57.653] [KSPCF/DragCubeGeneration] Creating drag cubes for part 'Size1p5.Size1.Adapter.01'
[LOG 11:24:57.658] PartLoader: Compiling Part 'SquadExpansion/MakingHistory/Parts/FuelTank/Size1p5_Size1_Adapter_02/Size1p5_Size1_Adapter_02'
[LOG 11:24:57.661] PartLoader: Part 'SquadExpansion/MakingHistory/Parts/FuelTank/Size1p5_Size1_Adapter_02/Size1p5_Size1_Adapter_02' has no database record. Creating.
[LOG 11:24:57.661] [DragCubeSystem]: Drag cubes not found or cannot be read for part Part. Generating New drag cubes.
[LOG 11:24:57.661] [KSPCF/DragCubeGeneration] Creating drag cubes for part 'Size1p5.Size1.Adapter.02'
[LOG 11:24:57.666] PartLoader: Compiling Part 'SquadExpansion/MakingHistory/Parts/FuelTank/Size1p5_Size2_Adapter_01/Size1p5_Size2_Adapter_01'
[LOG 11:24:57.669] PartLoader: Part 'SquadExpansion/MakingHistory/Parts/FuelTank/Size1p5_Size2_Adapter_01/Size1p5_Size2_Adapter_01' has no database record. Creating.
[LOG 11:24:57.669] [DragCubeSystem]: Drag cubes not found or cannot be read for part Part. Generating New drag cubes.
[LOG 11:24:57.669] [KSPCF/DragCubeGeneration] Creating drag cubes for part 'Size1p5.Size2.Adapter.01'
[LOG 11:24:57.675] PartLoader: Compiling Part 'SquadExpansion/MakingHistory/Parts/FuelTank/Size1p5_Tank_01/Size1p5_Tank_01'
[LOG 11:24:57.679] PartLoader: Part 'SquadExpansion/MakingHistory/Parts/FuelTank/Size1p5_Tank_01/Size1p5_Tank_01' has no database record. Creating.
[LOG 11:24:57.679] [DragCubeSystem]: Drag cubes not found or cannot be read for part Part. Generating New drag cubes.
[LOG 11:24:57.679] [KSPCF/DragCubeGeneration] Creating drag cubes for part 'Size1p5.Tank.01'
[LOG 11:24:57.684] PartLoader: Compiling Part 'SquadExpansion/MakingHistory/Parts/FuelTank/Size1p5_Tank_02/Size1p5_Tank_02'
[LOG 11:24:57.687] PartLoader: Part 'SquadExpansion/MakingHistory/Parts/FuelTank/Size1p5_Tank_02/Size1p5_Tank_02' has no database record. Creating.
[LOG 11:24:57.687] [DragCubeSystem]: Drag cubes not found or cannot be read for part Part. Generating New drag cubes.
[LOG 11:24:57.687] [KSPCF/DragCubeGeneration] Creating drag cubes for part 'Size1p5.Tank.02'
[LOG 11:24:57.692] PartLoader: Compiling Part 'SquadExpansion/MakingHistory/Parts/FuelTank/Size1p5_Tank_03/Size1p5_Tank_03'
[LOG 11:24:57.695] PartLoader: Part 'SquadExpansion/MakingHistory/Parts/FuelTank/Size1p5_Tank_03/Size1p5_Tank_03' has no database record. Creating.
[LOG 11:24:57.695] [DragCubeSystem]: Drag cubes not found or cannot be read for part Part. Generating New drag cubes.
[LOG 11:24:57.695] [KSPCF/DragCubeGeneration] Creating drag cubes for part 'Size1p5.Tank.03'
[LOG 11:24:57.700] PartLoader: Compiling Part 'SquadExpansion/MakingHistory/Parts/FuelTank/Size1p5_Tank_04/Size1p5_Tank_04'
[LOG 11:24:57.703] PartLoader: Part 'SquadExpansion/MakingHistory/Parts/FuelTank/Size1p5_Tank_04/Size1p5_Tank_04' has no database record. Creating.
[LOG 11:24:57.703] [DragCubeSystem]: Drag cubes not found or cannot be read for part Part. Generating New drag cubes.
[LOG 11:24:57.703] [KSPCF/DragCubeGeneration] Creating drag cubes for part 'Size1p5.Tank.04'
[LOG 11:24:57.708] PartLoader: Compiling Part 'SquadExpansion/MakingHistory/Parts/FuelTank/Size1p5_Tank_05/Size1p5_Tank_05'
[LOG 11:24:57.713] PartLoader: Part 'SquadExpansion/MakingHistory/Parts/FuelTank/Size1p5_Tank_05/Size1p5_Tank_05' has no database record. Creating.
[LOG 11:24:57.713] [DragCubeSystem]: Drag cubes not found or cannot be read for part Part. Generating New drag cubes.
[LOG 11:24:57.713] [KSPCF/DragCubeGeneration] Creating drag cubes for part 'Size1p5.Tank.05'
[LOG 11:24:57.718] PartLoader: Compiling Part 'SquadExpansion/MakingHistory/Parts/FuelTank/Size3_Size4_Adapter_01/Size3_Size4_Adapter_01'
[LOG 11:24:57.721] PartLoader: Part 'SquadExpansion/MakingHistory/Parts/FuelTank/Size3_Size4_Adapter_01/Size3_Size4_Adapter_01' has no database record. Creating.
[LOG 11:24:57.721] [DragCubeSystem]: Drag cubes not found or cannot be read for part Part. Generating New drag cubes.
[LOG 11:24:57.721] [KSPCF/DragCubeGeneration] Creating drag cubes for part 'Size3.Size4.Adapter.01'
[LOG 11:24:57.725] PartLoader: Compiling Part 'SquadExpansion/MakingHistory/Parts/FuelTank/Size4_EngineAdapter_01/Size4_EngineAdapter_01'
[LOG 11:24:57.728] PartLoader: Part 'SquadExpansion/MakingHistory/Parts/FuelTank/Size4_EngineAdapter_01/Size4_EngineAdapter_01' has no database record. Creating.
[LOG 11:24:57.728] [DragCubeSystem]: Drag cubes not found or cannot be read for part Part. Generating New drag cubes.
[LOG 11:24:57.728] [KSPCF/DragCubeGeneration] Creating drag cubes for part 'Size4.EngineAdapter.01'
[LOG 11:24:57.733] PartLoader: Compiling Part 'SquadExpansion/MakingHistory/Parts/FuelTank/Size4_Tank_01/Size4_Tank_01'
[LOG 11:24:57.735] PartLoader: Part 'SquadExpansion/MakingHistory/Parts/FuelTank/Size4_Tank_01/Size4_Tank_01' has no database record. Creating.
[LOG 11:24:57.735] [DragCubeSystem]: Drag cubes not found or cannot be read for part Part. Generating New drag cubes.
[LOG 11:24:57.735] [KSPCF/DragCubeGeneration] Creating drag cubes for part 'Size4.Tank.01'
[LOG 11:24:57.740] PartLoader: Compiling Part 'SquadExpansion/MakingHistory/Parts/FuelTank/Size4_Tank_02/Size4_Tank_02'
[LOG 11:24:57.743] PartLoader: Part 'SquadExpansion/MakingHistory/Parts/FuelTank/Size4_Tank_02/Size4_Tank_02' has no database record. Creating.
[LOG 11:24:57.743] [DragCubeSystem]: Drag cubes not found or cannot be read for part Part. Generating New drag cubes.
[LOG 11:24:57.743] [KSPCF/DragCubeGeneration] Creating drag cubes for part 'Size4.Tank.02'
[LOG 11:24:57.749] PartLoader: Compiling Part 'SquadExpansion/MakingHistory/Parts/FuelTank/Size4_Tank_03/Size4_Tank_03'
[LOG 11:24:57.751] PartLoader: Part 'SquadExpansion/MakingHistory/Parts/FuelTank/Size4_Tank_03/Size4_Tank_03' has no database record. Creating.
[LOG 11:24:57.751] [DragCubeSystem]: Drag cubes not found or cannot be read for part Part. Generating New drag cubes.
[LOG 11:24:57.751] [KSPCF/DragCubeGeneration] Creating drag cubes for part 'Size4.Tank.03'
[LOG 11:24:57.756] PartLoader: Compiling Part 'SquadExpansion/MakingHistory/Parts/FuelTank/Size4_Tank_04/Size4_Tank_04'
[LOG 11:24:57.758] PartLoader: Part 'SquadExpansion/MakingHistory/Parts/FuelTank/Size4_Tank_04/Size4_Tank_04' has no database record. Creating.
[LOG 11:24:57.758] [DragCubeSystem]: Drag cubes not found or cannot be read for part Part. Generating New drag cubes.
[LOG 11:24:57.758] [KSPCF/DragCubeGeneration] Creating drag cubes for part 'Size4.Tank.04'
[LOG 11:24:57.763] PartLoader: Compiling Part 'SquadExpansion/MakingHistory/Parts/Ground/RoverWheel/roverWheelM1-F'
[LOG 11:24:57.772] PartLoader: Part 'SquadExpansion/MakingHistory/Parts/Ground/RoverWheel/roverWheelM1-F' has no database record. Creating.
[LOG 11:24:57.772] [DragCubeSystem]: Drag cubes not found or cannot be read for part Part. Generating New drag cubes.
[LOG 11:24:57.772] [KSPCF/DragCubeGeneration] Creating drag cubes for part 'roverWheelM1-F'
[LOG 11:24:57.787] PartLoader: Compiling Part 'SquadExpansion/MakingHistory/Parts/Payload/fairingSize1p5/fairingSize1p5'
[LOG 11:24:57.802] PartLoader: Part 'SquadExpansion/MakingHistory/Parts/Payload/fairingSize1p5/fairingSize1p5' has no database record. Creating.
[LOG 11:24:57.802] [DragCubeSystem]: Drag cubes not found or cannot be read for part Part. Generating New drag cubes.
[LOG 11:24:57.803] [KSPCF/DragCubeGeneration] Creating drag cubes for part 'fairingSize1p5'
[LOG 11:24:57.807] PartLoader: Compiling Part 'SquadExpansion/MakingHistory/Parts/Payload/fairingSize4/fairingSize4'
[LOG 11:24:57.817] PartLoader: Part 'SquadExpansion/MakingHistory/Parts/Payload/fairingSize4/fairingSize4' has no database record. Creating.
[LOG 11:24:57.817] [DragCubeSystem]: Drag cubes not found or cannot be read for part Part. Generating New drag cubes.
[LOG 11:24:57.817] [KSPCF/DragCubeGeneration] Creating drag cubes for part 'fairingSize4'
[LOG 11:24:57.821] PartLoader: Compiling Part 'SquadExpansion/MakingHistory/Parts/Payload/Size1to0ServiceModule/Size1to0ServiceModule'
[LOG 11:24:57.829] PartLoader: Part 'SquadExpansion/MakingHistory/Parts/Payload/Size1to0ServiceModule/Size1to0ServiceModule' has no database record. Creating.
[LOG 11:24:57.829] [DragCubeSystem]: Drag cubes not found or cannot be read for part Part. Generating New drag cubes.
[LOG 11:24:57.829] [KSPCF/DragCubeGeneration] Part 'Size1to0ServiceModule' has defined a procedural drag cube setup
[LOG 11:24:57.829] PartLoader: Compiling Part 'SquadExpansion/MakingHistory/Parts/Payload/SM18/ServiceModule18'
[LOG 11:24:57.835] PartLoader: Part 'SquadExpansion/MakingHistory/Parts/Payload/SM18/ServiceModule18' has no database record. Creating.
[LOG 11:24:57.835] [DragCubeSystem]: Drag cubes not found or cannot be read for part Part. Generating New drag cubes.
[LOG 11:24:57.835] [KSPCF/DragCubeGeneration] Part 'ServiceModule18' has defined a procedural drag cube setup
[LOG 11:24:57.835] PartLoader: Compiling Part 'SquadExpansion/MakingHistory/Parts/Payload/SM25/ServiceModule25'
[LOG 11:24:57.840] PartLoader: Part 'SquadExpansion/MakingHistory/Parts/Payload/SM25/ServiceModule25' has no database record. Creating.
[LOG 11:24:57.840] [DragCubeSystem]: Drag cubes not found or cannot be read for part Part. Generating New drag cubes.
[LOG 11:24:57.840] [KSPCF/DragCubeGeneration] Part 'ServiceModule25' has defined a procedural drag cube setup
[LOG 11:24:57.841] PartLoader: Compiling Part 'SquadExpansion/MakingHistory/Parts/Pods/KV1Pod/kv1Pod'
[WRN 11:24:57.844] [Part]: Cannot have ModuleCargoPart and ModuleInventoryPart on same Part [kv1Pod'. Removed ModuleCargoPart
[LOG 11:24:57.847] PartLoader: Part 'SquadExpansion/MakingHistory/Parts/Pods/KV1Pod/kv1Pod' has no database record. Creating.
[LOG 11:24:57.849] PartLoader: Compiling Part 'SquadExpansion/MakingHistory/Parts/Pods/KV2Pod/kv2Pod'
[WRN 11:24:57.853] [Part]: Cannot have ModuleCargoPart and ModuleInventoryPart on same Part [kv2Pod'. Removed ModuleCargoPart
[LOG 11:24:57.856] PartLoader: Part 'SquadExpansion/MakingHistory/Parts/Pods/KV2Pod/kv2Pod' has no database record. Creating.
[LOG 11:24:57.858] PartLoader: Compiling Part 'SquadExpansion/MakingHistory/Parts/Pods/KV3Pod/kv3Pod'
[WRN 11:24:57.862] [Part]: Cannot have ModuleCargoPart and ModuleInventoryPart on same Part [kv3Pod'. Removed ModuleCargoPart
[LOG 11:24:57.865] PartLoader: Part 'SquadExpansion/MakingHistory/Parts/Pods/KV3Pod/kv3Pod' has no database record. Creating.
[LOG 11:24:57.867] PartLoader: Compiling Part 'SquadExpansion/MakingHistory/Parts/Pods/Mk2Pod/Mk2Pod'
[WRN 11:24:57.870] [Part]: Cannot have ModuleCargoPart and ModuleInventoryPart on same Part [Mk2Pod'. Removed ModuleCargoPart
[LOG 11:24:57.874] PartLoader: Part 'SquadExpansion/MakingHistory/Parts/Pods/Mk2Pod/Mk2Pod' has no database record. Creating.
[LOG 11:24:57.874] [DragCubeSystem]: Drag cubes not found or cannot be read for part Part. Generating New drag cubes.
[LOG 11:24:57.874] [KSPCF/DragCubeGeneration] Creating drag cubes for part 'Mk2Pod'
[LOG 11:24:57.880] PartLoader: Compiling Part 'SquadExpansion/MakingHistory/Parts/Pods/Size1_5_Lander/MEMLander'
[WRN 11:24:57.885] [Part]: Cannot add ModuleCargoPart as this Part 'MEMLander' already has a ModuleInventoryPart PartModule and they are mutually exclusive.
[LOG 11:24:57.889] PartLoader: Part 'SquadExpansion/MakingHistory/Parts/Pods/Size1_5_Lander/MEMLander' has no database record. Creating.
[LOG 11:24:57.889] [DragCubeSystem]: Drag cubes not found or cannot be read for part Part. Generating New drag cubes.
[LOG 11:24:57.889] [KSPCF/DragCubeGeneration] Creating drag cubes for part 'MEMLander'
[LOG 11:24:57.895] PartLoader: Compiling Part 'SquadExpansion/MakingHistory/Parts/Prebuilt/kerbalEVAfemaleVintage/kerbalEVAfemaleVintage'
[LOG 11:24:57.901] PartLoader: Compiling Part 'SquadExpansion/MakingHistory/Parts/Prebuilt/kerbalEVAVintage/kerbalEVAVintage'
[LOG 11:24:57.907] PartLoader: Compiling Part 'SquadExpansion/MakingHistory/Parts/Structural/EquiTriangle0/EquiTriangle0'
[LOG 11:24:57.913] PartLoader: Part 'SquadExpansion/MakingHistory/Parts/Structural/EquiTriangle0/EquiTriangle0' has no database record. Creating.
[LOG 11:24:57.913] [DragCubeSystem]: Drag cubes not found or cannot be read for part Part. Generating New drag cubes.
[LOG 11:24:57.913] [KSPCF/DragCubeGeneration] Creating drag cubes for part 'EquiTriangle0'
[LOG 11:24:57.917] PartLoader: Compiling Part 'SquadExpansion/MakingHistory/Parts/Structural/EquiTriangle1/EquiTriangle1'
[LOG 11:24:57.920] PartLoader: Part 'SquadExpansion/MakingHistory/Parts/Structural/EquiTriangle1/EquiTriangle1' has no database record. Creating.
[LOG 11:24:57.920] [DragCubeSystem]: Drag cubes not found or cannot be read for part Part. Generating New drag cubes.
[LOG 11:24:57.920] [KSPCF/DragCubeGeneration] Creating drag cubes for part 'EquiTriangle1'
[LOG 11:24:57.924] PartLoader: Compiling Part 'SquadExpansion/MakingHistory/Parts/Structural/EquiTriangle1p5/EquiTriangle1p5'
[LOG 11:24:57.928] PartLoader: Part 'SquadExpansion/MakingHistory/Parts/Structural/EquiTriangle1p5/EquiTriangle1p5' has no database record. Creating.
[LOG 11:24:57.928] [DragCubeSystem]: Drag cubes not found or cannot be read for part Part. Generating New drag cubes.
[LOG 11:24:57.928] [KSPCF/DragCubeGeneration] Creating drag cubes for part 'EquiTriangle1p5'
[LOG 11:24:57.932] PartLoader: Compiling Part 'SquadExpansion/MakingHistory/Parts/Structural/EquiTriangle2/EquiTriangle2'
[LOG 11:24:57.935] PartLoader: Part 'SquadExpansion/MakingHistory/Parts/Structural/EquiTriangle2/EquiTriangle2' has no database record. Creating.
[LOG 11:24:57.935] [DragCubeSystem]: Drag cubes not found or cannot be read for part Part. Generating New drag cubes.
[LOG 11:24:57.935] [KSPCF/DragCubeGeneration] Creating drag cubes for part 'EquiTriangle2'
[LOG 11:24:57.939] PartLoader: Compiling Part 'SquadExpansion/MakingHistory/Parts/Structural/Panel0/Panel0'
[LOG 11:24:57.942] PartLoader: Part 'SquadExpansion/MakingHistory/Parts/Structural/Panel0/Panel0' has no database record. Creating.
[LOG 11:24:57.942] [DragCubeSystem]: Drag cubes not found or cannot be read for part Part. Generating New drag cubes.
[LOG 11:24:57.942] [KSPCF/DragCubeGeneration] Creating drag cubes for part 'Panel0'
[LOG 11:24:57.948] PartLoader: Compiling Part 'SquadExpansion/MakingHistory/Parts/Structural/Panel1/Panel1'
[LOG 11:24:57.953] PartLoader: Part 'SquadExpansion/MakingHistory/Parts/Structural/Panel1/Panel1' has no database record. Creating.
[LOG 11:24:57.953] [DragCubeSystem]: Drag cubes not found or cannot be read for part Part. Generating New drag cubes.
[LOG 11:24:57.953] [KSPCF/DragCubeGeneration] Creating drag cubes for part 'Panel1'
[LOG 11:24:57.957] PartLoader: Compiling Part 'SquadExpansion/MakingHistory/Parts/Structural/Panel1p5/Panel1p5'
[LOG 11:24:57.961] PartLoader: Part 'SquadExpansion/MakingHistory/Parts/Structural/Panel1p5/Panel1p5' has no database record. Creating.
[LOG 11:24:57.961] [DragCubeSystem]: Drag cubes not found or cannot be read for part Part. Generating New drag cubes.
[LOG 11:24:57.961] [KSPCF/DragCubeGeneration] Creating drag cubes for part 'Panel1p5'
[LOG 11:24:57.964] PartLoader: Compiling Part 'SquadExpansion/MakingHistory/Parts/Structural/Panel2/Panel2'
[LOG 11:24:57.968] PartLoader: Part 'SquadExpansion/MakingHistory/Parts/Structural/Panel2/Panel2' has no database record. Creating.
[LOG 11:24:57.968] [DragCubeSystem]: Drag cubes not found or cannot be read for part Part. Generating New drag cubes.
[LOG 11:24:57.968] [KSPCF/DragCubeGeneration] Creating drag cubes for part 'Panel2'
[LOG 11:24:57.971] PartLoader: Compiling Part 'SquadExpansion/MakingHistory/Parts/Structural/Triangle0/Triangle0'
[LOG 11:24:57.975] PartLoader: Part 'SquadExpansion/MakingHistory/Parts/Structural/Triangle0/Triangle0' has no database record. Creating.
[LOG 11:24:57.975] [DragCubeSystem]: Drag cubes not found or cannot be read for part Part. Generating New drag cubes.
[LOG 11:24:57.975] [KSPCF/DragCubeGeneration] Creating drag cubes for part 'Triangle0'
[LOG 11:24:57.978] PartLoader: Compiling Part 'SquadExpansion/MakingHistory/Parts/Structural/Triangle1/Triangle1'
[LOG 11:24:57.983] PartLoader: Part 'SquadExpansion/MakingHistory/Parts/Structural/Triangle1/Triangle1' has no database record. Creating.
[LOG 11:24:57.983] [DragCubeSystem]: Drag cubes not found or cannot be read for part Part. Generating New drag cubes.
[LOG 11:24:57.983] [KSPCF/DragCubeGeneration] Creating drag cubes for part 'Triangle1'
[LOG 11:24:57.986] PartLoader: Compiling Part 'SquadExpansion/MakingHistory/Parts/Structural/Triangle1p5/Triangle1p5'
[LOG 11:24:57.990] PartLoader: Part 'SquadExpansion/MakingHistory/Parts/Structural/Triangle1p5/Triangle1p5' has no database record. Creating.
[LOG 11:24:57.990] [DragCubeSystem]: Drag cubes not found or cannot be read for part Part. Generating New drag cubes.
[LOG 11:24:57.990] [KSPCF/DragCubeGeneration] Creating drag cubes for part 'Triangle1p5'
[LOG 11:24:57.994] PartLoader: Compiling Part 'SquadExpansion/MakingHistory/Parts/Structural/Triangle2/Triangle2'
[LOG 11:24:57.997] PartLoader: Part 'SquadExpansion/MakingHistory/Parts/Structural/Triangle2/Triangle2' has no database record. Creating.
[LOG 11:24:57.997] [DragCubeSystem]: Drag cubes not found or cannot be read for part Part. Generating New drag cubes.
[LOG 11:24:57.997] [KSPCF/DragCubeGeneration] Creating drag cubes for part 'Triangle2'
[LOG 11:24:58.001] PartLoader: Compiling Part 'SquadExpansion/MakingHistory/Parts/Structural/Tube1/Tube1'
[LOG 11:24:58.005] PartLoader: Part 'SquadExpansion/MakingHistory/Parts/Structural/Tube1/Tube1' has no database record. Creating.
[LOG 11:24:58.006] PartLoader: Compiling Part 'SquadExpansion/MakingHistory/Parts/Structural/Tube1p5/Tube1p5'
[LOG 11:24:58.009] PartLoader: Part 'SquadExpansion/MakingHistory/Parts/Structural/Tube1p5/Tube1p5' has no database record. Creating.
[LOG 11:24:58.009] PartLoader: Compiling Part 'SquadExpansion/MakingHistory/Parts/Structural/Tube2/Tube2'
[LOG 11:24:58.013] PartLoader: Part 'SquadExpansion/MakingHistory/Parts/Structural/Tube2/Tube2' has no database record. Creating.
[LOG 11:24:58.013] PartLoader: Compiling Part 'SquadExpansion/MakingHistory/Parts/Structural/Tube3/Tube3'
[LOG 11:24:58.016] PartLoader: Part 'SquadExpansion/MakingHistory/Parts/Structural/Tube3/Tube3' has no database record. Creating.
[LOG 11:24:58.017] PartLoader: Compiling Part 'SquadExpansion/MakingHistory/Parts/Structural/Tube4/Tube4'
[LOG 11:24:58.020] PartLoader: Part 'SquadExpansion/MakingHistory/Parts/Structural/Tube4/Tube4' has no database record. Creating.
[LOG 11:24:58.020] PartLoader: Compiling Part 'SquadExpansion/MakingHistory/Parts/Thermal/HeatShield1p5/HeatShield1p5'
[LOG 11:24:58.026] PartLoader: Part 'SquadExpansion/MakingHistory/Parts/Thermal/HeatShield1p5/HeatShield1p5' has no database record. Creating.
[LOG 11:24:58.026] [DragCubeSystem]: Drag cubes not found or cannot be read for part Part. Generating New drag cubes.
[LOG 11:24:58.027] [KSPCF/DragCubeGeneration] Creating drag cubes for part 'HeatShield1p5'
[LOG 11:24:58.038] PartLoader: Compiling Part 'SquadExpansion/MakingHistory/Parts/Utility/flags/flagSize1p5/flagSize1p5/flagPartSize1p5'
[LOG 11:24:58.043] PartLoader: Part 'SquadExpansion/MakingHistory/Parts/Utility/flags/flagSize1p5/flagSize1p5/flagPartSize1p5' has no database record. Creating.
[LOG 11:24:58.043] [DragCubeSystem]: Drag cubes not found or cannot be read for part Part. Generating New drag cubes.
[LOG 11:24:58.043] [KSPCF/DragCubeGeneration] Creating drag cubes for part 'flagPartSize1p5'
[LOG 11:24:58.047] PartLoader: Compiling Part 'SquadExpansion/MakingHistory/Parts/Utility/flags/flagSize4/flagSize4/flagPartSize4'
[LOG 11:24:58.051] PartLoader: Part 'SquadExpansion/MakingHistory/Parts/Utility/flags/flagSize4/flagSize4/flagPartSize4' has no database record. Creating.
[LOG 11:24:58.052] [DragCubeSystem]: Drag cubes not found or cannot be read for part Part. Generating New drag cubes.
[LOG 11:24:58.052] [KSPCF/DragCubeGeneration] Creating drag cubes for part 'flagPartSize4'
[LOG 11:24:58.056] PartLoader: Compiling Part 'SquadExpansion/Serenity/Parts/Aero/FanShroud_01/FanShroud_01'
[LOG 11:24:58.059] PartLoader: Part 'SquadExpansion/Serenity/Parts/Aero/FanShroud_01/FanShroud_01' has no database record. Creating.
[LOG 11:24:58.059] [DragCubeSystem]: Drag cubes not found or cannot be read for part Part. Generating New drag cubes.
[LOG 11:24:58.059] [KSPCF/DragCubeGeneration] Creating drag cubes for part 'FanShroud.01'
[LOG 11:24:58.063] PartLoader: Compiling Part 'SquadExpansion/Serenity/Parts/Aero/FanShroud_02/FanShroud_02'
[LOG 11:24:58.067] PartLoader: Part 'SquadExpansion/Serenity/Parts/Aero/FanShroud_02/FanShroud_02' has no database record. Creating.
[LOG 11:24:58.068] [DragCubeSystem]: Drag cubes not found or cannot be read for part Part. Generating New drag cubes.
[LOG 11:24:58.068] [KSPCF/DragCubeGeneration] Creating drag cubes for part 'FanShroud.02'
[LOG 11:24:58.071] PartLoader: Compiling Part 'SquadExpansion/Serenity/Parts/Aero/FanShroud_03/FanShroud_03'
[LOG 11:24:58.074] PartLoader: Part 'SquadExpansion/Serenity/Parts/Aero/FanShroud_03/FanShroud_03' has no database record. Creating.
[LOG 11:24:58.074] [DragCubeSystem]: Drag cubes not found or cannot be read for part Part. Generating New drag cubes.
[LOG 11:24:58.075] [KSPCF/DragCubeGeneration] Creating drag cubes for part 'FanShroud.03'
[LOG 11:24:58.079] PartLoader: Compiling Part 'SquadExpansion/Serenity/Parts/Aero/noseconeTiny/noseconeTiny'
[LOG 11:24:58.081] PartLoader: Part 'SquadExpansion/Serenity/Parts/Aero/noseconeTiny/noseconeTiny' has no database record. Creating.
[LOG 11:24:58.082] [DragCubeSystem]: Drag cubes not found or cannot be read for part Part. Generating New drag cubes.
[LOG 11:24:58.082] [KSPCF/DragCubeGeneration] Creating drag cubes for part 'noseconeTiny'
[LOG 11:24:58.086] PartLoader: Compiling Part 'SquadExpansion/Serenity/Parts/Aero/noseconeVS/noseconeVS'
[LOG 11:24:58.088] PartLoader: Part 'SquadExpansion/Serenity/Parts/Aero/noseconeVS/noseconeVS' has no database record. Creating.
[LOG 11:24:58.088] [DragCubeSystem]: Drag cubes not found or cannot be read for part Part. Generating New drag cubes.
[LOG 11:24:58.088] [KSPCF/DragCubeGeneration] Creating drag cubes for part 'noseconeVS'
[LOG 11:24:58.092] PartLoader: Compiling Part 'SquadExpansion/Serenity/Parts/DeployedScience/centralStation/DeployedCentralStation'
[LOG 11:24:58.103] PartLoader: Part 'SquadExpansion/Serenity/Parts/DeployedScience/centralStation/DeployedCentralStation' has no database record. Creating.
[LOG 11:24:58.103] [DragCubeSystem]: Drag cubes not found or cannot be read for part Part. Generating New drag cubes.
[LOG 11:24:58.103] [KSPCF/DragCubeGeneration] Creating drag cubes for part 'DeployedCentralStation'
[LOG 11:24:58.125] PartLoader: Compiling Part 'SquadExpansion/Serenity/Parts/DeployedScience/gooObservation/DeployedGoExOb'
[LOG 11:24:58.134] PartLoader: Part 'SquadExpansion/Serenity/Parts/DeployedScience/gooObservation/DeployedGoExOb' has no database record. Creating.
[LOG 11:24:58.134] [DragCubeSystem]: Drag cubes not found or cannot be read for part Part. Generating New drag cubes.
[LOG 11:24:58.134] [KSPCF/DragCubeGeneration] Creating drag cubes for part 'DeployedGoExOb'
[LOG 11:24:58.157] PartLoader: Compiling Part 'SquadExpansion/Serenity/Parts/DeployedScience/ionCollector/DeployedIONExp'
[LOG 11:24:58.162] PartLoader: Part 'SquadExpansion/Serenity/Parts/DeployedScience/ionCollector/DeployedIONExp' has no database record. Creating.
[LOG 11:24:58.162] [DragCubeSystem]: Drag cubes not found or cannot be read for part Part. Generating New drag cubes.
[LOG 11:24:58.162] [KSPCF/DragCubeGeneration] Creating drag cubes for part 'DeployedIONExp'
[LOG 11:24:58.173] PartLoader: Compiling Part 'SquadExpansion/Serenity/Parts/DeployedScience/rtg/DeployedRTG'
[LOG 11:24:58.182] PartLoader: Part 'SquadExpansion/Serenity/Parts/DeployedScience/rtg/DeployedRTG' has no database record. Creating.
[LOG 11:24:58.182] [DragCubeSystem]: Drag cubes not found or cannot be read for part Part. Generating New drag cubes.
[LOG 11:24:58.182] [KSPCF/DragCubeGeneration] Creating drag cubes for part 'DeployedRTG'
[LOG 11:24:58.195] PartLoader: Compiling Part 'SquadExpansion/Serenity/Parts/DeployedScience/satDish/DeployedSatDish'
[LOG 11:24:58.203] PartLoader: Part 'SquadExpansion/Serenity/Parts/DeployedScience/satDish/DeployedSatDish' has no database record. Creating.
[LOG 11:24:58.203] [DragCubeSystem]: Drag cubes not found or cannot be read for part Part. Generating New drag cubes.
[LOG 11:24:58.203] [KSPCF/DragCubeGeneration] Creating drag cubes for part 'DeployedSatDish'
[LOG 11:24:58.218] PartLoader: Compiling Part 'SquadExpansion/Serenity/Parts/DeployedScience/seismicSensor/DeployedSeismicSensor'
[LOG 11:24:58.223] PartLoader: Part 'SquadExpansion/Serenity/Parts/DeployedScience/seismicSensor/DeployedSeismicSensor' has no database record. Creating.
[LOG 11:24:58.223] [DragCubeSystem]: Drag cubes not found or cannot be read for part Part. Generating New drag cubes.
[LOG 11:24:58.223] [KSPCF/DragCubeGeneration] Creating drag cubes for part 'DeployedSeismicSensor'
[LOG 11:24:58.236] PartLoader: Compiling Part 'SquadExpansion/Serenity/Parts/DeployedScience/solarPanel/DeployedSolarPanel'
[LOG 11:24:58.240] PartLoader: Part 'SquadExpansion/Serenity/Parts/DeployedScience/solarPanel/DeployedSolarPanel' has no database record. Creating.
[LOG 11:24:58.240] [DragCubeSystem]: Drag cubes not found or cannot be read for part Part. Generating New drag cubes.
[LOG 11:24:58.240] [KSPCF/DragCubeGeneration] Creating drag cubes for part 'DeployedSolarPanel'
[LOG 11:24:58.255] PartLoader: Compiling Part 'SquadExpansion/Serenity/Parts/DeployedScience/weatherStation/DeployedWeatherStn'
[LOG 11:24:58.260] PartLoader: Part 'SquadExpansion/Serenity/Parts/DeployedScience/weatherStation/DeployedWeatherStn' has no database record. Creating.
[LOG 11:24:58.260] [DragCubeSystem]: Drag cubes not found or cannot be read for part Part. Generating New drag cubes.
[LOG 11:24:58.260] [KSPCF/DragCubeGeneration] Creating drag cubes for part 'DeployedWeatherStn'
[LOG 11:24:58.283] PartLoader: Compiling Part 'SquadExpansion/Serenity/Parts/Prebuilt/kerbalEVA/kerbalEVA'
[LOG 11:24:58.285] PartLoader: Compiling Part 'SquadExpansion/Serenity/Parts/Prebuilt/kerbalEVAfemale/kerbalEVAfemale'
[LOG 11:24:58.287] PartLoader: Compiling Part 'SquadExpansion/Serenity/Parts/Prebuilt/kerbalEVAfemaleFuture/kerbalEVAfemaleFuture'
[LOG 11:24:58.293] PartLoader: Compiling Part 'SquadExpansion/Serenity/Parts/Prebuilt/kerbalEVAfemaleVintage/kerbalEVAfemaleVintage'
[LOG 11:24:58.295] PartLoader: Compiling Part 'SquadExpansion/Serenity/Parts/Prebuilt/kerbalEVAFuture/kerbalEVAFuture'
[LOG 11:24:58.301] PartLoader: Compiling Part 'SquadExpansion/Serenity/Parts/Prebuilt/kerbalEVASlimSuit/kerbalEVASlimSuit'
[LOG 11:24:58.303] PartLoader: Compiling Part 'SquadExpansion/Serenity/Parts/Prebuilt/kerbalEVASlimSuitFemale/kerbalEVASlimSuitFemale'
[LOG 11:24:58.304] PartLoader: Compiling Part 'SquadExpansion/Serenity/Parts/Prebuilt/kerbalEVAVintage/kerbalEVAVintage'
[LOG 11:24:58.306] PartLoader: Compiling Part 'SquadExpansion/Serenity/Parts/Propellers/largeFanBlade/largeFanBlade'
[LOG 11:24:58.310] PartLoader: Part 'SquadExpansion/Serenity/Parts/Propellers/largeFanBlade/largeFanBlade' has no database record. Creating.
[LOG 11:24:58.310] [DragCubeSystem]: Drag cubes not found or cannot be read for part Part. Generating New drag cubes.
[LOG 11:24:58.310] [KSPCF/DragCubeGeneration] Creating drag cubes for part 'largeFanBlade'
[LOG 11:24:58.325] PartLoader: Compiling Part 'SquadExpansion/Serenity/Parts/Propellers/largeHeliBlade/largeHeliBlade'
[LOG 11:24:58.330] PartLoader: Part 'SquadExpansion/Serenity/Parts/Propellers/largeHeliBlade/largeHeliBlade' has no database record. Creating.
[LOG 11:24:58.330] [DragCubeSystem]: Drag cubes not found or cannot be read for part Part. Generating New drag cubes.
[LOG 11:24:58.330] [KSPCF/DragCubeGeneration] Creating drag cubes for part 'largeHeliBlade'
[LOG 11:24:58.345] PartLoader: Compiling Part 'SquadExpansion/Serenity/Parts/Propellers/largePropeller/largePropeller'
[LOG 11:24:58.353] PartLoader: Part 'SquadExpansion/Serenity/Parts/Propellers/largePropeller/largePropeller' has no database record. Creating.
[LOG 11:24:58.353] [DragCubeSystem]: Drag cubes not found or cannot be read for part Part. Generating New drag cubes.
[LOG 11:24:58.353] [KSPCF/DragCubeGeneration] Creating drag cubes for part 'largePropeller'
[LOG 11:24:58.375] PartLoader: Compiling Part 'SquadExpansion/Serenity/Parts/Propellers/mediumFanBlade/mediumFanBlade'
[LOG 11:24:58.381] PartLoader: Part 'SquadExpansion/Serenity/Parts/Propellers/mediumFanBlade/mediumFanBlade' has no database record. Creating.
[LOG 11:24:58.381] [DragCubeSystem]: Drag cubes not found or cannot be read for part Part. Generating New drag cubes.
[LOG 11:24:58.381] [KSPCF/DragCubeGeneration] Creating drag cubes for part 'mediumFanBlade'
[LOG 11:24:58.407] PartLoader: Compiling Part 'SquadExpansion/Serenity/Parts/Propellers/mediumHeliBlade/mediumHeliBlade'
[LOG 11:24:58.412] PartLoader: Part 'SquadExpansion/Serenity/Parts/Propellers/mediumHeliBlade/mediumHeliBlade' has no database record. Creating.
[LOG 11:24:58.413] [DragCubeSystem]: Drag cubes not found or cannot be read for part Part. Generating New drag cubes.
[LOG 11:24:58.413] [KSPCF/DragCubeGeneration] Creating drag cubes for part 'mediumHeliBlade'
[LOG 11:24:58.438] PartLoader: Compiling Part 'SquadExpansion/Serenity/Parts/Propellers/mediumPropeller/mediumPropeller'
[LOG 11:24:58.443] PartLoader: Part 'SquadExpansion/Serenity/Parts/Propellers/mediumPropeller/mediumPropeller' has no database record. Creating.
[LOG 11:24:58.443] [DragCubeSystem]: Drag cubes not found or cannot be read for part Part. Generating New drag cubes.
[LOG 11:24:58.443] [KSPCF/DragCubeGeneration] Creating drag cubes for part 'mediumPropeller'
[LOG 11:24:58.457] PartLoader: Compiling Part 'SquadExpansion/Serenity/Parts/Propellers/smallFanBlade/smallFanBlade'
[LOG 11:24:58.462] PartLoader: Part 'SquadExpansion/Serenity/Parts/Propellers/smallFanBlade/smallFanBlade' has no database record. Creating.
[LOG 11:24:58.462] [DragCubeSystem]: Drag cubes not found or cannot be read for part Part. Generating New drag cubes.
[LOG 11:24:58.462] [KSPCF/DragCubeGeneration] Creating drag cubes for part 'smallFanBlade'
[LOG 11:24:58.477] PartLoader: Compiling Part 'SquadExpansion/Serenity/Parts/Propellers/smallHeliBlade/smallHeliBlade'
[LOG 11:24:58.482] PartLoader: Part 'SquadExpansion/Serenity/Parts/Propellers/smallHeliBlade/smallHeliBlade' has no database record. Creating.
[LOG 11:24:58.482] [DragCubeSystem]: Drag cubes not found or cannot be read for part Part. Generating New drag cubes.
[LOG 11:24:58.482] [KSPCF/DragCubeGeneration] Creating drag cubes for part 'smallHeliBlade'
[LOG 11:24:58.497] PartLoader: Compiling Part 'SquadExpansion/Serenity/Parts/Propellers/smallPropeller/smallPropeller'
[LOG 11:24:58.502] PartLoader: Part 'SquadExpansion/Serenity/Parts/Propellers/smallPropeller/smallPropeller' has no database record. Creating.
[LOG 11:24:58.503] [DragCubeSystem]: Drag cubes not found or cannot be read for part Part. Generating New drag cubes.
[LOG 11:24:58.503] [KSPCF/DragCubeGeneration] Creating drag cubes for part 'smallPropeller'
[LOG 11:24:58.517] PartLoader: Compiling Part 'SquadExpansion/Serenity/Parts/Robotics/hinge_01/hinge_01'
[LOG 11:24:58.532] PartLoader: Part 'SquadExpansion/Serenity/Parts/Robotics/hinge_01/hinge_01' has no database record. Creating.
[LOG 11:24:58.532] [DragCubeSystem]: Drag cubes not found or cannot be read for part Part. Generating New drag cubes.
[LOG 11:24:58.533] [KSPCF/DragCubeGeneration] Creating drag cubes for part 'hinge.01'
[LOG 11:24:58.538] PartLoader: Compiling Part 'SquadExpansion/Serenity/Parts/Robotics/hinge_01_s/hinge_01_s'
[LOG 11:24:58.543] PartLoader: Part 'SquadExpansion/Serenity/Parts/Robotics/hinge_01_s/hinge_01_s' has no database record. Creating.
[LOG 11:24:58.543] [DragCubeSystem]: Drag cubes not found or cannot be read for part Part. Generating New drag cubes.
[LOG 11:24:58.543] [KSPCF/DragCubeGeneration] Creating drag cubes for part 'hinge.01.s'
[LOG 11:24:58.550] PartLoader: Compiling Part 'SquadExpansion/Serenity/Parts/Robotics/hinge_03/hinge_03'
[LOG 11:24:58.557] PartLoader: Part 'SquadExpansion/Serenity/Parts/Robotics/hinge_03/hinge_03' has no database record. Creating.
[LOG 11:24:58.558] PartLoader: Compiling Part 'SquadExpansion/Serenity/Parts/Robotics/hinge_03_s/hinge_03_s'
[LOG 11:24:58.563] PartLoader: Part 'SquadExpansion/Serenity/Parts/Robotics/hinge_03_s/hinge_03_s' has no database record. Creating.
[LOG 11:24:58.564] PartLoader: Compiling Part 'SquadExpansion/Serenity/Parts/Robotics/hinge_04/hinge_04'
[LOG 11:24:58.570] PartLoader: Part 'SquadExpansion/Serenity/Parts/Robotics/hinge_04/hinge_04' has no database record. Creating.
[LOG 11:24:58.571] PartLoader: Compiling Part 'SquadExpansion/Serenity/Parts/Robotics/piston_01/piston_01'
[LOG 11:24:58.581] PartLoader: Part 'SquadExpansion/Serenity/Parts/Robotics/piston_01/piston_01' has no database record. Creating.
[LOG 11:24:58.582] PartLoader: Compiling Part 'SquadExpansion/Serenity/Parts/Robotics/piston_02/piston_02'
[LOG 11:24:58.587] PartLoader: Part 'SquadExpansion/Serenity/Parts/Robotics/piston_02/piston_02' has no database record. Creating.
[LOG 11:24:58.588] PartLoader: Compiling Part 'SquadExpansion/Serenity/Parts/Robotics/piston_03/piston_03'
[LOG 11:24:58.593] PartLoader: Part 'SquadExpansion/Serenity/Parts/Robotics/piston_03/piston_03' has no database record. Creating.
[LOG 11:24:58.594] PartLoader: Compiling Part 'SquadExpansion/Serenity/Parts/Robotics/piston_04/piston_04'
[LOG 11:24:58.599] PartLoader: Part 'SquadExpansion/Serenity/Parts/Robotics/piston_04/piston_04' has no database record. Creating.
[LOG 11:24:58.600] PartLoader: Compiling Part 'SquadExpansion/Serenity/Parts/Robotics/RotorEngine_02/RotorEngine_02'
[LOG 11:24:58.611] PartLoader: Part 'SquadExpansion/Serenity/Parts/Robotics/RotorEngine_02/RotorEngine_02' has no database record. Creating.
[LOG 11:24:58.611] [DragCubeSystem]: Drag cubes not found or cannot be read for part Part. Generating New drag cubes.
[LOG 11:24:58.611] [KSPCF/DragCubeGeneration] Creating drag cubes for part 'RotorEngine.02'
[LOG 11:24:58.617] PartLoader: Compiling Part 'SquadExpansion/Serenity/Parts/Robotics/RotorEngine_03/RotorEngine_03'
[LOG 11:24:58.622] PartLoader: Part 'SquadExpansion/Serenity/Parts/Robotics/RotorEngine_03/RotorEngine_03' has no database record. Creating.
[LOG 11:24:58.622] [DragCubeSystem]: Drag cubes not found or cannot be read for part Part. Generating New drag cubes.
[LOG 11:24:58.622] [KSPCF/DragCubeGeneration] Creating drag cubes for part 'RotorEngine.03'
[LOG 11:24:58.627] PartLoader: Compiling Part 'SquadExpansion/Serenity/Parts/Robotics/rotor_01/rotor_01'
[LOG 11:24:58.635] PartLoader: Part 'SquadExpansion/Serenity/Parts/Robotics/rotor_01/rotor_01' has no database record. Creating.
[LOG 11:24:58.635] [DragCubeSystem]: Drag cubes not found or cannot be read for part Part. Generating New drag cubes.
[LOG 11:24:58.635] [KSPCF/DragCubeGeneration] Creating drag cubes for part 'rotor.01'
[LOG 11:24:58.640] PartLoader: Compiling Part 'SquadExpansion/Serenity/Parts/Robotics/rotor_01s/rotor_01s'
[LOG 11:24:58.647] PartLoader: Part 'SquadExpansion/Serenity/Parts/Robotics/rotor_01s/rotor_01s' has no database record. Creating.
[LOG 11:24:58.647] [DragCubeSystem]: Drag cubes not found or cannot be read for part Part. Generating New drag cubes.
[LOG 11:24:58.647] [KSPCF/DragCubeGeneration] Creating drag cubes for part 'rotor.01s'
[LOG 11:24:58.652] PartLoader: Compiling Part 'SquadExpansion/Serenity/Parts/Robotics/rotor_02/rotor_02'
[LOG 11:24:58.658] PartLoader: Part 'SquadExpansion/Serenity/Parts/Robotics/rotor_02/rotor_02' has no database record. Creating.
[LOG 11:24:58.658] [DragCubeSystem]: Drag cubes not found or cannot be read for part Part. Generating New drag cubes.
[LOG 11:24:58.658] [KSPCF/DragCubeGeneration] Creating drag cubes for part 'rotor.02'
[LOG 11:24:58.663] PartLoader: Compiling Part 'SquadExpansion/Serenity/Parts/Robotics/rotor_02s/rotor_02s'
[LOG 11:24:58.669] PartLoader: Part 'SquadExpansion/Serenity/Parts/Robotics/rotor_02s/rotor_02s' has no database record. Creating.
[LOG 11:24:58.669] [DragCubeSystem]: Drag cubes not found or cannot be read for part Part. Generating New drag cubes.
[LOG 11:24:58.669] [KSPCF/DragCubeGeneration] Creating drag cubes for part 'rotor.02s'
[LOG 11:24:58.674] PartLoader: Compiling Part 'SquadExpansion/Serenity/Parts/Robotics/rotor_03/rotor_03'
[LOG 11:24:58.680] PartLoader: Part 'SquadExpansion/Serenity/Parts/Robotics/rotor_03/rotor_03' has no database record. Creating.
[LOG 11:24:58.680] [DragCubeSystem]: Drag cubes not found or cannot be read for part Part. Generating New drag cubes.
[LOG 11:24:58.681] [KSPCF/DragCubeGeneration] Creating drag cubes for part 'rotor.03'
[LOG 11:24:58.685] PartLoader: Compiling Part 'SquadExpansion/Serenity/Parts/Robotics/rotor_03s/rotor_03s'
[LOG 11:24:58.691] PartLoader: Part 'SquadExpansion/Serenity/Parts/Robotics/rotor_03s/rotor_03s' has no database record. Creating.
[LOG 11:24:58.691] [DragCubeSystem]: Drag cubes not found or cannot be read for part Part. Generating New drag cubes.
[LOG 11:24:58.692] [KSPCF/DragCubeGeneration] Creating drag cubes for part 'rotor.03s'
[LOG 11:24:58.696] PartLoader: Compiling Part 'SquadExpansion/Serenity/Parts/Robotics/rotoServo_00/rotoServo_00'
[LOG 11:24:58.707] PartLoader: Part 'SquadExpansion/Serenity/Parts/Robotics/rotoServo_00/rotoServo_00' has no database record. Creating.
[LOG 11:24:58.707] [DragCubeSystem]: Drag cubes not found or cannot be read for part Part. Generating New drag cubes.
[LOG 11:24:58.707] [KSPCF/DragCubeGeneration] Creating drag cubes for part 'rotoServo.00'
[LOG 11:24:58.711] PartLoader: Compiling Part 'SquadExpansion/Serenity/Parts/Robotics/rotoServo_02/rotoServo_02'
[LOG 11:24:58.719] PartLoader: Part 'SquadExpansion/Serenity/Parts/Robotics/rotoServo_02/rotoServo_02' has no database record. Creating.
[LOG 11:24:58.719] [DragCubeSystem]: Drag cubes not found or cannot be read for part Part. Generating New drag cubes.
[LOG 11:24:58.719] [KSPCF/DragCubeGeneration] Creating drag cubes for part 'rotoServo.02'
[LOG 11:24:58.724] PartLoader: Compiling Part 'SquadExpansion/Serenity/Parts/Robotics/rotoServo_03/rotoServo_03'
[LOG 11:24:58.730] PartLoader: Part 'SquadExpansion/Serenity/Parts/Robotics/rotoServo_03/rotoServo_03' has no database record. Creating.
[LOG 11:24:58.730] [DragCubeSystem]: Drag cubes not found or cannot be read for part Part. Generating New drag cubes.
[LOG 11:24:58.730] [KSPCF/DragCubeGeneration] Creating drag cubes for part 'rotoServo.03'
[LOG 11:24:58.735] PartLoader: Compiling Part 'SquadExpansion/Serenity/Parts/Robotics/rotoServo_04/rotoServo_04'
[LOG 11:24:58.741] PartLoader: Part 'SquadExpansion/Serenity/Parts/Robotics/rotoServo_04/rotoServo_04' has no database record. Creating.
[LOG 11:24:58.741] [DragCubeSystem]: Drag cubes not found or cannot be read for part Part. Generating New drag cubes.
[LOG 11:24:58.741] [KSPCF/DragCubeGeneration] Creating drag cubes for part 'rotoServo.04'
[LOG 11:24:58.746] PartLoader: Compiling Part 'SquadExpansion/Serenity/Parts/Robotics/Controllers/KAL1000/controller1000'
[LOG 11:24:58.760] PartLoader: Part 'SquadExpansion/Serenity/Parts/Robotics/Controllers/KAL1000/controller1000' has no database record. Creating.
[LOG 11:24:58.760] [DragCubeSystem]: Drag cubes not found or cannot be read for part Part. Generating New drag cubes.
[LOG 11:24:58.760] [KSPCF/DragCubeGeneration] Creating drag cubes for part 'controller1000'
[LOG 11:24:58.765] PartLoader: Compiling Part 'SquadExpansion/Serenity/Parts/Science/RobotArmScanner/RobotArmScanner_S1/RobotArmScanner_S1'
[LOG 11:24:58.777] PartLoader: Part 'SquadExpansion/Serenity/Parts/Science/RobotArmScanner/RobotArmScanner_S1/RobotArmScanner_S1' has no database record. Creating.
[LOG 11:24:58.777] [DragCubeSystem]: Drag cubes not found or cannot be read for part Part. Generating New drag cubes.
[LOG 11:24:58.777] [KSPCF/DragCubeGeneration] Creating drag cubes for part 'RobotArmScanner.S1'
[LOG 11:24:58.795] PartLoader: Compiling Part 'SquadExpansion/Serenity/Parts/Science/RobotArmScanner/RobotArmScanner_S2/RobotArmScanner_S2'
[LOG 11:24:58.802] PartLoader: Part 'SquadExpansion/Serenity/Parts/Science/RobotArmScanner/RobotArmScanner_S2/RobotArmScanner_S2' has no database record. Creating.
[LOG 11:24:58.802] [DragCubeSystem]: Drag cubes not found or cannot be read for part Part. Generating New drag cubes.
[LOG 11:24:58.802] [KSPCF/DragCubeGeneration] Creating drag cubes for part 'RobotArmScanner.S2'
[LOG 11:24:58.818] PartLoader: Compiling Part 'SquadExpansion/Serenity/Parts/Science/RobotArmScanner/RobotArmScanner_S3/RobotArmScanner_S3'
[LOG 11:24:58.825] PartLoader: Part 'SquadExpansion/Serenity/Parts/Science/RobotArmScanner/RobotArmScanner_S3/RobotArmScanner_S3' has no database record. Creating.
[LOG 11:24:58.825] [DragCubeSystem]: Drag cubes not found or cannot be read for part Part. Generating New drag cubes.
[LOG 11:24:58.825] [KSPCF/DragCubeGeneration] Creating drag cubes for part 'RobotArmScanner.S3'
[LOG 11:24:58.844] PartLoader: Compiling Part 'SquadExpansion/Serenity/Parts/Structural/gripPads/lGripPad/lGripPad'
[LOG 11:24:58.852] PartLoader: Part 'SquadExpansion/Serenity/Parts/Structural/gripPads/lGripPad/lGripPad' has no database record. Creating.
[LOG 11:24:58.852] [DragCubeSystem]: Drag cubes not found or cannot be read for part Part. Generating New drag cubes.
[LOG 11:24:58.852] [KSPCF/DragCubeGeneration] Creating drag cubes for part 'lGripPad'
[LOG 11:24:58.863] PartLoader: Compiling Part 'SquadExpansion/Serenity/Parts/Structural/gripPads/lGripStrip/lGripStrip'
[LOG 11:24:58.866] PartLoader: Part 'SquadExpansion/Serenity/Parts/Structural/gripPads/lGripStrip/lGripStrip' has no database record. Creating.
[LOG 11:24:58.866] [DragCubeSystem]: Drag cubes not found or cannot be read for part Part. Generating New drag cubes.
[LOG 11:24:58.866] [KSPCF/DragCubeGeneration] Creating drag cubes for part 'lGripStrip'
[LOG 11:24:58.870] PartLoader: Compiling Part 'SquadExpansion/Serenity/Parts/Structural/gripPads/mGripPad/mGripPad'
[LOG 11:24:58.873] PartLoader: Part 'SquadExpansion/Serenity/Parts/Structural/gripPads/mGripPad/mGripPad' has no database record. Creating.
[LOG 11:24:58.873] [DragCubeSystem]: Drag cubes not found or cannot be read for part Part. Generating New drag cubes.
[LOG 11:24:58.873] [KSPCF/DragCubeGeneration] Creating drag cubes for part 'mGripPad'
[LOG 11:24:58.884] PartLoader: Compiling Part 'SquadExpansion/Serenity/Parts/Structural/gripPads/sGripPad/sGripPad'
[LOG 11:24:58.888] PartLoader: Part 'SquadExpansion/Serenity/Parts/Structural/gripPads/sGripPad/sGripPad' has no database record. Creating.
[LOG 11:24:58.888] [DragCubeSystem]: Drag cubes not found or cannot be read for part Part. Generating New drag cubes.
[LOG 11:24:58.888] [KSPCF/DragCubeGeneration] Creating drag cubes for part 'sGripPad'
[LOG 11:24:58.899] PartLoader: Compiling Part 'SquadExpansion/Serenity/Parts/Structural/gripPads/sGripStrip/sGripStrip'
[LOG 11:24:58.902] PartLoader: Part 'SquadExpansion/Serenity/Parts/Structural/gripPads/sGripStrip/sGripStrip' has no database record. Creating.
[LOG 11:24:58.902] [DragCubeSystem]: Drag cubes not found or cannot be read for part Part. Generating New drag cubes.
[LOG 11:24:58.902] [KSPCF/DragCubeGeneration] Creating drag cubes for part 'sGripStrip'
[LOG 11:24:58.908] PartLoader: Compiling Internal Prop 'Squad/Props/AltimeterThreeHands/prop/AltimeterThreeHands'
[LOG 11:24:58.911] PartLoader: Compiling Internal Prop 'Squad/Props/AtmosphereDepth/prop/AtmosphereDepth'
[LOG 11:24:58.914] PartLoader: Compiling Internal Prop 'Squad/Props/AxisIndicator/pitchConfig/AxisIndicatorPitch'
[LOG 11:24:58.914] PartLoader: Compiling Internal Prop 'Squad/Props/AxisIndicator/rollConfig/AxisIndicatorRoll'
[LOG 11:24:58.915] PartLoader: Compiling Internal Prop 'Squad/Props/AxisIndicator/yawConfig/AxisIndicatorYaw'
[LOG 11:24:58.916] PartLoader: Compiling Internal Prop 'Squad/Props/buttonsGeneric/circularButton/genericCircularButton'
[LOG 11:24:58.918] PartLoader: Compiling Internal Prop 'Squad/Props/buttonsGeneric/clusterButtons/genericClusterButtons'
[LOG 11:24:58.918] PartLoader: Compiling Internal Prop 'Squad/Props/buttonsGeneric/clusterButtons2/genericClusterButtons2'
[LOG 11:24:58.919] PartLoader: Compiling Internal Prop 'Squad/Props/buttonsGeneric/clusterKnob/genericClusterKnobs'
[LOG 11:24:58.919] PartLoader: Compiling Internal Prop 'Squad/Props/buttonsGeneric/clusterKnob2/genericClusterKnobs2'
[LOG 11:24:58.920] PartLoader: Compiling Internal Prop 'Squad/Props/buttonsGeneric/clusterMixed/genericClusterMixed'
[LOG 11:24:58.920] PartLoader: Compiling Internal Prop 'Squad/Props/buttonsGeneric/clusterSwitches01/genericClusterSwitches01'
[LOG 11:24:58.921] PartLoader: Compiling Internal Prop 'Squad/Props/buttonsGeneric/clusterSwitches02/genericClusterSwitches02'
[LOG 11:24:58.921] PartLoader: Compiling Internal Prop 'Squad/Props/buttonsGeneric/clusterSwitches03/genericClusterSwitches03'
[LOG 11:24:58.922] PartLoader: Compiling Internal Prop 'Squad/Props/buttonsGeneric/clusterSwitches04/genericClusterSwitches04'
[LOG 11:24:58.923] PartLoader: Compiling Internal Prop 'Squad/Props/buttonsGeneric/clusterSwitches05/genericClusterSwitches05'
[LOG 11:24:58.923] PartLoader: Compiling Internal Prop 'Squad/Props/buttonsGeneric/clusterSwitches06/genericClusterSwitches06'
[LOG 11:24:58.924] PartLoader: Compiling Internal Prop 'Squad/Props/buttonsGeneric/clusterSwitches07/genericClusterSwitches07'
[LOG 11:24:58.924] PartLoader: Compiling Internal Prop 'Squad/Props/buttonsGeneric/directionalKnob/genericDirectionalKnob'
[LOG 11:24:58.925] PartLoader: Compiling Internal Prop 'Squad/Props/buttonsGeneric/directionalKnob2/genericDirectionalKnob2'
[LOG 11:24:58.925] PartLoader: Compiling Internal Prop 'Squad/Props/buttonsGeneric/pullSwitch/genericPullSwitch'
[LOG 11:24:58.926] PartLoader: Compiling Internal Prop 'Squad/Props/buttonsGeneric/squareButton/genericSquareButton'
[LOG 11:24:58.926] PartLoader: Compiling Internal Prop 'Squad/Props/buttonsGeneric/standingSwitch/genericStandingSwitch'
[LOG 11:24:58.927] PartLoader: Compiling Internal Prop 'Squad/Props/buttonsGeneric/switch/genericSwitch'
[LOG 11:24:58.927] PartLoader: Compiling Internal Prop 'Squad/Props/buttonsGeneric/switchWithGuards/genericSwitchWithGuards'
[LOG 11:24:58.928] PartLoader: Compiling Internal Prop 'Squad/Props/ButtonSquare/prop/ButtonSquare'
[LOG 11:24:58.930] PartLoader: Compiling Internal Prop 'Squad/Props/circularButton/prop/circularButton'
[LOG 11:24:58.931] PartLoader: Compiling Internal Prop 'Squad/Props/Compass/prop/Compass'
[LOG 11:24:58.932] PartLoader: Compiling Internal Prop 'Squad/Props/directionalKnob/prop/directionalKnob'
[LOG 11:24:58.933] PartLoader: Compiling Internal Prop 'Squad/Props/directionalKnob2/prop/directionalKnob2'
[LOG 11:24:58.933] PartLoader: Compiling Internal Prop 'Squad/Props/IndicatorPanel/prop/IndicatorPanel'
[LOG 11:24:58.936] PartLoader: Compiling Internal Prop 'Squad/Props/IVANavBall/prop/NavBall'
[LOG 11:24:58.939] PartLoader: Compiling Internal Prop 'Squad/Props/IVANavBallNoBase/prop/NavBallNoBase'
[LOG 11:24:58.939] PartLoader: Compiling Internal Prop 'Squad/Props/ledPanelSpeed/prop/ledPanelSpeed'
[LOG 11:24:58.942] PartLoader: Compiling Internal Prop 'Squad/Props/Monitor/DockingMode/MonitorDockingMode'
[LOG 11:24:58.942] PartLoader: Compiling Internal Prop 'Squad/Props/NavBall/prop/NavBall'
[LOG 11:24:58.943] PartLoader: Compiling Internal Prop 'Squad/Props/PropsGeneric/Button_DockingMode/Button_DockingMode'
[LOG 11:24:58.943] PartLoader: Compiling Internal Prop 'Squad/Props/PropsGeneric/CargoBagA/CargoBagA'
[LOG 11:24:58.944] PartLoader: Compiling Internal Prop 'Squad/Props/PropsGeneric/CargoBagB/CargoBagB'
[LOG 11:24:58.944] PartLoader: Compiling Internal Prop 'Squad/Props/PropsGeneric/CargoBagC/CargoBagC'
[LOG 11:24:58.945] PartLoader: Compiling Internal Prop 'Squad/Props/PropsGeneric/Hatch_Plane/Hatch_Plane'
[LOG 11:24:58.946] PartLoader: Compiling Internal Prop 'Squad/Props/PropsGeneric/Hatch_Plane_Curve90/Hatch_Plane_Curve90'
[LOG 11:24:58.946] PartLoader: Compiling Internal Prop 'Squad/Props/PropsGeneric/Hatch_Plane_Frame/Hatch_Plane_Frame'
[LOG 11:24:58.947] PartLoader: Compiling Internal Prop 'Squad/Props/PropsGeneric/Seat_Passenger/Seat_Passenger'
[LOG 11:24:58.947] PartLoader: Compiling Internal Prop 'Squad/Props/PropsGeneric/Seat_Pilot/Seat_Pilot'
[LOG 11:24:58.948] PartLoader: Compiling Internal Prop 'Squad/Props/PropsGeneric/Seat_Pilot_Helmet/Seat_Pilot_Helmet'
[LOG 11:24:58.949] PartLoader: Compiling Internal Prop 'Squad/Props/PropsGeneric/SideStick/SideStick'
[LOG 11:24:58.949] PartLoader: Compiling Internal Prop 'Squad/Props/pullSwitch/prop/pullSwitch'
[LOG 11:24:58.950] PartLoader: Compiling Internal Prop 'Squad/Props/radarAltitude/prop/RadarAltimeter'
[LOG 11:24:58.952] PartLoader: Compiling Internal Prop 'Squad/Props/squareButton/prop/squareButton'
[LOG 11:24:58.952] PartLoader: Compiling Internal Prop 'Squad/Props/standingSwitch/prop/standingSwitch'
[LOG 11:24:58.953] PartLoader: Compiling Internal Prop 'Squad/Props/switch/prop/switch'
[LOG 11:24:58.954] PartLoader: Compiling Internal Prop 'Squad/Props/switchGuard/prop/switchGuard'
[LOG 11:24:58.954] PartLoader: Compiling Internal Prop 'Squad/Props/switchWithGuards/prop/switchWithGuards'
[LOG 11:24:58.955] PartLoader: Compiling Internal Prop 'Squad/Props/throttle/prop/throttle'
[LOG 11:24:58.956] PartLoader: Compiling Internal Prop 'Squad/Props/VSI/prop/VSI'
[LOG 11:24:58.958] PartLoader: Compiling Internal Space 'Squad/Spaces/crewCabinInternals/internal/crewCabinInternals'
[LOG 11:24:58.966] PartLoader: Compiling Internal Space 'Squad/Spaces/cupolaInternal/internal/cupolaInternal'
[LOG 11:24:58.982] PartLoader: Compiling Internal Space 'Squad/Spaces/GenericSpace1/internal/GenericSpace1'
[LOG 11:24:58.984] PartLoader: Compiling Internal Space 'Squad/Spaces/GenericSpace3/internal/GenericSpace3'
[LOG 11:24:58.986] PartLoader: Compiling Internal Space 'Squad/Spaces/landerCabinInternals/internal/landerCabinInternals'
[LOG 11:24:58.988] PartLoader: Compiling Internal Space 'Squad/Spaces/landerCabinSmallInternal/internal/landerCabinSmallInternal'
[LOG 11:24:58.992] PartLoader: Compiling Internal Space 'Squad/Spaces/LargeCrewedLabInternals/internal/Mobile_Processing_Lab_Int'
[LOG 11:24:58.995] PartLoader: Compiling Internal Space 'Squad/Spaces/Mk1-3/internal/Mk1-3'
[LOG 11:24:59.003] PartLoader: Compiling Internal Space 'Squad/Spaces/mk1CabinInternal/internal/mk1CabinInternal'
[LOG 11:24:59.008] PartLoader: Compiling Internal Space 'Squad/Spaces/mk1CockpitInternal/internal/mk1CockpitInternal'
[LOG 11:24:59.017] PartLoader: Compiling Internal Space 'Squad/Spaces/mk1InlineInternal/internal/mk1InlineInternal'
[LOG 11:24:59.023] PartLoader: Compiling Internal Space 'Squad/Spaces/mk1PodCockpit/internal/mk1PodCockpit'
[LOG 11:24:59.026] PartLoader: Compiling Internal Space 'Squad/Spaces/mk1pod_IVA/mk1pod_Internal/mk1pod_IVA'
[LOG 11:24:59.035] PartLoader: Compiling Internal Space 'Squad/Spaces/mk2CockpitStandardInternal/internal/mk2CockpitStandardInternals'
[LOG 11:24:59.044] PartLoader: Compiling Internal Space 'Squad/Spaces/Mk2CrewCabinInternal/internal_MK2_CrewCab/MK2_CrewCab_Int'
[LOG 11:24:59.050] PartLoader: Compiling Internal Space 'Squad/Spaces/mk2InlineInternal/internal/mk2InlineInternal'
[LOG 11:24:59.061] PartLoader: Compiling Internal Space 'Squad/Spaces/mk2LanderCanInternal/internal/mk2LanderCanInternal'
[LOG 11:24:59.069] PartLoader: Compiling Internal Space 'Squad/Spaces/MK3CockpitInternal/internal_MK3/MK3_Cockpit_Int'
[LOG 11:24:59.084] PartLoader: Compiling Internal Space 'Squad/Spaces/MK3_CrewCab_Int/internal_MK3_CrewCab/MK3_CrewCab_Int'
[LOG 11:24:59.087] InternalSeat: Cannot find portraitCamera of name 'Camera_Left003'
[LOG 11:24:59.094] PartLoader: Compiling Internal Space 'Squad/Spaces/Placeholder/internal/Placeholder'
[LOG 11:24:59.104] PartLoader: Compiling Internal Space 'Squad/Spaces/PodCockpit/internal/PodCockpit'
[LOG 11:24:59.113] PartLoader: Compiling Internal Space 'SquadExpansion/MakingHistory/Spaces/KVPods/Airlock_Internal/Airlock_IVA'
[LOG 11:24:59.114] PartLoader: Compiling Internal Space 'SquadExpansion/MakingHistory/Spaces/KVPods/KV1_Internal/KV1_IVA'
[LOG 11:24:59.118] PartLoader: Compiling Internal Space 'SquadExpansion/MakingHistory/Spaces/KVPods/KV2_Internal/KV2_IVA'
[LOG 11:24:59.124] PartLoader: Compiling Internal Space 'SquadExpansion/MakingHistory/Spaces/KVPods/KV3_Internal/KV3_IVA'
[LOG 11:24:59.130] PartLoader: Compiling Internal Space 'SquadExpansion/MakingHistory/Spaces/MEM/MEM_IVA/MEM_IVA'
[LOG 11:24:59.141] PartLoader: Compiling Internal Space 'SquadExpansion/MakingHistory/Spaces/Mk2Pod/Mk2Pod_Internal/MK2POD_IVA'
[LOG 11:25:00.263] Assets:
[LOG 11:25:00.263] anim_missionsapp_idle.anim
[LOG 11:25:00.263] anim_missionsapp_idle_warning.anim
[LOG 11:25:00.263] anim_missionsapp_warning.anim
[LOG 11:25:00.264] anim_missionssapp.anim
[LOG 11:25:00.264] animcontroller_missionsappmaster.controller
[LOG 11:25:00.264] app_bg.tif
[LOG 11:25:00.264] app_bottom_gray.tif
[LOG 11:25:00.264] app_divider_pulldown_body.tif
[LOG 11:25:00.264] app_divider_pulldown_footer.tif
[LOG 11:25:00.264] app_divider_pulldown_header.tif
[LOG 11:25:00.264] app_divider_pulldown_header_over.tif
[LOG 11:25:00.264] app_header_gray.tif
[LOG 11:25:00.264] app_missions_icon_active.tif
[LOG 11:25:00.264] app_missions_icon_complete.tif
[LOG 11:25:00.264] app_missions_icon_failed.tif
[LOG 11:25:00.264] app_missions_icon_inactive.tif
[LOG 11:25:00.264] spritesheet_missionsapp.tif
[LOG 11:25:00.264] spritesheet_missionsappwarning.tif
[LOG 11:25:00.264] missionbriefingdialog.prefab
[LOG 11:25:00.264] missionbriefingtag.prefab
[LOG 11:25:00.264] awardwidget.prefab
[LOG 11:25:00.264] missionenddialog.prefab
[LOG 11:25:00.265] missionitemwidget.prefab
[LOG 11:25:00.265] missionplaybutton.prefab
[LOG 11:25:00.265] missionplaydialog.prefab
[LOG 11:25:00.265] missionsteamitemwidget.prefab
[LOG 11:25:00.265] missionvalidationdialog.prefab
[LOG 11:25:00.265] validationentry.prefab
[LOG 11:25:00.265] comettoken.fbx
[LOG 11:25:00.265] comettoken.jpg
[LOG 11:25:00.265] placementegizmo_comet.mat
[LOG 11:25:00.265] placementegizmo_comet_tail.mat
[LOG 11:25:00.265] femalevintagepreview.prefab
[LOG 11:25:00.265] malevintagepreview.prefab
[LOG 11:25:00.265] checkpointentrywidget.prefab
[LOG 11:25:00.265] crewmanagementdialog.prefab
[LOG 11:25:00.265] listitem_vesseltitle.prefab
[LOG 11:25:00.265] missionbrowser.prefab
[LOG 11:25:00.265] missioncheckpointbrowser.prefab
[LOG 11:25:00.266] missioncrewlistitem.prefab
[LOG 11:25:00.266] missionentrywidget.prefab
[LOG 11:25:00.266] missiontemplateentrywidget.prefab
[LOG 11:25:00.266] partcategorizerbutton.prefab
[LOG 11:25:00.266] partselectorbrowser.prefab
[LOG 11:25:00.266] partselectorentry.prefab
[LOG 11:25:00.266] gaputil_vesselframe.prefab
[LOG 11:25:00.266] meguiconnector.prefab
[LOG 11:25:00.266] meguinode.prefab
[LOG 11:25:00.266] meguinodecategorybutton.prefab
[LOG 11:25:00.266] meguinodeicon.prefab
[LOG 11:25:00.266] meguinodeicongroup.prefab
[LOG 11:25:00.266] meguiscrollviewitem.prefab
[LOG 11:25:00.266] meiconloaderbasicnode.prefab
[LOG 11:25:00.266] meiconloadergap.prefab
[LOG 11:25:00.266] meiconloadernodecategorizer.prefab
[LOG 11:25:00.266] menodecanvas.prefab
[LOG 11:25:00.266] missioneditorscreen.prefab
[LOG 11:25:00.267] nodelisttooltip.prefab
[LOG 11:25:00.267] nodelisttooltipextinfolistspacer.prefab
[LOG 11:25:00.267] orbitgizmo.prefab
[LOG 11:25:00.267] biomeshighlight.shader
[LOG 11:25:00.267] projector-surfacegizmo.shader
[LOG 11:25:00.267] scaledplanetbiomeshighlight.shader
[LOG 11:25:00.267] sprites-alwaysover.shader
[LOG 11:25:00.267] ui-unlit-infinite.shader
[LOG 11:25:00.267] ui-unlit-solid.shader
[LOG 11:25:00.267] assetgraph_connectionpoint_inputmark.png
[LOG 11:25:00.267] assetgraph_inputbg.png
[LOG 11:25:00.267] boldly.png
[LOG 11:25:00.267] carpool.png
[LOG 11:25:00.268] frugal.png
[LOG 11:25:00.268] homesick.png
[LOG 11:25:00.268] keys.png
[LOG 11:25:00.268] saint.png
[LOG 11:25:00.268] sinner.png
[LOG 11:25:00.268] thespot.png
[LOG 11:25:00.268] timekeeper.png
[LOG 11:25:00.268] helmetbronze.png
[LOG 11:25:00.268] helmetgold.png
[LOG 11:25:00.268] helmetsilver.png
[LOG 11:25:00.268] action-part-resource-drain.png
[LOG 11:25:00.268] change-part-resource-levels.png
[LOG 11:25:00.268] create-asteroid.png
[LOG 11:25:00.268] create-kerbal.png
[LOG 11:25:00.268] create-vessel.png
[LOG 11:25:00.268] crew-assignment.png
[LOG 11:25:00.268] dialog-message.png
[LOG 11:25:00.268] display-message.png
[LOG 11:25:00.269] fail-part.png
[LOG 11:25:00.269] fly-through.png
[LOG 11:25:00.269] funds-recovery.png
[LOG 11:25:00.269] generic-node.png
[LOG 11:25:00.269] go-to.png
[LOG 11:25:00.269] kerbal-boarded.png
[LOG 11:25:00.269] kerbal-recovery.png
[LOG 11:25:00.269] kerbal-rescue.png
[LOG 11:25:00.269] launch-site.png
[LOG 11:25:00.269] leave-soi.png
[LOG 11:25:00.269] orbit.png
[LOG 11:25:00.269] part-explode.png
[LOG 11:25:00.269] plant-flag.png
[LOG 11:25:00.269] reach-soi.png
[LOG 11:25:00.269] repair-part.png
[LOG 11:25:00.269] resource-amount.png
[LOG 11:25:00.269] resource-recovery.png
[LOG 11:25:00.269] science-experiment.png
[LOG 11:25:00.269] score.png
[LOG 11:25:00.269] take-tourist.png
[LOG 11:25:00.270] test-altitude.png
[LOG 11:25:00.270] test-eva.png
[LOG 11:25:00.270] test-grapple.png
[LOG 11:25:00.270] time-of-flight.png
[LOG 11:25:00.270] time-of-mission.png
[LOG 11:25:00.270] time-since-node.png
[LOG 11:25:00.270] vessel-crashed.png
[LOG 11:25:00.270] vessel-crew-count.png
[LOG 11:25:00.270] vessel-explode.png
[LOG 11:25:00.270] vessel-flying.png
[LOG 11:25:00.270] vessel-landed.png
[LOG 11:25:00.270] vessel-mass.png
[LOG 11:25:00.270] vessel-splashed.png
[LOG 11:25:00.270] vessel-stage-activated.png
[LOG 11:25:00.270] vessel-stage.png
[LOG 11:25:00.270] arrange-graph.png
[LOG 11:25:00.270] builderbuttons_briefing.png
[LOG 11:25:00.270] builderbuttons_reset.png
[LOG 11:25:00.270] builderbuttons_trackingstation.png
[LOG 11:25:00.270] frame-graph.png
[LOG 11:25:00.270] lock.png
[LOG 11:25:00.270] maximize.png
[LOG 11:25:00.270] minimize.png
[LOG 11:25:00.270] pin.png
[LOG 11:25:00.270] pin_down.png
[LOG 11:25:00.270] redo.png
[LOG 11:25:00.270] reset.png
[LOG 11:25:00.270] tracking-station.png
[LOG 11:25:00.271] undo.png
[LOG 11:25:00.271] visible-in-gap.png
[LOG 11:25:00.271] location.png
[LOG 11:25:00.271] logic.png
[LOG 11:25:00.271] science.png
[LOG 11:25:00.271] utility.png
[LOG 11:25:00.271] vessel.png
[LOG 11:25:00.271] eye.png
[LOG 11:25:00.271] iconmb.png
[LOG 11:25:00.271] me_btn_generic_normal.tif
[LOG 11:25:00.271] me_button_generic_normal.tif
[LOG 11:25:00.271] nodecat_bg.png
[LOG 11:25:00.271] nodecat_divider.tif
[LOG 11:25:00.271] nodecat_divider_bottom.tif
[LOG 11:25:00.271] pholderwarningicon.png
[LOG 11:25:00.271] reseticon.png
[LOG 11:25:00.271] validityindicator.controller
[LOG 11:25:00.271] validtyinidicatorpulse.anim
[LOG 11:25:00.271] broadorbittoggle button.png
[LOG 11:25:00.271] maneuvertoggle button.png
[LOG 11:25:00.271] orbitalgizmoicons.png
[LOG 11:25:00.271] reset orbit button.png
[LOG 11:25:00.271] nodelabel.prefab
[LOG 11:25:00.271] kerbaleva_female_exp.prefab
[LOG 11:25:00.271] kerbaleva_rd_exp.prefab
[LOG 11:25:00.271] missioneditorevabody.mat
[LOG 11:25:00.272] missioneditorevabodyalternate.mat
[LOG 11:25:00.272] missioneditorevabodybrown.mat
[LOG 11:25:00.272] missioneditorevaeyeballs.mat
[LOG 11:25:00.272] missioneditorevaeyes.mat
[LOG 11:25:00.272] missioneditorevahead.mat
[LOG 11:25:00.272] missioneditorevahelmet.mat
[LOG 11:25:00.272] missioneditorevahelmetred.mat
[LOG 11:25:00.272] missioneditorevajetpack.mat
[LOG 11:25:00.272] missioneditorevalight.mat
[LOG 11:25:00.272] kbevafemalevintage.prefab
[LOG 11:25:00.272] kbevavintage.prefab
[LOG 11:25:00.272] evalight.fbx
[LOG 11:25:00.272] kbeva@new.fbx
[LOG 11:25:00.272] kbeva@newfem.fbx
[LOG 11:25:00.272] mevahelmetlight.fbx
[LOG 11:25:00.272] evajetpackscondary.dds
[LOG 11:25:00.272] evajetpacksecondary_n.dds
[LOG 11:25:00.272] evalight.png
[LOG 11:25:00.272] kerbalmainnrm.dds
[LOG 11:25:00.272] me_suit_difuse_blue.dds
[LOG 11:25:00.272] me_suit_difuse_low_polybrown.dds
[LOG 11:25:00.272] me_suit_difuse_orange.dds
[LOG 11:25:00.272] kerbalfemalevintage.prefab
[LOG 11:25:00.272] kerbalmalevintage.prefab
[LOG 11:25:00.272] evahelmet.mat
[LOG 11:25:00.272] evatexture.mat
[LOG 11:25:00.272] kerbalgirl_06_basecolor.mat
[LOG 11:25:00.272] kerbalhead.mat
[LOG 11:25:00.272] lambert6.mat
[LOG 11:25:00.273] mat_eyeballs.mat
[LOG 11:25:00.273] mat_eyes01.mat
[LOG 11:25:00.273] material #4.mat
[LOG 11:25:00.273] mesh_female_kerbalastronaut01_kerbalgirl_export_15_lambert20.mat
[LOG 11:25:00.273] mesh_female_kerbalastronaut01_kerbalgirl_export_15_lambert21.mat
[LOG 11:25:00.273] kbfemale_iva_mecanim.fbx
[LOG 11:25:00.273] kbiva_mecanim.fbx
[LOG 11:25:00.273] kerbalicon_eva_female_vintage.tif
[LOG 11:25:00.273] kerbalicon_eva_vintage.tif
[LOG 11:25:00.273] kerbalicon_suit_female_vintage.tif
[LOG 11:25:00.273] kerbalicon_suit_orange_female_vintage.tif
[LOG 11:25:00.273] kerbalicon_suit_orange_vintage.tif
[LOG 11:25:00.273] kerbalicon_suit_vintage.tif
[LOG 11:25:00.273] gap_celestialbody_camerasetup.prefab
[LOG 11:25:00.273] gap_celestialbody_collisionsphere.prefab
[LOG 11:25:00.273] gap_celestialbody_surfacegizmo_area.prefab
[LOG 11:25:00.273] gap_celestialbody_surfacegizmo_basic.prefab
[LOG 11:25:00.273] gap_celestialbody_surfacegizmo_icon.prefab
[LOG 11:25:00.273] gap_celestialbody_surfacegizmo_vessel.prefab
[LOG 11:25:00.273] gap_celestialbody_surfacegizmo_volume.prefab
[LOG 11:25:00.273] gap_proceduralasteroid.prefab
[LOG 11:25:00.273] gap_proceduralcomet.prefab
[LOG 11:25:00.273] gapbuttonprefab.prefab
[LOG 11:25:00.274] gapkerbal_femaleveteran.prefab
[LOG 11:25:00.274] gapkerbal_femaleveteran_vintage.prefab
[LOG 11:25:00.274] gapkerbal_male_slimsuit.prefab
[LOG 11:25:00.274] gapkerbal_maleveteran.prefab
[LOG 11:25:00.274] gapkerbal_maleveteran_vintage.prefab
[LOG 11:25:00.274] gapscrollablesidebarbutton.prefab
[LOG 11:25:00.274] gapsidebarbutton.prefab
[LOG 11:25:00.274] gaptoggleprefab.prefab
[LOG 11:25:00.274] gaputil_biselector.prefab
[LOG 11:25:00.274] gaputil_celestialbody.prefab
[LOG 11:25:00.274] vesseldisplay_camerasetup.prefab
[LOG 11:25:00.274] desert_airfield.prefab
[LOG 11:25:00.274] desert_groundobjects.prefab
[LOG 11:25:00.274] desert_launch_site.prefab
[LOG 11:25:00.274] larkes.prefab
[LOG 11:25:00.274] floor bottom.mat
[LOG 11:25:00.274] floor top.mat
[LOG 11:25:00.274] legs.mat
[LOG 11:25:00.274] ramp.mat
[LOG 11:25:00.274] stairs grid lights pivot.mat
[LOG 11:25:00.274] supports 1.mat
[LOG 11:25:00.274] supports 2.mat
[LOG 11:25:00.274] tunnels.mat
[LOG 11:25:00.274] floor bottom.dds
[LOG 11:25:00.274] floor top.dds
[LOG 11:25:00.274] floor top_normal.dds
[LOG 11:25:00.274] legs.dds
[LOG 11:25:00.274] ramp.dds
[LOG 11:25:00.274] stairs grid lights pivot.dds
[LOG 11:25:00.275] supports 1.dds
[LOG 11:25:00.275] supports 2.dds
[LOG 11:25:00.275] tunnels.dds
[LOG 11:25:00.275] diffuse.mat
[LOG 11:25:00.275] floor bottom_base_color.mat
[LOG 11:25:00.275] floor top_base_color.mat
[LOG 11:25:00.275] legs_base_color.mat
[LOG 11:25:00.275] ramp_base_color.mat
[LOG 11:25:00.275] stairs grid lights pivot_base_colormodpsd.mat
[LOG 11:25:00.275] stairs_grid_lights_pivot_base_color.mat
[LOG 11:25:00.275] supports 1_base_color.mat
[LOG 11:25:00.275] supports 2_base_color.mat
[LOG 11:25:00.275] tunnels_base_color.mat
[LOG 11:25:00.275] mobilelaunchpad_19.fbx
[LOG 11:25:00.275] pontoons.fbx
[LOG 11:25:00.275] pontoons_diffuse.dds
[LOG 11:25:00.275] ramp_normal.png
[LOG 11:25:00.275] 1001_base_color.mat
[LOG 11:25:00.275] desert groundtransition.mat
[LOG 11:25:00.275] desert groundtransition_highquality.mat
[LOG 11:25:00.275] desert groundtransition_lowquality.mat
[LOG 11:25:00.275] desert groundtransition_mediumquality.mat
[LOG 11:25:00.275] desert groundtransition_ultraquality.mat
[LOG 11:25:00.275] desert runway sand.mat
[LOG 11:25:00.275] desert runway stone.mat
[LOG 11:25:00.275] mobilelaunchpad.prefab
[LOG 11:25:00.275] woomerang_groundobjects.prefab
[LOG 11:25:00.275] woomerang_launch_site.prefab
[LOG 11:25:00.276] Scenes:
[LOG 11:25:00.276] kspMissionEditor.unity
[LOG 11:25:09.174] Assets:
[LOG 11:25:09.174] appanim_missionsapp.prefab
[LOG 11:25:09.174] cascading_body_missionheader.prefab
[LOG 11:25:09.174] cascading_body_missioninfo.prefab
[LOG 11:25:09.174] cascading_body_missionobjective.prefab
[LOG 11:25:09.174] cascading_body_missionsvesselheader.prefab
[LOG 11:25:09.174] cascading_body_missionsvesselitem.prefab
[LOG 11:25:09.174] cascading_body_settingsbutton.prefab
[LOG 11:25:09.174] cascading_body_settingstoggle.prefab
[LOG 11:25:09.174] missionsapp.prefab
[LOG 11:25:09.174] axislimitline.prefab
[LOG 11:25:09.175] controlleraction.prefab
[LOG 11:25:09.175] controlleraxis.prefab
[LOG 11:25:09.175] controllerwindow.prefab
[LOG 11:25:09.175] curvepanelpoint.prefab
[LOG 11:25:09.175] curvepanelpointaction.prefab
[LOG 11:25:09.175] axis_align_ends.png
[LOG 11:25:09.175] axis_clamp_values.png
[LOG 11:25:09.175] axis_copy.png
[LOG 11:25:09.175] axis_flip_horizontal.png
[LOG 11:25:09.175] axis_flip_vertical.png
[LOG 11:25:09.175] axis_move_down-trackrow.png
[LOG 11:25:09.175] axis_move_down.png
[LOG 11:25:09.175] axis_move_up-trackrow.png
[LOG 11:25:09.175] axis_move_up.png
[LOG 11:25:09.175] axis_paste.png
[LOG 11:25:09.175] axis_preset_flat.png
[LOG 11:25:09.175] axis_preset_sawtooth.png
[LOG 11:25:09.175] axis_preset_sine.png
[LOG 11:25:09.175] axis_preset_square.png
[LOG 11:25:09.175] axis_preset_triangle.png
[LOG 11:25:09.175] axis_select_all.png
[LOG 11:25:09.175] background_squared_inset.png
[LOG 11:25:09.175] close.png
[LOG 11:25:09.175] direction_forward.png
[LOG 11:25:09.175] direction_reverse.png
[LOG 11:25:09.175] edit.png
[LOG 11:25:09.175] fieldlimitline.png
[LOG 11:25:09.175] keyframe_add.png
[LOG 11:25:09.175] keyframe_clamp_value.png
[LOG 11:25:09.176] keyframe_delete.png
[LOG 11:25:09.176] keyframe_linear.png
[LOG 11:25:09.176] keyframe_smooth.png
[LOG 11:25:09.176] keyframe_step_backward.png
[LOG 11:25:09.176] keyframe_step_forward.png
[LOG 11:25:09.176] line.png
[LOG 11:25:09.176] line_dashed.png
[LOG 11:25:09.176] loop_pingpong.png
[LOG 11:25:09.176] loop_playonce.png
[LOG 11:25:09.176] loop_repeat.png
[LOG 11:25:09.176] node.png
[LOG 11:25:09.176] node_circle.png
[LOG 11:25:09.176] node_square.png
[LOG 11:25:09.176] pause.png
[LOG 11:25:09.176] play.png
[LOG 11:25:09.176] pointer.png
[LOG 11:25:09.176] remove-axis.png
[LOG 11:25:09.176] remove_key.png
[LOG 11:25:09.176] resize_icon.png
[LOG 11:25:09.176] sequence_resize_button_states.png
[LOG 11:25:09.176] sequence_resize_maintain.png
[LOG 11:25:09.176] sequence_resize_scale.png
[LOG 11:25:09.176] sequence_speed.png
[LOG 11:25:09.176] tracking_editor_button_states.png
[LOG 11:25:09.176] femalefuturepreview.prefab
[LOG 11:25:09.176] malefuturepreview.prefab
[LOG 11:25:09.176] kbfemale@controlpanel_a.fbx
[LOG 11:25:09.176] kbfemale@controlpanel_b.fbx
[LOG 11:25:09.176] kbfemale@controlpanel_c.fbx
[LOG 11:25:09.177] kbfemale@rocksample.fbx
[LOG 11:25:09.177] hammerfemale.fbx
[LOG 11:25:09.177] hammermale.fbx
[LOG 11:25:09.177] kbeva@controlpanel_a.fbx
[LOG 11:25:09.177] kbeva@controlpanel_b.fbx
[LOG 11:25:09.177] kbeva@controlpanel_c.fbx
[LOG 11:25:09.177] kbeva@rocksample.fbx
[LOG 11:25:09.177] kerbaleva_female_future.prefab
[LOG 11:25:09.177] kerbaleva_rd_future.prefab
[LOG 11:25:09.177] futureevabody.mat
[LOG 11:25:09.177] futureevabodyalternate.mat
[LOG 11:25:09.177] futureevajetpack.mat
[LOG 11:25:09.177] futureevalight.mat
[LOG 11:25:09.177] futurehelmet.mat
[LOG 11:25:09.177] kbevafemalefuture.prefab
[LOG 11:25:09.177] kbevafuture.prefab
[LOG 11:25:09.177] kbeva@new.fbx
[LOG 11:25:09.177] kbeva@newfem.fbx
[LOG 11:25:09.177] mevahelmetlight.fbx
[LOG 11:25:09.177] serenityfemaleeva.fbx
[LOG 11:25:09.177] serenityflares.fbx
[LOG 11:25:09.177] serenitymaleeva.fbx
[LOG 11:25:09.177] evajetpacknrm.dds
[LOG 11:25:09.177] futuresuit_diffuse_orange.dds
[LOG 11:25:09.177] futuresuit_diffuse_whiteblue.dds
[LOG 11:25:09.177] futuresuit_diffuse_whiteorange.dds
[LOG 11:25:09.177] futuresuit_emissive.dds
[LOG 11:25:09.177] futuresuit_evalight.png
[LOG 11:25:09.177] futuresuitmainnrm.dds
[LOG 11:25:09.178] ksp_ig_jetpack_diffuse.jpg
[LOG 11:25:09.178] kerbalfemalefuture.prefab
[LOG 11:25:09.178] kerbalmalefuture.prefab
[LOG 11:25:09.178] futuresuit_diffuse.mat
[LOG 11:25:09.178] serenityfemaleiva.fbx
[LOG 11:25:09.178] serenitymaleiva.fbx
[LOG 11:25:09.178] kerbalicon_eva_female_future.tif
[LOG 11:25:09.178] kerbalicon_eva_future.tif
[LOG 11:25:09.178] kerbalicon_suit_female_future.tif
[LOG 11:25:09.178] kerbalicon_suit_future.tif
[LOG 11:25:09.178] kerbalicon_suit_orange_female_future.tif
[LOG 11:25:09.178] kerbalicon_suit_orange_future.tif
[LOG 11:25:09.178] bottom_emissor.mat
[LOG 11:25:09.178] burst_emissor.mat
[LOG 11:25:09.178] burstprojectiles_emissor.mat
[LOG 11:25:09.178] constantburst_emissor.mat
[LOG 11:25:09.178] snowflakes_emissor.mat
[LOG 11:25:09.178] vapor_emissor.mat
[LOG 11:25:09.178] base_0.mat
[LOG 11:25:09.178] base_1.mat
[LOG 11:25:09.178] base_2.mat
[LOG 11:25:09.178] base_3_1.mat
[LOG 11:25:09.178] base_3_2.mat
[LOG 11:25:09.178] vapor.mat
[LOG 11:25:09.178] burst.png
[LOG 11:25:09.178] cloud2.png
[LOG 11:25:09.178] v1.png
[LOG 11:25:09.178] v2.png
[LOG 11:25:09.178] v3.png
[LOG 11:25:09.179] v5.png
[LOG 11:25:09.179] gapkerbal_female_future.prefab
[LOG 11:25:09.179] gapkerbal_male_future.prefab
[LOG 11:25:09.179] hammerfemale.prefab
[LOG 11:25:09.179] hammermale.prefab
[LOG 11:25:09.179] bopgravelpile.prefab
[LOG 11:25:09.179] bopgravelpile.fbx
[LOG 11:25:09.179] bop_gravel pile_d.mat
[LOG 11:25:09.179] lambert1.mat
[LOG 11:25:09.179] bop_gravel pile_d.png
[LOG 11:25:09.179] bop_gravel pile_d.tga
[LOG 11:25:09.179] bop_gravel pile_n.png
[LOG 11:25:09.179] bop_gravel pile_s.png
[LOG 11:25:09.179] drescrater.prefab
[LOG 11:25:09.179] dresmeteorite.prefab
[LOG 11:25:09.179] drescrater.fbx
[LOG 11:25:09.179] dresmeteorite.fbx
[LOG 11:25:09.179] dres_crater_d.mat
[LOG 11:25:09.179] dres_meteorite_d.mat
[LOG 11:25:09.179] lambert1.mat
[LOG 11:25:09.179] dres_crater_d.tga
[LOG 11:25:09.179] dres_crater_n.png
[LOG 11:25:09.179] dres_meteorite_d.tga
[LOG 11:25:09.179] dres_meteorite_n.png
[LOG 11:25:09.179] dunablueberries.prefab
[LOG 11:25:09.179] dunadune.prefab
[LOG 11:25:09.179] dunameteorite.prefab
[LOG 11:25:09.179] dunastone.prefab
[LOG 11:25:09.179] dunaasteroid.fbx
[LOG 11:25:09.180] dunablueberries.fbx
[LOG 11:25:09.180] dunadune.fbx
[LOG 11:25:09.180] dunastone.fbx
[LOG 11:25:09.180] duna_asteroid_d.mat
[LOG 11:25:09.180] duna_dune_d.mat
[LOG 11:25:09.180] duna_stone_d.mat
[LOG 11:25:09.180] dune_blueberries_d.mat
[LOG 11:25:09.180] lambert1.mat
[LOG 11:25:09.180] duna_asteroid_d.tga
[LOG 11:25:09.180] duna_asteroid_n.png
[LOG 11:25:09.180] duna_dune_d.tga
[LOG 11:25:09.180] duna_dune_n.tga
[LOG 11:25:09.180] duna_stone_d.tga
[LOG 11:25:09.180] duna_stone_n.png
[LOG 11:25:09.180] dune_blueberries_d.tga
[LOG 11:25:09.180] dune_blueberries_n.png
[LOG 11:25:09.180] eelooberg.prefab
[LOG 11:25:09.180] eeloobrownboulder.prefab
[LOG 11:25:09.180] eelooicechunk.prefab
[LOG 11:25:09.180] eelooberg.fbx
[LOG 11:25:09.180] eelooboulder.fbx
[LOG 11:25:09.180] eelooicechunk.fbx
[LOG 11:25:09.180] eeloo_alien_glacier_d.mat
[LOG 11:25:09.180] eeloo_brown_ boulder_d.mat
[LOG 11:25:09.180] eeloo_ice chunk_d.mat
[LOG 11:25:09.180] lambert1.mat
[LOG 11:25:09.180] eeloo_alien_glacier_d.tga
[LOG 11:25:09.180] eeloo_alien_glacier_e.tga
[LOG 11:25:09.180] eeloo_alien_glacier_n.png
[LOG 11:25:09.181] eeloo_brown_ boulder_d.tga
[LOG 11:25:09.181] eeloo_brown_ boulder_n.png
[LOG 11:25:09.181] eeloo_ice chunk_d.tga
[LOG 11:25:09.181] eeloo_ice chunk_e.tga
[LOG 11:25:09.181] eeloo_ice chunk_n.png
[LOG 11:25:09.181] eeloo_ice chunk_s.tga
[LOG 11:25:09.181] evebasaltformation.prefab
[LOG 11:25:09.181] evepancakedome.prefab
[LOG 11:25:09.181] evevolcanicrock.prefab
[LOG 11:25:09.181] evebasaltformation.fbx
[LOG 11:25:09.181] evepancakeformation.fbx
[LOG 11:25:09.181] evevolcanicrock.fbx
[LOG 11:25:09.181] eve basalt formation_d.mat
[LOG 11:25:09.181] eve pancake formation_d.mat
[LOG 11:25:09.181] eve volcanic rock_d.mat
[LOG 11:25:09.181] lambert1.mat
[LOG 11:25:09.181] eve basalt formation_d.tga
[LOG 11:25:09.181] eve basalt formation_n.tga
[LOG 11:25:09.181] eve pancake formation_d.tga
[LOG 11:25:09.181] eve pancake formation_e.png
[LOG 11:25:09.181] eve pancake formation_n.png
[LOG 11:25:09.181] eve volcanic rock_d.tga
[LOG 11:25:09.181] eve volcanic rock_n.png
[LOG 11:25:09.181] gillyridgeline.fbx
[LOG 11:25:09.181] gilly ridegeline_d.mat
[LOG 11:25:09.181] lambert1.mat
[LOG 11:25:09.181] gillyridgeline.prefab
[LOG 11:25:09.181] gilly ridegeline_d.tga
[LOG 11:25:09.182] gilly ridegeline_n.png
[LOG 11:25:09.182] dunaejecta.prefab
[LOG 11:25:09.182] ikedunaejecta.fbx
[LOG 11:25:09.182] ike_duna_ejecta_mat.mat
[LOG 11:25:09.182] ike duna ejecta_d.tga
[LOG 11:25:09.182] ike duna ejecta_n.png
[LOG 11:25:09.182] kerbinbaobabtree.fbx
[LOG 11:25:09.182] kerbinquartz.fbx
[LOG 11:25:09.182] baobaptree.mat
[LOG 11:25:09.182] kerbin_baobab_tree_d.mat
[LOG 11:25:09.182] kerbin_boabob_tree_d.mat
[LOG 11:25:09.182] kerbin_giant_quartz_d.mat
[LOG 11:25:09.182] lambert1.mat
[LOG 11:25:09.182] lambert2.mat
[LOG 11:25:09.182] kerbinbaobabtree.prefab
[LOG 11:25:09.182] kerbinquartz.prefab
[LOG 11:25:09.182] kerbin_baobab_tree_alpha.png
[LOG 11:25:09.182] kerbin_baobab_tree_d.tga
[LOG 11:25:09.182] kerbin_baobab_tree_n.png
[LOG 11:25:09.182] kerbin_giant_quartz_d.tga
[LOG 11:25:09.182] kerbin_giant_quartz_e.tga
[LOG 11:25:09.182] kerbin_giant_quartz_n.tga
[LOG 11:25:09.182] kerbin_giant_quartz_s.tga
[LOG 11:25:09.182] laytheboulder.fbx
[LOG 11:25:09.182] laythegeyser.fbx
[LOG 11:25:09.182] laythestone.fbx
[LOG 11:25:09.182] lambert1.mat
[LOG 11:25:09.182] laythe_boulder_d.mat
[LOG 11:25:09.182] laythe_geyser_d.mat
[LOG 11:25:09.183] laythe_stone_d.mat
[LOG 11:25:09.183] laytheboulder.prefab
[LOG 11:25:09.183] laythegeyser.prefab
[LOG 11:25:09.183] laythestone.prefab
[LOG 11:25:09.183] laythe_boulder_d.tga
[LOG 11:25:09.183] laythe_boulder_n.png
[LOG 11:25:09.183] laythe_geyser_d.tga
[LOG 11:25:09.183] laythe_geyser_n.png
[LOG 11:25:09.183] laythe_stone_d.tga
[LOG 11:25:09.183] laythe_stone_n.png
[LOG 11:25:09.183] greensandstone.fbx
[LOG 11:25:09.183] lambert1.mat
[LOG 11:25:09.183] minmus_green_sandstone_d.mat
[LOG 11:25:09.183] minmus_olivine_formation_d.mat
[LOG 11:25:09.183] minmusolivineformation.fbx
[LOG 11:25:09.183] minmus_greensandstone.prefab
[LOG 11:25:09.183] minmus_olivineformation.prefab
[LOG 11:25:09.183] minmus_green_sandstone_d.tga
[LOG 11:25:09.183] minmus_green_sandstone_n.png
[LOG 11:25:09.183] minmus_olivine_formation_d.tga
[LOG 11:25:09.183] minmus_olivine_formation_n.png
[LOG 11:25:09.183] lambert1.mat
[LOG 11:25:09.183] moho wrinkleridge_d.mat
[LOG 11:25:09.183] moho_stone_d.mat
[LOG 11:25:09.183] mohostone.fbx
[LOG 11:25:09.183] mohowrinkleridge.fbx
[LOG 11:25:09.183] mohostone.prefab
[LOG 11:25:09.183] mohowrinkleridge.prefab
[LOG 11:25:09.183] moho wrinkleridge_d.tga
[LOG 11:25:09.184] moho wrinkleridge_e.png
[LOG 11:25:09.184] moho wrinkleridge_n.png
[LOG 11:25:09.184] moho_stone_d.tga
[LOG 11:25:09.184] moho_stone_n.png
[LOG 11:25:09.184] lambert1.mat
[LOG 11:25:09.184] mun_crater_d.mat
[LOG 11:25:09.184] mun_large_crater_d.mat
[LOG 11:25:09.184] mun_stone_d.mat
[LOG 11:25:09.184] muncrater.fbx
[LOG 11:25:09.184] munlargecrater.fbx
[LOG 11:25:09.184] munstone.fbx
[LOG 11:25:09.184] muncrater.prefab
[LOG 11:25:09.184] munlargecrater.prefab
[LOG 11:25:09.184] munstone.prefab
[LOG 11:25:09.184] mun_crater_d.tga
[LOG 11:25:09.184] mun_crater_n.png
[LOG 11:25:09.184] mun_large_crater_d.tga
[LOG 11:25:09.184] mun_large_crater_n.png
[LOG 11:25:09.184] mun_stone_d.tga
[LOG 11:25:09.184] mun_stone_n.png
[LOG 11:25:09.184] lambert1.mat
[LOG 11:25:09.184] pol_yellowstone_d.mat
[LOG 11:25:09.184] polyellowstone.fbx
[LOG 11:25:09.184] pol_yellowstones.prefab
[LOG 11:25:09.184] pol_yellowstone_d.png
[LOG 11:25:09.184] pol_yellowstone_n.png
[LOG 11:25:09.184] lambert1.mat
[LOG 11:25:09.184] tylo_checkerboard_d.mat
[LOG 11:25:09.184] tylo_dark boulder_d.mat
[LOG 11:25:09.185] tylo_light_d.mat
[LOG 11:25:09.185] tyloboulder.fbx
[LOG 11:25:09.185] tylocheckerboard.fbx
[LOG 11:25:09.185] tylolightstone.fbx
[LOG 11:25:09.185] tylo_ checkerboard_n.png
[LOG 11:25:09.185] tylo_checkerboard_d.png
[LOG 11:25:09.185] tylo_dark boulder_d.tga
[LOG 11:25:09.185] tylo_dark boulder_n.png
[LOG 11:25:09.185] tylo_light_d.tga
[LOG 11:25:09.185] tylo_light_n.png
[LOG 11:25:09.185] tylocheckerboard.prefab
[LOG 11:25:09.185] tylodarkboulder.prefab
[LOG 11:25:09.185] tylolightstone.prefab
[LOG 11:25:09.185] cryovolcano_d.mat
[LOG 11:25:09.185] lambert1.mat
[LOG 11:25:09.185] vallicechunk_d.mat
[LOG 11:25:09.185] vallstone_d.mat
[LOG 11:25:09.185] vall_cryovolcano.fbx
[LOG 11:25:09.185] vall_icechunk.fbx
[LOG 11:25:09.185] vall_stone.fbx
[LOG 11:25:09.185] cryovolcano_d.tga
[LOG 11:25:09.185] cryovolcano_e.png
[LOG 11:25:09.185] cryovolcano_n.jpg
[LOG 11:25:09.185] cryovolcano_s.jpg
[LOG 11:25:09.185] vallicechunk_d.jpg
[LOG 11:25:09.185] vallicechunk_e.jpg
[LOG 11:25:09.185] vallicechunk_n.jpg
[LOG 11:25:09.185] vallicechunk_s.jpg
[LOG 11:25:09.185] vallstone_d.jpg
[LOG 11:25:09.186] vallstone_e.jpg
[LOG 11:25:09.186] vallstone_n.jpg
[LOG 11:25:09.186] vallstone_s.jpg
[LOG 11:25:09.186] vallcryovolcano.prefab
[LOG 11:25:09.186] vallicechunk.prefab
[LOG 11:25:09.186] vallstone.prefab
[LOG 11:25:09.186] vfx_spark.mat
[LOG 11:25:09.186] vfx_welding_flare.mat
[LOG 11:25:09.186] cometdustmaterial.mat
[LOG 11:25:09.186] cometgeysermat.mat
[LOG 11:25:09.194] GetTypesOfModulesImplementingInterface2: Found 69 types with IPartModuleAdjuster interface in 8 assemblies.
[LOG 11:25:09.201] GetSubclassesOfParentClass: Found 0 types with ModuleActiveRadiator parent in 8 assemblies.
[LOG 11:25:09.207] GetSubclassesOfParentClass: Found 0 types with ModuleAlternator parent in 8 assemblies.
[LOG 11:25:09.213] GetSubclassesOfParentClass: Found 1 types with ModuleControlSurface parent in 8 assemblies.
[LOG 11:25:09.220] GetSubclassesOfParentClass: Found 0 types with ModuleDataTransmitter parent in 8 assemblies.
[LOG 11:25:09.226] GetSubclassesOfParentClass: Found 0 types with ModuleDeployableSolarPanel parent in 8 assemblies.
[LOG 11:25:09.231] GetSubclassesOfParentClass: Found 1 types with ModuleEngines parent in 8 assemblies.
[LOG 11:25:09.237] GetSubclassesOfParentClass: Found 0 types with ModuleGenerator parent in 8 assemblies.
[LOG 11:25:09.243] GetSubclassesOfParentClass: Found 0 types with ModuleGimbal parent in 8 assemblies.
[LOG 11:25:09.249] GetSubclassesOfParentClass: Found 2 types with ModuleLiftingSurface parent in 8 assemblies.
[LOG 11:25:09.255] GetSubclassesOfParentClass: Found 0 types with ModuleLight parent in 8 assemblies.
[LOG 11:25:09.261] GetSubclassesOfParentClass: Found 0 types with ModuleReactionWheel parent in 8 assemblies.
[LOG 11:25:09.267] GetSubclassesOfParentClass: Found 0 types with ModuleSAS parent in 8 assemblies.
[LOG 11:25:09.273] GetSubclassesOfParentClass: Found 0 types with ModuleWheelBrakes parent in 8 assemblies.
[LOG 11:25:09.278] GetSubclassesOfParentClass: Found 1 types with ModuleWheelMotor parent in 8 assemblies.
[LOG 11:25:09.278] GetSubclassesOfParentClass: Using cached results for ModuleActiveRadiator
[LOG 11:25:09.284] GetSubclassesOfParentClass: Found 0 types with ModuleAnchoredDecoupler parent in 8 assemblies.
[LOG 11:25:09.290] GetSubclassesOfParentClass: Found 0 types with ModuleCargoBay parent in 8 assemblies.
[LOG 11:25:09.290] GetSubclassesOfParentClass: Using cached results for ModuleControlSurface
[LOG 11:25:09.290] GetSubclassesOfParentClass: Using cached results for ModuleDataTransmitter
[LOG 11:25:09.296] GetSubclassesOfParentClass: Found 0 types with ModuleDecouple parent in 8 assemblies.
[LOG 11:25:09.302] GetSubclassesOfParentClass: Found 4 types with ModuleDeployablePart parent in 8 assemblies.
[LOG 11:25:09.307] GetSubclassesOfParentClass: Found 0 types with ModuleDockingNode parent in 8 assemblies.
[LOG 11:25:09.308] GetSubclassesOfParentClass: Using cached results for ModuleEngines
[LOG 11:25:09.314] GetSubclassesOfParentClass: Found 0 types with CModuleFuelLine parent in 8 assemblies.
[LOG 11:25:09.321] GetSubclassesOfParentClass: Found 0 types with ModuleGPS parent in 8 assemblies.
[LOG 11:25:09.327] GetSubclassesOfParentClass: Found 0 types with ModuleGrappleNode parent in 8 assemblies.
[LOG 11:25:09.327] GetSubclassesOfParentClass: Using cached results for ModuleGrappleNode
[LOG 11:25:09.333] GetSubclassesOfParentClass: Found 0 types with ModuleKerbNetAccess parent in 8 assemblies.
[LOG 11:25:09.333] GetSubclassesOfParentClass: Using cached results for ModuleLight
[LOG 11:25:09.333] GetSubclassesOfParentClass: Using cached results for ModuleLight
[LOG 11:25:09.339] GetSubclassesOfParentClass: Found 0 types with ModuleProbeControlPoint parent in 8 assemblies.
[LOG 11:25:09.345] GetSubclassesOfParentClass: Found 1 types with ModuleRCS parent in 8 assemblies.
[LOG 11:25:09.345] GetSubclassesOfParentClass: Using cached results for ModuleRCS
[LOG 11:25:09.345] GetSubclassesOfParentClass: Using cached results for ModuleReactionWheel
[LOG 11:25:09.345] GetSubclassesOfParentClass: Using cached results for ModuleReactionWheel
[LOG 11:25:09.351] GetSubclassesOfParentClass: Found 0 types with ModuleResourceIntake parent in 8 assemblies.
[LOG 11:25:09.357] GetSubclassesOfParentClass: Found 0 types with ModuleScienceExperiment parent in 8 assemblies.
[LOG 11:25:09.363] GetSubclassesOfParentClass: Found 0 types with ModuleToggleCrossfeed parent in 8 assemblies.
[LOG 11:25:09.369] GetSubclassesOfParentClass: Found 0 types with ModuleWheelDeployment parent in 8 assemblies.
[LOG 11:25:09.393] ExpansionsLoader: Expansions loaded in 10.160s
[LOG 11:25:09.393] Loading Systems: Elapsed time is 26.37107s
[LOG 11:25:12.741] [AddonLoader]: Instantiating addon 'KSPCFFastLoaderPSystemSetup' from assembly 'KSPCommunityFixes'
[LOG 11:25:13.056] [Agent]: Found 19 agent mentality types
[LOG 11:25:13.058] [AgentList]: 31 agents parsed and loaded.
[LOG 11:25:13.094] [UIMasterController]: HideUI
[LOG 11:25:13.180] [CelestialBody]: Kerbin's solar day length is 1d, 0h, 0m long. sidereal day length is 5h, 59m, 9s long
[LOG 11:25:13.449] [PQSBench] BENCH sphere;name=Kerbin;radius=600000;minLevel=2;maxLevel=10;highestLevelUnder=9375;subdivisionOffAbove=1200000;maxAnglePerSample=4.602E-005;speedCapAt60Fps=1657
[LOG 11:25:13.450] [PQSBench] BENCH colliders;name=Kerbin;maxLevelOffset=0;lowestLevelWithCollider=10
[LOG 11:25:16.802] [PQSBench] BENCH sphere;name=KerbinOcean;radius=600000;minLevel=2;maxLevel=7;highestLevelUnder=75000;subdivisionOffAbove=1200000;maxAnglePerSample=3.682E-004;speedCapAt60Fps=13254
[LOG 11:25:16.802] [PQSBench] BENCH colliders;name=KerbinOcean;none
[LOG 11:25:18.955] [UIMasterController]: HideUI
[LOG 11:25:18.962] [HighLogic]: =========================== Scene Change : From LOADING to MAINMENU =====================
[LOG 11:25:19.505] [AddonLoader]: Instantiating addon 'ContractDefs' from assembly 'KSP'
[LOG 11:25:19.532] [AddonLoader]: Instantiating addon 'KSPCFFastLoaderReport' from assembly 'KSPCommunityFixes'
[LOG 11:25:19.558] [UIMasterController]: ShowUI
[LOG 11:25:19.815] [GameParameters]: Loaded custom parameter class CommNetParams.
[LOG 11:25:19.816] [GameParameters]: Loaded custom parameter class MissionParamsGeneral.
[LOG 11:25:19.816] [GameParameters]: Loaded custom parameter class MissionParamsFacilities.
[LOG 11:25:19.816] [GameParameters]: Loaded custom parameter class MissionParamsExtras.
[LOG 11:25:19.816] [GameParameters]: Loaded custom parameter class AdvancedParams.
[LOG 11:25:19.837] [ReflectionUtil]: Found 40 types with UpgradeModule attribute in 8 assemblies.
[LOG 11:25:19.853] [KSPCF:FastLoader] Intel(R) Core(TM) i7-4790K CPU @ 4.00GHz | 32687 MB | NVIDIA GeForce GTX 1060 6GB (6029 MB)
Total loading time to main menu : 40.222s
- Configs and assemblies loaded in 5.106s
- Configs reload done in 1.080s
- Configs translated in 0.017s
- 2331 assets loaded in 3.389s :
  - 86 audio assets (79.689 MiB) in 0.589s, 135.313 MiB/s
  - 1618 texture assets (1.293 GiB) in 2.263s, 585.161 MiB/s
  - 626 model assets (64.41 MiB) in 0.535s, 120.329 MiB/s
- Asset bundles loaded in 0.497s
- GameDatabase (configs, resources, traits, upgrades...) loaded in 0.067s
- Built-in parts copied in 0.021s
- Part and internal configs extracted in 0.001s
- 483 parts and 1927 modules compiled in 6.788s
  - 4.0 modules/part, 14.054 ms/part, 3.523 ms/module
  - PartIcon compilation : 1.099s
- 27 internal spaces and 56 props compiled in 0.243s
- 2 DLC (Making History, Breaking Ground) loaded in 10.214s
- Planetary system loaded in 7.516s
[LOG 11:25:19.854] Texture queries : 1709, slow path : 1 (0.06 %)
[LOG 11:25:19.858] [ModuleManager] Total loading Time = 35.373s
[LOG 11:25:19.903] [ScenarioTypes]: List Created 23 scenario types loaded from 8 loaded assemblies.
[WRN 11:25:19.911] File 'D:/KSP-Dev/KSP_x64_Data/../Missions/MissionScoreInfo.cfg' does not exist
[LOG 11:25:19.914] [ApplicationLauncher] Awake False
[LOG 11:25:19.914] [ApplicationLauncher] SpawnSimpleLayout: VerticalTopDown
[LOG 11:25:19.928] [UiApp] Awake: 
[LOG 11:25:19.929] [ApplicationLauncher] OnSceneLoadedGUIReady: scene MAINMENU ShouldBeVisible() True ShouldBeOnTop() True iIsPositionedAtTop True
[LOG 11:25:19.950] [UIApp] Adding  to Application Launcher
[LOG 11:25:19.953] [ApplicationLauncher] SetHidden: 
[LOG 11:25:19.958] [MessageSystem] OnAppInitialized
[LOG 11:25:19.959] [MessageSystem] Reposition 0.0404736 26423
[LOG 11:25:27.534] [KSPUpgradePipeline]: claude (1.12.5) is up to date.
[LOG 11:25:27.542] [ExperienceSystem]: Found 0 trait types
[LOG 11:25:27.549] [ExperienceSystem]: Found 20 effect types
[LOG 11:25:27.581] [ScenarioTypes]: List Created 23 scenario types loaded from 8 loaded assemblies.
[LOG 11:25:27.601] Game State Saved to saves/claude/persistent
[LOG 11:25:27.611] [MessageSystem] Load Messages
[LOG 11:25:27.614] [UIMasterController]: HideUI
[LOG 11:25:27.615] [HighLogic]: =========================== Scene Change : From MAINMENU to SPACECENTER =====================
[LOG 11:25:27.944] [AddonLoader]: Instantiating addon 'CustomConfigsManager' from assembly 'ModuleManager'
[LOG 11:25:30.875] [UIMasterController]: ShowUI
[LOG 11:25:31.161] [SceneLoadSpeedBoost] Save loaded from disk in 1ms
[LOG 11:25:31.173] GetSubclassesOfParentClass: Found 7 types with AlarmTypeBase parent in 8 assemblies.
[LOG 11:25:31.182] Loading Depletion Nodes
[LOG 11:25:31.182] DepNodeCount:  0
[LOG 11:25:31.182] Loading Biome Nodes
[LOG 11:25:31.182] BiomeNodeCount:  0
[LOG 11:25:31.182] Loading Planet Nodes
[LOG 11:25:31.182] PlanetNodeCount:  0
[LOG 11:25:31.198] [ScenarioDestructibles]: Loading... 0 objects registered
[LOG 11:25:31.319] [UiApp] Awake: KSPedia
[LOG 11:25:31.319] [UiApp] Awake: Missions App
[LOG 11:25:31.319] [UiApp] Awake: AlarmClock
[LOG 11:25:31.321] [GenericAppFrame] Reposition 0 27328
[LOG 11:25:31.324] [ApplicationLauncher] OnSceneLoadedGUIReady: scene SPACECENTER ShouldBeVisible() True ShouldBeOnTop() False iIsPositionedAtTop True
[LOG 11:25:31.325] [ApplicationLauncher] SpawnSimpleLayout: HorizontalRightLeft
[LOG 11:25:31.329] [ApplicationLauncher] SetVisible: 
[LOG 11:25:31.375] [UIApp] OnDestroy: Contracts
[LOG 11:25:31.381] [MessageSystem] Reposition 0.02 27329
[LOG 11:25:31.382] [GenericAppFrame] Reposition 0.02 27329
[LOG 11:25:31.382] [GenericAppFrame] Reposition 0.02 27329
[LOG 11:25:31.522] [UIApp] Adding AlarmClock to Application Launcher
[LOG 11:25:31.523] [UIApp] Adding Missions App to Application Launcher
[LOG 11:25:31.553] [GenericAppFrame] Reposition 0.1030703 27335
[LOG 11:25:31.557] [MissionsApp] OnAppStarted(): id: -383466
[LOG 11:25:31.557] MissionsApp does not execute in this game mode, destroying this instance
[LOG 11:25:31.557] [UIApp] OnDestroy: Missions App
[LOG 11:25:31.569] [UIApp] Adding KSPedia to Application Launcher
[LOG 11:25:33.432] Game Paused!
[LOG 11:25:33.433] [UIMasterController]: ShowUI
[LOG 11:25:35.735] [KSPUpgradePipeline]: claude (1.12.5) is up to date.
[LOG 11:25:35.744] [ScenarioTypes]: List Created 23 scenario types loaded from 8 loaded assemblies.
[LOG 11:25:35.744] [MessageSystem] Load Messages
[LOG 11:25:35.748] [UIMasterController]: HideUI
[LOG 11:25:35.757] [HighLogic]: =========================== Scene Change : From SPACECENTER to FLIGHT =====================
[LOG 11:25:35.760] Game Unpaused!
[LOG 11:25:36.071] [UIApp] OnDestroy: KSPedia
[LOG 11:25:36.075] [UIApp] OnDestroy: AlarmClock
[LOG 11:25:36.080] [KSPCF:MemoryLeaks] Removed a onPlanetariumTargetChange callback owned by a destroyed Assembly-CSharp:CommNetVessel instance
[LOG 11:25:36.090] [KSPCF:MemoryLeaks] Leaving scene "SpaceCenter", cleaned 5 memory leaks in 0.013s. GameEvents callbacks : 471. Allocated memory : 648.871 MiB (managed heap), 2.199 GiB (unmanaged)
[LOG 11:25:36.100] UICanvasPrefabSpawner FlightUI spawning Flight
[LOG 11:25:36.135] UICanvasPrefabSpawner FlightUI spawning VesselLabels
[LOG 11:25:36.135] [UiApp] Awake: ResourceDisplay
[LOG 11:25:36.218] [AddonLoader]: Instantiating addon 'AeroGUI' from assembly 'KSP'
[LOG 11:25:36.232] [PlanetariumCamera]: Focus: Kerbin
[LOG 11:25:36.233] [UIMasterController]: HideUI
[LOG 11:25:36.526] [UIMasterController]: HideUI
[LOG 11:25:36.526] ------------------- initializing flight mode... ------------------
[LOG 11:25:36.528] GetSubclassesOfParentClass: Using cached results for AlarmTypeBase
[LOG 11:25:36.528] Loading Depletion Nodes
[LOG 11:25:36.528] DepNodeCount:  0
[LOG 11:25:36.528] Loading Biome Nodes
[LOG 11:25:36.528] BiomeNodeCount:  0
[LOG 11:25:36.528] Loading Planet Nodes
[LOG 11:25:36.528] PlanetNodeCount:  0
[LOG 11:25:36.530] [ScenarioDestructibles]: Loading... 0 objects registered
[LOG 11:25:36.572] Target vessel index: 7  vessel count: 11
[LOG 11:25:36.573] [FLIGHT GLOBALS]: Switching To Vessel Vaisseau sans nom ---------------------- 
[LOG 11:25:36.574] setting new dominant body: Mun
FlightGlobals.mainBody: Mun
[LOG 11:25:36.576] Reference Frame: Rotating
[WRN 11:25:36.586] [Part]: Cannot have ModuleCargoPart and ModuleInventoryPart on same Part [Vaisseau sans nom (unloaded)'. Removed ModuleCargoPart
[LOG 11:25:36.608] Camera Mode: AUTO
[LOG 11:25:36.655] [PQSBench] BENCH sphere;name=Mun;radius=200000;minLevel=2;maxLevel=9;highestLevelUnder=6250;subdivisionOffAbove=20000000;maxAnglePerSample=9.204E-005;speedCapAt60Fps=1104
[LOG 11:25:36.655] [PQSBench] BENCH colliders;name=Mun;maxLevelOffset=0;lowestLevelWithCollider=9
[LOG 11:25:39.328] all systems started
[LOG 11:25:39.329] [UIMasterController]: ShowUI
[LOG 11:25:39.586] [UiApp] Awake: CurrencyWidgetsApp
[LOG 11:25:39.586] [UiApp] Awake: ResourceDisplay
[LOG 11:25:39.587] [UiApp] Awake: KSPedia
[LOG 11:25:39.587] [UiApp] Awake: Missions App
[LOG 11:25:39.587] [UiApp] Awake: DeltaVApp
[LOG 11:25:39.587] [UiApp] Awake: ActionGroupsApp
[LOG 11:25:39.587] [UiApp] Awake: Construction
[LOG 11:25:39.587] [UiApp] Awake: Cargo
[LOG 11:25:39.587] [UiApp] Awake: AlarmClock
[LOG 11:25:39.587] [UiApp] Awake: ManeuverTool
[LOG 11:25:39.587] [ApplicationLauncher] OnSceneLoadedGUIReady: scene FLIGHT ShouldBeVisible() True ShouldBeOnTop() True iIsPositionedAtTop False
[LOG 11:25:39.587] [ApplicationLauncher] SpawnSimpleLayout: VerticalTopDown
[LOG 11:25:39.591] [KnowledgeBase] OnAppLauncherReady 27830
[LOG 11:25:39.614] [UIApp] OnDestroy: Contracts
[LOG 11:25:39.654] [FlightIntegrator]: Reloaded drag cube for zeroed cube root part mk1pod.v2 (Vaisseau sans nom) on vessel Vaisseau sans nom
[LOG 11:25:39.668] [MessageSystem] Reposition 0.02 27831
[LOG 11:25:39.668] [GenericAppFrame] Reposition 0.02 27831
[LOG 11:25:39.668] [GenericAppFrame] Reposition 0.02 27831
[LOG 11:25:39.761] [PlanetariumCamera]: Focus: Vaisseau sans nom
[LOG 11:25:39.785] [UIApp] Adding ResourceDisplay to Application Launcher
[LOG 11:25:39.787] [UIApp] Adding ResourceDisplay to Application Launcher
[LOG 11:25:39.796] [ResourceDisplay] OnAppStarted(): id: -416916
[LOG 11:25:39.797] [GenericAppFrame] Reposition 0.1346975 27835
[LOG 11:25:39.798] [ResourceDisplay] OnAppStarted(): id: 264296
[LOG 11:25:39.798] ResourceDisplay already exist, destroying this instance
[LOG 11:25:39.798] [UIApp] OnDestroy: ResourceDisplay
[LOG 11:25:39.813] [UIApp] Adding AlarmClock to Application Launcher
[LOG 11:25:39.814] [UIApp] Adding ActionGroupsApp to Application Launcher
[LOG 11:25:39.815] [UIApp] Adding Missions App to Application Launcher
[LOG 11:25:39.816] CURRENCY WIDGET False False False
[LOG 11:25:39.817] [UIApp] OnDestroy: CurrencyWidgetsApp
[LOG 11:25:39.839] [GenericAppFrame] Reposition 0.1635415 27837
[LOG 11:25:39.842] [ActionGroupsApp] OnAppStarted(): id: -416940
[LOG 11:25:39.843] [GenericAppFrame] Reposition 0.1635415 27837
[LOG 11:25:39.843] [UIApp] Adding DeltaVApp to Application Launcher
[LOG 11:25:39.844] [MissionsApp] OnAppStarted(): id: -416928
[LOG 11:25:39.845] MissionsApp does not execute in this game mode, destroying this instance
[LOG 11:25:39.845] [UIApp] OnDestroy: Missions App
[LOG 11:25:39.856] [GenericAppFrame] Reposition 0.1922827 27838
[LOG 11:25:39.867] [UIApp] Adding Cargo to Application Launcher
[LOG 11:25:39.868] [UIApp] Adding Construction to Application Launcher
[LOG 11:25:39.870] [UIApp] Adding KSPedia to Application Launcher
[WRN 11:25:39.902] HighlightingSystem : Framebuffer depth data is not available and can't be used to occlude highlighting. Highlighting occluders enabled.
[LOG 11:25:39.917] [UIApp] Adding ManeuverTool to Application Launcher
[LOG 11:25:39.919] [ApplicationLauncher] SetHidden: 
[LOG 11:25:39.963] [GenericAppFrame] Reposition 0.2842522 27841
[LOG 11:25:39.971] [ManeuverTool]: Found 1 transfer types
[LOG 11:25:40.033] Flight State Captured
[LOG 11:25:40.036] Saving Achievements Tree...
[LOG 11:25:40.037] Saving Achievements Tree...
[LOG 11:25:40.037] Saving Achievements Tree...
[LOG 11:25:40.040] [MessageSystem] Save Messages
[LOG 11:25:40.053] Game State Saved as persistent
[LOG 11:25:40.702] Unpacking Vaisseau sans nom
[LOG 11:25:40.719] [UIMasterController]: ShowUI
[LOG 11:26:05.684] [PQSBench] BENCH reset
[LOG 11:26:05.696] [PQSBench] BENCH sphere;name=Mun;radius=200000;minLevel=2;maxLevel=9;highestLevelUnder=6250;subdivisionOffAbove=20000000;maxAnglePerSample=9.204E-005;speedCapAt60Fps=1104
[LOG 11:26:05.697] [PQSBench] BENCH colliders;name=Mun;maxLevelOffset=0;lowestLevelWithCollider=9
[LOG 11:28:35.848] [PQSBench] BENCH begin;mode=Calibrate;samples=147;verticesPerQuad=225;warpedSeconds=0;vertexPlacementPatchedBy=com.github.lhervier.ksp.stockquadcache;quadBuildPatchedBy=com.github.lhervier.ksp.pqsbench+com.github.lhervier.ksp.stockquadcache
[LOG 11:28:35.849] [PQSBench] BENCH;sample;ut;utSpan;realSeconds;frames;fps;altitude;speed;quads;topLevelQuads;vertices;buildMs;topLevelBuildMs;updateMs;subdivisionAvg;subdivisionMax;speedLevelCap;maxLevel
[LOG 11:28:35.849] [PQSBench] BENCH;0;335.52;1.020;1.027;108;105.2;4999.8;554.4;40;8;9000;108.685;22.576;170.919;7.00;9;8;9
[LOG 11:28:35.849] [PQSBench] BENCH;1;336.54;1.020;1.015;114;112.3;4999.8;554.4;24;8;5400;64.057;21.852;128.206;8.00;9;9;9
[LOG 11:28:35.849] [PQSBench] BENCH;2;337.56;1.020;1.017;116;114.1;4999.8;554.4;16;8;3600;42.931;22.032;104.079;8.50;9;9;9
[LOG 11:28:35.849] [PQSBench] BENCH;3;338.58;1.020;1.042;116;111.4;4999.8;554.4;24;8;5400;66.547;22.360;131.184;6.67;9;9;9
[LOG 11:28:35.849] [PQSBench] BENCH;4;339.60;1.020;1.018;115;112.9;4999.8;554.4;20;8;4500;53.795;22.132;118.017;8.20;9;9;9
[LOG 11:28:35.849] [PQSBench] BENCH;5;340.62;1.020;1.024;121;118.2;4999.8;554.4;8;8;1800;22.041;22.041;86.152;9.00;9;9;9
[LOG 11:28:35.850] [PQSBench] BENCH;6;341.64;1.020;1.017;120;118.0;4999.8;554.4;10;0;2250;26.374;0.000;85.852;7.80;8;9;9
[LOG 11:28:35.850] [PQSBench] BENCH;7;342.66;1.020;1.016;109;107.2;4999.8;554.4;36;16;8100;96.979;43.874;164.631;8.11;9;9;9
[LOG 11:28:35.850] [PQSBench] BENCH;8;343.68;1.020;1.025;121;118.1;4999.7;554.4;8;0;1800;22.231;0.000;81.941;8.00;8;9;9
[LOG 11:28:35.850] [PQSBench] BENCH;9;344.70;1.020;1.017;114;112.1;4999.7;554.4;18;16;4050;49.687;44.261;120.594;8.78;9;9;9
[LOG 11:28:35.850] [PQSBench] BENCH;10;345.72;1.020;1.025;115;112.2;4999.7;554.4;26;0;5850;69.027;0.000;132.219;7.31;8;9;9
[LOG 11:28:35.850] [PQSBench] BENCH;11;346.74;1.020;1.013;113;111.6;4999.7;554.4;26;16;5850;70.203;43.984;138.560;8.54;9;9;9
[LOG 11:28:35.850] [PQSBench] BENCH;12;347.76;1.020;1.036;123;118.7;4999.7;554.4;8;0;1800;21.024;0.000;82.041;8.00;8;9;9
[LOG 11:28:35.850] [PQSBench] BENCH;13;348.78;1.020;1.010;115;113.9;4999.7;554.4;18;16;4050;49.776;44.271;121.504;8.78;9;9;9
[LOG 11:28:35.850] [PQSBench] BENCH;14;349.80;1.020;1.017;119;117.0;4999.7;554.4;10;0;2250;26.740;0.000;88.493;5.40;7;9;9
[LOG 11:28:35.850] [PQSBench] BENCH;15;350.82;1.020;1.018;117;115.0;4999.7;554.4;18;8;4050;49.026;22.166;116.062;8.33;9;9;9
[LOG 11:28:35.850] [PQSBench] BENCH;16;351.84;1.020;1.040;114;109.6;4999.7;554.4;33;8;7425;88.132;21.833;154.563;7.36;9;9;9
[LOG 11:28:35.850] [PQSBench] BENCH;17;352.86;1.020;1.033;118;114.2;4999.7;554.4;18;8;4050;49.394;22.140;117.502;8.33;9;9;9
[LOG 11:28:35.850] [PQSBench] BENCH;18;353.88;1.020;1.026;119;116.0;4999.7;554.4;10;8;2250;27.413;22.036;93.058;8.60;9;9;9
[LOG 11:28:35.850] [PQSBench] BENCH;19;354.90;1.020;1.018;110;108.0;4999.7;554.4;34;8;7650;91.003;22.129;157.431;7.71;9;9;9
[LOG 11:28:35.850] [PQSBench] BENCH;20;355.92;1.020;1.031;116;112.5;4999.7;554.4;24;8;5400;64.742;21.725;130.211;7.67;9;9;9
[LOG 11:28:35.850] [PQSBench] BENCH;21;356.94;1.020;1.025;116;113.2;4999.7;554.4;18;8;4050;48.418;22.094;118.143;8.33;9;9;9
[LOG 11:28:35.850] [PQSBench] BENCH;22;357.96;1.020;1.033;118;114.2;4999.7;554.4;18;8;4050;48.676;22.085;116.532;7.44;9;9;9
[LOG 11:28:35.850] [PQSBench] BENCH;23;358.98;1.020;1.010;115;113.9;4999.7;554.4;18;8;4050;48.926;22.626;118.357;8.33;9;9;9
[LOG 11:28:35.850] [PQSBench] BENCH;24;360.00;1.020;1.015;117;115.3;4999.7;554.4;16;8;3600;43.289;22.250;109.311;8.50;9;9;9
[LOG 11:28:35.851] [PQSBench] BENCH;25;361.02;1.020;1.017;121;119.0;4999.7;554.4;8;0;1800;20.946;0.000;86.106;7.00;7;9;9
[LOG 11:28:35.851] [PQSBench] BENCH;26;362.04;1.020;1.019;114;111.8;4999.7;554.4;20;8;4500;53.368;21.943;121.392;8.20;9;9;9
[LOG 11:28:35.851] [PQSBench] BENCH;27;363.06;1.020;1.025;120;117.1;4999.7;554.4;8;8;1800;22.397;22.397;91.279;9.00;9;9;9
[LOG 11:28:35.851] [PQSBench] BENCH;28;364.08;1.020;1.016;113;111.2;4999.7;554.4;24;8;5400;64.902;22.559;130.918;8.00;9;9;9
[LOG 11:28:35.851] [PQSBench] BENCH;29;365.10;1.020;1.024;114;111.3;4999.7;554.4;24;8;5400;64.320;21.976;134.422;8.00;9;9;9
[LOG 11:28:35.851] [PQSBench] BENCH;30;366.12;1.020;1.018;116;113.9;4999.7;554.4;18;8;4050;48.921;22.263;118.775;8.22;9;9;9
[LOG 11:28:35.851] [PQSBench] BENCH;31;367.14;1.020;1.023;121;118.2;4999.7;554.4;8;8;1800;22.040;22.040;90.712;9.00;9;9;9
[LOG 11:28:35.851] [PQSBench] BENCH;32;368.16;1.020;1.018;116;113.9;4999.7;554.4;16;8;3600;43.097;21.956;110.085;8.50;9;9;9
[LOG 11:28:35.851] [PQSBench] BENCH;33;369.18;1.020;1.023;117;114.3;4999.7;554.4;16;8;3600;43.244;22.335;111.032;8.50;9;9;9
[LOG 11:28:35.851] [PQSBench] BENCH;34;370.20;1.020;1.017;120;118.0;4999.7;554.4;8;8;1800;22.585;22.585;93.478;9.00;9;9;9
[LOG 11:28:35.851] [PQSBench] BENCH;35;371.22;1.020;1.017;113;111.1;4999.7;554.4;24;8;5400;64.792;22.326;130.373;8.00;9;9;9
[LOG 11:28:35.851] [PQSBench] BENCH;36;372.24;1.020;1.025;119;116.1;4999.7;554.4;14;0;3150;37.688;0.000;103.415;5.14;6;9;9
[LOG 11:28:35.851] [PQSBench] BENCH;37;373.26;1.020;1.016;113;111.2;4999.7;554.4;26;8;5850;69.376;22.064;138.094;8.15;9;9;9
[LOG 11:28:35.851] [PQSBench] BENCH;38;374.28;1.020;1.042;116;111.3;4999.7;554.4;24;8;5400;67.936;24.340;138.391;7.67;9;9;9
[LOG 11:28:35.851] [PQSBench] BENCH;39;375.30;1.020;1.017;120;118.0;4999.7;554.4;8;8;1800;22.171;22.171;90.735;9.00;9;9;9
[LOG 11:28:35.851] [PQSBench] BENCH;40;376.32;1.020;1.025;114;111.2;4999.7;554.4;24;8;5400;64.977;22.043;133.977;7.67;9;9;9
[LOG 11:28:35.851] [PQSBench] BENCH;41;377.34;1.020;1.023;120;117.3;4999.7;554.4;10;8;2250;27.486;22.104;96.750;8.40;9;9;9
[LOG 11:28:35.851] [PQSBench] BENCH;42;378.36;1.020;1.014;118;116.3;4999.7;554.4;10;0;2250;26.419;0.000;91.019;7.00;8;9;9
[LOG 11:28:35.851] [PQSBench] BENCH;43;379.38;1.020;1.022;114;111.5;4999.7;554.4;26;8;5850;73.396;24.981;144.530;7.54;9;9;9
[LOG 11:28:35.851] [PQSBench] BENCH;44;380.40;1.020;1.019;110;108.0;4999.7;554.4;34;8;7650;93.502;22.012;161.213;7.18;9;9;9
[LOG 11:28:35.851] [PQSBench] BENCH;45;381.42;1.020;1.021;120;117.5;4999.7;554.4;8;8;1800;22.011;22.011;92.817;9.00;9;9;9
[LOG 11:28:35.851] [PQSBench] BENCH;46;382.44;1.020;1.017;114;112.1;4999.7;554.4;24;8;5400;65.722;22.050;133.523;7.00;9;9;9
[LOG 11:28:35.851] [PQSBench] BENCH;47;383.46;1.020;1.025;117;114.2;4999.7;554.4;16;8;3600;43.417;21.965;112.853;8.50;9;9;9
[LOG 11:28:35.851] [PQSBench] BENCH;48;384.48;1.020;1.025;113;110.2;4999.7;554.4;26;8;5850;70.200;22.535;138.155;7.54;9;9;9
[LOG 11:28:35.852] [PQSBench] BENCH;49;385.50;1.020;1.008;116;115.1;4999.7;554.4;16;0;3600;44.757;0.000;111.119;6.50;8;9;9
[LOG 11:28:35.852] [PQSBench] BENCH;50;386.52;1.020;1.025;119;116.1;4999.7;554.4;10;8;2250;27.501;22.126;95.752;8.40;9;9;9
[LOG 11:28:35.852] [PQSBench] BENCH;51;387.54;1.020;1.018;119;116.9;4999.7;554.4;10;8;2250;27.549;22.193;97.932;8.40;9;9;9
[LOG 11:28:35.852] [PQSBench] BENCH;52;388.56;1.020;1.017;116;114.0;4999.7;554.4;18;8;4050;48.647;22.088;114.220;7.89;9;9;9
[LOG 11:28:35.852] [PQSBench] BENCH;53;389.58;1.020;1.023;118;115.4;4999.7;554.4;16;0;3600;44.801;0.000;112.318;6.00;8;9;9
[LOG 11:28:35.852] [PQSBench] BENCH;54;390.60;1.020;1.019;112;109.9;4999.7;554.4;24;16;5400;65.037;44.041;136.713;8.67;9;9;9
[LOG 11:28:35.852] [PQSBench] BENCH;55;391.62;1.020;1.024;120;117.2;4999.7;554.4;10;0;2250;26.545;0.000;91.713;6.80;7;9;9
[LOG 11:28:35.852] [PQSBench] BENCH;56;392.64;1.020;1.016;119;117.1;4999.7;554.4;8;8;1800;21.953;21.953;90.153;9.00;9;9;9
[LOG 11:28:35.852] [PQSBench] BENCH;57;393.66;1.020;1.033;114;110.4;4999.7;554.4;27;8;6075;73.028;21.944;142.577;7.37;9;9;9
[LOG 11:28:35.852] [PQSBench] BENCH;58;394.68;1.020;1.017;113;111.1;4999.7;554.4;26;8;5850;69.972;21.888;140.673;6.92;9;9;9
[LOG 11:28:35.852] [PQSBench] BENCH;59;395.70;1.020;1.009;106;105.0;4999.7;554.4;40;8;9000;107.545;22.558;174.015;7.20;9;8;9
[LOG 11:28:35.852] [PQSBench] BENCH;60;396.72;1.020;1.024;124;121.1;4999.7;554.4;0;0;0;0.000;0.000;66.027;0.00;0;-1;0
[LOG 11:28:35.852] [PQSBench] BENCH;61;397.74;1.020;1.017;117;115.1;4999.7;554.4;16;8;3600;42.705;21.852;111.407;8.50;9;9;9
[LOG 11:28:35.852] [PQSBench] BENCH;62;398.76;1.020;1.034;116;112.2;4999.7;554.4;24;8;5400;64.254;22.110;133.944;7.67;9;9;9
[LOG 11:28:35.852] [PQSBench] BENCH;63;399.78;1.020;1.025;120;117.0;4999.7;554.4;10;8;2250;27.404;21.963;100.530;8.40;9;9;9
[LOG 11:28:35.852] [PQSBench] BENCH;64;400.80;1.020;1.016;116;114.2;4999.7;554.4;16;8;3600;43.492;22.244;112.147;8.50;9;9;9
[LOG 11:28:35.852] [PQSBench] BENCH;65;401.82;1.020;1.026;113;110.2;4999.7;554.4;26;8;5850;70.181;22.117;141.727;7.23;9;9;9
[LOG 11:28:35.852] [PQSBench] BENCH;66;402.84;1.020;1.016;116;114.2;4999.7;554.4;18;8;4050;48.575;21.961;118.392;8.22;9;9;9
[LOG 11:28:35.852] [PQSBench] BENCH;67;403.86;1.020;1.017;120;118.0;4999.7;554.4;8;0;1800;22.148;0.000;87.287;8.00;8;9;9
[LOG 11:28:35.852] [PQSBench] BENCH;68;404.88;1.020;1.025;118;115.1;4999.7;554.4;16;8;3600;43.302;22.222;117.308;8.00;9;9;9
[LOG 11:28:35.852] [PQSBench] BENCH;69;405.90;1.020;1.016;114;112.2;4999.7;554.4;24;8;5400;65.249;22.144;132.932;8.00;9;9;9
[LOG 11:28:35.852] [PQSBench] BENCH;70;406.92;1.020;1.026;120;117.0;4999.7;554.4;8;8;1800;22.205;22.205;93.014;9.00;9;9;9
[LOG 11:28:35.852] [PQSBench] BENCH;71;407.94;1.020;1.013;115;113.5;4999.7;554.4;18;8;4050;49.080;22.096;118.004;8.22;9;9;9
[LOG 11:28:35.852] [PQSBench] BENCH;72;408.96;1.020;1.020;121;118.6;4999.7;554.4;8;0;1800;21.165;0.000;89.633;8.00;8;9;9
[LOG 11:28:35.853] [PQSBench] BENCH;73;409.98;1.020;1.022;119;116.5;4999.7;554.4;12;8;2700;33.229;22.438;105.541;8.00;9;9;9
[LOG 11:28:35.853] [PQSBench] BENCH;74;411.00;1.020;1.021;118;115.6;4999.7;554.4;16;8;3600;42.994;21.997;110.233;8.50;9;9;9
[LOG 11:28:35.853] [PQSBench] BENCH;75;412.02;1.020;1.027;118;114.9;4999.7;554.4;16;8;3600;43.337;22.297;114.585;8.00;9;9;9
[LOG 11:28:35.853] [PQSBench] BENCH;76;413.04;1.040;1.033;122;118.1;4999.7;554.4;8;0;1800;22.064;0.000;86.867;8.00;8;9;9
[LOG 11:28:35.853] [PQSBench] BENCH;77;414.08;1.020;1.024;117;114.2;4999.7;554.4;16;8;3600;43.787;21.856;115.508;8.50;9;9;9
[LOG 11:28:35.853] [PQSBench] BENCH;78;415.10;1.020;1.015;119;117.2;4999.7;554.4;8;8;1800;21.840;21.840;91.114;9.00;9;9;9
[LOG 11:28:35.853] [PQSBench] BENCH;79;416.12;1.020;1.032;107;103.6;4999.7;554.4;48;8;10800;129.183;21.741;198.607;6.83;9;9;9
[LOG 11:28:35.853] [PQSBench] BENCH;80;417.14;1.040;1.028;121;117.7;4999.7;554.4;10;8;2250;27.638;22.198;96.638;8.40;9;9;9
[LOG 11:28:35.853] [PQSBench] BENCH;81;418.18;1.020;1.024;123;120.2;4999.7;554.4;2;0;450;5.407;0.000;74.830;6.00;6;9;9
[LOG 11:28:35.853] [PQSBench] BENCH;82;419.20;1.020;1.033;119;115.2;4999.7;554.4;16;8;3600;42.969;21.911;114.687;8.50;9;9;9
[LOG 11:28:35.853] [PQSBench] BENCH;83;420.22;1.020;1.018;117;114.9;4999.7;554.4;16;8;3600;43.207;22.065;111.800;8.50;9;9;9
[LOG 11:28:35.853] [PQSBench] BENCH;84;421.24;1.020;1.024;117;114.3;4999.7;554.4;16;8;3600;43.034;21.735;111.785;7.50;9;9;9
[LOG 11:28:35.853] [PQSBench] BENCH;85;422.26;1.020;1.032;116;112.4;4999.7;554.4;20;8;4500;53.976;21.950;127.576;7.40;9;9;9
[LOG 11:28:35.853] [PQSBench] BENCH;86;423.28;1.020;1.010;118;116.8;4999.7;554.4;8;0;1800;21.055;0.000;86.641;7.00;7;9;9
[LOG 11:28:35.853] [PQSBench] BENCH;87;424.30;1.020;1.017;113;111.2;4999.7;554.4;26;8;5850;69.697;21.957;141.220;7.46;9;8;9
[LOG 11:28:35.853] [PQSBench] BENCH;88;425.32;1.020;1.018;117;114.9;4999.7;554.4;16;8;3600;42.743;21.844;112.240;8.50;9;9;9
[LOG 11:28:35.853] [PQSBench] BENCH;89;426.34;1.020;1.024;118;115.3;4999.7;554.4;16;8;3600;43.321;21.886;113.552;7.00;9;9;9
[LOG 11:28:35.853] [PQSBench] BENCH;90;427.36;1.020;1.016;113;111.2;4999.7;554.4;28;0;6300;73.922;0.000;137.446;6.93;8;9;9
[LOG 11:28:35.853] [PQSBench] BENCH;91;428.38;1.020;1.027;121;117.8;4999.7;554.4;8;8;1800;21.949;21.949;93.323;9.00;9;9;9
[LOG 11:28:35.853] [PQSBench] BENCH;92;429.40;1.020;1.016;117;115.2;4999.7;554.4;16;8;3600;43.866;21.916;115.273;8.50;9;9;9
[LOG 11:28:35.853] [PQSBench] BENCH;93;430.42;1.020;1.017;118;116.0;4999.7;554.4;16;8;3600;43.139;21.892;112.741;8.50;9;9;9
[LOG 11:28:35.853] [PQSBench] BENCH;94;431.44;1.020;1.033;121;117.1;4999.7;554.4;10;8;2250;28.187;22.900;96.239;8.20;9;9;9
[LOG 11:28:35.853] [PQSBench] BENCH;95;432.46;1.020;1.008;115;114.1;4999.7;554.4;16;0;3600;42.711;0.000;112.327;6.50;8;9;9
[LOG 11:28:35.853] [PQSBench] BENCH;96;433.48;1.020;1.025;121;118.1;4999.7;554.4;8;8;1800;21.994;21.994;91.365;9.00;9;9;9
[LOG 11:28:35.854] [PQSBench] BENCH;97;434.50;1.020;1.017;116;114.1;4999.7;554.4;18;8;4050;48.835;22.138;120.476;7.67;9;9;9
[LOG 11:28:35.854] [PQSBench] BENCH;98;435.52;1.020;1.017;119;117.0;4999.7;554.4;10;0;2250;26.598;0.000;90.874;7.40;8;9;9
[LOG 11:28:35.854] [PQSBench] BENCH;99;436.54;1.020;1.025;119;116.1;4999.7;554.4;16;8;3600;43.519;22.119;117.367;8.50;9;9;9
[LOG 11:28:35.854] [PQSBench] BENCH;100;437.56;1.020;1.016;119;117.1;4999.7;554.4;10;8;2250;27.999;22.429;95.684;7.80;9;9;9
[LOG 11:28:35.854] [PQSBench] BENCH;101;438.58;1.020;1.019;108;106.0;4999.7;554.4;40;8;9000;106.215;21.765;173.309;7.40;9;9;9
[LOG 11:28:35.854] [PQSBench] BENCH;102;439.60;1.040;1.042;123;118.0;4999.7;554.4;8;8;1800;22.164;22.164;88.722;9.00;9;9;9
[LOG 11:28:35.854] [PQSBench] BENCH;103;440.64;1.020;1.024;121;118.1;4999.7;554.4;8;0;1800;20.977;0.000;90.130;8.00;8;9;9
[LOG 11:28:35.854] [PQSBench] BENCH;104;441.66;1.020;1.015;113;111.3;4999.7;554.4;24;8;5400;65.011;22.009;135.158;7.33;9;9;9
[LOG 11:28:35.854] [PQSBench] BENCH;105;442.68;1.020;1.025;121;118.0;4999.7;554.4;8;8;1800;21.868;21.868;92.074;9.00;9;9;9
[LOG 11:28:35.854] [PQSBench] BENCH;106;443.70;1.020;1.017;120;118.0;4999.7;554.4;10;0;2250;26.530;0.000;90.871;7.40;8;9;9
[LOG 11:28:35.854] [PQSBench] BENCH;107;444.72;1.020;1.017;119;117.0;4999.7;554.4;8;8;1800;22.094;22.094;91.204;9.00;9;9;9
[LOG 11:28:35.854] [PQSBench] BENCH;108;445.74;1.020;1.025;110;107.3;4999.7;554.4;38;8;8550;102.051;21.871;169.264;6.68;9;8;9
[LOG 11:28:35.854] [PQSBench] BENCH;109;446.76;1.020;1.016;117;115.1;4999.7;554.4;18;8;4050;48.992;22.266;118.067;7.22;9;9;9
[LOG 11:28:35.854] [PQSBench] BENCH;110;447.78;1.020;1.017;120;118.0;4999.7;554.4;10;0;2250;26.497;0.000;93.746;7.40;8;9;9
[LOG 11:28:35.854] [PQSBench] BENCH;111;448.80;1.020;1.024;120;117.1;4999.7;554.4;8;8;1800;21.793;21.793;89.944;9.00;9;9;9
[LOG 11:28:35.854] [PQSBench] BENCH;112;449.82;1.020;1.017;118;116.0;4999.7;554.4;16;0;3600;42.066;0.000;105.928;7.50;8;9;9
[LOG 11:28:35.854] [PQSBench] BENCH;113;450.84;1.020;1.025;117;114.1;4999.7;554.4;18;8;4050;49.257;22.015;118.197;7.67;9;9;9
[LOG 11:28:35.854] [PQSBench] BENCH;114;451.86;1.020;1.017;118;116.0;4999.7;554.4;16;8;3600;42.932;21.927;111.961;8.50;9;9;9
[LOG 11:28:35.854] [PQSBench] BENCH;115;452.88;1.020;1.026;117;114.1;4999.7;554.4;16;8;3600;42.999;21.838;114.718;8.50;9;9;9
[LOG 11:28:35.854] [PQSBench] BENCH;116;453.90;1.020;1.016;120;118.1;4999.7;554.4;8;8;1800;21.944;21.944;88.703;9.00;9;9;9
[LOG 11:28:35.854] [PQSBench] BENCH;117;454.92;1.020;1.017;116;114.0;4999.7;554.4;16;8;3600;45.871;24.859;114.544;8.50;9;9;9
[LOG 11:28:35.854] [PQSBench] BENCH;118;455.94;1.020;1.018;123;120.8;4999.7;554.4;2;0;450;5.416;0.000;70.228;5.00;5;9;9
[LOG 11:28:35.854] [PQSBench] BENCH;119;456.96;1.020;1.024;115;112.4;4999.7;554.4;24;8;5400;64.390;22.080;131.162;8.00;9;9;9
[LOG 11:28:35.854] [PQSBench] BENCH;120;457.98;1.020;1.026;121;118.0;4999.7;554.4;8;8;1800;22.453;22.453;94.457;9.00;9;9;9
[LOG 11:28:35.854] [PQSBench] BENCH;121;459.00;1.020;1.024;116;113.3;4999.7;554.4;16;8;3600;54.309;32.771;123.772;8.50;9;9;9
[LOG 11:28:35.855] [PQSBench] BENCH;122;460.02;1.020;1.017;116;114.1;4999.7;554.4;18;0;4050;48.617;0.000;111.081;5.89;8;9;9
[LOG 11:28:35.855] [PQSBench] BENCH;123;461.04;1.020;1.016;113;111.2;4999.7;554.4;26;8;5850;69.693;21.980;141.811;7.46;9;9;9
[LOG 11:28:35.855] [PQSBench] BENCH;124;462.06;1.020;1.026;117;114.0;4999.7;554.4;24;8;5400;65.094;23.140;134.304;7.67;9;9;9
[LOG 11:28:35.855] [PQSBench] BENCH;125;463.08;1.020;1.018;119;116.9;4999.7;554.4;8;8;1800;21.879;21.879;92.507;9.00;9;9;9
[LOG 11:28:35.855] [PQSBench] BENCH;126;464.10;1.020;1.024;118;115.3;4999.7;554.4;16;8;3600;42.987;22.023;109.993;8.50;9;9;9
[LOG 11:28:35.855] [PQSBench] BENCH;127;465.12;1.020;1.016;119;117.1;4999.7;554.4;12;0;2700;32.036;0.000;96.632;6.50;8;9;9
[LOG 11:28:35.855] [PQSBench] BENCH;128;466.14;1.020;1.018;120;117.9;4999.7;554.4;8;8;1800;22.505;22.505;91.766;9.00;9;9;9
[LOG 11:28:35.855] [PQSBench] BENCH;129;467.16;1.020;1.025;118;115.1;4999.7;554.4;16;8;3600;43.200;21.782;112.478;6.50;9;9;9
[LOG 11:28:35.855] [PQSBench] BENCH;130;468.18;1.020;1.017;113;111.1;4999.6;554.4;26;0;5850;69.174;0.000;133.610;6.62;8;8;9
[LOG 11:28:35.855] [PQSBench] BENCH;131;469.20;1.020;1.018;116;114.0;4999.7;554.4;16;8;3600;43.125;22.102;114.741;8.50;9;9;9
[LOG 11:28:35.855] [PQSBench] BENCH;132;470.22;1.020;1.023;118;115.3;4999.6;554.4;18;8;4050;48.769;21.932;117.465;7.22;9;8;9
[LOG 11:28:35.855] [PQSBench] BENCH;133;471.24;1.020;1.017;115;113.0;4999.6;554.4;24;8;5400;64.481;21.964;134.051;7.33;9;9;9
[LOG 11:28:35.855] [PQSBench] BENCH;134;472.26;1.020;1.025;118;115.1;4999.6;554.4;16;0;3600;42.693;0.000;109.875;7.00;7;9;9
[LOG 11:28:35.855] [PQSBench] BENCH;135;473.28;1.020;1.017;117;115.1;4999.6;554.4;16;8;3600;42.581;21.746;109.543;8.50;9;9;9
[LOG 11:28:35.855] [PQSBench] BENCH;136;474.30;1.020;1.025;121;118.1;4999.7;554.4;10;8;2250;27.547;22.060;102.368;8.20;9;9;9
[LOG 11:28:35.855] [PQSBench] BENCH;137;475.32;1.020;1.017;117;115.1;4999.6;554.4;18;8;4050;48.666;21.982;115.530;8.11;9;9;9
[LOG 11:28:35.855] [PQSBench] BENCH;138;476.34;1.020;1.019;121;118.7;4999.6;554.4;8;0;1800;20.852;0.000;83.234;8.00;8;9;9
[LOG 11:28:35.855] [PQSBench] BENCH;139;477.36;1.020;1.022;119;116.4;4999.6;554.4;8;8;1800;21.901;21.901;92.111;9.00;9;9;9
[LOG 11:28:35.855] [PQSBench] BENCH;140;478.38;1.020;1.016;114;112.2;4999.6;554.4;24;8;5400;65.165;22.047;132.847;6.00;9;9;9
[LOG 11:28:35.855] [PQSBench] BENCH;141;479.40;1.020;1.017;117;115.0;4999.6;554.4;18;0;4050;47.727;0.000;114.770;7.22;8;9;9
[LOG 11:28:35.855] [PQSBench] BENCH;142;480.42;1.020;1.032;118;114.3;4999.6;554.4;18;8;4050;48.781;22.285;119.154;7.89;9;9;9
[LOG 11:28:35.855] [PQSBench] BENCH;143;481.44;1.020;1.010;119;117.8;4999.6;554.4;12;8;2700;33.158;22.091;100.151;7.00;9;9;9
[LOG 11:28:35.855] [PQSBench] BENCH;144;482.46;1.020;1.025;121;118.1;4999.6;554.4;8;0;1800;21.013;0.000;86.650;8.00;8;9;9
[LOG 11:28:35.855] [PQSBench] BENCH;145;483.48;1.020;1.015;117;115.2;4999.6;554.4;16;8;3600;44.859;23.340;111.687;8.00;9;9;9
[LOG 11:28:35.855] [PQSBench] BENCH;146;484.50;1.020;1.019;110;108.0;4999.6;554.4;42;8;9450;113.283;22.194;182.551;6.71;9;9;9
[LOG 11:28:35.856] [PQSBench] BENCH calibration;quads=30;differingQuads=0;roundsPerQuad=8;verticesPerFormula=54000;stockNsPerVertex=283.6;installedNsPerVertex=206.6;differenceNsPerVertex=-77.0;harnessNsPerVertex=4.8;stockRawNsPerVertex=288.4;installedRawNsPerVertex=211.4
[LOG 11:28:35.856] [PQSBench] BENCH calibration;the installed placement put every vertex exactly where stock puts it. Either nothing is patching it, or what is changes the cost without changing the terrain.
[LOG 11:28:35.856] [PQSBench] BENCH end
[LOG 11:28:37.666] Game Paused!
[LOG 11:28:37.668] [UIMasterController]: ShowUI
[LOG 11:28:38.755] Flight State Captured
[LOG 11:28:38.755] Saving Achievements Tree...
[LOG 11:28:38.755] Saving Achievements Tree...
[LOG 11:28:38.755] Saving Achievements Tree...
[LOG 11:28:38.756] [MessageSystem] Save Messages
[LOG 11:28:38.770] Game State Saved to saves/claude/persistent
[LOG 11:28:38.780] [UIMasterController]: HideUI
[LOG 11:28:38.790] [HighLogic]: =========================== Scene Change : From FLIGHT to MAINMENU =====================
[LOG 11:28:39.328] KbApp.OnDestroy Planet Parameters
[LOG 11:28:39.330] KbApp.OnDestroy Vessel Crew
[LOG 11:28:39.330] [UIApp] OnDestroy: KSPedia
[LOG 11:28:39.330] [UIApp] OnDestroy: AlarmClock
[LOG 11:28:39.330] [UIApp] OnDestroy: ManeuverTool
[LOG 11:28:39.331] [UIApp] OnDestroy: ActionGroupsApp
[LOG 11:28:39.332] KbApp.OnDestroy Planet Info
[LOG 11:28:39.335] [UIApp] OnDestroy: Construction
[LOG 11:28:39.335] KbApp.OnDestroy NullName
[LOG 11:28:39.335] [UIApp] OnDestroy: ResourceDisplay
[LOG 11:28:39.335] KbApp.OnDestroy Unowned Info
[LOG 11:28:39.335] KbApp.OnDestroy Vessel Info
[LOG 11:28:39.335] KbApp.OnDestroy Planet Resources
[LOG 11:28:39.338] [UIApp] OnDestroy: Cargo
[LOG 11:28:39.338] [UIApp] OnDestroy: DeltaVApp
[LOG 11:28:39.343] [KSPCF:MemoryLeaks] Removed a OnMapExited callback owned by a destroyed Assembly-CSharp:NavBallToggle instance
[LOG 11:28:39.343] [KSPCF:MemoryLeaks] Removed a OnGameSettingsApplied callback owned by a destroyed Assembly-CSharp:VesselAutopilotUI instance
[LOG 11:28:39.343] [KSPCF:MemoryLeaks] Removed a onPartActionUICreate callback owned by a destroyed Assembly-CSharp:ModuleInventoryPart instance
[LOG 11:28:39.344] [KSPCF:MemoryLeaks] Removed a onModuleInventoryChanged callback owned by a destroyed Assembly-CSharp:ModuleInventoryPart instance
[LOG 11:28:39.344] [KSPCF:MemoryLeaks] Removed a OnDestructibleLoaded callback owned by a destroyed Assembly-CSharp:RunwayCollisionHandler instance
[LOG 11:28:39.344] [KSPCF:MemoryLeaks] Removed a OnClick callback owned by a destroyed Assembly-CSharp:EVAConstructionModeEditor instance
[LOG 11:28:39.345] [KSPCF:MemoryLeaks] Removed a TimingManager.Instance.timing5.onLateUpdate callback owned by a destroyed Assembly-CSharp:MapView instance
[LOG 11:28:39.345] [KSPCF:MemoryLeaks] Leaving scene "Flight", cleaned 23 memory leaks in 0.003s. GameEvents callbacks : 700. Allocated memory : 712.539 MiB (managed heap), 2.162 GiB (unmanaged)
[LOG 11:28:39.484] [UIMasterController]: ShowUI
[LOG 11:28:39.823] [ScenarioTypes]: List Created 23 scenario types loaded from 8 loaded assemblies.
[WRN 11:28:39.828] File 'D:/KSP-Dev/KSP_x64_Data/../Missions/MissionScoreInfo.cfg' does not exist
[LOG 11:28:39.828] [ApplicationLauncher] OnSceneLoadedGUIReady: scene MAINMENU ShouldBeVisible() True ShouldBeOnTop() True iIsPositionedAtTop True
[LOG 11:28:39.829] [ApplicationLauncher] SetHidden: 
[LOG 11:28:39.833] [MessageSystem] Reposition 0.02 48107
[LOG 11:28:39.833] [GenericAppFrame] Reposition 0.02 48107
[LOG 11:28:39.833] [GenericAppFrame] Reposition 0.02 48107
[LOG 11:28:45.375] [UIApp] OnDestroy: 
